Workbook

Sheet 6511(당일)
A1: 기준일 | B1: =TODAY() -> 46036
M2: IMDH(Market, Code, Field, StartDay, EndDay, Count, Option)
A3: 순서 | B3: 대륙구분 | C3: 국가명 | D3: 지수명 | E3: 코드 | F3: 시가 | G3: 고가 | H3: 저가 | I3: 종가 | J3: 전일대비 | M3: =_xll.IMDH("FRN",E19,"현재가","2024-12-30","2024-01-14") -> 조회[VNI:VIDX]
A4: 1 | B4: 아시아 | C4: 뉴질랜드 | D4: NZX50 | E4: NZI:NZ50 | F4: =_xll.IMDP("FRN",$E4,F$3,$B$1) -> 0 | G4: =_xll.IMDP("FRN",$E4,G$3,$B$1) -> 0 | H4: =_xll.IMDP("FRN",$E4,H$3,$B$1) -> 0 | I4: =_xll.IMDP("FRN",$E4,I$3,$B$1) -> 13656.05 | J4: =_xll.IMDP("FRN",$E4,J$3,$B$1) -> 0
A5: 2 | B5: 아시아 | C5: 호주 | D5: ALL ORDS | E5: AUI:AORD | F5: =_xll.IMDP("FRN",$E5,F$3,$B$1) -> 9127.6 | G5: =_xll.IMDP("FRN",$E5,G$3,$B$1) -> 9185.5 | H5: =_xll.IMDP("FRN",$E5,H$3,$B$1) -> 9118.7 | I5: =_xll.IMDP("FRN",$E5,I$3,$B$1) -> 9138.49 | J5: =_xll.IMDP("FRN",$E5,J$3,$B$1) -> 45.84
A6: 3 | B6: 아시아 | C6: 일본 | D6: NIKKEI225 | E6: NII:NI225 | F6: =_xll.IMDP("FRN",$E6,F$3,$B$1) -> 53827.24 | G6: =_xll.IMDP("FRN",$E6,G$3,$B$1) -> 54487.32 | H6: =_xll.IMDP("FRN",$E6,H$3,$B$1) -> 53792.68 | I6: =_xll.IMDP("FRN",$E6,I$3,$B$1) -> 54179.59 | J6: =_xll.IMDP("FRN",$E6,J$3,$B$1) -> 630.43
A7: 4 | B7: 아시아 | C7: 대만 | D7: TAIEX | E7: TWS:TI01 | F7: =_xll.IMDP("FRN",$E7,F$3,$B$1) -> 30742.53 | G7: =_xll.IMDP("FRN",$E7,G$3,$B$1) -> 30994.81 | H7: =_xll.IMDP("FRN",$E7,H$3,$B$1) -> 30742.53 | I7: =_xll.IMDP("FRN",$E7,I$3,$B$1) -> 30884.39 | J7: =_xll.IMDP("FRN",$E7,J$3,$B$1) -> 177.17
A8: 5 | B8: 아시아 | C8: 싱가포르 | D8: STI | E8: SGI:STI | F8: =_xll.IMDP("FRN",$E8,F$3,$B$1) -> 4800.99 | G8: =_xll.IMDP("FRN",$E8,G$3,$B$1) -> 4807.07 | H8: =_xll.IMDP("FRN",$E8,H$3,$B$1) -> 4786.42 | I8: =_xll.IMDP("FRN",$E8,I$3,$B$1) -> 4806.27 | J8: =_xll.IMDP("FRN",$E8,J$3,$B$1) -> -0.86
A9: 6 | B9: 아시아 | C9: 말레이시아 | D9: KLCI | E9: MYI:KLSE | F9: =_xll.IMDP("FRN",$E9,F$3,$B$1) -> 1705.88 | G9: =_xll.IMDP("FRN",$E9,G$3,$B$1) -> 1711.66 | H9: =_xll.IMDP("FRN",$E9,H$3,$B$1) -> 1704.03 | I9: =_xll.IMDP("FRN",$E9,I$3,$B$1) -> 1707.22 | J9: =_xll.IMDP("FRN",$E9,J$3,$B$1) -> -0.98
A10: 7 | B10: 아시아 | C10: 필리핀 | D10: PSEi | E10: PHI:COMP | F10: =_xll.IMDP("FRN",$E10,F$3,$B$1) -> 0 | G10: =_xll.IMDP("FRN",$E10,G$3,$B$1) -> 0 | H10: =_xll.IMDP("FRN",$E10,H$3,$B$1) -> 0 | I10: =_xll.IMDP("FRN",$E10,I$3,$B$1) -> 6419.96 | J10: =_xll.IMDP("FRN",$E10,J$3,$B$1) -> 0
A11: 8 | B11: 아시아 | C11: 중국(상해종합) | D11: SSE Composite Shares | E11: SHS:000001 | F11: =_xll.IMDP("FRN",$E11,F$3,$B$1) -> 4138.65 | G11: =_xll.IMDP("FRN",$E11,G$3,$B$1) -> 4190.87 | H11: =_xll.IMDP("FRN",$E11,H$3,$B$1) -> 4138.65 | I11: =_xll.IMDP("FRN",$E11,I$3,$B$1) -> 4188.24 | J11: =_xll.IMDP("FRN",$E11,J$3,$B$1) -> 49.48
A12: 9 | B12: 아시아 | C12: 중국(심천종합) | D12: Shezhen Composite Index | E12: SZS:399106 | F12: =_xll.IMDP("FRN",$E12,F$3,$B$1) -> 2677.69 | G12: =_xll.IMDP("FRN",$E12,G$3,$B$1) -> 2733.18 | H12: =_xll.IMDP("FRN",$E12,H$3,$B$1) -> 2677.69 | I12: =_xll.IMDP("FRN",$E12,I$3,$B$1) -> 2733.02 | J12: =_xll.IMDP("FRN",$E12,J$3,$B$1) -> 56.98
A13: 10 | B13: 아시아 | C13: 중국(CSI 300) | D13: CSI 300 | E13: SHS:000300 | F13: =_xll.IMDP("FRN",$E13,F$3,$B$1) -> 4767.7 | G13: =_xll.IMDP("FRN",$E13,G$3,$B$1) -> 4818.1 | H13: =_xll.IMDP("FRN",$E13,H$3,$B$1) -> 4767.7 | I13: =_xll.IMDP("FRN",$E13,I$3,$B$1) -> 4812.48 | J13: =_xll.IMDP("FRN",$E13,J$3,$B$1) -> 51.45
A14: 11 | B14: 아시아 | C14: 홍콩(항셍) | D14: HSI | E14: HSI:HSI | F14: =_xll.IMDP("FRN",$E14,F$3,$B$1) -> 26971.97 | G14: =_xll.IMDP("FRN",$E14,G$3,$B$1) -> 27097.72 | H14: =_xll.IMDP("FRN",$E14,H$3,$B$1) -> 26852.57 | I14: =_xll.IMDP("FRN",$E14,I$3,$B$1) -> 27092.98 | J14: =_xll.IMDP("FRN",$E14,J$3,$B$1) -> 244.51
A15: 12 | B15: 아시아 | C15: 홍콩(항셍 H) | D15: HSI-H | E15: HSI:HSCE | F15: =_xll.IMDP("FRN",$E15,F$3,$B$1) -> 9328.05 | G15: =_xll.IMDP("FRN",$E15,G$3,$B$1) -> 9370.33 | H15: =_xll.IMDP("FRN",$E15,H$3,$B$1) -> 9272.24 | I15: =_xll.IMDP("FRN",$E15,I$3,$B$1) -> 9367.28 | J15: =_xll.IMDP("FRN",$E15,J$3,$B$1) -> 81.87
... A65: 62 | B65: 아메리카 | C65: 콜롬비아 | D65: COLUMBIA IGBC | E65: COI:IGBC | F65: =_xll.IMDP("FRN",$E65,F$3,$B$1) -> 2188.74 | G65: =_xll.IMDP("FRN",$E65,G$3,$B$1) -> 2213.35 | H65: =_xll.IMDP("FRN",$E65,H$3,$B$1) -> 2181.5 | I65: =_xll.IMDP("FRN",$E65,I$3,$B$1) -> 2213.35 | J65: =_xll.IMDP("FRN",$E65,J$3,$B$1) -> 26.28

Sheet 6511 (일주일)
A1: 6511 확인 | F1: =TEXT(F2,"AAA") -> 수 | G1: =TEXT(G2,"AAA") -> 화 | H1: =TEXT(H2,"AAA") -> 월 | I1: =TEXT(I2,"AAA") -> 일 | J1: =TEXT(J2,"AAA") -> 토 | K1: =TEXT(K2,"AAA") -> 금 | L1: =TEXT(L2,"AAA") -> 목 | M1: =TEXT(M2,"AAA") -> 수 | ... S1: =TEXT(S2,"AAA") -> 목
A2: 순서 | B2: 대륙구분 | C2: 국가명 | D2: 지수명 | E2: 코드 | F2: ='6511 (히스토리)'!G15 -> 46036 | G2: =F2-1 -> 46035 | H2: =G2-1 -> 46034 | I2: =H2-1 -> 46033 | J2: =I2-1 -> 46032 | K2: =J2-1 -> 46031 | L2: =K2-1 -> 46030 | M2: =L2-1 -> 46029 | N2: =M2-1 -> 46028 | ... S2: =R2-1 -> 46023
A3: 1 | B3: 아시아 | C3: 뉴질랜드 | D3: NZX50 | E3: NZI:NZ50 | F3: {=SUMPRODUCT(('6511 (히스토리)'!$G$15:$G$34='6511 (일주일)'!F$2)*('6511 (히스토리)'!$H$15:$H$34))} -> 1901.02 | G3: {=SUMPRODUCT(('6511 (히스토리)'!$G$15:$G$34='6511 (일주일)'!G$2)*('6511 (히스토리)'!$H$15:$H$34))} -> 1902.93 | H3: {=SUMPRODUCT(('6511 (히스토리)'!$G$15:$G$34='6511 (일주일)'!H$2)*('6511 (히스토리)'!$H$15:$H$34))} -> 1877.33 | I3: {=SUMPRODUCT(('6511 (히스토리)'!$G$15:$G$34='6511 (일주일)'!I$2)*('6511 (히스토리)'!$H$15:$H$34))} -> 0 | J3: {=SUMPRODUCT(('6511 (히스토리)'!$G$15:$G$34='6511 (일주일)'!J$2)*('6511 (히스토리)'!$H$15:$H$34))} -> 0 | K3: {=SUMPRODUCT(('6511 (히스토리)'!$G$15:$G$34='6511 (일주일)'!K$2)*('6511 (히스토리)'!$H$15:$H$34))} -> 1867.9 | L3: {=SUMPRODUCT(('6511 (히스토리)'!$G$15:$G$34='6511 (일주일)'!L$2)*('6511 (히스토리)'!$H$15:$H$34))} -> 1855.56 | M3: {=SUMPRODUCT(('6511 (히스토리)'!$G$15:$G$34='6511 (일주일)'!M$2)*('6511 (히스토리)'!$H$15:$H$34))} -> 1861.58 | ... S3: {=SUMPRODUCT(('6511 (히스토리)'!$G$15:$G$34='6511 (일주일)'!S$2)*('6511 (히스토리)'!$H$15:$H$34))} -> 0
A4: 2 | B4: 아시아 | C4: 호주 | D4: ALL ORDS | E4: AUI:AORD | F4: {=SUMPRODUCT(('6511 (히스토리)'!$I$15:$I$34='6511 (일주일)'!F$2)*('6511 (히스토리)'!$J$15:$J$34))} -> 9138.5 | G4: {=SUMPRODUCT(('6511 (히스토리)'!$I$15:$I$34='6511 (일주일)'!G$2)*('6511 (히스토리)'!$J$15:$J$34))} -> 9138.49 | H4: {=SUMPRODUCT(('6511 (히스토리)'!$I$15:$I$34='6511 (일주일)'!H$2)*('6511 (히스토리)'!$J$15:$J$34))} -> 9092.65 | I4: {=SUMPRODUCT(('6511 (히스토리)'!$I$15:$I$34='6511 (일주일)'!I$2)*('6511 (히스토리)'!$J$15:$J$34))} -> 0 | J4: {=SUMPRODUCT(('6511 (히스토리)'!$I$15:$I$34='6511 (일주일)'!J$2)*('6511 (히스토리)'!$J$15:$J$34))} -> 0 | K4: {=SUMPRODUCT(('6511 (히스토리)'!$I$15:$I$34='6511 (일주일)'!K$2)*('6511 (히스토리)'!$J$15:$J$34))} -> 9045.92 | L4: {=SUMPRODUCT(('6511 (히스토리)'!$I$15:$I$34='6511 (일주일)'!L$2)*('6511 (히스토리)'!$J$15:$J$34))} -> 9046.52 | M4: {=SUMPRODUCT(('6511 (히스토리)'!$I$15:$I$34='6511 (일주일)'!M$2)*('6511 (히스토리)'!$J$15:$J$34))} -> 9018 | ... S4: {=SUMPRODUCT(('6511 (히스토리)'!$I$15:$I$34='6511 (일주일)'!S$2)*('6511 (히스토리)'!$J$15:$J$34))} -> 0
A5: 3 | B5: 아시아 | C5: 일본 | D5: NIKKEI225 | E5: NII:NI225 | F5: {=SUMPRODUCT(('6511 (히스토리)'!$K$15:$K$34='6511 (일주일)'!F$2)*('6511 (히스토리)'!$L$15:$L$34))} -> 54179.59 | G5: {=SUMPRODUCT(('6511 (히스토리)'!$K$15:$K$34='6511 (일주일)'!G$2)*('6511 (히스토리)'!$L$15:$L$34))} -> 53549.16 | H5: {=SUMPRODUCT(('6511 (히스토리)'!$K$15:$K$34='6511 (일주일)'!H$2)*('6511 (히스토리)'!$L$15:$L$34))} -> 0 | I5: {=SUMPRODUCT(('6511 (히스토리)'!$K$15:$K$34='6511 (일주일)'!I$2)*('6511 (히스토리)'!$L$15:$L$34))} -> 0 | J5: {=SUMPRODUCT(('6511 (히스토리)'!$K$15:$K$34='6511 (일주일)'!J$2)*('6511 (히스토리)'!$L$15:$L$34))} -> 0 | K5: {=SUMPRODUCT(('6511 (히스토리)'!$K$15:$K$34='6511 (일주일)'!K$2)*('6511 (히스토리)'!$L$15:$L$34))} -> 51939.89 | L5: {=SUMPRODUCT(('6511 (히스토리)'!$K$15:$K$34='6511 (일주일)'!L$2)*('6511 (히스토리)'!$L$15:$L$34))} -> 51117.26 | M5: {=SUMPRODUCT(('6511 (히스토리)'!$K$15:$K$34='6511 (일주일)'!M$2)*('6511 (히스토리)'!$L$15:$L$34))} -> 51961.98 | ... S5: {=SUMPRODUCT(('6511 (히스토리)'!$K$15:$K$34='6511 (일주일)'!S$2)*('6511 (히스토리)'!$L$15:$L$34))} -> 0
A6: 4 | B6: 아시아 | C6: 대만 | D6: TAIEX | E6: TWS:TI01 | F6: {=SUMPRODUCT(('6511 (히스토리)'!$M$15:$M$34='6511 (일주일)'!F$2)*('6511 (히스토리)'!$N$15:$N$34))} -> 30884.39 | G6: {=SUMPRODUCT(('6511 (히스토리)'!$M$15:$M$34='6511 (일주일)'!G$2)*('6511 (히스토리)'!$N$15:$N$34))} -> 30707.22 | H6: {=SUMPRODUCT(('6511 (히스토리)'!$M$15:$M$34='6511 (일주일)'!H$2)*('6511 (히스토리)'!$N$15:$N$34))} -> 30567.29 | I6: {=SUMPRODUCT(('6511 (히스토리)'!$M$15:$M$34='6511 (일주일)'!I$2)*('6511 (히스토리)'!$N$15:$N$34))} -> 0 | J6: {=SUMPRODUCT(('6511 (히스토리)'!$M$15:$M$34='6511 (일주일)'!J$2)*('6511 (히스토리)'!$N$15:$N$34))} -> 0 | K6: {=SUMPRODUCT(('6511 (히스토리)'!$M$15:$M$34='6511 (일주일)'!K$2)*('6511 (히스토리)'!$N$15:$N$34))} -> 30288.96 | L6: {=SUMPRODUCT(('6511 (히스토리)'!$M$15:$M$34='6511 (일주일)'!L$2)*('6511 (히스토리)'!$N$15:$N$34))} -> 30360.55 | M6: {=SUMPRODUCT(('6511 (히스토리)'!$M$15:$M$34='6511 (일주일)'!M$2)*('6511 (히스토리)'!$N$15:$N$34))} -> 30435.47 | ... S6: {=SUMPRODUCT(('6511 (히스토리)'!$M$15:$M$34='6511 (일주일)'!S$2)*('6511 (히스토리)'!$N$15:$N$34))} -> 0
A7: 5 | B7: 아시아 | C7: 싱가포르 | D7: STI | E7: SGI:STI | F7: {=SUMPRODUCT(('6511 (히스토리)'!$O$15:$O$34='6511 (일주일)'!F$2)*('6511 (히스토리)'!$P$15:$P$34))} -> 4806.27 | G7: {=SUMPRODUCT(('6511 (히스토리)'!$O$15:$O$34='6511 (일주일)'!G$2)*('6511 (히스토리)'!$P$15:$P$34))} -> 4807.13 | H7: {=SUMPRODUCT(('6511 (히스토리)'!$O$15:$O$34='6511 (일주일)'!H$2)*('6511 (히스토리)'!$P$15:$P$34))} -> 4766.78 | I7: {=SUMPRODUCT(('6511 (히스토리)'!$O$15:$O$34='6511 (일주일)'!I$2)*('6511 (히스토리)'!$P$15:$P$34))} -> 0 | J7: {=SUMPRODUCT(('6511 (히스토리)'!$O$15:$O$34='6511 (일주일)'!J$2)*('6511 (히스토리)'!$P$15:$P$34))} -> 0 | K7: {=SUMPRODUCT(('6511 (히스토리)'!$O$15:$O$34='6511 (일주일)'!K$2)*('6511 (히스토리)'!$P$15:$P$34))} -> 4744.66 | L7: {=SUMPRODUCT(('6511 (히스토리)'!$O$15:$O$34='6511 (일주일)'!L$2)*('6511 (히스토리)'!$P$15:$P$34))} -> 4739.07 | M7: {=SUMPRODUCT(('6511 (히스토리)'!$O$15:$O$34='6511 (일주일)'!M$2)*('6511 (히스토리)'!$P$15:$P$34))} -> 4747.62 | ... S7: {=SUMPRODUCT(('6511 (히스토리)'!$O$15:$O$34='6511 (일주일)'!S$2)*('6511 (히스토리)'!$P$15:$P$34))} -> 0
A8: 6 | B8: 아시아 | C8: 말레이시아 | D8: KLCI | E8: MYI:KLSE | F8: {=SUMPRODUCT(('6511 (히스토리)'!$Q$15:$Q$34='6511 (일주일)'!F$2)*('6511 (히스토리)'!$R$15:$R$34))} -> 1707.22 | G8: {=SUMPRODUCT(('6511 (히스토리)'!$Q$15:$Q$34='6511 (일주일)'!G$2)*('6511 (히스토리)'!$R$15:$R$34))} -> 1708.2 | H8: {=SUMPRODUCT(('6511 (히스토리)'!$Q$15:$Q$34='6511 (일주일)'!H$2)*('6511 (히스토리)'!$R$15:$R$34))} -> 1695.44 | I8: {=SUMPRODUCT(('6511 (히스토리)'!$Q$15:$Q$34='6511 (일주일)'!I$2)*('6511 (히스토리)'!$R$15:$R$34))} -> 0 | J8: {=SUMPRODUCT(('6511 (히스토리)'!$Q$15:$Q$34='6511 (일주일)'!J$2)*('6511 (히스토리)'!$R$15:$R$34))} -> 0 | K8: {=SUMPRODUCT(('6511 (히스토리)'!$Q$15:$Q$34='6511 (일주일)'!K$2)*('6511 (히스토리)'!$R$15:$R$34))} -> 1686.54 | L8: {=SUMPRODUCT(('6511 (히스토리)'!$Q$15:$Q$34='6511 (일주일)'!L$2)*('6511 (히스토리)'!$R$15:$R$34))} -> 1669.57 | M8: {=SUMPRODUCT(('6511 (히스토리)'!$Q$15:$Q$34='6511 (일주일)'!M$2)*('6511 (히스토리)'!$R$15:$R$34))} -> 1676.83 | ... S8: {=SUMPRODUCT(('6511 (히스토리)'!$Q$15:$Q$34='6511 (일주일)'!S$2)*('6511 (히스토리)'!$R$15:$R$34))} -> 0
A9: 7 | B9: 아시아 | C9: 필리핀 | D9: PSEi | E9: PHI:COMP | F9: {=SUMPRODUCT(('6511 (히스토리)'!$S$15:$S$34='6511 (일주일)'!F$2)*('6511 (히스토리)'!$T$15:$T$34))} -> 6419.96 | G9: {=SUMPRODUCT(('6511 (히스토리)'!$S$15:$S$34='6511 (일주일)'!G$2)*('6511 (히스토리)'!$T$15:$T$34))} -> 6408.76 | H9: {=SUMPRODUCT(('6511 (히스토리)'!$S$15:$S$34='6511 (일주일)'!H$2)*('6511 (히스토리)'!$T$15:$T$34))} -> 6419.96 | I9: {=SUMPRODUCT(('6511 (히스토리)'!$S$15:$S$34='6511 (일주일)'!I$2)*('6511 (히스토리)'!$T$15:$T$34))} -> 0 | J9: {=SUMPRODUCT(('6511 (히스토리)'!$S$15:$S$34='6511 (일주일)'!J$2)*('6511 (히스토리)'!$T$15:$T$34))} -> 0 | K9: {=SUMPRODUCT(('6511 (히스토리)'!$S$15:$S$34='6511 (일주일)'!K$2)*('6511 (히스토리)'!$T$15:$T$34))} -> 6348.14 | L9: {=SUMPRODUCT(('6511 (히스토리)'!$S$15:$S$34='6511 (일주일)'!L$2)*('6511 (히스토리)'!$T$15:$T$34))} -> 6320.67 | M9: {=SUMPRODUCT(('6511 (히스토리)'!$S$15:$S$34='6511 (일주일)'!M$2)*('6511 (히스토리)'!$T$15:$T$34))} -> 6292.09 | ... S9: {=SUMPRODUCT(('6511 (히스토리)'!$S$15:$S$34='6511 (일주일)'!S$2)*('6511 (히스토리)'!$T$15:$T$34))} -> 0
A10: 8 | B10: 아시아 | C10: 중국(상해종합) | D10: SSE Composite Shares | E10: SHS:000001 | F10: {=SUMPRODUCT(('6511 (히스토리)'!$U$15:$U$34='6511 (일주일)'!F$2)*('6511 (히스토리)'!$V$15:$V$34))} -> 4188.24 | G10: {=SUMPRODUCT(('6511 (히스토리)'!$U$15:$U$34='6511 (일주일)'!G$2)*('6511 (히스토리)'!$V$15:$V$34))} -> 4138.76 | H10: {=SUMPRODUCT(('6511 (히스토리)'!$U$15:$U$34='6511 (일주일)'!H$2)*('6511 (히스토리)'!$V$15:$V$34))} -> 4165.29 | I10: {=SUMPRODUCT(('6511 (히스토리)'!$U$15:$U$34='6511 (일주일)'!I$2)*('6511 (히스토리)'!$V$15:$V$34))} -> 0 | J10: {=SUMPRODUCT(('6511 (히스토리)'!$U$15:$U$34='6511 (일주일)'!J$2)*('6511 (히스토리)'!$V$15:$V$34))} -> 0 | K10: {=SUMPRODUCT(('6511 (히스토리)'!$U$15:$U$34='6511 (일주일)'!K$2)*('6511 (히스토리)'!$V$15:$V$34))} -> 4120.43 | L10: {=SUMPRODUCT(('6511 (히스토리)'!$U$15:$U$34='6511 (일주일)'!L$2)*('6511 (히스토리)'!$V$15:$V$34))} -> 4082.98 | M10: {=SUMPRODUCT(('6511 (히스토리)'!$U$15:$U$34='6511 (일주일)'!M$2)*('6511 (히스토리)'!$V$15:$V$34))} -> 4085.77 | ... S10: {=SUMPRODUCT(('6511 (히스토리)'!$U$15:$U$34='6511 (일주일)'!S$2)*('6511 (히스토리)'!$V$15:$V$34))} -> 0
A11: 9 | B11: 아시아 | C11: 중국(심천종합) | D11: Shezhen Composite Index | E11: SZS:399106 | F11: {=SUMPRODUCT(('6511 (히스토리)'!$W$15:$W$34='6511 (일주일)'!F$2)*('6511 (히스토리)'!$X$15:$X$34))} -> 2733.02 | G11: {=SUMPRODUCT(('6511 (히스토리)'!$W$15:$W$34='6511 (일주일)'!G$2)*('6511 (히스토리)'!$X$15:$X$34))} -> 2676.04 | H11: {=SUMPRODUCT(('6511 (히스토리)'!$W$15:$W$34='6511 (일주일)'!H$2)*('6511 (히스토리)'!$X$15:$X$34))} -> 2714.52 | I11: {=SUMPRODUCT(('6511 (히스토리)'!$W$15:$W$34='6511 (일주일)'!I$2)*('6511 (히스토리)'!$X$15:$X$34))} -> 0 | J11: {=SUMPRODUCT(('6511 (히스토리)'!$W$15:$W$34='6511 (일주일)'!J$2)*('6511 (히스토리)'!$X$15:$X$34))} -> 0 | K11: {=SUMPRODUCT(('6511 (히스토리)'!$W$15:$W$34='6511 (일주일)'!K$2)*('6511 (히스토리)'!$X$15:$X$34))} -> 2660.05 | L11: {=SUMPRODUCT(('6511 (히스토리)'!$W$15:$W$34='6511 (일주일)'!L$2)*('6511 (히스토리)'!$X$15:$X$34))} -> 2624.99 | M11: {=SUMPRODUCT(('6511 (히스토리)'!$W$15:$W$34='6511 (일주일)'!M$2)*('6511 (히스토리)'!$X$15:$X$34))} -> 2620.52 | ... S11: {=SUMPRODUCT(('6511 (히스토리)'!$W$15:$W$34='6511 (일주일)'!S$2)*('6511 (히스토리)'!$X$15:$X$34))} -> 0
A12: 10 | B12: 아시아 | C12: 중국(CSI 300) | D12: CSI 300 | E12: SHS:000300 | F12: {=SUMPRODUCT(('6511 (히스토리)'!$Y$15:$Y$34='6511 (일주일)'!F$2)*('6511 (히스토리)'!$Z$15:$Z$34))} -> 4812.48 | G12: {=SUMPRODUCT(('6511 (히스토리)'!$Y$15:$Y$34='6511 (일주일)'!G$2)*('6511 (히스토리)'!$Z$15:$Z$34))} -> 4761.03 | H12: {=SUMPRODUCT(('6511 (히스토리)'!$Y$15:$Y$34='6511 (일주일)'!H$2)*('6511 (히스토리)'!$Z$15:$Z$34))} -> 4789.92 | I12: {=SUMPRODUCT(('6511 (히스토리)'!$Y$15:$Y$34='6511 (일주일)'!I$2)*('6511 (히스토리)'!$Z$15:$Z$34))} -> 0 | J12: {=SUMPRODUCT(('6511 (히스토리)'!$Y$15:$Y$34='6511 (일주일)'!J$2)*('6511 (히스토리)'!$Z$15:$Z$34))} -> 0 | K12: {=SUMPRODUCT(('6511 (히스토리)'!$Y$15:$Y$34='6511 (일주일)'!K$2)*('6511 (히스토리)'!$Z$15:$Z$34))} -> 4758.92 | L12: {=SUMPRODUCT(('6511 (히스토리)'!$Y$15:$Y$34='6511 (일주일)'!L$2)*('6511 (히스토리)'!$Z$15:$Z$34))} -> 4737.65 | M12: {=SUMPRODUCT(('6511 (히스토리)'!$Y$15:$Y$34='6511 (일주일)'!M$2)*('6511 (히스토리)'!$Z$15:$Z$34))} -> 4776.67 | ... S12: {=SUMPRODUCT(('6511 (히스토리)'!$Y$15:$Y$34='6511 (일주일)'!S$2)*('6511 (히스토리)'!$Z$15:$Z$34))} -> 0
A13: 11 | B13: 아시아 | C13: 홍콩(항셍) | D13: HIS | E13: HSI:HSI | F13: {=SUMPRODUCT(('6511 (히스토리)'!$AA$15:$AA$34='6511 (일주일)'!F$2)*('6511 (히스토리)'!$AB$15:$AB$34))} -> 27092.98 | G13: {=SUMPRODUCT(('6511 (히스토리)'!$AA$15:$AA$34='6511 (일주일)'!G$2)*('6511 (히스토리)'!$AB$15:$AB$34))} -> 26848.47 | H13: {=SUMPRODUCT(('6511 (히스토리)'!$AA$15:$AA$34='6511 (일주일)'!H$2)*('6511 (히스토리)'!$AB$15:$AB$34))} -> 26608.48 | I13: {=SUMPRODUCT(('6511 (히스토리)'!$AA$15:$AA$34='6511 (일주일)'!I$2)*('6511 (히스토리)'!$AB$15:$AB$34))} -> 0 | J13: {=SUMPRODUCT(('6511 (히스토리)'!$AA$15:$AA$34='6511 (일주일)'!J$2)*('6511 (히스토리)'!$AB$15:$AB$34))} -> 0 | K13: {=SUMPRODUCT(('6511 (히스토리)'!$AA$15:$AA$34='6511 (일주일)'!K$2)*('6511 (히스토리)'!$AB$15:$AB$34))} -> 26231.79 | L13: {=SUMPRODUCT(('6511 (히스토리)'!$AA$15:$AA$34='6511 (일주일)'!L$2)*('6511 (히스토리)'!$AB$15:$AB$34))} -> 26149.31 | M13: {=SUMPRODUCT(('6511 (히스토리)'!$AA$15:$AA$34='6511 (일주일)'!M$2)*('6511 (히스토리)'!$AB$15:$AB$34))} -> 26458.95 | ... S13: {=SUMPRODUCT(('6511 (히스토리)'!$AA$15:$AA$34='6511 (일주일)'!S$2)*('6511 (히스토리)'!$AB$15:$AB$34))} -> 0
A14: 12 | B14: 아시아 | C14: 홍콩(항셍 H) | D14: HSI-H | E14: HSI:HSCE | F14: {=SUMPRODUCT(('6511 (히스토리)'!$AC$15:$AC$34='6511 (일주일)'!F$2)*('6511 (히스토리)'!$AD$15:$AD$34))} -> 9367.28 | G14: {=SUMPRODUCT(('6511 (히스토리)'!$AC$15:$AC$34='6511 (일주일)'!G$2)*('6511 (히스토리)'!$AD$15:$AD$34))} -> 9285.41 | H14: {=SUMPRODUCT(('6511 (히스토리)'!$AC$15:$AC$34='6511 (일주일)'!H$2)*('6511 (히스토리)'!$AD$15:$AD$34))} -> 9220.08 | I14: {=SUMPRODUCT(('6511 (히스토리)'!$AC$15:$AC$34='6511 (일주일)'!I$2)*('6511 (히스토리)'!$AD$15:$AD$34))} -> 0 | J14: {=SUMPRODUCT(('6511 (히스토리)'!$AC$15:$AC$34='6511 (일주일)'!J$2)*('6511 (히스토리)'!$AD$15:$AD$34))} -> 0 | K14: {=SUMPRODUCT(('6511 (히스토리)'!$AC$15:$AC$34='6511 (일주일)'!K$2)*('6511 (히스토리)'!$AD$15:$AD$34))} -> 9048.53 | L14: {=SUMPRODUCT(('6511 (히스토리)'!$AC$15:$AC$34='6511 (일주일)'!L$2)*('6511 (히스토리)'!$AD$15:$AD$34))} -> 9039.34 | M14: {=SUMPRODUCT(('6511 (히스토리)'!$AC$15:$AC$34='6511 (일주일)'!M$2)*('6511 (히스토리)'!$AD$15:$AD$34))} -> 9138.75 | ... S14: {=SUMPRODUCT(('6511 (히스토리)'!$AC$15:$AC$34='6511 (일주일)'!S$2)*('6511 (히스토리)'!$AD$15:$AD$34))} -> 0
A15: 13 | B15: 아시아 | C15: 인도네시아 | D15: IHSG | E15: IDI:JKSE | F15: {=SUMPRODUCT(('6511 (히스토리)'!$AE$15:$AE$34='6511 (일주일)'!F$2)*('6511 (히스토리)'!$AF$15:$AF$34))} -> 9025.76 | G15: {=SUMPRODUCT(('6511 (히스토리)'!$AE$15:$AE$34='6511 (일주일)'!G$2)*('6511 (히스토리)'!$AF$15:$AF$34))} -> 8948.3 | H15: {=SUMPRODUCT(('6511 (히스토리)'!$AE$15:$AE$34='6511 (일주일)'!H$2)*('6511 (히스토리)'!$AF$15:$AF$34))} -> 8884.72 | I15: {=SUMPRODUCT(('6511 (히스토리)'!$AE$15:$AE$34='6511 (일주일)'!I$2)*('6511 (히스토리)'!$AF$15:$AF$34))} -> 0 | J15: {=SUMPRODUCT(('6511 (히스토리)'!$AE$15:$AE$34='6511 (일주일)'!J$2)*('6511 (히스토리)'!$AF$15:$AF$34))} -> 0 | K15: {=SUMPRODUCT(('6511 (히스토리)'!$AE$15:$AE$34='6511 (일주일)'!K$2)*('6511 (히스토리)'!$AF$15:$AF$34))} -> 8936.75 | L15: {=SUMPRODUCT(('6511 (히스토리)'!$AE$15:$AE$34='6511 (일주일)'!L$2)*('6511 (히스토리)'!$AF$15:$AF$34))} -> 8925.47 | M15: {=SUMPRODUCT(('6511 (히스토리)'!$AE$15:$AE$34='6511 (일주일)'!M$2)*('6511 (히스토리)'!$AF$15:$AF$34))} -> 8944.81 | ... S15: {=SUMPRODUCT(('6511 (히스토리)'!$AE$15:$AE$34='6511 (일주일)'!S$2)*('6511 (히스토리)'!$AF$15:$AF$34))} -> 0
A16: 14 | B16: 아시아 | C16: 태국 | D16: SET Index | E16: THI:SET | F16: {=SUMPRODUCT(('6511 (히스토리)'!$AG$15:$AG$34='6511 (일주일)'!F$2)*('6511 (히스토리)'!$AH$15:$AH$34))} -> 0 | G16: {=SUMPRODUCT(('6511 (히스토리)'!$AG$15:$AG$34='6511 (일주일)'!G$2)*('6511 (히스토리)'!$AH$15:$AH$34))} -> 1235.3 | H16: {=SUMPRODUCT(('6511 (히스토리)'!$AG$15:$AG$34='6511 (일주일)'!H$2)*('6511 (히스토리)'!$AH$15:$AH$34))} -> 1242.2 | I16: {=SUMPRODUCT(('6511 (히스토리)'!$AG$15:$AG$34='6511 (일주일)'!I$2)*('6511 (히스토리)'!$AH$15:$AH$34))} -> 0 | J16: {=SUMPRODUCT(('6511 (히스토리)'!$AG$15:$AG$34='6511 (일주일)'!J$2)*('6511 (히스토리)'!$AH$15:$AH$34))} -> 0 | K16: {=SUMPRODUCT(('6511 (히스토리)'!$AG$15:$AG$34='6511 (일주일)'!K$2)*('6511 (히스토리)'!$AH$15:$AH$34))} -> 1254.09 | L16: {=SUMPRODUCT(('6511 (히스토리)'!$AG$15:$AG$34='6511 (일주일)'!L$2)*('6511 (히스토리)'!$AH$15:$AH$34))} -> 1253.6 | M16: {=SUMPRODUCT(('6511 (히스토리)'!$AG$15:$AG$34='6511 (일주일)'!M$2)*('6511 (히스토리)'!$AH$15:$AH$34))} -> 1280.82 | ... S16: {=SUMPRODUCT(('6511 (히스토리)'!$AG$15:$AG$34='6511 (일주일)'!S$2)*('6511 (히스토리)'!$AH$15:$AH$34))} -> 0
A17: 15 | B17: 아시아 | C17: 인도 | D17: SENSEX | E17: INI:BSE30 | F17: {=SUMPRODUCT(('6511 (히스토리)'!$AI$15:$AI$34='6511 (일주일)'!F$2)*('6511 (히스토리)'!$AJ$15:$AJ$34))} -> 83523.65 | G17: {=SUMPRODUCT(('6511 (히스토리)'!$AI$15:$AI$34='6511 (일주일)'!G$2)*('6511 (히스토리)'!$AJ$15:$AJ$34))} -> 83627.69 | H17: {=SUMPRODUCT(('6511 (히스토리)'!$AI$15:$AI$34='6511 (일주일)'!H$2)*('6511 (히스토리)'!$AJ$15:$AJ$34))} -> 83878.17 | I17: {=SUMPRODUCT(('6511 (히스토리)'!$AI$15:$AI$34='6511 (일주일)'!I$2)*('6511 (히스토리)'!$AJ$15:$AJ$34))} -> 0 | J17: {=SUMPRODUCT(('6511 (히스토리)'!$AI$15:$AI$34='6511 (일주일)'!J$2)*('6511 (히스토리)'!$AJ$15:$AJ$34))} -> 0 | K17: {=SUMPRODUCT(('6511 (히스토리)'!$AI$15:$AI$34='6511 (일주일)'!K$2)*('6511 (히스토리)'!$AJ$15:$AJ$34))} -> 83576.24 | L17: {=SUMPRODUCT(('6511 (히스토리)'!$AI$15:$AI$34='6511 (일주일)'!L$2)*('6511 (히스토리)'!$AJ$15:$AJ$34))} -> 84180.96 | M17: {=SUMPRODUCT(('6511 (히스토리)'!$AI$15:$AI$34='6511 (일주일)'!M$2)*('6511 (히스토리)'!$AJ$15:$AJ$34))} -> 84961.14 | ... S17: {=SUMPRODUCT(('6511 (히스토리)'!$AI$15:$AI$34='6511 (일주일)'!S$2)*('6511 (히스토리)'!$AJ$15:$AJ$34))} -> 85188.6
A18: 16 | B18: 아시아 | C18: 베트남 | D18: HO CHI MINH STO | E18: VNI:VIDX | F18: {=SUMPRODUCT(('6511 (히스토리)'!$AK$15:$AK$34='6511 (일주일)'!F$2)*('6511 (히스토리)'!$AL$15:$AL$34))} -> 1901.02 | G18: {=SUMPRODUCT(('6511 (히스토리)'!$AK$15:$AK$34='6511 (일주일)'!G$2)*('6511 (히스토리)'!$AL$15:$AL$34))} -> 1902.93 | H18: {=SUMPRODUCT(('6511 (히스토리)'!$AK$15:$AK$34='6511 (일주일)'!H$2)*('6511 (히스토리)'!$AL$15:$AL$34))} -> 1877.33 | I18: {=SUMPRODUCT(('6511 (히스토리)'!$AK$15:$AK$34='6511 (일주일)'!I$2)*('6511 (히스토리)'!$AL$15:$AL$34))} -> 0 | J18: {=SUMPRODUCT(('6511 (히스토리)'!$AK$15:$AK$34='6511 (일주일)'!J$2)*('6511 (히스토리)'!$AL$15:$AL$34))} -> 0 | K18: {=SUMPRODUCT(('6511 (히스토리)'!$AK$15:$AK$34='6511 (일주일)'!K$2)*('6511 (히스토리)'!$AL$15:$AL$34))} -> 1867.9 | L18: {=SUMPRODUCT(('6511 (히스토리)'!$AK$15:$AK$34='6511 (일주일)'!L$2)*('6511 (히스토리)'!$AL$15:$AL$34))} -> 1855.56 | M18: {=SUMPRODUCT(('6511 (히스토리)'!$AK$15:$AK$34='6511 (일주일)'!M$2)*('6511 (히스토리)'!$AL$15:$AL$34))} -> 1861.58 | ... S18: {=SUMPRODUCT(('6511 (히스토리)'!$AK$15:$AK$34='6511 (일주일)'!S$2)*('6511 (히스토리)'!$AL$15:$AL$34))} -> 0
A19: 17 | B19: 아시아 | C19: 파키스탄 | D19: KSE 100 | E19: PKI:KSE100 | F19: {=SUMPRODUCT(('6511 (히스토리)'!$AM$15:$AM$34='6511 (일주일)'!F$2)*('6511 (히스토리)'!$AN$15:$AN$34))} -> 183951.51 | G19: {=SUMPRODUCT(('6511 (히스토리)'!$AM$15:$AM$34='6511 (일주일)'!G$2)*('6511 (히스토리)'!$AN$15:$AN$34))} -> 183951.51 | H19: {=SUMPRODUCT(('6511 (히스토리)'!$AM$15:$AM$34='6511 (일주일)'!H$2)*('6511 (히스토리)'!$AN$15:$AN$34))} -> 182384.15 | I19: {=SUMPRODUCT(('6511 (히스토리)'!$AM$15:$AM$34='6511 (일주일)'!I$2)*('6511 (히스토리)'!$AN$15:$AN$34))} -> 0 | J19: {=SUMPRODUCT(('6511 (히스토리)'!$AM$15:$AM$34='6511 (일주일)'!J$2)*('6511 (히스토리)'!$AN$15:$AN$34))} -> 0 | K19: {=SUMPRODUCT(('6511 (히스토리)'!$AM$15:$AM$34='6511 (일주일)'!K$2)*('6511 (히스토리)'!$AN$15:$AN$34))} -> 184409.67 | L19: {=SUMPRODUCT(('6511 (히스토리)'!$AM$15:$AM$34='6511 (일주일)'!L$2)*('6511 (히스토리)'!$AN$15:$AN$34))} -> 185589.9 | M19: {=SUMPRODUCT(('6511 (히스토리)'!$AM$15:$AM$34='6511 (일주일)'!M$2)*('6511 (히스토리)'!$AN$15:$AN$34))} -> 186518.72 | ... S19: {=SUMPRODUCT(('6511 (히스토리)'!$AM$15:$AM$34='6511 (일주일)'!S$2)*('6511 (히스토리)'!$AN$15:$AN$34))} -> 176355.49
A20: 18 | B20: 아시아 | C20: 오만 | D20: MSM 30 | E20: OMI:MSMI | F20: {=SUMPRODUCT(('6511 (히스토리)'!$AO$15:$AO$34='6511 (일주일)'!F$2)*('6511 (히스토리)'!$AP$15:$AP$34))} -> 6178.11 | G20: {=SUMPRODUCT(('6511 (히스토리)'!$AO$15:$AO$34='6511 (일주일)'!G$2)*('6511 (히스토리)'!$AP$15:$AP$34))} -> 6178.11 | H20: {=SUMPRODUCT(('6511 (히스토리)'!$AO$15:$AO$34='6511 (일주일)'!H$2)*('6511 (히스토리)'!$AP$15:$AP$34))} -> 6192.57 | I20: {=SUMPRODUCT(('6511 (히스토리)'!$AO$15:$AO$34='6511 (일주일)'!I$2)*('6511 (히스토리)'!$AP$15:$AP$34))} -> 0 | J20: {=SUMPRODUCT(('6511 (히스토리)'!$AO$15:$AO$34='6511 (일주일)'!J$2)*('6511 (히스토리)'!$AP$15:$AP$34))} -> 0 | K20: {=SUMPRODUCT(('6511 (히스토리)'!$AO$15:$AO$34='6511 (일주일)'!K$2)*('6511 (히스토리)'!$AP$15:$AP$34))} -> 6163.73 | L20: {=SUMPRODUCT(('6511 (히스토리)'!$AO$15:$AO$34='6511 (일주일)'!L$2)*('6511 (히스토리)'!$AP$15:$AP$34))} -> 6126 | M20: {=SUMPRODUCT(('6511 (히스토리)'!$AO$15:$AO$34='6511 (일주일)'!M$2)*('6511 (히스토리)'!$AP$15:$AP$34))} -> 6099.7 | ... S20: {=SUMPRODUCT(('6511 (히스토리)'!$AO$15:$AO$34='6511 (일주일)'!S$2)*('6511 (히스토리)'!$AP$15:$AP$34))} -> 5895.83
A21: 19 | B21: 아시아 | C21: 아랍에미레이트 | D21: Dubai Financial | E21: AEI:DFM | F21: {=SUMPRODUCT(('6511 (히스토리)'!$AQ$15:$AQ$34='6511 (일주일)'!F$2)*('6511 (히스토리)'!$AR$15:$AR$34))} -> 6319.3 | G21: {=SUMPRODUCT(('6511 (히스토리)'!$AQ$15:$AQ$34='6511 (일주일)'!G$2)*('6511 (히스토리)'!$AR$15:$AR$34))} -> 6319.3 | H21: {=SUMPRODUCT(('6511 (히스토리)'!$AQ$15:$AQ$34='6511 (일주일)'!H$2)*('6511 (히스토리)'!$AR$15:$AR$34))} -> 6268.31 | I21: {=SUMPRODUCT(('6511 (히스토리)'!$AQ$15:$AQ$34='6511 (일주일)'!I$2)*('6511 (히스토리)'!$AR$15:$AR$34))} -> 0 | J21: {=SUMPRODUCT(('6511 (히스토리)'!$AQ$15:$AQ$34='6511 (일주일)'!J$2)*('6511 (히스토리)'!$AR$15:$AR$34))} -> 0 | K21: {=SUMPRODUCT(('6511 (히스토리)'!$AQ$15:$AQ$34='6511 (일주일)'!K$2)*('6511 (히스토리)'!$AR$15:$AR$34))} -> 6225.94 | L21: {=SUMPRODUCT(('6511 (히스토리)'!$AQ$15:$AQ$34='6511 (일주일)'!L$2)*('6511 (히스토리)'!$AR$15:$AR$34))} -> 6252.99 | M21: {=SUMPRODUCT(('6511 (히스토리)'!$AQ$15:$AQ$34='6511 (일주일)'!M$2)*('6511 (히스토리)'!$AR$15:$AR$34))} -> 6248.56 | ... S21: {=SUMPRODUCT(('6511 (히스토리)'!$AQ$15:$AQ$34='6511 (일주일)'!S$2)*('6511 (히스토리)'!$AR$15:$AR$34))} -> 0
A22: 20 | B22: 아시아 | C22: 쿠웨이트 | D22: KSE Index | E22: KWI:MKIX | F22: {=SUMPRODUCT(('6511 (히스토리)'!$AS$15:$AS$34='6511 (일주일)'!F$2)*('6511 (히스토리)'!$AT$15:$AT$34))} -> 9424.15 | G22: {=SUMPRODUCT(('6511 (히스토리)'!$AS$15:$AS$34='6511 (일주일)'!G$2)*('6511 (히스토리)'!$AT$15:$AT$34))} -> 9424.15 | H22: {=SUMPRODUCT(('6511 (히스토리)'!$AS$15:$AS$34='6511 (일주일)'!H$2)*('6511 (히스토리)'!$AT$15:$AT$34))} -> 9343.74 | I22: {=SUMPRODUCT(('6511 (히스토리)'!$AS$15:$AS$34='6511 (일주일)'!I$2)*('6511 (히스토리)'!$AT$15:$AT$34))} -> 0 | J22: {=SUMPRODUCT(('6511 (히스토리)'!$AS$15:$AS$34='6511 (일주일)'!J$2)*('6511 (히스토리)'!$AT$15:$AT$34))} -> 0 | K22: {=SUMPRODUCT(('6511 (히스토리)'!$AS$15:$AS$34='6511 (일주일)'!K$2)*('6511 (히스토리)'!$AT$15:$AT$34))} -> 9389.64 | L22: {=SUMPRODUCT(('6511 (히스토리)'!$AS$15:$AS$34='6511 (일주일)'!L$2)*('6511 (히스토리)'!$AT$15:$AT$34))} -> 9443.72 | M22: {=SUMPRODUCT(('6511 (히스토리)'!$AS$15:$AS$34='6511 (일주일)'!M$2)*('6511 (히스토리)'!$AT$15:$AT$34))} -> 9463.38 | ... S22: {=SUMPRODUCT(('6511 (히스토리)'!$AS$15:$AS$34='6511 (일주일)'!S$2)*('6511 (히스토리)'!$AT$15:$AT$34))} -> 0
A23: 21 | B23: 아시아 | C23: 카타르 | D23: DSM 20 | E23: QAI:MKIX | F23: {=SUMPRODUCT(('6511 (히스토리)'!$AU$15:$AU$34='6511 (일주일)'!F$2)*('6511 (히스토리)'!$AV$15:$AV$34))} -> 11229.22 | G23: {=SUMPRODUCT(('6511 (히스토리)'!$AU$15:$AU$34='6511 (일주일)'!G$2)*('6511 (히스토리)'!$AV$15:$AV$34))} -> 11229.22 | H23: {=SUMPRODUCT(('6511 (히스토리)'!$AU$15:$AU$34='6511 (일주일)'!H$2)*('6511 (히스토리)'!$AV$15:$AV$34))} -> 11162.54 | I23: {=SUMPRODUCT(('6511 (히스토리)'!$AU$15:$AU$34='6511 (일주일)'!I$2)*('6511 (히스토리)'!$AV$15:$AV$34))} -> 0 | J23: {=SUMPRODUCT(('6511 (히스토리)'!$AU$15:$AU$34='6511 (일주일)'!J$2)*('6511 (히스토리)'!$AV$15:$AV$34))} -> 0 | K23: {=SUMPRODUCT(('6511 (히스토리)'!$AU$15:$AU$34='6511 (일주일)'!K$2)*('6511 (히스토리)'!$AV$15:$AV$34))} -> 11088.79 | L23: {=SUMPRODUCT(('6511 (히스토리)'!$AU$15:$AU$34='6511 (일주일)'!L$2)*('6511 (히스토리)'!$AV$15:$AV$34))} -> 10969.33 | M23: {=SUMPRODUCT(('6511 (히스토리)'!$AU$15:$AU$34='6511 (일주일)'!M$2)*('6511 (히스토리)'!$AV$15:$AV$34))} -> 11061.78 | ... S23: {=SUMPRODUCT(('6511 (히스토리)'!$AU$15:$AU$34='6511 (일주일)'!S$2)*('6511 (히스토리)'!$AV$15:$AV$34))} -> 0
A24: 22 | B24: 아시아 | C24: 요르단 | D24: ASE Index | E24: JOI:FTI | F24: {=SUMPRODUCT(('6511 (히스토리)'!$AW$15:$AW$34='6511 (일주일)'!F$2)*('6511 (히스토리)'!$AX$15:$AX$34))} -> 3555.87 | G24: {=SUMPRODUCT(('6511 (히스토리)'!$AW$15:$AW$34='6511 (일주일)'!G$2)*('6511 (히스토리)'!$AX$15:$AX$34))} -> 3555.87 | H24: {=SUMPRODUCT(('6511 (히스토리)'!$AW$15:$AW$34='6511 (일주일)'!H$2)*('6511 (히스토리)'!$AX$15:$AX$34))} -> 3548.39 | I24: {=SUMPRODUCT(('6511 (히스토리)'!$AW$15:$AW$34='6511 (일주일)'!I$2)*('6511 (히스토리)'!$AX$15:$AX$34))} -> 0 | J24: {=SUMPRODUCT(('6511 (히스토리)'!$AW$15:$AW$34='6511 (일주일)'!J$2)*('6511 (히스토리)'!$AX$15:$AX$34))} -> 0 | K24: {=SUMPRODUCT(('6511 (히스토리)'!$AW$15:$AW$34='6511 (일주일)'!K$2)*('6511 (히스토리)'!$AX$15:$AX$34))} -> 3560.35 | L24: {=SUMPRODUCT(('6511 (히스토리)'!$AW$15:$AW$34='6511 (일주일)'!L$2)*('6511 (히스토리)'!$AX$15:$AX$34))} -> 3553.35 | M24: {=SUMPRODUCT(('6511 (히스토리)'!$AW$15:$AW$34='6511 (일주일)'!M$2)*('6511 (히스토리)'!$AX$15:$AX$34))} -> 3560.72 | ... S24: {=SUMPRODUCT(('6511 (히스토리)'!$AW$15:$AW$34='6511 (일주일)'!S$2)*('6511 (히스토리)'!$AX$15:$AX$34))} -> 0
A25: 23 | B25: 아시아 | C25: 사우디아라비아 | D25: TASI | E25: SAI:TASI | F25: {=SUMPRODUCT(('6511 (히스토리)'!$AY$15:$AY$34='6511 (일주일)'!F$2)*('6511 (히스토리)'!$AZ$15:$AZ$34))} -> 10893.63 | G25: {=SUMPRODUCT(('6511 (히스토리)'!$AY$15:$AY$34='6511 (일주일)'!G$2)*('6511 (히스토리)'!$AZ$15:$AZ$34))} -> 10893.63 | H25: {=SUMPRODUCT(('6511 (히스토리)'!$AY$15:$AY$34='6511 (일주일)'!H$2)*('6511 (히스토리)'!$AZ$15:$AZ$34))} -> 10745.45 | I25: {=SUMPRODUCT(('6511 (히스토리)'!$AY$15:$AY$34='6511 (일주일)'!I$2)*('6511 (히스토리)'!$AZ$15:$AZ$34))} -> 0 | J25: {=SUMPRODUCT(('6511 (히스토리)'!$AY$15:$AY$34='6511 (일주일)'!J$2)*('6511 (히스토리)'!$AZ$15:$AZ$34))} -> 0 | K25: {=SUMPRODUCT(('6511 (히스토리)'!$AY$15:$AY$34='6511 (일주일)'!K$2)*('6511 (히스토리)'!$AZ$15:$AZ$34))} -> 10609.76 | L25: {=SUMPRODUCT(('6511 (히스토리)'!$AY$15:$AY$34='6511 (일주일)'!L$2)*('6511 (히스토리)'!$AZ$15:$AZ$34))} -> 10473.23 | M25: {=SUMPRODUCT(('6511 (히스토리)'!$AY$15:$AY$34='6511 (일주일)'!M$2)*('6511 (히스토리)'!$AZ$15:$AZ$34))} -> 10455.14 | ... S25: {=SUMPRODUCT(('6511 (히스토리)'!$AY$15:$AY$34='6511 (일주일)'!S$2)*('6511 (히스토리)'!$AZ$15:$AZ$34))} -> 10549.08
A26: 24 | B26: 아시아 | C26: 이스라엘 | D26: TA-100 | E26: ILI:TA100 | F26: {=SUMPRODUCT(('6511 (히스토리)'!$BA$15:$BA$34='6511 (일주일)'!F$2)*('6511 (히스토리)'!$BB$15:$BB$34))} -> 3913.39 | G26: {=SUMPRODUCT(('6511 (히스토리)'!$BA$15:$BA$34='6511 (일주일)'!G$2)*('6511 (히스토리)'!$BB$15:$BB$34))} -> 3913.39 | H26: {=SUMPRODUCT(('6511 (히스토리)'!$BA$15:$BA$34='6511 (일주일)'!H$2)*('6511 (히스토리)'!$BB$15:$BB$34))} -> 3926.38 | I26: {=SUMPRODUCT(('6511 (히스토리)'!$BA$15:$BA$34='6511 (일주일)'!I$2)*('6511 (히스토리)'!$BB$15:$BB$34))} -> 0 | J26: {=SUMPRODUCT(('6511 (히스토리)'!$BA$15:$BA$34='6511 (일주일)'!J$2)*('6511 (히스토리)'!$BB$15:$BB$34))} -> 0 | K26: {=SUMPRODUCT(('6511 (히스토리)'!$BA$15:$BA$34='6511 (일주일)'!K$2)*('6511 (히스토리)'!$BB$15:$BB$34))} -> 3907.26 | L26: {=SUMPRODUCT(('6511 (히스토리)'!$BA$15:$BA$34='6511 (일주일)'!L$2)*('6511 (히스토리)'!$BB$15:$BB$34))} -> 3878.85 | M26: {=SUMPRODUCT(('6511 (히스토리)'!$BA$15:$BA$34='6511 (일주일)'!M$2)*('6511 (히스토리)'!$BB$15:$BB$34))} -> 3893.87 | ... S26: {=SUMPRODUCT(('6511 (히스토리)'!$BA$15:$BA$34='6511 (일주일)'!S$2)*('6511 (히스토리)'!$BB$15:$BB$34))} -> 3733.08
A27: 25 | B27: 유럽 | C27: 러시아 | D27: RTSI | E27: RUI:RTSI | F27: {=SUMPRODUCT(('6511 (히스토리)'!$BC$15:$BC$34='6511 (일주일)'!F$2)*('6511 (히스토리)'!$BD$15:$BD$34))} -> 1077.44 | G27: {=SUMPRODUCT(('6511 (히스토리)'!$BC$15:$BC$34='6511 (일주일)'!G$2)*('6511 (히스토리)'!$BD$15:$BD$34))} -> 1077.44 | H27: {=SUMPRODUCT(('6511 (히스토리)'!$BC$15:$BC$34='6511 (일주일)'!H$2)*('6511 (히스토리)'!$BD$15:$BD$34))} -> 1080.28 | I27: {=SUMPRODUCT(('6511 (히스토리)'!$BC$15:$BC$34='6511 (일주일)'!I$2)*('6511 (히스토리)'!$BD$15:$BD$34))} -> 0 | J27: {=SUMPRODUCT(('6511 (히스토리)'!$BC$15:$BC$34='6511 (일주일)'!J$2)*('6511 (히스토리)'!$BD$15:$BD$34))} -> 0 | K27: {=SUMPRODUCT(('6511 (히스토리)'!$BC$15:$BC$34='6511 (일주일)'!K$2)*('6511 (히스토리)'!$BD$15:$BD$34))} -> 1097.31 | L27: {=SUMPRODUCT(('6511 (히스토리)'!$BC$15:$BC$34='6511 (일주일)'!L$2)*('6511 (히스토리)'!$BD$15:$BD$34))} -> 1094.8 | M27: {=SUMPRODUCT(('6511 (히스토리)'!$BC$15:$BC$34='6511 (일주일)'!M$2)*('6511 (히스토리)'!$BD$15:$BD$34))} -> 0 | ... S27: {=SUMPRODUCT(('6511 (히스토리)'!$BC$15:$BC$34='6511 (일주일)'!S$2)*('6511 (히스토리)'!$BD$15:$BD$34))} -> 0
A28: 26 | B28: 유럽 | C28: 터키 | D28: ISE Nation Index | E28: TRI:ISE100 | F28: {=SUMPRODUCT(('6511 (히스토리)'!$BE$15:$BE$34='6511 (일주일)'!F$2)*('6511 (히스토리)'!$BF$15:$BF$34))} -> 12385.61 | G28: {=SUMPRODUCT(('6511 (히스토리)'!$BE$15:$BE$34='6511 (일주일)'!G$2)*('6511 (히스토리)'!$BF$15:$BF$34))} -> 12385.61 | H28: {=SUMPRODUCT(('6511 (히스토리)'!$BE$15:$BE$34='6511 (일주일)'!H$2)*('6511 (히스토리)'!$BF$15:$BF$34))} -> 12254.83 | I28: {=SUMPRODUCT(('6511 (히스토리)'!$BE$15:$BE$34='6511 (일주일)'!I$2)*('6511 (히스토리)'!$BF$15:$BF$34))} -> 0 | J28: {=SUMPRODUCT(('6511 (히스토리)'!$BE$15:$BE$34='6511 (일주일)'!J$2)*('6511 (히스토리)'!$BF$15:$BF$34))} -> 0 | K28: {=SUMPRODUCT(('6511 (히스토리)'!$BE$15:$BE$34='6511 (일주일)'!K$2)*('6511 (히스토리)'!$BF$15:$BF$34))} -> 12200.95 | L28: {=SUMPRODUCT(('6511 (히스토리)'!$BE$15:$BE$34='6511 (일주일)'!L$2)*('6511 (히스토리)'!$BF$15:$BF$34))} -> 12087.97 | M28: {=SUMPRODUCT(('6511 (히스토리)'!$BE$15:$BE$34='6511 (일주일)'!M$2)*('6511 (히스토리)'!$BF$15:$BF$34))} -> 12028.84 | ... S28: {=SUMPRODUCT(('6511 (히스토리)'!$BE$15:$BE$34='6511 (일주일)'!S$2)*('6511 (히스토리)'!$BF$15:$BF$34))} -> 0
A29: 27 | B29: 유럽 | C29: 덴마크 | D29: OMX Copenhgagen20 | E29: DKI:KFX | F29: {=SUMPRODUCT(('6511 (히스토리)'!$BG$15:$BG$34='6511 (일주일)'!F$2)*('6511 (히스토리)'!$BH$15:$BH$34))} -> 1751.79 | G29: {=SUMPRODUCT(('6511 (히스토리)'!$BG$15:$BG$34='6511 (일주일)'!G$2)*('6511 (히스토리)'!$BH$15:$BH$34))} -> 1751.793 | H29: {=SUMPRODUCT(('6511 (히스토리)'!$BG$15:$BG$34='6511 (일주일)'!H$2)*('6511 (히스토리)'!$BH$15:$BH$34))} -> 1734.637 | I29: {=SUMPRODUCT(('6511 (히스토리)'!$BG$15:$BG$34='6511 (일주일)'!I$2)*('6511 (히스토리)'!$BH$15:$BH$34))} -> 0 | J29: {=SUMPRODUCT(('6511 (히스토리)'!$BG$15:$BG$34='6511 (일주일)'!J$2)*('6511 (히스토리)'!$BH$15:$BH$34))} -> 0 | K29: {=SUMPRODUCT(('6511 (히스토리)'!$BG$15:$BG$34='6511 (일주일)'!K$2)*('6511 (히스토리)'!$BH$15:$BH$34))} -> 1740.5 | L29: {=SUMPRODUCT(('6511 (히스토리)'!$BG$15:$BG$34='6511 (일주일)'!L$2)*('6511 (히스토리)'!$BH$15:$BH$34))} -> 1715.96 | M29: {=SUMPRODUCT(('6511 (히스토리)'!$BG$15:$BG$34='6511 (일주일)'!M$2)*('6511 (히스토리)'!$BH$15:$BH$34))} -> 1714.74 | ... S29: {=SUMPRODUCT(('6511 (히스토리)'!$BG$15:$BG$34='6511 (일주일)'!S$2)*('6511 (히스토리)'!$BH$15:$BH$34))} -> 0
A30: 28 | B30: 유럽 | C30: 노르웨이 | D30: OBX | E30: NOI:OSEAX | F30: {=SUMPRODUCT(('6511 (히스토리)'!$BI$15:$BI$34='6511 (일주일)'!F$2)*('6511 (히스토리)'!$BJ$15:$BJ$34))} -> 1985.2 | G30: {=SUMPRODUCT(('6511 (히스토리)'!$BI$15:$BI$34='6511 (일주일)'!G$2)*('6511 (히스토리)'!$BJ$15:$BJ$34))} -> 1985.2 | H30: {=SUMPRODUCT(('6511 (히스토리)'!$BI$15:$BI$34='6511 (일주일)'!H$2)*('6511 (히스토리)'!$BJ$15:$BJ$34))} -> 1964.84 | I30: {=SUMPRODUCT(('6511 (히스토리)'!$BI$15:$BI$34='6511 (일주일)'!I$2)*('6511 (히스토리)'!$BJ$15:$BJ$34))} -> 0 | J30: {=SUMPRODUCT(('6511 (히스토리)'!$BI$15:$BI$34='6511 (일주일)'!J$2)*('6511 (히스토리)'!$BJ$15:$BJ$34))} -> 0 | K30: {=SUMPRODUCT(('6511 (히스토리)'!$BI$15:$BI$34='6511 (일주일)'!K$2)*('6511 (히스토리)'!$BJ$15:$BJ$34))} -> 1957.94 | L30: {=SUMPRODUCT(('6511 (히스토리)'!$BI$15:$BI$34='6511 (일주일)'!L$2)*('6511 (히스토리)'!$BJ$15:$BJ$34))} -> 1940.35 | M30: {=SUMPRODUCT(('6511 (히스토리)'!$BI$15:$BI$34='6511 (일주일)'!M$2)*('6511 (히스토리)'!$BJ$15:$BJ$34))} -> 1936.8 | ... S30: {=SUMPRODUCT(('6511 (히스토리)'!$BI$15:$BI$34='6511 (일주일)'!S$2)*('6511 (히스토리)'!$BJ$15:$BJ$34))} -> 0
A31: 29 | B31: 유럽 | C31: 스페인 | D31: IBEX-35 | E31: ESI:IBEX | F31: {=SUMPRODUCT(('6511 (히스토리)'!$BK$15:$BK$34='6511 (일주일)'!F$2)*('6511 (히스토리)'!$BL$15:$BL$34))} -> 17687.1 | G31: {=SUMPRODUCT(('6511 (히스토리)'!$BK$15:$BK$34='6511 (일주일)'!G$2)*('6511 (히스토리)'!$BL$15:$BL$34))} -> 17687.1 | H31: {=SUMPRODUCT(('6511 (히스토리)'!$BK$15:$BK$34='6511 (일주일)'!H$2)*('6511 (히스토리)'!$BL$15:$BL$34))} -> 17673.8 | I31: {=SUMPRODUCT(('6511 (히스토리)'!$BK$15:$BK$34='6511 (일주일)'!I$2)*('6511 (히스토리)'!$BL$15:$BL$34))} -> 0 | J31: {=SUMPRODUCT(('6511 (히스토리)'!$BK$15:$BK$34='6511 (일주일)'!J$2)*('6511 (히스토리)'!$BL$15:$BL$34))} -> 0 | K31: {=SUMPRODUCT(('6511 (히스토리)'!$BK$15:$BK$34='6511 (일주일)'!K$2)*('6511 (히스토리)'!$BL$15:$BL$34))} -> 17649 | L31: {=SUMPRODUCT(('6511 (히스토리)'!$BK$15:$BK$34='6511 (일주일)'!L$2)*('6511 (히스토리)'!$BL$15:$BL$34))} -> 17654.7 | M31: {=SUMPRODUCT(('6511 (히스토리)'!$BK$15:$BK$34='6511 (일주일)'!M$2)*('6511 (히스토리)'!$BL$15:$BL$34))} -> 17596.4 | ... S31: {=SUMPRODUCT(('6511 (히스토리)'!$BK$15:$BK$34='6511 (일주일)'!S$2)*('6511 (히스토리)'!$BL$15:$BL$34))} -> 0
A32: 30 | B32: 유럽 | C32: 벨기에 | D32: BEL-20 | E32: BEI:MFX | F32: {=SUMPRODUCT(('6511 (히스토리)'!$BM$15:$BM$34='6511 (일주일)'!F$2)*('6511 (히스토리)'!$BN$15:$BN$34))} -> 5250.09 | G32: {=SUMPRODUCT(('6511 (히스토리)'!$BM$15:$BM$34='6511 (일주일)'!G$2)*('6511 (히스토리)'!$BN$15:$BN$34))} -> 5250.09 | H32: {=SUMPRODUCT(('6511 (히스토리)'!$BM$15:$BM$34='6511 (일주일)'!H$2)*('6511 (히스토리)'!$BN$15:$BN$34))} -> 5213.94 | I32: {=SUMPRODUCT(('6511 (히스토리)'!$BM$15:$BM$34='6511 (일주일)'!I$2)*('6511 (히스토리)'!$BN$15:$BN$34))} -> 0 | J32: {=SUMPRODUCT(('6511 (히스토리)'!$BM$15:$BM$34='6511 (일주일)'!J$2)*('6511 (히스토리)'!$BN$15:$BN$34))} -> 0 | K32: {=SUMPRODUCT(('6511 (히스토리)'!$BM$15:$BM$34='6511 (일주일)'!K$2)*('6511 (히스토리)'!$BN$15:$BN$34))} -> 5240.44 | L32: {=SUMPRODUCT(('6511 (히스토리)'!$BM$15:$BM$34='6511 (일주일)'!L$2)*('6511 (히스토리)'!$BN$15:$BN$34))} -> 5228.77 | M32: {=SUMPRODUCT(('6511 (히스토리)'!$BM$15:$BM$34='6511 (일주일)'!M$2)*('6511 (히스토리)'!$BN$15:$BN$34))} -> 5220.95 | ... S32: {=SUMPRODUCT(('6511 (히스토리)'!$BM$15:$BM$34='6511 (일주일)'!S$2)*('6511 (히스토리)'!$BN$15:$BN$34))} -> 0
A33: 31 | B33: 유럽 | C33: 스위스 | D33: SMI | E33: CHI:SSMI | F33: {=SUMPRODUCT(('6511 (히스토리)'!$BO$15:$BO$34='6511 (일주일)'!F$2)*('6511 (히스토리)'!$BP$15:$BP$34))} -> 13364.73 | G33: {=SUMPRODUCT(('6511 (히스토리)'!$BO$15:$BO$34='6511 (일주일)'!G$2)*('6511 (히스토리)'!$BP$15:$BP$34))} -> 13364.73 | H33: {=SUMPRODUCT(('6511 (히스토리)'!$BO$15:$BO$34='6511 (일주일)'!H$2)*('6511 (히스토리)'!$BP$15:$BP$34))} -> 13426.98 | I33: {=SUMPRODUCT(('6511 (히스토리)'!$BO$15:$BO$34='6511 (일주일)'!I$2)*('6511 (히스토리)'!$BP$15:$BP$34))} -> 0 | J33: {=SUMPRODUCT(('6511 (히스토리)'!$BO$15:$BO$34='6511 (일주일)'!J$2)*('6511 (히스토리)'!$BP$15:$BP$34))} -> 0 | K33: {=SUMPRODUCT(('6511 (히스토리)'!$BO$15:$BO$34='6511 (일주일)'!K$2)*('6511 (히스토리)'!$BP$15:$BP$34))} -> 13421.82 | L33: {=SUMPRODUCT(('6511 (히스토리)'!$BO$15:$BO$34='6511 (일주일)'!L$2)*('6511 (히스토리)'!$BP$15:$BP$34))} -> 13350.82 | M33: {=SUMPRODUCT(('6511 (히스토리)'!$BO$15:$BO$34='6511 (일주일)'!M$2)*('6511 (히스토리)'!$BP$15:$BP$34))} -> 13324.03 | ... S33: {=SUMPRODUCT(('6511 (히스토리)'!$BO$15:$BO$34='6511 (일주일)'!S$2)*('6511 (히스토리)'!$BP$15:$BP$34))} -> 0
A34: 32 | B34: 유럽 | C34: 독일 | D34: DAX | E34: XTR:DAX30 | F34: {=SUMPRODUCT(('6511 (히스토리)'!$BQ$15:$BQ$34='6511 (일주일)'!F$2)*('6511 (히스토리)'!$BR$15:$BR$34))} -> 25420.66 | G34: {=SUMPRODUCT(('6511 (히스토리)'!$BQ$15:$BQ$34='6511 (일주일)'!G$2)*('6511 (히스토리)'!$BR$15:$BR$34))} -> 25420.66 | H34: {=SUMPRODUCT(('6511 (히스토리)'!$BQ$15:$BQ$34='6511 (일주일)'!H$2)*('6511 (히스토리)'!$BR$15:$BR$34))} -> 25405.34 | I34: {=SUMPRODUCT(('6511 (히스토리)'!$BQ$15:$BQ$34='6511 (일주일)'!I$2)*('6511 (히스토리)'!$BR$15:$BR$34))} -> 0 | J34: {=SUMPRODUCT(('6511 (히스토리)'!$BQ$15:$BQ$34='6511 (일주일)'!J$2)*('6511 (히스토리)'!$BR$15:$BR$34))} -> 0 | K34: {=SUMPRODUCT(('6511 (히스토리)'!$BQ$15:$BQ$34='6511 (일주일)'!K$2)*('6511 (히스토리)'!$BR$15:$BR$34))} -> 25261.64 | L34: {=SUMPRODUCT(('6511 (히스토리)'!$BQ$15:$BQ$34='6511 (일주일)'!L$2)*('6511 (히스토리)'!$BR$15:$BR$34))} -> 25127.46 | M34: {=SUMPRODUCT(('6511 (히스토리)'!$BQ$15:$BQ$34='6511 (일주일)'!M$2)*('6511 (히스토리)'!$BR$15:$BR$34))} -> 25122.26 | ... S34: {=SUMPRODUCT(('6511 (히스토리)'!$BQ$15:$BQ$34='6511 (일주일)'!S$2)*('6511 (히스토리)'!$BR$15:$BR$34))} -> 0
A35: 33 | B35: 유럽 | C35: 영국 | D35: FTSE 100 | E35: LNS:FTSE100 | F35: {=SUMPRODUCT(('6511 (히스토리)'!$BS$15:$BS$34='6511 (일주일)'!F$2)*('6511 (히스토리)'!$BT$15:$BT$34))} -> 10137.35 | G35: {=SUMPRODUCT(('6511 (히스토리)'!$BS$15:$BS$34='6511 (일주일)'!G$2)*('6511 (히스토리)'!$BT$15:$BT$34))} -> 10137.35 | H35: {=SUMPRODUCT(('6511 (히스토리)'!$BS$15:$BS$34='6511 (일주일)'!H$2)*('6511 (히스토리)'!$BT$15:$BT$34))} -> 10140.7 | I35: {=SUMPRODUCT(('6511 (히스토리)'!$BS$15:$BS$34='6511 (일주일)'!I$2)*('6511 (히스토리)'!$BT$15:$BT$34))} -> 0 | J35: {=SUMPRODUCT(('6511 (히스토리)'!$BS$15:$BS$34='6511 (일주일)'!J$2)*('6511 (히스토리)'!$BT$15:$BT$34))} -> 0 | K35: {=SUMPRODUCT(('6511 (히스토리)'!$BS$15:$BS$34='6511 (일주일)'!K$2)*('6511 (히스토리)'!$BT$15:$BT$34))} -> 10124.6 | L35: {=SUMPRODUCT(('6511 (히스토리)'!$BS$15:$BS$34='6511 (일주일)'!L$2)*('6511 (히스토리)'!$BT$15:$BT$34))} -> 10044.69 | M35: {=SUMPRODUCT(('6511 (히스토리)'!$BS$15:$BS$34='6511 (일주일)'!M$2)*('6511 (히스토리)'!$BT$15:$BT$34))} -> 10048.21 | ... S35: {=SUMPRODUCT(('6511 (히스토리)'!$BS$15:$BS$34='6511 (일주일)'!S$2)*('6511 (히스토리)'!$BT$15:$BT$34))} -> 0
A36: 34 | B36: 유럽 | C36: 스웨덴 | D36: OMX Stockholm30 | E36: SEI:SXASI | F36: {=SUMPRODUCT(('6511 (히스토리)'!$BU$15:$BU$34='6511 (일주일)'!F$2)*('6511 (히스토리)'!$BV$15:$BV$34))} -> 1071.31 | G36: {=SUMPRODUCT(('6511 (히스토리)'!$BU$15:$BU$34='6511 (일주일)'!G$2)*('6511 (히스토리)'!$BV$15:$BV$34))} -> 1071.31 | H36: {=SUMPRODUCT(('6511 (히스토리)'!$BU$15:$BU$34='6511 (일주일)'!H$2)*('6511 (히스토리)'!$BV$15:$BV$34))} -> 1072.09 | I36: {=SUMPRODUCT(('6511 (히스토리)'!$BU$15:$BU$34='6511 (일주일)'!I$2)*('6511 (히스토리)'!$BV$15:$BV$34))} -> 0 | J36: {=SUMPRODUCT(('6511 (히스토리)'!$BU$15:$BU$34='6511 (일주일)'!J$2)*('6511 (히스토리)'!$BV$15:$BV$34))} -> 0 | K36: {=SUMPRODUCT(('6511 (히스토리)'!$BU$15:$BU$34='6511 (일주일)'!K$2)*('6511 (히스토리)'!$BV$15:$BV$34))} -> 1072.31 | L36: {=SUMPRODUCT(('6511 (히스토리)'!$BU$15:$BU$34='6511 (일주일)'!L$2)*('6511 (히스토리)'!$BV$15:$BV$34))} -> 1059.86 | M36: {=SUMPRODUCT(('6511 (히스토리)'!$BU$15:$BU$34='6511 (일주일)'!M$2)*('6511 (히스토리)'!$BV$15:$BV$34))} -> 1069.68 | ... S36: {=SUMPRODUCT(('6511 (히스토리)'!$BU$15:$BU$34='6511 (일주일)'!S$2)*('6511 (히스토리)'!$BV$15:$BV$34))} -> 0
A37: 35 | B37: 유럽 | C37: 네덜란드 | D37: AEX | E37: NLI:AEX | F37: {=SUMPRODUCT(('6511 (히스토리)'!$BW$15:$BW$34='6511 (일주일)'!F$2)*('6511 (히스토리)'!$BX$15:$BX$34))} -> 997.17 | G37: {=SUMPRODUCT(('6511 (히스토리)'!$BW$15:$BW$34='6511 (일주일)'!G$2)*('6511 (히스토리)'!$BX$15:$BX$34))} -> 997.17 | H37: {=SUMPRODUCT(('6511 (히스토리)'!$BW$15:$BW$34='6511 (일주일)'!H$2)*('6511 (히스토리)'!$BX$15:$BX$34))} -> 993.54 | I37: {=SUMPRODUCT(('6511 (히스토리)'!$BW$15:$BW$34='6511 (일주일)'!I$2)*('6511 (히스토리)'!$BX$15:$BX$34))} -> 0 | J37: {=SUMPRODUCT(('6511 (히스토리)'!$BW$15:$BW$34='6511 (일주일)'!J$2)*('6511 (히스토리)'!$BX$15:$BX$34))} -> 0 | K37: {=SUMPRODUCT(('6511 (히스토리)'!$BW$15:$BW$34='6511 (일주일)'!K$2)*('6511 (히스토리)'!$BX$15:$BX$34))} -> 988.17 | L37: {=SUMPRODUCT(('6511 (히스토리)'!$BW$15:$BW$34='6511 (일주일)'!L$2)*('6511 (히스토리)'!$BX$15:$BX$34))} -> 965.03 | M37: {=SUMPRODUCT(('6511 (히스토리)'!$BW$15:$BW$34='6511 (일주일)'!M$2)*('6511 (히스토리)'!$BX$15:$BX$34))} -> 979.15 | ... S37: {=SUMPRODUCT(('6511 (히스토리)'!$BW$15:$BW$34='6511 (일주일)'!S$2)*('6511 (히스토리)'!$BX$15:$BX$34))} -> 0
A38: 36 | B38: 유럽 | C38: 프랑스 | D38: CAC 40 INDEX | E38: PAS:CAC40 | F38: {=SUMPRODUCT(('6511 (히스토리)'!$BY$15:$BY$34='6511 (일주일)'!F$2)*('6511 (히스토리)'!$BZ$15:$BZ$34))} -> 8347.2 | G38: {=SUMPRODUCT(('6511 (히스토리)'!$BY$15:$BY$34='6511 (일주일)'!G$2)*('6511 (히스토리)'!$BZ$15:$BZ$34))} -> 8347.2 | H38: {=SUMPRODUCT(('6511 (히스토리)'!$BY$15:$BY$34='6511 (일주일)'!H$2)*('6511 (히스토리)'!$BZ$15:$BZ$34))} -> 8358.76 | I38: {=SUMPRODUCT(('6511 (히스토리)'!$BY$15:$BY$34='6511 (일주일)'!I$2)*('6511 (히스토리)'!$BZ$15:$BZ$34))} -> 0 | J38: {=SUMPRODUCT(('6511 (히스토리)'!$BY$15:$BY$34='6511 (일주일)'!J$2)*('6511 (히스토리)'!$BZ$15:$BZ$34))} -> 0 | K38: {=SUMPRODUCT(('6511 (히스토리)'!$BY$15:$BY$34='6511 (일주일)'!K$2)*('6511 (히스토리)'!$BZ$15:$BZ$34))} -> 8362.09 | L38: {=SUMPRODUCT(('6511 (히스토리)'!$BY$15:$BY$34='6511 (일주일)'!L$2)*('6511 (히스토리)'!$BZ$15:$BZ$34))} -> 8243.47 | M38: {=SUMPRODUCT(('6511 (히스토리)'!$BY$15:$BY$34='6511 (일주일)'!M$2)*('6511 (히스토리)'!$BZ$15:$BZ$34))} -> 8233.92 | ... S38: {=SUMPRODUCT(('6511 (히스토리)'!$BY$15:$BY$34='6511 (일주일)'!S$2)*('6511 (히스토리)'!$BZ$15:$BZ$34))} -> 0
A39: 37 | B39: 유럽 | C39: 그리스 | D39: ATHEX | E39: GRI:ASE | F39: {=SUMPRODUCT(('6511 (히스토리)'!$CA$15:$CA$34='6511 (일주일)'!F$2)*('6511 (히스토리)'!$CB$15:$CB$34))} -> 2206.3 | G39: {=SUMPRODUCT(('6511 (히스토리)'!$CA$15:$CA$34='6511 (일주일)'!G$2)*('6511 (히스토리)'!$CB$15:$CB$34))} -> 2206.3 | H39: {=SUMPRODUCT(('6511 (히스토리)'!$CA$15:$CA$34='6511 (일주일)'!H$2)*('6511 (히스토리)'!$CB$15:$CB$34))} -> 2210.85 | I39: {=SUMPRODUCT(('6511 (히스토리)'!$CA$15:$CA$34='6511 (일주일)'!I$2)*('6511 (히스토리)'!$CB$15:$CB$34))} -> 0 | J39: {=SUMPRODUCT(('6511 (히스토리)'!$CA$15:$CA$34='6511 (일주일)'!J$2)*('6511 (히스토리)'!$CB$15:$CB$34))} -> 0 | K39: {=SUMPRODUCT(('6511 (히스토리)'!$CA$15:$CA$34='6511 (일주일)'!K$2)*('6511 (히스토리)'!$CB$15:$CB$34))} -> 2207.73 | L39: {=SUMPRODUCT(('6511 (히스토리)'!$CA$15:$CA$34='6511 (일주일)'!L$2)*('6511 (히스토리)'!$CB$15:$CB$34))} -> 2204.24 | M39: {=SUMPRODUCT(('6511 (히스토리)'!$CA$15:$CA$34='6511 (일주일)'!M$2)*('6511 (히스토리)'!$CB$15:$CB$34))} -> 2163.88 | ... S39: {=SUMPRODUCT(('6511 (히스토리)'!$CA$15:$CA$34='6511 (일주일)'!S$2)*('6511 (히스토리)'!$CB$15:$CB$34))} -> 0
A40: 38 | B40: 유럽 | C40: 이탈리아 | D40: FTSE MIB | E40: ITI:FTSEMIB | F40: {=SUMPRODUCT(('6511 (히스토리)'!$CC$15:$CC$34='6511 (일주일)'!F$2)*('6511 (히스토리)'!$CD$15:$CD$34))} -> 45525.1 | G40: {=SUMPRODUCT(('6511 (히스토리)'!$CC$15:$CC$34='6511 (일주일)'!G$2)*('6511 (히스토리)'!$CD$15:$CD$34))} -> 45525.1 | H40: {=SUMPRODUCT(('6511 (히스토리)'!$CC$15:$CC$34='6511 (일주일)'!H$2)*('6511 (히스토리)'!$CD$15:$CD$34))} -> 45732.2 | I40: {=SUMPRODUCT(('6511 (히스토리)'!$CC$15:$CC$34='6511 (일주일)'!I$2)*('6511 (히스토리)'!$CD$15:$CD$34))} -> 0 | J40: {=SUMPRODUCT(('6511 (히스토리)'!$CC$15:$CC$34='6511 (일주일)'!J$2)*('6511 (히스토리)'!$CD$15:$CD$34))} -> 0 | K40: {=SUMPRODUCT(('6511 (히스토리)'!$CC$15:$CC$34='6511 (일주일)'!K$2)*('6511 (히스토리)'!$CD$15:$CD$34))} -> 45719.26 | L40: {=SUMPRODUCT(('6511 (히스토리)'!$CC$15:$CC$34='6511 (일주일)'!L$2)*('6511 (히스토리)'!$CD$15:$CD$34))} -> 45671.7 | M40: {=SUMPRODUCT(('6511 (히스토리)'!$CC$15:$CC$34='6511 (일주일)'!M$2)*('6511 (히스토리)'!$CD$15:$CD$34))} -> 45558.68 | ... S40: {=SUMPRODUCT(('6511 (히스토리)'!$CC$15:$CC$34='6511 (일주일)'!S$2)*('6511 (히스토리)'!$CD$15:$CD$34))} -> 0
A41: 39 | B41: 유럽 | C41: 폴란드 | D41: WIG20 | E41: PLI:WIGI | F41: {=SUMPRODUCT(('6511 (히스토리)'!$CE$15:$CE$34='6511 (일주일)'!F$2)*('6511 (히스토리)'!$CF$15:$CF$34))} -> 121794.45 | G41: {=SUMPRODUCT(('6511 (히스토리)'!$CE$15:$CE$34='6511 (일주일)'!G$2)*('6511 (히스토리)'!$CF$15:$CF$34))} -> 121794.45 | H41: {=SUMPRODUCT(('6511 (히스토리)'!$CE$15:$CE$34='6511 (일주일)'!H$2)*('6511 (히스토리)'!$CF$15:$CF$34))} -> 122027.18 | I41: {=SUMPRODUCT(('6511 (히스토리)'!$CE$15:$CE$34='6511 (일주일)'!I$2)*('6511 (히스토리)'!$CF$15:$CF$34))} -> 0 | J41: {=SUMPRODUCT(('6511 (히스토리)'!$CE$15:$CE$34='6511 (일주일)'!J$2)*('6511 (히스토리)'!$CF$15:$CF$34))} -> 0 | K41: {=SUMPRODUCT(('6511 (히스토리)'!$CE$15:$CE$34='6511 (일주일)'!K$2)*('6511 (히스토리)'!$CF$15:$CF$34))} -> 121551.17 | L41: {=SUMPRODUCT(('6511 (히스토리)'!$CE$15:$CE$34='6511 (일주일)'!L$2)*('6511 (히스토리)'!$CF$15:$CF$34))} -> 119960.9 | M41: {=SUMPRODUCT(('6511 (히스토리)'!$CE$15:$CE$34='6511 (일주일)'!M$2)*('6511 (히스토리)'!$CF$15:$CF$34))} -> 122425.06 | ... S41: {=SUMPRODUCT(('6511 (히스토리)'!$CE$15:$CE$34='6511 (일주일)'!S$2)*('6511 (히스토리)'!$CF$15:$CF$34))} -> 0
A42: 40 | B42: 유럽 | C42: 포르투칼 | D42: PSI-20 | E42: PTI:PSI20 | F42: {=SUMPRODUCT(('6511 (히스토리)'!$CG$15:$CG$34='6511 (일주일)'!F$2)*('6511 (히스토리)'!$CH$15:$CH$34))} -> 8559.09 | G42: {=SUMPRODUCT(('6511 (히스토리)'!$CG$15:$CG$34='6511 (일주일)'!G$2)*('6511 (히스토리)'!$CH$15:$CH$34))} -> 8559.09 | H42: {=SUMPRODUCT(('6511 (히스토리)'!$CG$15:$CG$34='6511 (일주일)'!H$2)*('6511 (히스토리)'!$CH$15:$CH$34))} -> 8494.08 | I42: {=SUMPRODUCT(('6511 (히스토리)'!$CG$15:$CG$34='6511 (일주일)'!I$2)*('6511 (히스토리)'!$CH$15:$CH$34))} -> 0 | J42: {=SUMPRODUCT(('6511 (히스토리)'!$CG$15:$CG$34='6511 (일주일)'!J$2)*('6511 (히스토리)'!$CH$15:$CH$34))} -> 0 | K42: {=SUMPRODUCT(('6511 (히스토리)'!$CG$15:$CG$34='6511 (일주일)'!K$2)*('6511 (히스토리)'!$CH$15:$CH$34))} -> 8520.34 | L42: {=SUMPRODUCT(('6511 (히스토리)'!$CG$15:$CG$34='6511 (일주일)'!L$2)*('6511 (히스토리)'!$CH$15:$CH$34))} -> 8486.79 | M42: {=SUMPRODUCT(('6511 (히스토리)'!$CG$15:$CG$34='6511 (일주일)'!M$2)*('6511 (히스토리)'!$CH$15:$CH$34))} -> 8479.08 | ... S42: {=SUMPRODUCT(('6511 (히스토리)'!$CG$15:$CG$34='6511 (일주일)'!S$2)*('6511 (히스토리)'!$CH$15:$CH$34))} -> 0
A43: 41 | B43: 유럽 | C43: 오스트리아 | D43: ATX | E43: ATI:ATX | F43: {=SUMPRODUCT(('6511 (히스토리)'!$CI$15:$CI$34='6511 (일주일)'!F$2)*('6511 (히스토리)'!$CJ$15:$CJ$34))} -> 5410.3 | G43: {=SUMPRODUCT(('6511 (히스토리)'!$CI$15:$CI$34='6511 (일주일)'!G$2)*('6511 (히스토리)'!$CJ$15:$CJ$34))} -> 5410.3 | H43: {=SUMPRODUCT(('6511 (히스토리)'!$CI$15:$CI$34='6511 (일주일)'!H$2)*('6511 (히스토리)'!$CJ$15:$CJ$34))} -> 5440.34 | I43: {=SUMPRODUCT(('6511 (히스토리)'!$CI$15:$CI$34='6511 (일주일)'!I$2)*('6511 (히스토리)'!$CJ$15:$CJ$34))} -> 0 | J43: {=SUMPRODUCT(('6511 (히스토리)'!$CI$15:$CI$34='6511 (일주일)'!J$2)*('6511 (히스토리)'!$CJ$15:$CJ$34))} -> 0 | K43: {=SUMPRODUCT(('6511 (히스토리)'!$CI$15:$CI$34='6511 (일주일)'!K$2)*('6511 (히스토리)'!$CJ$15:$CJ$34))} -> 5403.24 | L43: {=SUMPRODUCT(('6511 (히스토리)'!$CI$15:$CI$34='6511 (일주일)'!L$2)*('6511 (히스토리)'!$CJ$15:$CJ$34))} -> 5412.09 | M43: {=SUMPRODUCT(('6511 (히스토리)'!$CI$15:$CI$34='6511 (일주일)'!M$2)*('6511 (히스토리)'!$CJ$15:$CJ$34))} -> 5410.14 | ... S43: {=SUMPRODUCT(('6511 (히스토리)'!$CI$15:$CI$34='6511 (일주일)'!S$2)*('6511 (히스토리)'!$CJ$15:$CJ$34))} -> 0
A44: 42 | B44: 유럽 | C44: 라투비아 | D44: OMX Riga | E44: LVI:RIGSE | F44: {=SUMPRODUCT(('6511 (히스토리)'!$CK$15:$CK$34='6511 (일주일)'!F$2)*('6511 (히스토리)'!$CL$15:$CL$34))} -> 0 | G44: {=SUMPRODUCT(('6511 (히스토리)'!$CK$15:$CK$34='6511 (일주일)'!G$2)*('6511 (히스토리)'!$CL$15:$CL$34))} -> 928.08 | H44: {=SUMPRODUCT(('6511 (히스토리)'!$CK$15:$CK$34='6511 (일주일)'!H$2)*('6511 (히스토리)'!$CL$15:$CL$34))} -> 928.88 | I44: {=SUMPRODUCT(('6511 (히스토리)'!$CK$15:$CK$34='6511 (일주일)'!I$2)*('6511 (히스토리)'!$CL$15:$CL$34))} -> 0 | J44: {=SUMPRODUCT(('6511 (히스토리)'!$CK$15:$CK$34='6511 (일주일)'!J$2)*('6511 (히스토리)'!$CL$15:$CL$34))} -> 0 | K44: {=SUMPRODUCT(('6511 (히스토리)'!$CK$15:$CK$34='6511 (일주일)'!K$2)*('6511 (히스토리)'!$CL$15:$CL$34))} -> 927.48 | L44: {=SUMPRODUCT(('6511 (히스토리)'!$CK$15:$CK$34='6511 (일주일)'!L$2)*('6511 (히스토리)'!$CL$15:$CL$34))} -> 926.16 | M44: {=SUMPRODUCT(('6511 (히스토리)'!$CK$15:$CK$34='6511 (일주일)'!M$2)*('6511 (히스토리)'!$CL$15:$CL$34))} -> 925.87 | ... S44: {=SUMPRODUCT(('6511 (히스토리)'!$CK$15:$CK$34='6511 (일주일)'!S$2)*('6511 (히스토리)'!$CL$15:$CL$34))} -> 0
A45: 43 | B45: 유럽 | C45: 불가리아 | D45: SOFIX | E45: BUI:SOFIX | F45: {=SUMPRODUCT(('6511 (히스토리)'!$CM$15:$CM$34='6511 (일주일)'!F$2)*('6511 (히스토리)'!$CN$15:$CN$34))} -> 0 | G45: {=SUMPRODUCT(('6511 (히스토리)'!$CM$15:$CM$34='6511 (일주일)'!G$2)*('6511 (히스토리)'!$CN$15:$CN$34))} -> 1371.7 | H45: {=SUMPRODUCT(('6511 (히스토리)'!$CM$15:$CM$34='6511 (일주일)'!H$2)*('6511 (히스토리)'!$CN$15:$CN$34))} -> 1369.41 | I45: {=SUMPRODUCT(('6511 (히스토리)'!$CM$15:$CM$34='6511 (일주일)'!I$2)*('6511 (히스토리)'!$CN$15:$CN$34))} -> 0 | J45: {=SUMPRODUCT(('6511 (히스토리)'!$CM$15:$CM$34='6511 (일주일)'!J$2)*('6511 (히스토리)'!$CN$15:$CN$34))} -> 0 | K45: {=SUMPRODUCT(('6511 (히스토리)'!$CM$15:$CM$34='6511 (일주일)'!K$2)*('6511 (히스토리)'!$CN$15:$CN$34))} -> 1323.06 | L45: {=SUMPRODUCT(('6511 (히스토리)'!$CM$15:$CM$34='6511 (일주일)'!L$2)*('6511 (히스토리)'!$CN$15:$CN$34))} -> 1267.03 | M45: {=SUMPRODUCT(('6511 (히스토리)'!$CM$15:$CM$34='6511 (일주일)'!M$2)*('6511 (히스토리)'!$CN$15:$CN$34))} -> 1254.31 | ... S45: {=SUMPRODUCT(('6511 (히스토리)'!$CM$15:$CM$34='6511 (일주일)'!S$2)*('6511 (히스토리)'!$CN$15:$CN$34))} -> 0
A46: 44 | B46: 유럽 | C46: 핀란드 | D46: OMX Helsinki25 | E46: FII:HEX | F46: {=SUMPRODUCT(('6511 (히스토리)'!$CO$15:$CO$34='6511 (일주일)'!F$2)*('6511 (히스토리)'!$CP$15:$CP$34))} -> 5792.43 | G46: {=SUMPRODUCT(('6511 (히스토리)'!$CO$15:$CO$34='6511 (일주일)'!G$2)*('6511 (히스토리)'!$CP$15:$CP$34))} -> 5792.43 | H46: {=SUMPRODUCT(('6511 (히스토리)'!$CO$15:$CO$34='6511 (일주일)'!H$2)*('6511 (히스토리)'!$CP$15:$CP$34))} -> 5791.02 | I46: {=SUMPRODUCT(('6511 (히스토리)'!$CO$15:$CO$34='6511 (일주일)'!I$2)*('6511 (히스토리)'!$CP$15:$CP$34))} -> 0 | J46: {=SUMPRODUCT(('6511 (히스토리)'!$CO$15:$CO$34='6511 (일주일)'!J$2)*('6511 (히스토리)'!$CP$15:$CP$34))} -> 0 | K46: {=SUMPRODUCT(('6511 (히스토리)'!$CO$15:$CO$34='6511 (일주일)'!K$2)*('6511 (히스토리)'!$CP$15:$CP$34))} -> 5799.86 | L46: {=SUMPRODUCT(('6511 (히스토리)'!$CO$15:$CO$34='6511 (일주일)'!L$2)*('6511 (히스토리)'!$CP$15:$CP$34))} -> 5770.94 | M46: {=SUMPRODUCT(('6511 (히스토리)'!$CO$15:$CO$34='6511 (일주일)'!M$2)*('6511 (히스토리)'!$CP$15:$CP$34))} -> 5831.26 | ... S46: {=SUMPRODUCT(('6511 (히스토리)'!$CO$15:$CO$34='6511 (일주일)'!S$2)*('6511 (히스토리)'!$CP$15:$CP$34))} -> 0
A47: 45 | B47: 유럽 | C47: 헝가리 | D47: BUX | E47: HUI:BUX | F47: {=SUMPRODUCT(('6511 (히스토리)'!$CQ$15:$CQ$34='6511 (일주일)'!F$2)*('6511 (히스토리)'!$CR$15:$CR$34))} -> 118863.12 | G47: {=SUMPRODUCT(('6511 (히스토리)'!$CQ$15:$CQ$34='6511 (일주일)'!G$2)*('6511 (히스토리)'!$CR$15:$CR$34))} -> 118863.12 | H47: {=SUMPRODUCT(('6511 (히스토리)'!$CQ$15:$CQ$34='6511 (일주일)'!H$2)*('6511 (히스토리)'!$CR$15:$CR$34))} -> 117385.41 | I47: {=SUMPRODUCT(('6511 (히스토리)'!$CQ$15:$CQ$34='6511 (일주일)'!I$2)*('6511 (히스토리)'!$CR$15:$CR$34))} -> 0 | J47: {=SUMPRODUCT(('6511 (히스토리)'!$CQ$15:$CQ$34='6511 (일주일)'!J$2)*('6511 (히스토리)'!$CR$15:$CR$34))} -> 0 | K47: {=SUMPRODUCT(('6511 (히스토리)'!$CQ$15:$CQ$34='6511 (일주일)'!K$2)*('6511 (히스토리)'!$CR$15:$CR$34))} -> 116510.12 | L47: {=SUMPRODUCT(('6511 (히스토리)'!$CQ$15:$CQ$34='6511 (일주일)'!L$2)*('6511 (히스토리)'!$CR$15:$CR$34))} -> 115909.6 | M47: {=SUMPRODUCT(('6511 (히스토리)'!$CQ$15:$CQ$34='6511 (일주일)'!M$2)*('6511 (히스토리)'!$CR$15:$CR$34))} -> 116560.13 | ... S47: {=SUMPRODUCT(('6511 (히스토리)'!$CQ$15:$CQ$34='6511 (일주일)'!S$2)*('6511 (히스토리)'!$CR$15:$CR$34))} -> 0
A48: 46 | B48: 유럽 | C48: 아일랜드 | D48: ISEQ | E48: IEI:ISEQ | F48: {=SUMPRODUCT(('6511 (히스토리)'!$CS$15:$CS$34='6511 (일주일)'!F$2)*('6511 (히스토리)'!$CT$15:$CT$34))} -> 12972.66 | G48: {=SUMPRODUCT(('6511 (히스토리)'!$CS$15:$CS$34='6511 (일주일)'!G$2)*('6511 (히스토리)'!$CT$15:$CT$34))} -> 12972.66 | H48: {=SUMPRODUCT(('6511 (히스토리)'!$CS$15:$CS$34='6511 (일주일)'!H$2)*('6511 (히스토리)'!$CT$15:$CT$34))} -> 13073.32 | I48: {=SUMPRODUCT(('6511 (히스토리)'!$CS$15:$CS$34='6511 (일주일)'!I$2)*('6511 (히스토리)'!$CT$15:$CT$34))} -> 0 | J48: {=SUMPRODUCT(('6511 (히스토리)'!$CS$15:$CS$34='6511 (일주일)'!J$2)*('6511 (히스토리)'!$CT$15:$CT$34))} -> 0 | K48: {=SUMPRODUCT(('6511 (히스토리)'!$CS$15:$CS$34='6511 (일주일)'!K$2)*('6511 (히스토리)'!$CT$15:$CT$34))} -> 13080.06 | L48: {=SUMPRODUCT(('6511 (히스토리)'!$CS$15:$CS$34='6511 (일주일)'!L$2)*('6511 (히스토리)'!$CT$15:$CT$34))} -> 13046.32 | M48: {=SUMPRODUCT(('6511 (히스토리)'!$CS$15:$CS$34='6511 (일주일)'!M$2)*('6511 (히스토리)'!$CT$15:$CT$34))} -> 12973.3 | ... S48: {=SUMPRODUCT(('6511 (히스토리)'!$CS$15:$CS$34='6511 (일주일)'!S$2)*('6511 (히스토리)'!$CT$15:$CT$34))} -> 0
A49: 47 | B49: 유럽 | C49: 이집트 | D49: CASE 30 | E49: EGI:CASE30 | F49: {=SUMPRODUCT(('6511 (히스토리)'!$CU$15:$CU$34='6511 (일주일)'!F$2)*('6511 (히스토리)'!$CV$15:$CV$34))} -> 43684.22 | G49: {=SUMPRODUCT(('6511 (히스토리)'!$CU$15:$CU$34='6511 (일주일)'!G$2)*('6511 (히스토리)'!$CV$15:$CV$34))} -> 43684.22 | H49: {=SUMPRODUCT(('6511 (히스토리)'!$CU$15:$CU$34='6511 (일주일)'!H$2)*('6511 (히스토리)'!$CV$15:$CV$34))} -> 43404.25 | I49: {=SUMPRODUCT(('6511 (히스토리)'!$CU$15:$CU$34='6511 (일주일)'!I$2)*('6511 (히스토리)'!$CV$15:$CV$34))} -> 0 | J49: {=SUMPRODUCT(('6511 (히스토리)'!$CU$15:$CU$34='6511 (일주일)'!J$2)*('6511 (히스토리)'!$CV$15:$CV$34))} -> 0 | K49: {=SUMPRODUCT(('6511 (히스토리)'!$CU$15:$CU$34='6511 (일주일)'!K$2)*('6511 (히스토리)'!$CV$15:$CV$34))} -> 42895.41 | L49: {=SUMPRODUCT(('6511 (히스토리)'!$CU$15:$CU$34='6511 (일주일)'!L$2)*('6511 (히스토리)'!$CV$15:$CV$34))} -> 41856.76 | M49: {=SUMPRODUCT(('6511 (히스토리)'!$CU$15:$CU$34='6511 (일주일)'!M$2)*('6511 (히스토리)'!$CV$15:$CV$34))} -> 0 | ... S49: {=SUMPRODUCT(('6511 (히스토리)'!$CU$15:$CU$34='6511 (일주일)'!S$2)*('6511 (히스토리)'!$CV$15:$CV$34))} -> 0
A50: 48 | B50: 유럽 | C50: 룩셈부르크 | D50: LUXX | E50: LUI:LUXX | F50: {=SUMPRODUCT(('6511 (히스토리)'!$CW$15:$CW$34='6511 (일주일)'!F$2)*('6511 (히스토리)'!$CX$15:$CX$34))} -> 1885.13 | G50: {=SUMPRODUCT(('6511 (히스토리)'!$CW$15:$CW$34='6511 (일주일)'!G$2)*('6511 (히스토리)'!$CX$15:$CX$34))} -> 1885.132 | H50: {=SUMPRODUCT(('6511 (히스토리)'!$CW$15:$CW$34='6511 (일주일)'!H$2)*('6511 (히스토리)'!$CX$15:$CX$34))} -> 1872.32 | I50: {=SUMPRODUCT(('6511 (히스토리)'!$CW$15:$CW$34='6511 (일주일)'!I$2)*('6511 (히스토리)'!$CX$15:$CX$34))} -> 0 | J50: {=SUMPRODUCT(('6511 (히스토리)'!$CW$15:$CW$34='6511 (일주일)'!J$2)*('6511 (히스토리)'!$CX$15:$CX$34))} -> 0 | K50: {=SUMPRODUCT(('6511 (히스토리)'!$CW$15:$CW$34='6511 (일주일)'!K$2)*('6511 (히스토리)'!$CX$15:$CX$34))} -> 1849.309 | L50: {=SUMPRODUCT(('6511 (히스토리)'!$CW$15:$CW$34='6511 (일주일)'!L$2)*('6511 (히스토리)'!$CX$15:$CX$34))} -> 1817.75 | M50: {=SUMPRODUCT(('6511 (히스토리)'!$CW$15:$CW$34='6511 (일주일)'!M$2)*('6511 (히스토리)'!$CX$15:$CX$34))} -> 1833.17 | ... S50: {=SUMPRODUCT(('6511 (히스토리)'!$CW$15:$CW$34='6511 (일주일)'!S$2)*('6511 (히스토리)'!$CX$15:$CX$34))} -> 0
A51: 49 | B51: 유럽 | C51: 체코 | D51: PX Index | E51: PSE:PX | F51: 0 | G51: 33765.21 | H51: 0 | I51: 0 | J51: 33949.53 | K51: 34239.26 | L51: 33967.33 | M51: 34643.54 | N51: 35448.46 | O51: 0 | P51: 0 | Q51: 35084.92 | R51: 34378.55 | S51: 34578.77
A52: 50 | B52: 유럽 | C52: 유로스톡스50 | D52: Euro Next | E52: DJI:SX5E | F52: 0 | G52: 19981.1 | H52: 0 | I52: 0 | J52: 19922.77 | K52: 19812.4 | L52: 19658.14 | M52: 19639.09 | N52: 19668.81 | O52: 0 | P52: 0 | Q52: 19711.53 | R52: 19669.22 | S52: 19902.59
A53: 51 | B53: 유럽 | C53: FTSE 300 | D53: EuroFirst 300 | E53: FTS:E3X | F53: 0 | G53: 16015.89 | H53: 0 | I53: 0 | J53: 16037.49 | K53: 16089.24 | L53: 16131.47 | M53: 16297.46 | N53: 16346.66 | O53: 0 | P53: 0 | Q53: 16230.04 | R53: 16164.61 | S53: 16327.35
A54: 52 | B54: 아메리카 | C54: 칠레 | D54: CHILE IGPA | E54: CLI:IGPA | F54: {=SUMPRODUCT(('6511 (히스토리)'!$DE$15:$DE$34='6511 (일주일)'!F$2)*('6511 (히스토리)'!$DF$15:$DF$34))} -> 0 | G54: {=SUMPRODUCT(('6511 (히스토리)'!$DE$15:$DE$34='6511 (일주일)'!G$2)*('6511 (히스토리)'!$DF$15:$DF$34))} -> 56483.24 | H54: {=SUMPRODUCT(('6511 (히스토리)'!$DE$15:$DE$34='6511 (일주일)'!H$2)*('6511 (히스토리)'!$DF$15:$DF$34))} -> 55577.79 | I54: {=SUMPRODUCT(('6511 (히스토리)'!$DE$15:$DE$34='6511 (일주일)'!I$2)*('6511 (히스토리)'!$DF$15:$DF$34))} -> 0 | J54: {=SUMPRODUCT(('6511 (히스토리)'!$DE$15:$DE$34='6511 (일주일)'!J$2)*('6511 (히스토리)'!$DF$15:$DF$34))} -> 0 | K54: {=SUMPRODUCT(('6511 (히스토리)'!$DE$15:$DE$34='6511 (일주일)'!K$2)*('6511 (히스토리)'!$DF$15:$DF$34))} -> 54901.09 | L54: {=SUMPRODUCT(('6511 (히스토리)'!$DE$15:$DE$34='6511 (일주일)'!L$2)*('6511 (히스토리)'!$DF$15:$DF$34))} -> 54831.28 | M54: {=SUMPRODUCT(('6511 (히스토리)'!$DE$15:$DE$34='6511 (일주일)'!M$2)*('6511 (히스토리)'!$DF$15:$DF$34))} -> 54646.22 | ... S54: {=SUMPRODUCT(('6511 (히스토리)'!$DE$15:$DE$34='6511 (일주일)'!S$2)*('6511 (히스토리)'!$DF$15:$DF$34))} -> 0
A55: 53 | B55: 아메리카 | C55: 브라질 | D55: BRAZIL BOVESPA | E55: BRI:BVSP | F55: {=SUMPRODUCT(('6511 (히스토리)'!$DG$15:$DG$34='6511 (일주일)'!F$2)*('6511 (히스토리)'!$DH$15:$DH$34))} -> 0 | G55: {=SUMPRODUCT(('6511 (히스토리)'!$DG$15:$DG$34='6511 (일주일)'!G$2)*('6511 (히스토리)'!$DH$15:$DH$34))} -> 161973.05 | H55: {=SUMPRODUCT(('6511 (히스토리)'!$DG$15:$DG$34='6511 (일주일)'!H$2)*('6511 (히스토리)'!$DH$15:$DH$34))} -> 163150.35 | I55: {=SUMPRODUCT(('6511 (히스토리)'!$DG$15:$DG$34='6511 (일주일)'!I$2)*('6511 (히스토리)'!$DH$15:$DH$34))} -> 0 | J55: {=SUMPRODUCT(('6511 (히스토리)'!$DG$15:$DG$34='6511 (일주일)'!J$2)*('6511 (히스토리)'!$DH$15:$DH$34))} -> 0 | K55: {=SUMPRODUCT(('6511 (히스토리)'!$DG$15:$DG$34='6511 (일주일)'!K$2)*('6511 (히스토리)'!$DH$15:$DH$34))} -> 163370.31 | L55: {=SUMPRODUCT(('6511 (히스토리)'!$DG$15:$DG$34='6511 (일주일)'!L$2)*('6511 (히스토리)'!$DH$15:$DH$34))} -> 162936.48 | M55: {=SUMPRODUCT(('6511 (히스토리)'!$DG$15:$DG$34='6511 (일주일)'!M$2)*('6511 (히스토리)'!$DH$15:$DH$34))} -> 161975.24 | ... S55: {=SUMPRODUCT(('6511 (히스토리)'!$DG$15:$DG$34='6511 (일주일)'!S$2)*('6511 (히스토리)'!$DH$15:$DH$34))} -> 0
A56: 54 | B56: 아메리카 | C56: 아르헨티나 | D56: MERVAL BUENOS AIRES | E56: ARI:MERV | F56: {=SUMPRODUCT(('6511 (히스토리)'!$DI$15:$DI$34='6511 (일주일)'!F$2)*('6511 (히스토리)'!$DJ$15:$DJ$34))} -> 0 | G56: {=SUMPRODUCT(('6511 (히스토리)'!$DI$15:$DI$34='6511 (일주일)'!G$2)*('6511 (히스토리)'!$DJ$15:$DJ$34))} -> 3036292.5 | H56: {=SUMPRODUCT(('6511 (히스토리)'!$DI$15:$DI$34='6511 (일주일)'!H$2)*('6511 (히스토리)'!$DJ$15:$DJ$34))} -> 3076946.8 | I56: {=SUMPRODUCT(('6511 (히스토리)'!$DI$15:$DI$34='6511 (일주일)'!I$2)*('6511 (히스토리)'!$DJ$15:$DJ$34))} -> 0 | J56: {=SUMPRODUCT(('6511 (히스토리)'!$DI$15:$DI$34='6511 (일주일)'!J$2)*('6511 (히스토리)'!$DJ$15:$DJ$34))} -> 0 | K56: {=SUMPRODUCT(('6511 (히스토리)'!$DI$15:$DI$34='6511 (일주일)'!K$2)*('6511 (히스토리)'!$DJ$15:$DJ$34))} -> 3089461 | L56: {=SUMPRODUCT(('6511 (히스토리)'!$DI$15:$DI$34='6511 (일주일)'!L$2)*('6511 (히스토리)'!$DJ$15:$DJ$34))} -> 3074879.8 | M56: {=SUMPRODUCT(('6511 (히스토리)'!$DI$15:$DI$34='6511 (일주일)'!M$2)*('6511 (히스토리)'!$DJ$15:$DJ$34))} -> 3013957 | ... S56: {=SUMPRODUCT(('6511 (히스토리)'!$DI$15:$DI$34='6511 (일주일)'!S$2)*('6511 (히스토리)'!$DJ$15:$DJ$34))} -> 0
A57: 55 | B57: 아메리카 | C57: 페루 | D57: PERU LIMA INDEX | E57: PEI:IGBVL | F57: {=SUMPRODUCT(('6511 (히스토리)'!$DK$15:$DK$34='6511 (일주일)'!F$2)*('6511 (히스토리)'!$DL$15:$DL$34))} -> 0 | G57: {=SUMPRODUCT(('6511 (히스토리)'!$DK$15:$DK$34='6511 (일주일)'!G$2)*('6511 (히스토리)'!$DL$15:$DL$34))} -> 34937.73 | H57: {=SUMPRODUCT(('6511 (히스토리)'!$DK$15:$DK$34='6511 (일주일)'!H$2)*('6511 (히스토리)'!$DL$15:$DL$34))} -> 34937.73 | I57: {=SUMPRODUCT(('6511 (히스토리)'!$DK$15:$DK$34='6511 (일주일)'!I$2)*('6511 (히스토리)'!$DL$15:$DL$34))} -> 0 | J57: {=SUMPRODUCT(('6511 (히스토리)'!$DK$15:$DK$34='6511 (일주일)'!J$2)*('6511 (히스토리)'!$DL$15:$DL$34))} -> 0 | K57: {=SUMPRODUCT(('6511 (히스토리)'!$DK$15:$DK$34='6511 (일주일)'!K$2)*('6511 (히스토리)'!$DL$15:$DL$34))} -> 34937.73 | L57: {=SUMPRODUCT(('6511 (히스토리)'!$DK$15:$DK$34='6511 (일주일)'!L$2)*('6511 (히스토리)'!$DL$15:$DL$34))} -> 34937.73 | M57: {=SUMPRODUCT(('6511 (히스토리)'!$DK$15:$DK$34='6511 (일주일)'!M$2)*('6511 (히스토리)'!$DL$15:$DL$34))} -> 34937.73 | ... S57: {=SUMPRODUCT(('6511 (히스토리)'!$DK$15:$DK$34='6511 (일주일)'!S$2)*('6511 (히스토리)'!$DL$15:$DL$34))} -> 0
A58: 56 | B58: 아메리카 | C58: 캐나다 | D58: CANADA S&P TSX | E58: CAI:SPTSX | F58: {=SUMPRODUCT(('6511 (히스토리)'!$DM$15:$DM$34='6511 (일주일)'!F$2)*('6511 (히스토리)'!$DN$15:$DN$34))} -> 0 | G58: {=SUMPRODUCT(('6511 (히스토리)'!$DM$15:$DM$34='6511 (일주일)'!G$2)*('6511 (히스토리)'!$DN$15:$DN$34))} -> 32870.36 | H58: {=SUMPRODUCT(('6511 (히스토리)'!$DM$15:$DM$34='6511 (일주일)'!H$2)*('6511 (히스토리)'!$DN$15:$DN$34))} -> 32874.7 | I58: {=SUMPRODUCT(('6511 (히스토리)'!$DM$15:$DM$34='6511 (일주일)'!I$2)*('6511 (히스토리)'!$DN$15:$DN$34))} -> 0 | J58: {=SUMPRODUCT(('6511 (히스토리)'!$DM$15:$DM$34='6511 (일주일)'!J$2)*('6511 (히스토리)'!$DN$15:$DN$34))} -> 0 | K58: {=SUMPRODUCT(('6511 (히스토리)'!$DM$15:$DM$34='6511 (일주일)'!K$2)*('6511 (히스토리)'!$DN$15:$DN$34))} -> 32612.93 | L58: {=SUMPRODUCT(('6511 (히스토리)'!$DM$15:$DM$34='6511 (일주일)'!L$2)*('6511 (히스토리)'!$DN$15:$DN$34))} -> 32378.64 | M58: {=SUMPRODUCT(('6511 (히스토리)'!$DM$15:$DM$34='6511 (일주일)'!M$2)*('6511 (히스토리)'!$DN$15:$DN$34))} -> 32135.49 | ... S58: {=SUMPRODUCT(('6511 (히스토리)'!$DM$15:$DM$34='6511 (일주일)'!S$2)*('6511 (히스토리)'!$DN$15:$DN$34))} -> 0
A59: 57 | B59: 아메리카 | C59: 미국(DJI) | D59: DJ Composite Average | E59: DJI:DJI | F59: {=SUMPRODUCT(('6511 (히스토리)'!$DO$15:$DO$34='6511 (일주일)'!F$2)*('6511 (히스토리)'!$DP$15:$DP$34))} -> 0 | G59: {=SUMPRODUCT(('6511 (히스토리)'!$DO$15:$DO$34='6511 (일주일)'!G$2)*('6511 (히스토리)'!$DP$15:$DP$34))} -> 49191.99 | H59: {=SUMPRODUCT(('6511 (히스토리)'!$DO$15:$DO$34='6511 (일주일)'!H$2)*('6511 (히스토리)'!$DP$15:$DP$34))} -> 49590.2 | I59: {=SUMPRODUCT(('6511 (히스토리)'!$DO$15:$DO$34='6511 (일주일)'!I$2)*('6511 (히스토리)'!$DP$15:$DP$34))} -> 0 | J59: {=SUMPRODUCT(('6511 (히스토리)'!$DO$15:$DO$34='6511 (일주일)'!J$2)*('6511 (히스토리)'!$DP$15:$DP$34))} -> 0 | K59: {=SUMPRODUCT(('6511 (히스토리)'!$DO$15:$DO$34='6511 (일주일)'!K$2)*('6511 (히스토리)'!$DP$15:$DP$34))} -> 49504.07 | L59: {=SUMPRODUCT(('6511 (히스토리)'!$DO$15:$DO$34='6511 (일주일)'!L$2)*('6511 (히스토리)'!$DP$15:$DP$34))} -> 49266.11 | M59: {=SUMPRODUCT(('6511 (히스토리)'!$DO$15:$DO$34='6511 (일주일)'!M$2)*('6511 (히스토리)'!$DP$15:$DP$34))} -> 48996.08 | ... S59: {=SUMPRODUCT(('6511 (히스토리)'!$DO$15:$DO$34='6511 (일주일)'!S$2)*('6511 (히스토리)'!$DP$15:$DP$34))} -> 0
A60: 58 | B60: 아메리카 | C60: 미국(NASDAQ) | D60: NASDAQ Composite | E60: NAS:IXIC | F60: {=SUMPRODUCT(('6511 (히스토리)'!$DQ$15:$DQ$34='6511 (일주일)'!F$2)*('6511 (히스토리)'!$DR$15:$DR$34))} -> 0 | G60: {=SUMPRODUCT(('6511 (히스토리)'!$DQ$15:$DQ$34='6511 (일주일)'!G$2)*('6511 (히스토리)'!$DR$15:$DR$34))} -> 23709.87 | H60: {=SUMPRODUCT(('6511 (히스토리)'!$DQ$15:$DQ$34='6511 (일주일)'!H$2)*('6511 (히스토리)'!$DR$15:$DR$34))} -> 23733.9 | I60: {=SUMPRODUCT(('6511 (히스토리)'!$DQ$15:$DQ$34='6511 (일주일)'!I$2)*('6511 (히스토리)'!$DR$15:$DR$34))} -> 0 | J60: {=SUMPRODUCT(('6511 (히스토리)'!$DQ$15:$DQ$34='6511 (일주일)'!J$2)*('6511 (히스토리)'!$DR$15:$DR$34))} -> 0 | K60: {=SUMPRODUCT(('6511 (히스토리)'!$DQ$15:$DQ$34='6511 (일주일)'!K$2)*('6511 (히스토리)'!$DR$15:$DR$34))} -> 23671.35 | L60: {=SUMPRODUCT(('6511 (히스토리)'!$DQ$15:$DQ$34='6511 (일주일)'!L$2)*('6511 (히스토리)'!$DR$15:$DR$34))} -> 23480.02 | M60: {=SUMPRODUCT(('6511 (히스토리)'!$DQ$15:$DQ$34='6511 (일주일)'!M$2)*('6511 (히스토리)'!$DR$15:$DR$34))} -> 23584.27 | ... S60: {=SUMPRODUCT(('6511 (히스토리)'!$DQ$15:$DQ$34='6511 (일주일)'!S$2)*('6511 (히스토리)'!$DR$15:$DR$34))} -> 0
A61: 59 | B61: 아메리카 | C61: 미국(S&P) | D61: S&P 500 | E61: SPI:SPX | F61: {=SUMPRODUCT(('6511 (히스토리)'!$DS$15:$DS$34='6511 (일주일)'!F$2)*('6511 (히스토리)'!$DT$15:$DT$34))} -> 0 | G61: {=SUMPRODUCT(('6511 (히스토리)'!$DS$15:$DS$34='6511 (일주일)'!G$2)*('6511 (히스토리)'!$DT$15:$DT$34))} -> 6963.74 | H61: {=SUMPRODUCT(('6511 (히스토리)'!$DS$15:$DS$34='6511 (일주일)'!H$2)*('6511 (히스토리)'!$DT$15:$DT$34))} -> 6977.27 | I61: {=SUMPRODUCT(('6511 (히스토리)'!$DS$15:$DS$34='6511 (일주일)'!I$2)*('6511 (히스토리)'!$DT$15:$DT$34))} -> 0 | J61: {=SUMPRODUCT(('6511 (히스토리)'!$DS$15:$DS$34='6511 (일주일)'!J$2)*('6511 (히스토리)'!$DT$15:$DT$34))} -> 0 | K61: {=SUMPRODUCT(('6511 (히스토리)'!$DS$15:$DS$34='6511 (일주일)'!K$2)*('6511 (히스토리)'!$DT$15:$DT$34))} -> 6966.28 | L61: {=SUMPRODUCT(('6511 (히스토리)'!$DS$15:$DS$34='6511 (일주일)'!L$2)*('6511 (히스토리)'!$DT$15:$DT$34))} -> 6921.46 | M61: {=SUMPRODUCT(('6511 (히스토리)'!$DS$15:$DS$34='6511 (일주일)'!M$2)*('6511 (히스토리)'!$DT$15:$DT$34))} -> 6920.93 | ... S61: {=SUMPRODUCT(('6511 (히스토리)'!$DS$15:$DS$34='6511 (일주일)'!S$2)*('6511 (히스토리)'!$DT$15:$DT$34))} -> 0
A62: 60 | B62: 아메리카 | C62: 멕시코 | D62: MEXICO IPC | E62: MXI:IPC | F62: {=SUMPRODUCT(('6511 (히스토리)'!$DU$15:$DU$34='6511 (일주일)'!F$2)*('6511 (히스토리)'!$DV$15:$DV$34))} -> 0 | G62: {=SUMPRODUCT(('6511 (히스토리)'!$DU$15:$DU$34='6511 (일주일)'!G$2)*('6511 (히스토리)'!$DV$15:$DV$34))} -> 66337.42 | H62: {=SUMPRODUCT(('6511 (히스토리)'!$DU$15:$DU$34='6511 (일주일)'!H$2)*('6511 (히스토리)'!$DV$15:$DV$34))} -> 66745.61 | I62: {=SUMPRODUCT(('6511 (히스토리)'!$DU$15:$DU$34='6511 (일주일)'!I$2)*('6511 (히스토리)'!$DV$15:$DV$34))} -> 0 | J62: {=SUMPRODUCT(('6511 (히스토리)'!$DU$15:$DU$34='6511 (일주일)'!J$2)*('6511 (히스토리)'!$DV$15:$DV$34))} -> 0 | K62: {=SUMPRODUCT(('6511 (히스토리)'!$DU$15:$DU$34='6511 (일주일)'!K$2)*('6511 (히스토리)'!$DV$15:$DV$34))} -> 66062.62 | L62: {=SUMPRODUCT(('6511 (히스토리)'!$DU$15:$DU$34='6511 (일주일)'!L$2)*('6511 (히스토리)'!$DV$15:$DV$34))} -> 65521.01 | M62: {=SUMPRODUCT(('6511 (히스토리)'!$DU$15:$DU$34='6511 (일주일)'!M$2)*('6511 (히스토리)'!$DV$15:$DV$34))} -> 64871.7 | ... S62: {=SUMPRODUCT(('6511 (히스토리)'!$DU$15:$DU$34='6511 (일주일)'!S$2)*('6511 (히스토리)'!$DV$15:$DV$34))} -> 0
A63: 61 | B63: 아메리카 | C63: 베네수엘라 | D63: VENEZUELA GENER | E63: VEI:INDG | F63: {=SUMPRODUCT(('6511 (히스토리)'!$DW$15:$DW$34='6511 (일주일)'!F$2)*('6511 (히스토리)'!$DX$15:$DX$34))} -> 0 | G63: {=SUMPRODUCT(('6511 (히스토리)'!$DW$15:$DW$34='6511 (일주일)'!G$2)*('6511 (히스토리)'!$DX$15:$DX$34))} -> 5808.58 | H63: {=SUMPRODUCT(('6511 (히스토리)'!$DW$15:$DW$34='6511 (일주일)'!H$2)*('6511 (히스토리)'!$DX$15:$DX$34))} -> 0 | I63: {=SUMPRODUCT(('6511 (히스토리)'!$DW$15:$DW$34='6511 (일주일)'!I$2)*('6511 (히스토리)'!$DX$15:$DX$34))} -> 0 | J63: {=SUMPRODUCT(('6511 (히스토리)'!$DW$15:$DW$34='6511 (일주일)'!J$2)*('6511 (히스토리)'!$DX$15:$DX$34))} -> 0 | K63: {=SUMPRODUCT(('6511 (히스토리)'!$DW$15:$DW$34='6511 (일주일)'!K$2)*('6511 (히스토리)'!$DX$15:$DX$34))} -> 6009.58 | L63: {=SUMPRODUCT(('6511 (히스토리)'!$DW$15:$DW$34='6511 (일주일)'!L$2)*('6511 (히스토리)'!$DX$15:$DX$34))} -> 5097.39 | M63: {=SUMPRODUCT(('6511 (히스토리)'!$DW$15:$DW$34='6511 (일주일)'!M$2)*('6511 (히스토리)'!$DX$15:$DX$34))} -> 4458.84 | ... S63: {=SUMPRODUCT(('6511 (히스토리)'!$DW$15:$DW$34='6511 (일주일)'!S$2)*('6511 (히스토리)'!$DX$15:$DX$34))} -> 0
A64: 62 | B64: 아메리카 | C64: 콜롬비아 | D64: COLUMBIA IGBC | E64: COI:IGBC | F64: {=SUMPRODUCT(('6511 (히스토리)'!$DY$15:$DY$34='6511 (일주일)'!F$2)*('6511 (히스토리)'!$DZ$15:$DZ$34))} -> 0 | G64: {=SUMPRODUCT(('6511 (히스토리)'!$DY$15:$DY$34='6511 (일주일)'!G$2)*('6511 (히스토리)'!$DZ$15:$DZ$34))} -> 2236.51 | H64: {=SUMPRODUCT(('6511 (히스토리)'!$DY$15:$DY$34='6511 (일주일)'!H$2)*('6511 (히스토리)'!$DZ$15:$DZ$34))} -> 0 | I64: {=SUMPRODUCT(('6511 (히스토리)'!$DY$15:$DY$34='6511 (일주일)'!I$2)*('6511 (히스토리)'!$DZ$15:$DZ$34))} -> 0 | J64: {=SUMPRODUCT(('6511 (히스토리)'!$DY$15:$DY$34='6511 (일주일)'!J$2)*('6511 (히스토리)'!$DZ$15:$DZ$34))} -> 0 | K64: {=SUMPRODUCT(('6511 (히스토리)'!$DY$15:$DY$34='6511 (일주일)'!K$2)*('6511 (히스토리)'!$DZ$15:$DZ$34))} -> 2213.35 | L64: {=SUMPRODUCT(('6511 (히스토리)'!$DY$15:$DY$34='6511 (일주일)'!L$2)*('6511 (히스토리)'!$DZ$15:$DZ$34))} -> 2187.07 | M64: {=SUMPRODUCT(('6511 (히스토리)'!$DY$15:$DY$34='6511 (일주일)'!M$2)*('6511 (히스토리)'!$DZ$15:$DZ$34))} -> 2171.87 | ... S64: {=SUMPRODUCT(('6511 (히스토리)'!$DY$15:$DY$34='6511 (일주일)'!S$2)*('6511 (히스토리)'!$DZ$15:$DZ$34))} -> 0

Sheet 6511 (히스토리)
A1: 데이터 정보 | F1: 0,1,12 : 그 외에 모가 있는지 모르겠네
A2: 시작 | B2: 종료 | C2: Data 갯수 | D2: 정렬 | E2: 주기 | F2: 영업일
A3: =TODAY()-60 -> 45976 | B3: =TODAY() -> 46036 | C3: 30 | D3: A | E3: 일 | F3: 12
G8: IMDH(Market, Code, Field, StartDay, EndDay, Count, Option)
A11: 국가명 | B11: 코드 | C11: 대분류코드 | G11: 베트남
A12: 베트남 | B12: =INDEX(표.코드표[코드],MATCH(표2[국가명],표.코드표[국가명],0)) -> VNI:VIDX | C12: FRN | G12: =INDEX(표.코드표[코드],MATCH('6511 (히스토리)'!G11,표.코드표[국가명],0)) -> VNI:VIDX
G13: =_xll.IMDH("FRN",G12,G14:H14,$A$3,$B$3,$C$3,"Per="&$D$3&",sort="&$E$3&",real=true,Bizday="&$F$3&",Pos=20,Orient=V,Title="&코드표!A3&",DtFmt=1,TmFmt=1") -> 2 | I13: =_xll.IMDH("FRN",코드표!E3,I14:J14,$A$3,$B$3,$C$3,"Per="&$D$3&",sort="&$E$3&",real=true,Bizday="&$F$3&",Pos=20,Orient=V,Title="&코드표!C3&",DtFmt=1,TmFmt=1") -> 호주 | K13: =_xll.IMDH("FRN",코드표!E4,K14:L14,$A$3,$B$3,$C$3,"Per="&$D$3&",sort="&$E$3&",real=true,Bizday="&$F$3&",Pos=20,Orient=V,Title="&코드표!C4&",DtFmt=1,TmFmt=1") -> 일본 | M13: =_xll.IMDH("FRN",코드표!E5,M14:N14,$A$3,$B$3,$C$3,"Per="&$D$3&",sort="&$E$3&",real=true,Bizday="&$F$3&",Pos=20,Orient=V,Title="&코드표!C5&",DtFmt=1,TmFmt=1") -> 대만 | O13: =_xll.IMDH("FRN",코드표!E6,O14:P14,$A$3,$B$3,$C$3,"Per="&$D$3&",sort="&$E$3&",real=true,Bizday="&$F$3&",Pos=20,Orient=V,Title="&코드표!C6&",DtFmt=1,TmFmt=1") -> 싱가포르 | Q13: =_xll.IMDH("FRN",코드표!E7,Q14:R14,$A$3,$B$3,$C$3,"Per="&$D$3&",sort="&$E$3&",real=true,Bizday="&$F$3&",Pos=20,Orient=V,Title="&코드표!C7&",DtFmt=1,TmFmt=1") -> 말레이시아 | S13: =_xll.IMDH("FRN",코드표!E8,S14:T14,$A$3,$B$3,$C$3,"Per="&$D$3&",sort="&$E$3&",real=true,Bizday="&$F$3&",Pos=20,Orient=V,Title="&코드표!C8&",DtFmt=1,TmFmt=1") -> 필리핀 | U13: =_xll.IMDH("FRN",코드표!E9,U14:V14,$A$3,$B$3,$C$3,"Per="&$D$3&",sort="&$E$3&",real=true,Bizday="&$F$3&",Pos=20,Orient=V,Title="&코드표!C9&",DtFmt=1,TmFmt=1") -> 중국(상해종합) | W13: =_xll.IMDH("FRN",코드표!E10,U14:V14,$A$3,$B$3,$C$3,"Per="&$D$3&",sort="&$E$3&",real=true,Bizday="&$F$3&",Pos=20,Orient=V,Title="&코드표!C10&",DtFmt=1,TmFmt=1") -> 중국(심천종합) | Y13: =_xll.IMDH("FRN",코드표!E11,U14:V14,$A$3,$B$3,$C$3,"Per="&$D$3&",sort="&$E$3&",real=true,Bizday="&$F$3&",Pos=20,Orient=V,Title="&코드표!C11&",DtFmt=1,TmFmt=1") -> 중국(CSI 300) | AA13: =_xll.IMDH("FRN",코드표!E12,AA14:AB14,$A$3,$B$3,$C$3,"Per="&$D$3&",sort="&$E$3&",real=true,Bizday="&$F$3&",Pos=20,Orient=V,Title="&코드표!C12&",DtFmt=1,TmFmt=1") -> 홍콩(항셍) | AC13: =_xll.IMDH("FRN",코드표!E13,AC14:AD14,$A$3,$B$3,$C$3,"Per="&$D$3&",sort="&$E$3&",real=true,Bizday="&$F$3&",Pos=20,Orient=V,Title="&코드표!C13&",DtFmt=1,TmFmt=1") -> 홍콩(항셍 H) | AE13: =_xll.IMDH("FRN",코드표!E14,AE14:AF14,$A$3,$B$3,$C$3,"Per="&$D$3&",sort="&$E$3&",real=true,Bizday="&$F$3&",Pos=20,Orient=V,Title="&코드표!C14&",DtFmt=1,TmFmt=1") -> 인도네시아 | AG13: =_xll.IMDH("FRN",코드표!E15,AG14:AH14,$A$3,$B$3,$C$3,"Per="&$D$3&",sort="&$E$3&",real=true,Bizday="&$F$3&",Pos=20,Orient=V,Title="&코드표!C15&",DtFmt=1,TmFmt=1") -> 태국 | AI13: =_xll.IMDH("FRN",코드표!E16,AI14:AJ14,$A$3,$B$3,$C$3,"Per="&$D$3&",sort="&$E$3&",real=true,Bizday="&$F$3&",Pos=20,Orient=V,Title="&코드표!C16&",DtFmt=1,TmFmt=1") -> 인도 | AK13: =_xll.IMDH("FRN",코드표!E17,AK14:AL14,$A$3,$B$3,$C$3,"Per="&$D$3&",sort="&$E$3&",real=true,Bizday="&$F$3&",Pos=20,Orient=V,Title="&코드표!C17&",DtFmt=1,TmFmt=1") -> 베트남 | AM13: =_xll.IMDH("FRN",코드표!E18,AM14:AN14,$A$3,$B$3,$C$3,"Per="&$D$3&",sort="&$E$3&",real=true,Bizday="&$F$3&",Pos=20,Orient=V,Title="&코드표!C18&",DtFmt=1,TmFmt=1") -> 파키스탄 | AO13: =_xll.IMDH("FRN",코드표!E19,AO14:AP14,$A$3,$B$3,$C$3,"Per="&$D$3&",sort="&$E$3&",real=true,Bizday="&$F$3&",Pos=20,Orient=V,Title="&코드표!C19&",DtFmt=1,TmFmt=1") -> 오만 | AQ13: =_xll.IMDH("FRN",코드표!E20,AQ14:AR14,$A$3,$B$3,$C$3,"Per="&$D$3&",sort="&$E$3&",real=true,Bizday="&$F$3&",Pos=20,Orient=V,Title="&코드표!C20&",DtFmt=1,TmFmt=1") -> 아랍에미레이트 | AS13: =_xll.IMDH("FRN",코드표!E21,AS14:AT14,$A$3,$B$3,$C$3,"Per="&$D$3&",sort="&$E$3&",real=true,Bizday="&$F$3&",Pos=20,Orient=V,Title="&코드표!C21&",DtFmt=1,TmFmt=1") -> 쿠웨이트 | AU13: =_xll.IMDH("FRN",코드표!E22,AU14:AV14,$A$3,$B$3,$C$3,"Per="&$D$3&",sort="&$E$3&",real=true,Bizday="&$F$3&",Pos=20,Orient=V,Title="&코드표!C22&",DtFmt=1,TmFmt=1") -> 카타르 | AW13: =_xll.IMDH("FRN",코드표!E23,AW14:AX14,$A$3,$B$3,$C$3,"Per="&$D$3&",sort="&$E$3&",real=true,Bizday="&$F$3&",Pos=20,Orient=V,Title="&코드표!C23&",DtFmt=1,TmFmt=1") -> 요르단 | AY13: =_xll.IMDH("FRN",코드표!E24,AY14:AZ14,$A$3,$B$3,$C$3,"Per="&$D$3&",sort="&$E$3&",real=true,Bizday="&$F$3&",Pos=20,Orient=V,Title="&코드표!C24&",DtFmt=1,TmFmt=1") -> 사우디아라비아 | BA13: =_xll.IMDH("FRN",코드표!E25,BA14:BB14,$A$3,$B$3,$C$3,"Per="&$D$3&",sort="&$E$3&",real=true,Bizday="&$F$3&",Pos=20,Orient=V,Title="&코드표!C25&",DtFmt=1,TmFmt=1") -> 이스라엘 | BC13: =_xll.IMDH("FRN",코드표!E26,BC14:BD14,$A$3,$B$3,$C$3,"Per="&$D$3&",sort="&$E$3&",real=true,Bizday="&$F$3&",Pos=20,Orient=V,Title="&코드표!C26&",DtFmt=1,TmFmt=1") -> 러시아 | BE13: =_xll.IMDH("FRN",코드표!E27,BE14:BF14,$A$3,$B$3,$C$3,"Per="&$D$3&",sort="&$E$3&",real=true,Bizday="&$F$3&",Pos=20,Orient=V,Title="&코드표!C27&",DtFmt=1,TmFmt=1") -> 터키 | BG13: =_xll.IMDH("FRN",코드표!E28,BG14:BH14,$A$3,$B$3,$C$3,"Per="&$D$3&",sort="&$E$3&",real=true,Bizday="&$F$3&",Pos=20,Orient=V,Title="&코드표!C28&",DtFmt=1,TmFmt=1") -> 덴마크 | BI13: =_xll.IMDH("FRN",코드표!E29,BI14:BJ14,$A$3,$B$3,$C$3,"Per="&$D$3&",sort="&$E$3&",real=true,Bizday="&$F$3&",Pos=20,Orient=V,Title="&코드표!C29&",DtFmt=1,TmFmt=1") -> 노르웨이 | BK13: =_xll.IMDH("FRN",코드표!E30,BK14:BL14,$A$3,$B$3,$C$3,"Per="&$D$3&",sort="&$E$3&",real=true,Bizday="&$F$3&",Pos=20,Orient=V,Title="&코드표!C30&",DtFmt=1,TmFmt=1") -> 스페인 | BM13: =_xll.IMDH("FRN",코드표!E31,BM14:BN14,$A$3,$B$3,$C$3,"Per="&$D$3&",sort="&$E$3&",real=true,Bizday="&$F$3&",Pos=20,Orient=V,Title="&코드표!C31&",DtFmt=1,TmFmt=1") -> 벨기에 | BO13: =_xll.IMDH("FRN",코드표!E32,BO14:BP14,$A$3,$B$3,$C$3,"Per="&$D$3&",sort="&$E$3&",real=true,Bizday="&$F$3&",Pos=20,Orient=V,Title="&코드표!C32&",DtFmt=1,TmFmt=1") -> 스위스 | BQ13: =_xll.IMDH("FRN",코드표!E33,BQ14:BR14,$A$3,$B$3,$C$3,"Per="&$D$3&",sort="&$E$3&",real=true,Bizday="&$F$3&",Pos=20,Orient=V,Title="&코드표!C33&",DtFmt=1,TmFmt=1") -> 독일 | BS13: =_xll.IMDH("FRN",코드표!E34,BS14:BT14,$A$3,$B$3,$C$3,"Per="&$D$3&",sort="&$E$3&",real=true,Bizday="&$F$3&",Pos=20,Orient=V,Title="&코드표!C34&",DtFmt=1,TmFmt=1") -> 영국 | BU13: =_xll.IMDH("FRN",코드표!E35,BU14:BV14,$A$3,$B$3,$C$3,"Per="&$D$3&",sort="&$E$3&",real=true,Bizday="&$F$3&",Pos=20,Orient=V,Title="&코드표!C35&",DtFmt=1,TmFmt=1") -> 스웨덴 | BW13: =_xll.IMDH("FRN",코드표!E36,BW14:BX14,$A$3,$B$3,$C$3,"Per="&$D$3&",sort="&$E$3&",real=true,Bizday="&$F$3&",Pos=20,Orient=V,Title="&코드표!C36&",DtFmt=1,TmFmt=1") -> 네덜란드 | BY13: =_xll.IMDH("FRN",코드표!E37,BY14:BZ14,$A$3,$B$3,$C$3,"Per="&$D$3&",sort="&$E$3&",real=true,Bizday="&$F$3&",Pos=20,Orient=V,Title="&코드표!C37&",DtFmt=1,TmFmt=1") -> 프랑스 | CA13: =_xll.IMDH("FRN",코드표!E38,CA14:CB14,$A$3,$B$3,$C$3,"Per="&$D$3&",sort="&$E$3&",real=true,Bizday="&$F$3&",Pos=20,Orient=V,Title="&코드표!C38&",DtFmt=1,TmFmt=1") -> 그리스 | CC13: =_xll.IMDH("FRN",코드표!E39,CC14:CD14,$A$3,$B$3,$C$3,"Per="&$D$3&",sort="&$E$3&",real=true,Bizday="&$F$3&",Pos=20,Orient=V,Title="&코드표!C39&",DtFmt=1,TmFmt=1") -> 이탈리아 | CE13: =_xll.IMDH("FRN",코드표!E40,CE14:CF14,$A$3,$B$3,$C$3,"Per="&$D$3&",sort="&$E$3&",real=true,Bizday="&$F$3&",Pos=20,Orient=V,Title="&코드표!C40&",DtFmt=1,TmFmt=1") -> 폴란드 | CG13: =_xll.IMDH("FRN",코드표!E41,CG14:CH14,$A$3,$B$3,$C$3,"Per="&$D$3&",sort="&$E$3&",real=true,Bizday="&$F$3&",Pos=20,Orient=V,Title="&코드표!C41&",DtFmt=1,TmFmt=1") -> 포르투칼 | CI13: =_xll.IMDH("FRN",코드표!E42,CI14:CJ14,$A$3,$B$3,$C$3,"Per="&$D$3&",sort="&$E$3&",real=true,Bizday="&$F$3&",Pos=20,Orient=V,Title="&코드표!C42&",DtFmt=1,TmFmt=1") -> 오스트리아 | CK13: =_xll.IMDH("FRN",코드표!E43,CK14:CL14,$A$3,$B$3,$C$3,"Per="&$D$3&",sort="&$E$3&",real=true,Bizday="&$F$3&",Pos=20,Orient=V,Title="&코드표!C43&",DtFmt=1,TmFmt=1") -> 라투비아 | CM13: =_xll.IMDH("FRN",코드표!E44,CM14:CN14,$A$3,$B$3,$C$3,"Per="&$D$3&",sort="&$E$3&",real=true,Bizday="&$F$3&",Pos=20,Orient=V,Title="&코드표!C44&",DtFmt=1,TmFmt=1") -> 불가리아 | CO13: =_xll.IMDH("FRN",코드표!E45,CO14:CP14,$A$3,$B$3,$C$3,"Per="&$D$3&",sort="&$E$3&",real=true,Bizday="&$F$3&",Pos=20,Orient=V,Title="&코드표!C45&",DtFmt=1,TmFmt=1") -> 핀란드 | CQ13: =_xll.IMDH("FRN",코드표!E46,CQ14:CR14,$A$3,$B$3,$C$3,"Per="&$D$3&",sort="&$E$3&",real=true,Bizday="&$F$3&",Pos=20,Orient=V,Title="&코드표!C46&",DtFmt=1,TmFmt=1") -> 헝가리 | CS13: =_xll.IMDH("FRN",코드표!E47,CS14:CT14,$A$3,$B$3,$C$3,"Per="&$D$3&",sort="&$E$3&",real=true,Bizday="&$F$3&",Pos=20,Orient=V,Title="&코드표!C47&",DtFmt=1,TmFmt=1") -> 아일랜드 | CU13: =_xll.IMDH("FRN",코드표!E48,CU14:CV14,$A$3,$B$3,$C$3,"Per="&$D$3&",sort="&$E$3&",real=true,Bizday="&$F$3&",Pos=20,Orient=V,Title="&코드표!C48&",DtFmt=1,TmFmt=1") -> 이집트 | CW13: =_xll.IMDH("FRN",코드표!E49,CW14:CX14,$A$3,$B$3,$C$3,"Per="&$D$3&",sort="&$E$3&",real=true,Bizday="&$F$3&",Pos=20,Orient=V,Title="&코드표!C49&",DtFmt=1,TmFmt=1") -> 룩셈부르크 | CY13: =_xll.IMDH("FRN",코드표!E50,CW14:CX14,$A$3,$B$3,$C$3,"Per="&$D$3&",sort="&$E$3&",real=true,Bizday="&$F$3&",Pos=20,Orient=V,Title="&코드표!C50&",DtFmt=1,TmFmt=1") -> 체코 | DA13: =_xll.IMDH("FRN",코드표!E51,CW14:CX14,$A$3,$B$3,$C$3,"Per="&$D$3&",sort="&$E$3&",real=true,Bizday="&$F$3&",Pos=20,Orient=V,Title="&코드표!C51&",DtFmt=1,TmFmt=1") -> 유로스톡스50 | DC13: =_xll.IMDH("FRN",코드표!E52,CW14:CX14,$A$3,$B$3,$C$3,"Per="&$D$3&",sort="&$E$3&",real=true,Bizday="&$F$3&",Pos=20,Orient=V,Title="&코드표!C52&",DtFmt=1,TmFmt=1") -> FTSE 300 | DE13: =_xll.IMDH("FRN",코드표!E53,DE14:DF14,$A$3,$B$3,$C$3,"Per="&$D$3&",sort="&$E$3&",real=true,Bizday="&$F$3&",Pos=20,Orient=V,Title="&코드표!C53&",DtFmt=1,TmFmt=1") -> 칠레 | DG13: =_xll.IMDH("FRN",코드표!E54,DG14:DH14,$A$3,$B$3,$C$3,"Per="&$D$3&",sort="&$E$3&",real=true,Bizday="&$F$3&",Pos=20,Orient=V,Title="&코드표!C54&",DtFmt=1,TmFmt=1") -> 브라질 | DI13: =_xll.IMDH("FRN",코드표!E55,DI14:DJ14,$A$3,$B$3,$C$3,"Per="&$D$3&",sort="&$E$3&",real=true,Bizday="&$F$3&",Pos=20,Orient=V,Title="&코드표!C55&",DtFmt=1,TmFmt=1") -> 아르헨티나 | DK13: =_xll.IMDH("FRN",코드표!E56,DK14:DL14,$A$3,$B$3,$C$3,"Per="&$D$3&",sort="&$E$3&",real=true,Bizday="&$F$3&",Pos=20,Orient=V,Title="&코드표!C56&",DtFmt=1,TmFmt=1") -> 페루 | DM13: =_xll.IMDH("FRN",코드표!E57,DM14:DN14,$A$3,$B$3,$C$3,"Per="&$D$3&",sort="&$E$3&",real=true,Bizday="&$F$3&",Pos=20,Orient=V,Title="&코드표!C57&",DtFmt=1,TmFmt=1") -> 캐나다 | DO13: =_xll.IMDH("FRN",코드표!E58,DO14:DP14,$A$3,$B$3,$C$3,"Per="&$D$3&",sort="&$E$3&",real=true,Bizday="&$F$3&",Pos=20,Orient=V,Title="&코드표!C58&",DtFmt=1,TmFmt=1") -> 미국(DJI) | DQ13: =_xll.IMDH("FRN",코드표!E59,DQ14:DR14,$A$3,$B$3,$C$3,"Per="&$D$3&",sort="&$E$3&",real=true,Bizday="&$F$3&",Pos=20,Orient=V,Title="&코드표!C59&",DtFmt=1,TmFmt=1") -> 미국(NASDAQ) | DS13: =_xll.IMDH("FRN",코드표!E60,DS14:DT14,$A$3,$B$3,$C$3,"Per="&$D$3&",sort="&$E$3&",real=true,Bizday="&$F$3&",Pos=20,Orient=V,Title="&코드표!C60&",DtFmt=1,TmFmt=1") -> 미국(S&P) | DU13: =_xll.IMDH("FRN",코드표!E61,DU14:DV14,$A$3,$B$3,$C$3,"Per="&$D$3&",sort="&$E$3&",real=true,Bizday="&$F$3&",Pos=20,Orient=V,Title="&코드표!C61&",DtFmt=1,TmFmt=1") -> 멕시코 | DW13: =_xll.IMDH("FRN",코드표!E62,DW14:DX14,$A$3,$B$3,$C$3,"Per="&$D$3&",sort="&$E$3&",real=true,Bizday="&$F$3&",Pos=20,Orient=V,Title="&코드표!C62&",DtFmt=1,TmFmt=1") -> 베네수엘라 | DY13: =_xll.IMDH("FRN",코드표!E63,DY14:DZ14,$A$3,$B$3,$C$3,"Per="&$D$3&",sort="&$E$3&",real=true,Bizday="&$F$3&",Pos=20,Orient=V,Title="&코드표!C63&",DtFmt=1,TmFmt=1") -> 콜롬비아
A14: =_xll.IMDH("FRN",G12,G14:H14,$A$3,$B$3,$C$3,"Per="&$D$3&",sort="&$E$3&",real=true,Bizday="&$F$3&",Pos=20,Orient=V,Title="&표2[국가명]&",DtFmt=1,TmFmt=1") -> 베트남 | G14: 일자 | H14: 종가 | I14: 일자 | J14: 종가 | K14: 일자 | L14: 종가 | M14: 일자 | N14: 종가 | O14: 일자 | P14: 종가 | Q14: 일자 | R14: 종가 | S14: 일자 | T14: 종가 | U14: 일자 | V14: 종가 | W14: 일자 | X14: 종가 | Y14: 일자 | Z14: 종가 | AA14: 일자 | AB14: 종가 | AC14: 일자 | AD14: 종가 | AE14: 일자 | AF14: 종가 | AG14: 일자 | AH14: 종가 | AI14: 일자 | AJ14: 종가 | AK14: 일자 | AL14: 종가 | AM14: 일자 | AN14: 종가 | AO14: 일자 | AP14: 종가 | AQ14: 일자 | AR14: 종가 | AS14: 일자 | AT14: 종가 | AU14: 일자 | AV14: 종가 | AW14: 일자 | AX14: 종가 | AY14: 일자 | AZ14: 종가 | BA14: 일자 | BB14: 종가 | BC14: 일자 | BD14: 종가 | BE14: 일자 | BF14: 종가 | BG14: 일자 | BH14: 종가 | BI14: 일자 | BJ14: 종가 | BK14: 일자 | BL14: 종가 | BM14: 일자 | BN14: 종가 | BO14: 일자 | BP14: 종가 | BQ14: 일자 | BR14: 종가 | BS14: 일자 | BT14: 종가 | BU14: 일자 | BV14: 종가 | BW14: 일자 | BX14: 종가 | BY14: 일자 | BZ14: 종가 | CA14: 일자 | CB14: 종가 | CC14: 일자 | CD14: 종가 | CE14: 일자 | CF14: 종가 | CG14: 일자 | CH14: 종가 | CI14: 일자 | CJ14: 종가 | CK14: 일자 | CL14: 종가 | CM14: 일자 | CN14: 종가 | CO14: 일자 | CP14: 종가 | CQ14: 일자 | CR14: 종가 | CS14: 일자 | CT14: 종가 | CU14: 일자 | CV14: 종가 | CW14: 일자 | CX14: 종가 | CY14: 일자 | CZ14: 종가 | DA14: 일자 | DB14: 종가 | DC14: 일자 | DD14: 종가 | DE14: 일자 | DF14: 종가 | DG14: 일자 | DH14: 종가 | DI14: 일자 | DJ14: 종가 | DK14: 일자 | DL14: 종가 | DM14: 일자 | DN14: 종가 | DO14: 일자 | DP14: 종가 | DQ14: 일자 | DR14: 종가 | DS14: 일자 | DT14: 종가 | DU14: 일자 | DV14: 종가 | DW14: 일자 | DX14: 종가 | DY14: 일자 | DZ14: 종가
G15: 46036 | H15: 1901.02 | I15: 46036 | J15: 9138.5 | K15: 46036 | L15: 54179.59 | M15: 46036 | N15: 30884.39 | O15: 46036 | P15: 4806.27 | Q15: 46036 | R15: 1707.22 | S15: 46036 | T15: 6419.96 | U15: 46036 | V15: 4188.24 | W15: 46036 | X15: 2733.02 | Y15: 46036 | Z15: 4812.48 | AA15: 46036 | AB15: 27092.98 | AC15: 46036 | AD15: 9367.28 | AE15: 46036 | AF15: 9025.76 | AG15: 46036 | AI15: 46036 | AJ15: 83523.65 | AK15: 46036 | AL15: 1901.02 | AM15: 46036 | AN15: 183951.51 | AO15: 46036 | AP15: 6178.11 | AQ15: 46036 | AR15: 6319.3 | AS15: 46036 | AT15: 9424.15 | AU15: 46036 | AV15: 11229.22 | AW15: 46036 | AX15: 3555.87 | AY15: 46036 | AZ15: 10893.63 | BA15: 46036 | BB15: 3913.39 | BC15: 46036 | BD15: 1077.44 | BE15: 46036 | BF15: 12385.61 | BG15: 46036 | BH15: 1751.79 | BI15: 46036 | BJ15: 1985.2 | BK15: 46036 | BL15: 17687.1 | BM15: 46036 | BN15: 5250.09 | BO15: 46036 | BP15: 13364.73 | BQ15: 46036 | BR15: 25420.66 | BS15: 46036 | BT15: 10137.35 | BU15: 46036 | BV15: 1071.31 | BW15: 46036 | BX15: 997.17 | BY15: 46036 | BZ15: 8347.2 | CA15: 46036 | CB15: 2206.3 | CC15: 46036 | CD15: 45525.1 | CE15: 46036 | CF15: 121794.45 | CG15: 46036 | CH15: 8559.09 | CI15: 46036 | CJ15: 5410.3 | CK15: 46036 | CM15: 46036 | CO15: 46036 | CP15: 5792.43 | CQ15: 46036 | CR15: 118863.12 | CS15: 46036 | CT15: 12972.66 | CU15: 46036 | CV15: 43684.22 | CW15: 46036 | CX15: 1885.13 | CY15: 46036 | DA15: 46036 | DB15: 6029.83 | DC15: 46036 | DE15: 46036 | DG15: 46036 | DI15: 46036 | DK15: 46036 | DM15: 46036 | DO15: 46036 | DQ15: 46036 | DS15: 46036 | DU15: 46036 | DW15: 46036 | DY15: 46036
A16: 46036 | B16: 1901.02 | G16: 46035 | H16: 1902.93 | I16: 46035 | J16: 9138.49 | K16: 46035 | L16: 53549.16 | M16: 46035 | N16: 30707.22 | O16: 46035 | P16: 4807.13 | Q16: 46035 | R16: 1708.2 | S16: 46035 | T16: 6408.76 | U16: 46035 | V16: 4138.76 | W16: 46035 | X16: 2676.04 | Y16: 46035 | Z16: 4761.03 | AA16: 46035 | AB16: 26848.47 | AC16: 46035 | AD16: 9285.41 | AE16: 46035 | AF16: 8948.3 | AG16: 46035 | AH16: 1235.3 | AI16: 46035 | AJ16: 83627.69 | AK16: 46035 | AL16: 1902.93 | AM16: 46035 | AN16: 183951.51 | AO16: 46035 | AP16: 6178.11 | AQ16: 46035 | AR16: 6319.3 | AS16: 46035 | AT16: 9424.15 | AU16: 46035 | AV16: 11229.22 | AW16: 46035 | AX16: 3555.87 | AY16: 46035 | AZ16: 10893.63 | BA16: 46035 | BB16: 3913.39 | BC16: 46035 | BD16: 1077.44 | BE16: 46035 | BF16: 12385.61 | BG16: 46035 | BH16: 1751.793 | BI16: 46035 | BJ16: 1985.2 | BK16: 46035 | BL16: 17687.1 | BM16: 46035 | BN16: 5250.09 | BO16: 46035 | BP16: 13364.73 | BQ16: 46035 | BR16: 25420.66 | BS16: 46035 | BT16: 10137.35 | BU16: 46035 | BV16: 1071.31 | BW16: 46035 | BX16: 997.17 | BY16: 46035 | BZ16: 8347.2 | CA16: 46035 | CB16: 2206.3 | CC16: 46035 | CD16: 45525.1 | CE16: 46035 | CF16: 121794.45 | CG16: 46035 | CH16: 8559.09 | CI16: 46035 | CJ16: 5410.3 | CK16: 46035 | CL16: 928.08 | CM16: 46035 | CN16: 1371.7 | CO16: 46035 | CP16: 5792.43 | CQ16: 46035 | CR16: 118863.12 | CS16: 46035 | CT16: 12972.66 | CU16: 46035 | CV16: 43684.22 | CW16: 46035 | CX16: 1885.132 | CY16: 46035 | CZ16: 2743.44 | DA16: 46035 | DB16: 6029.83 | DC16: 46035 | DD16: 2436.95 | DE16: 46035 | DF16: 56483.24 | DG16: 46035 | DH16: 161973.05 | DI16: 46035 | DJ16: 3036292.5 | DK16: 46035 | DL16: 34937.73 | DM16: 46035 | DN16: 32870.36 | DO16: 46035 | DP16: 49191.99 | DQ16: 46035 | DR16: 23709.87 | DS16: 46035 | DT16: 6963.74 | DU16: 46035 | DV16: 66337.42 | DW16: 46035 | DX16: 5808.58 | DY16: 46035 | DZ16: 2236.51
A17: 46035 | B17: 1902.93 | G17: 46034 | H17: 1877.33 | I17: 46034 | J17: 9092.65 | K17: 46034 | M17: 46034 | N17: 30567.29 | O17: 46034 | P17: 4766.78 | Q17: 46034 | R17: 1695.44 | S17: 46034 | T17: 6419.96 | U17: 46034 | V17: 4165.29 | W17: 46034 | X17: 2714.52 | Y17: 46034 | Z17: 4789.92 | AA17: 46034 | AB17: 26608.48 | AC17: 46034 | AD17: 9220.08 | AE17: 46034 | AF17: 8884.72 | AG17: 46034 | AH17: 1242.2 | AI17: 46034 | AJ17: 83878.17 | AK17: 46034 | AL17: 1877.33 | AM17: 46034 | AN17: 182384.15 | AO17: 46034 | AP17: 6192.57 | AQ17: 46034 | AR17: 6268.31 | AS17: 46034 | AT17: 9343.74 | AU17: 46034 | AV17: 11162.54 | AW17: 46034 | AX17: 3548.39 | AY17: 46034 | AZ17: 10745.45 | BA17: 46034 | BB17: 3926.38 | BC17: 46034 | BD17: 1080.28 | BE17: 46034 | BF17: 12254.83 | BG17: 46034 | BH17: 1734.637 | BI17: 46034 | BJ17: 1964.84 | BK17: 46034 | BL17: 17673.8 | BM17: 46034 | BN17: 5213.94 | BO17: 46034 | BP17: 13426.98 | BQ17: 46034 | BR17: 25405.34 | BS17: 46034 | BT17: 10140.7 | BU17: 46034 | BV17: 1072.09 | BW17: 46034 | BX17: 993.54 | BY17: 46034 | BZ17: 8358.76 | CA17: 46034 | CB17: 2210.85 | CC17: 46034 | CD17: 45732.2 | CE17: 46034 | CF17: 122027.18 | CG17: 46034 | CH17: 8494.08 | CI17: 46034 | CJ17: 5440.34 | CK17: 46034 | CL17: 928.88 | CM17: 46034 | CN17: 1369.41 | CO17: 46034 | CP17: 5791.02 | CQ17: 46034 | CR17: 117385.41 | CS17: 46034 | CT17: 13073.32 | CU17: 46034 | CV17: 43404.25 | CW17: 46034 | CX17: 1872.32 | CY17: 46034 | CZ17: 2741.1 | DA17: 46034 | DB17: 6016.3 | DC17: 46034 | DD17: 2436.95 | DE17: 46034 | DF17: 55577.79 | DG17: 46034 | DH17: 163150.35 | DI17: 46034 | DJ17: 3076946.8 | DK17: 46034 | DL17: 34937.73 | DM17: 46034 | DN17: 32874.7 | DO17: 46034 | DP17: 49590.2 | DQ17: 46034 | DR17: 23733.9 | DS17: 46034 | DT17: 6977.27 | DU17: 46034 | DV17: 66745.61 | DW17: 46034 | DY17: 46034
A18: 46034 | B18: 1877.33 | G18: 46033 | I18: 46033 | K18: 46033 | M18: 46033 | O18: 46033 | Q18: 46033 | S18: 46033 | U18: 46033 | W18: 46033 | Y18: 46033 | AA18: 46033 | AC18: 46033 | AE18: 46033 | AG18: 46033 | AI18: 46033 | AK18: 46033 | AM18: 46033 | AO18: 46033 | AQ18: 46033 | AS18: 46033 | AU18: 46033 | AW18: 46033 | AY18: 46033 | BA18: 46033 | BC18: 46033 | BE18: 46033 | BG18: 46033 | BI18: 46033 | BK18: 46033 | BM18: 46033 | BO18: 46033 | BQ18: 46033 | BS18: 46033 | BU18: 46033 | BW18: 46033 | BY18: 46033 | CA18: 46033 | CC18: 46033 | CE18: 46033 | CG18: 46033 | CI18: 46033 | CK18: 46033 | CM18: 46033 | CO18: 46033 | CQ18: 46033 | CS18: 46033 | CU18: 46033 | CW18: 46033 | CY18: 46033 | DA18: 46033 | DC18: 46033 | DE18: 46033 | DG18: 46033 | DI18: 46033 | DK18: 46033 | DM18: 46033 | DO18: 46033 | DQ18: 46033 | DS18: 46033 | DU18: 46033 | DW18: 46033 | DY18: 46033
A19: 46033 | G19: 46032 | I19: 46032 | K19: 46032 | M19: 46032 | O19: 46032 | Q19: 46032 | S19: 46032 | U19: 46032 | W19: 46032 | Y19: 46032 | AA19: 46032 | AC19: 46032 | AE19: 46032 | AG19: 46032 | AI19: 46032 | AK19: 46032 | AM19: 46032 | AO19: 46032 | AQ19: 46032 | AS19: 46032 | AU19: 46032 | AW19: 46032 | AY19: 46032 | BA19: 46032 | BC19: 46032 | BE19: 46032 | BG19: 46032 | BI19: 46032 | BK19: 46032 | BM19: 46032 | BO19: 46032 | BQ19: 46032 | BS19: 46032 | BU19: 46032 | BW19: 46032 | BY19: 46032 | CA19: 46032 | CC19: 46032 | CE19: 46032 | CG19: 46032 | CI19: 46032 | CK19: 46032 | CM19: 46032 | CO19: 46032 | CQ19: 46032 | CS19: 46032 | CU19: 46032 | CW19: 46032 | CY19: 46032 | DA19: 46032 | DC19: 46032 | DE19: 46032 | DG19: 46032 | DI19: 46032 | DK19: 46032 | DM19: 46032 | DO19: 46032 | DQ19: 46032 | DS19: 46032 | DU19: 46032 | DW19: 46032 | DY19: 46032
A20: 46032 | G20: 46031 | H20: 1867.9 | I20: 46031 | J20: 9045.92 | K20: 46031 | L20: 51939.89 | M20: 46031 | N20: 30288.96 | O20: 46031 | P20: 4744.66 | Q20: 46031 | R20: 1686.54 | S20: 46031 | T20: 6348.14 | U20: 46031 | V20: 4120.43 | W20: 46031 | X20: 2660.05 | Y20: 46031 | Z20: 4758.92 | AA20: 46031 | AB20: 26231.79 | AC20: 46031 | AD20: 9048.53 | AE20: 46031 | AF20: 8936.75 | AG20: 46031 | AH20: 1254.09 | AI20: 46031 | AJ20: 83576.24 | AK20: 46031 | AL20: 1867.9 | AM20: 46031 | AN20: 184409.67 | AO20: 46031 | AP20: 6163.73 | AQ20: 46031 | AR20: 6225.94 | AS20: 46031 | AT20: 9389.64 | AU20: 46031 | AV20: 11088.79 | AW20: 46031 | AX20: 3560.35 | AY20: 46031 | AZ20: 10609.76 | BA20: 46031 | BB20: 3907.26 | BC20: 46031 | BD20: 1097.31 | BE20: 46031 | BF20: 12200.95 | BG20: 46031 | BH20: 1740.5 | BI20: 46031 | BJ20: 1957.94 | BK20: 46031 | BL20: 17649 | BM20: 46031 | BN20: 5240.44 | BO20: 46031 | BP20: 13421.82 | BQ20: 46031 | BR20: 25261.64 | BS20: 46031 | BT20: 10124.6 | BU20: 46031 | BV20: 1072.31 | BW20: 46031 | BX20: 988.17 | BY20: 46031 | BZ20: 8362.09 | CA20: 46031 | CB20: 2207.73 | CC20: 46031 | CD20: 45719.26 | CE20: 46031 | CF20: 121551.17 | CG20: 46031 | CH20: 8520.34 | CI20: 46031 | CJ20: 5403.24 | CK20: 46031 | CL20: 927.48 | CM20: 46031 | CN20: 1323.06 | CO20: 46031 | CP20: 5799.86 | CQ20: 46031 | CR20: 116510.12 | CS20: 46031 | CT20: 13080.06 | CU20: 46031 | CV20: 42895.41 | CW20: 46031 | CX20: 1849.309 | CY20: 46031 | CZ20: 2749.73 | DA20: 46031 | DB20: 5997.47 | DC20: 46031 | DD20: 2430.77 | DE20: 46031 | DF20: 54901.09 | DG20: 46031 | DH20: 163370.31 | DI20: 46031 | DJ20: 3089461 | DK20: 46031 | DL20: 34937.73 | DM20: 46031 | DN20: 32612.93 | DO20: 46031 | DP20: 49504.07 | DQ20: 46031 | DR20: 23671.35 | DS20: 46031 | DT20: 6966.28 | DU20: 46031 | DV20: 66062.62 | DW20: 46031 | DX20: 6009.58 | DY20: 46031 | DZ20: 2213.35
A21: 46031 | B21: 1867.9 | G21: 46030 | H21: 1855.56 | I21: 46030 | J21: 9046.52 | K21: 46030 | L21: 51117.26 | M21: 46030 | N21: 30360.55 | O21: 46030 | P21: 4739.07 | Q21: 46030 | R21: 1669.57 | S21: 46030 | T21: 6320.67 | U21: 46030 | V21: 4082.98 | W21: 46030 | X21: 2624.99 | Y21: 46030 | Z21: 4737.65 | AA21: 46030 | AB21: 26149.31 | AC21: 46030 | AD21: 9039.34 | AE21: 46030 | AF21: 8925.47 | AG21: 46030 | AH21: 1253.6 | AI21: 46030 | AJ21: 84180.96 | AK21: 46030 | AL21: 1855.56 | AM21: 46030 | AN21: 185589.9 | AO21: 46030 | AP21: 6126 | AQ21: 46030 | AR21: 6252.99 | AS21: 46030 | AT21: 9443.72 | AU21: 46030 | AV21: 10969.33 | AW21: 46030 | AX21: 3553.35 | AY21: 46030 | AZ21: 10473.23 | BA21: 46030 | BB21: 3878.85 | BC21: 46030 | BD21: 1094.8 | BE21: 46030 | BF21: 12087.97 | BG21: 46030 | BH21: 1715.96 | BI21: 46030 | BJ21: 1940.35 | BK21: 46030 | BL21: 17654.7 | BM21: 46030 | BN21: 5228.77 | BO21: 46030 | BP21: 13350.82 | BQ21: 46030 | BR21: 25127.46 | BS21: 46030 | BT21: 10044.69 | BU21: 46030 | BV21: 1059.86 | BW21: 46030 | BX21: 965.03 | BY21: 46030 | BZ21: 8243.47 | CA21: 46030 | CB21: 2204.24 | CC21: 46030 | CD21: 45671.7 | CE21: 46030 | CF21: 119960.9 | CG21: 46030 | CH21: 8486.79 | CI21: 46030 | CJ21: 5412.09 | CK21: 46030 | CL21: 926.16 | CM21: 46030 | CN21: 1267.03 | CO21: 46030 | CP21: 5770.94 | CQ21: 46030 | CR21: 115909.6 | CS21: 46030 | CT21: 13046.32 | CU21: 46030 | CV21: 41856.76 | CW21: 46030 | CX21: 1817.75 | CY21: 46030 | CZ21: 2750.97 | DA21: 46030 | DB21: 5904.32 | DC21: 46030 | DD21: 2405.95 | DE21: 46030 | DF21: 54831.28 | DG21: 46030 | DH21: 162936.48 | DI21: 46030 | DJ21: 3074879.8 | DK21: 46030 | DL21: 34937.73 | DM21: 46030 | DN21: 32378.64 | DO21: 46030 | DP21: 49266.11 | DQ21: 46030 | DR21: 23480.02 | DS21: 46030 | DT21: 6921.46 | DU21: 46030 | DV21: 65521.01 | DW21: 46030 | DX21: 5097.39 | DY21: 46030 | DZ21: 2187.07
A22: 46030 | B22: 1855.56 | G22: 46029 | H22: 1861.58 | I22: 46029 | J22: 9018 | K22: 46029 | L22: 51961.98 | M22: 46029 | N22: 30435.47 | O22: 46029 | P22: 4747.62 | Q22: 46029 | R22: 1676.83 | S22: 46029 | T22: 6292.09 | U22: 46029 | V22: 4085.77 | W22: 46029 | X22: 2620.52 | Y22: 46029 | Z22: 4776.67 | AA22: 46029 | AB22: 26458.95 | AC22: 46029 | AD22: 9138.75 | AE22: 46029 | AF22: 8944.81 | AG22: 46029 | AH22: 1280.82 | AI22: 46029 | AJ22: 84961.14 | AK22: 46029 | AL22: 1861.58 | AM22: 46029 | AN22: 186518.72 | AO22: 46029 | AP22: 6099.7 | AQ22: 46029 | AR22: 6248.56 | AS22: 46029 | AT22: 9463.38 | AU22: 46029 | AV22: 11061.78 | AW22: 46029 | AX22: 3560.72 | AY22: 46029 | AZ22: 10455.14 | BA22: 46029 | BB22: 3893.87 | BC22: 46029 | BE22: 46029 | BF22: 12028.84 | BG22: 46029 | BH22: 1714.74 | BI22: 46029 | BJ22: 1936.8 | BK22: 46029 | BL22: 17596.4 | BM22: 46029 | BN22: 5220.95 | BO22: 46029 | BP22: 13324.03 | BQ22: 46029 | BR22: 25122.26 | BS22: 46029 | BT22: 10048.21 | BU22: 46029 | BV22: 1069.68 | BW22: 46029 | BX22: 979.15 | BY22: 46029 | BZ22: 8233.92 | CA22: 46029 | CB22: 2163.88 | CC22: 46029 | CD22: 45558.68 | CE22: 46029 | CF22: 122425.06 | CG22: 46029 | CH22: 8479.08 | CI22: 46029 | CJ22: 5410.14 | CK22: 46029 | CL22: 925.87 | CM22: 46029 | CN22: 1254.31 | CO22: 46029 | CP22: 5831.26 | CQ22: 46029 | CR22: 116560.13 | CS22: 46029 | CT22: 12973.3 | CU22: 46029 | CW22: 46029 | CX22: 1833.17 | CY22: 46029 | CZ22: 2746.03 | DA22: 46029 | DB22: 5923.57 | DC22: 46029 | DD22: 2409.63 | DE22: 46029 | DF22: 54646.22 | DG22: 46029 | DH22: 161975.24 | DI22: 46029 | DJ22: 3013957 | DK22: 46029 | DL22: 34937.73 | DM22: 46029 | DN22: 32135.49 | DO22: 46029 | DP22: 48996.08 | DQ22: 46029 | DR22: 23584.27 | DS22: 46029 | DT22: 6920.93 | DU22: 46029 | DV22: 64871.7 | DW22: 46029 | DX22: 4458.84 | DY22: 46029 | DZ22: 2171.87
A23: 46029 | B23: 1861.58 | G23: 46028 | H23: 1816.27 | I23: 46028 | J23: 8996.92 | K23: 46028 | L23: 52518.08 | M23: 46028 | N23: 30576.3 | O23: 46028 | P23: 4739.97 | Q23: 46028 | R23: 1672.35 | S23: 46028 | T23: 6317.91 | U23: 46028 | V23: 4083.67 | W23: 46028 | X23: 2617.77 | Y23: 46028 | Z23: 4790.69 | AA23: 46028 | AB23: 26710.45 | AC23: 46028 | AD23: 9244.24 | AE23: 46028 | AF23: 8933.61 | AG23: 46028 | AH23: 1274.75 | AI23: 46028 | AJ23: 85063.34 | AK23: 46028 | AL23: 1816.27 | AM23: 46028 | AN23: 185062.11 | AO23: 46028 | AP23: 6024.74 | AQ23: 46028 | AR23: 6182.55 | AS23: 46028 | AT23: 9439.09 | AU23: 46028 | AV23: 10989.53 | AW23: 46028 | AX23: 3582.26 | AY23: 46028 | AZ23: 10290.76 | BA23: 46028 | BB23: 3890.8 | BC23: 46028 | BD23: 1105.53 | BE23: 46028 | BF23: 12023.78 | BG23: 46028 | BH23: 1711.39 | BI23: 46028 | BJ23: 1954.56 | BK23: 46028 | BL23: 17647.1 | BM23: 46028 | BN23: 5182.87 | BO23: 46028 | BP23: 13322.15 | BQ23: 46028 | BR23: 24892.2 | BS23: 46028 | BT23: 10122.73 | BU23: 46028 | BW23: 46028 | BX23: 991.67 | BY23: 46028 | BZ23: 8237.43 | CA23: 46028 | CC23: 46028 | CD23: 45753.43 | CE23: 46028 | CG23: 46028 | CH23: 8514.37 | CI23: 46028 | CJ23: 5415.39 | CK23: 46028 | CL23: 929.91 | CM23: 46028 | CN23: 1222.95 | CO23: 46028 | CQ23: 46028 | CR23: 116425.9 | CS23: 46028 | CT23: 13081.31 | CU23: 46028 | CV23: 41543.46 | CW23: 46028 | CX23: 1806.84 | CY23: 46028 | CZ23: 2743.35 | DA23: 46028 | DB23: 5931.79 | DC23: 46028 | DD23: 2413.21 | DE23: 46028 | DF23: 54860.95 | DG23: 46028 | DH23: 163663.88 | DI23: 46028 | DJ23: 3112376.8 | DK23: 46028 | DL23: 34937.73 | DM23: 46028 | DN23: 32407.02 | DO23: 46028 | DP23: 49462.08 | DQ23: 46028 | DR23: 23547.17 | DS23: 46028 | DT23: 6944.82 | DU23: 46028 | DV23: 65022.24 | DW23: 46028 | DX23: 3896.77 | DY23: 46028 | DZ23: 2175.89
A24: 46028 | B24: 1816.27 | G24: 46027 | H24: 1788.4 | I24: 46027 | J24: 9034.69 | K24: 46027 | L24: 51832.8 | M24: 46027 | N24: 30105.04 | O24: 46027 | P24: 4680.5 | Q24: 46027 | R24: 1680.32 | S24: 46027 | T24: 6164.53 | U24: 46027 | V24: 4023.42 | W24: 46027 | X24: 2581.52 | Y24: 46027 | Z24: 4717.75 | AA24: 46027 | AB24: 26347.24 | AC24: 46027 | AD24: 9148.47 | AE24: 46027 | AF24: 8859.19 | AG24: 46027 | AH24: 1280.05 | AI24: 46027 | AJ24: 85439.62 | AK24: 46027 | AL24: 1788.4 | AM24: 46027 | AN24: 182408.24 | AO24: 46027 | AP24: 6006.1 | AQ24: 46027 | AR24: 6130.4 | AS24: 46027 | AT24: 9427.68 | AU24: 46027 | AV24: 10967.86 | AW24: 46027 | AX24: 3567.52 | AY24: 46027 | AZ24: 10325.2 | BA24: 46027 | BB24: 3794.16 | BC24: 46027 | BD24: 1110.29 | BE24: 46027 | BF24: 11702 | BG24: 46027 | BH24: 1658.6 | BI24: 46027 | BJ24: 1939.88 | BK24: 46027 | BL24: 17614.4 | BM24: 46027 | BN24: 5099.49 | BO24: 46027 | BP24: 13247.32 | BQ24: 46027 | BR24: 24868.69 | BS24: 46027 | BT24: 10004.57 | BU24: 46027 | BV24: 1046.19 | BW24: 46027 | BX24: 985.12 | BY24: 46027 | BZ24: 8211.5 | CA24: 46027 | CB24: 2154.4 | CC24: 46027 | CD24: 45847.32 | CE24: 46027 | CF24: 120337.25 | CG24: 46027 | CH24: 8469.61 | CI24: 46027 | CJ24: 5394.76 | CK24: 46027 | CL24: 927.44 | CM24: 46027 | CN24: 1195.1 | CO24: 46027 | CP24: 5766.68 | CQ24: 46027 | CR24: 113182.3 | CS24: 46027 | CT24: 13188.06 | CU24: 46027 | CV24: 40676.98 | CW24: 46027 | CX24: 1811.66 | CY24: 46027 | CZ24: 2714.06 | DA24: 46027 | DB24: 5923.69 | DC24: 46027 | DD24: 2399.3 | DE24: 46027 | DF24: 53721.64 | DG24: 46027 | DH24: 161869.76 | DI24: 46027 | DJ24: 3130197 | DK24: 46027 | DL24: 34937.73 | DM24: 46027 | DN24: 32219.95 | DO24: 46027 | DP24: 48977.18 | DQ24: 46027 | DR24: 23395.82 | DS24: 46027 | DT24: 6902.05 | DU24: 46027 | DV24: 65014.37 | DW24: 46027 | DX24: 2597.68 | DY24: 46027 | DZ24: 2134.26
A25: 46027 | B25: 1788.4 | G25: 46026 | I25: 46026 | K25: 46026 | M25: 46026 | O25: 46026 | Q25: 46026 | S25: 46026 | U25: 46026 | W25: 46026 | Y25: 46026 | AA25: 46026 | AC25: 46026 | AE25: 46026 | AG25: 46026 | AI25: 46026 | AK25: 46026 | AM25: 46026 | AO25: 46026 | AQ25: 46026 | AS25: 46026 | AU25: 46026 | AW25: 46026 | AY25: 46026 | BA25: 46026 | BC25: 46026 | BE25: 46026 | BG25: 46026 | BI25: 46026 | BK25: 46026 | BM25: 46026 | BO25: 46026 | BQ25: 46026 | BS25: 46026 | BU25: 46026 | BW25: 46026 | BY25: 46026 | CA25: 46026 | CC25: 46026 | CE25: 46026 | CG25: 46026 | CI25: 46026 | CK25: 46026 | CM25: 46026 | CO25: 46026 | CQ25: 46026 | CS25: 46026 | CU25: 46026 | CW25: 46026 | CY25: 46026 | DA25: 46026 | DC25: 46026 | DE25: 46026 | DG25: 46026 | DI25: 46026 | DK25: 46026 | DM25: 46026 | DO25: 46026 | DQ25: 46026 | DS25: 46026 | DU25: 46026 | DW25: 46026 | DY25: 46026
A26: 46026 | G26: 46025 | I26: 46025 | K26: 46025 | M26: 46025 | O26: 46025 | Q26: 46025 | S26: 46025 | U26: 46025 | W26: 46025 | Y26: 46025 | AA26: 46025 | AC26: 46025 | AE26: 46025 | AG26: 46025 | AI26: 46025 | AK26: 46025 | AM26: 46025 | AO26: 46025 | AQ26: 46025 | AS26: 46025 | AU26: 46025 | AW26: 46025 | AY26: 46025 | BA26: 46025 | BC26: 46025 | BE26: 46025 | BG26: 46025 | BI26: 46025 | BK26: 46025 | BM26: 46025 | BO26: 46025 | BQ26: 46025 | BS26: 46025 | BU26: 46025 | BW26: 46025 | BY26: 46025 | CA26: 46025 | CC26: 46025 | CE26: 46025 | CG26: 46025 | CI26: 46025 | CK26: 46025 | CM26: 46025 | CO26: 46025 | CQ26: 46025 | CS26: 46025 | CU26: 46025 | CW26: 46025 | CY26: 46025 | DA26: 46025 | DC26: 46025 | DE26: 46025 | DG26: 46025 | DI26: 46025 | DK26: 46025 | DM26: 46025 | DO26: 46025 | DQ26: 46025 | DS26: 46025 | DU26: 46025 | DW26: 46025 | DY26: 46025
A27: 46025 | G27: 46024 | I27: 46024 | J27: 9036.57 | K27: 46024 | M27: 46024 | N27: 29349.81 | O27: 46024 | P27: 4656.12 | Q27: 46024 | R27: 1669.76 | S27: 46024 | T27: 6135.06 | U27: 46024 | W27: 46024 | Y27: 46024 | AA27: 46024 | AB27: 26338.47 | AC27: 46024 | AD27: 9168.99 | AE27: 46024 | AF27: 8748.13 | AG27: 46024 | AI27: 46024 | AJ27: 85762.01 | AK27: 46024 | AM27: 46024 | AN27: 179034.93 | AO27: 46024 | AP27: 5939.38 | AQ27: 46024 | AR27: 6114.03 | AS27: 46024 | AT27: 9431.03 | AU27: 46024 | AV27: 10785.36 | AW27: 46024 | AX27: 3598.01 | AY27: 46024 | AZ27: 10364.03 | BA27: 46024 | BC27: 46024 | BE27: 46024 | BF27: 11498.38 | BG27: 46024 | BH27: 1617.12 | BI27: 46024 | BJ27: 1952.5 | BK27: 46024 | BL27: 17492.4 | BM27: 46024 | BN27: 5112.5 | BO27: 46024 | BQ27: 46024 | BR27: 24539.34 | BS27: 46024 | BT27: 9951.14 | BU27: 46024 | BV27: 1041.84 | BW27: 46024 | BX27: 967.59 | BY27: 46024 | BZ27: 8195.21 | CA27: 46024 | CB27: 2158.04 | CC27: 46024 | CD27: 45374.03 | CE27: 46024 | CF27: 120181 | CG27: 46024 | CH27: 8400.46 | CI27: 46024 | CJ27: 5351.75 | CK27: 46024 | CL27: 925.61 | CM27: 46024 | CO27: 46024 | CP27: 5736.62 | CQ27: 46024 | CS27: 46024 | CT27: 13145.49 | CU27: 46024 | CV27: 40898.15 | CW27: 46024 | CX27: 1835.33 | CY27: 46024 | CZ27: 2700.62 | DA27: 46024 | DB27: 5850.38 | DC27: 46024 | DD27: 2376.39 | DE27: 46024 | DF27: 52467.93 | DG27: 46024 | DH27: 160538.69 | DI27: 46024 | DJ27: 3126292.2 | DK27: 46024 | DL27: 34937.73 | DM27: 46024 | DN27: 31883.37 | DO27: 46024 | DP27: 48382.39 | DQ27: 46024 | DR27: 23235.63 | DS27: 46024 | DT27: 6858.47 | DU27: 46024 | DV27: 64141.36 | DW27: 46024 | DX27: 2230.81 | DY27: 46024 | DZ27: 2069.02
A28: 46024 | G28: 46023 | I28: 46023 | K28: 46023 | M28: 46023 | O28: 46023 | Q28: 46023 | S28: 46023 | U28: 46023 | W28: 46023 | Y28: 46023 | AA28: 46023 | AC28: 46023 | AE28: 46023 | AG28: 46023 | AI28: 46023 | AJ28: 85188.6 | AK28: 46023 | AM28: 46023 | AN28: 176355.49 | AO28: 46023 | AP28: 5895.83 | AQ28: 46023 | AS28: 46023 | AU28: 46023 | AW28: 46023 | AY28: 46023 | AZ28: 10549.08 | BA28: 46023 | BB28: 3733.08 | BC28: 46023 | BE28: 46023 | BG28: 46023 | BI28: 46023 | BK28: 46023 | BM28: 46023 | BO28: 46023 | BQ28: 46023 | BS28: 46023 | BU28: 46023 | BW28: 46023 | BY28: 46023 | CA28: 46023 | CC28: 46023 | CE28: 46023 | CG28: 46023 | CI28: 46023 | CK28: 46023 | CM28: 46023 | CO28: 46023 | CQ28: 46023 | CS28: 46023 | CU28: 46023 | CW28: 46023 | CY28: 46023 | DA28: 46023 | DC28: 46023 | DE28: 46023 | DG28: 46023 | DI28: 46023 | DK28: 46023 | DM28: 46023 | DO28: 46023 | DQ28: 46023 | DS28: 46023 | DU28: 46023 | DW28: 46023 | DY28: 46023
A29: 46023 | G29: 46022 | H29: 1784.49 | I29: 46022 | J29: 9018.79 | K29: 46022 | M29: 46022 | N29: 28963.6 | O29: 46022 | P29: 4646.21 | Q29: 46022 | R29: 1680.11 | S29: 46022 | U29: 46022 | V29: 3968.84 | W29: 46022 | X29: 2530.96 | Y29: 46022 | Z29: 4629.94 | AA29: 46022 | AB29: 25630.54 | AC29: 46022 | AD29: 8913.68 | AE29: 46022 | AG29: 46022 | AI29: 46022 | AJ29: 85220.6 | AK29: 46022 | AL29: 1784.49 | AM29: 46022 | AN29: 174054.32 | AO29: 46022 | AP29: 5866.8 | AQ29: 46022 | AR29: 6047.09 | AS29: 46022 | AT29: 9498.31 | AU29: 46022 | AV29: 10762.51 | AW29: 46022 | AX29: 3611.62 | AY29: 46022 | AZ29: 10490.69 | BA29: 46022 | BB29: 3663.54 | BC29: 46022 | BE29: 46022 | BF29: 11261.52 | BG29: 46022 | BI29: 46022 | BK29: 46022 | BL29: 17307.8 | BM29: 46022 | BN29: 5078.43 | BO29: 46022 | BQ29: 46022 | BS29: 46022 | BT29: 9931.38 | BU29: 46022 | BW29: 46022 | BX29: 951.29 | BY29: 46022 | BZ29: 8149.5 | CA29: 46022 | CB29: 2120.71 | CC29: 46022 | CE29: 46022 | CG29: 46022 | CH29: 8263.65 | CI29: 46022 | CK29: 46022 | CM29: 46022 | CO29: 46022 | CQ29: 46022 | CS29: 46022 | CT29: 13099.35 | CU29: 46022 | CV29: 41828.97 | CW29: 46022 | CX29: 1795.46 | CY29: 46022 | DA29: 46022 | DB29: 5791.41 | DC29: 46022 | DD29: 2360.16 | DE29: 46022 | DG29: 46022 | DI29: 46022 | DK29: 46022 | DL29: 34937.73 | DM29: 46022 | DN29: 31712.76 | DO29: 46022 | DP29: 48063.29 | DQ29: 46022 | DR29: 23241.99 | DS29: 46022 | DT29: 6845.5 | DU29: 46022 | DV29: 64308.29 | DW29: 46022 | DY29: 46022
A30: 46022 | B30: 1784.49 | G30: 46021 | H30: 1766.9 | I30: 46021 | J30: 9022.37 | K30: 46021 | L30: 50339.48 | M30: 46021 | N30: 28707.13 | O30: 46021 | P30: 4655.38 | Q30: 46021 | R30: 1684.53 | S30: 46021 | U30: 46021 | V30: 3965.12 | W30: 46021 | X30: 2538.69 | Y30: 46021 | Z30: 4651.28 | AA30: 46021 | AB30: 25854.6 | AC30: 46021 | AD30: 8991.02 | AE30: 46021 | AF30: 8646.94 | AG30: 46021 | AH30: 1259.67 | AI30: 46021 | AJ30: 84675.08 | AK30: 46021 | AL30: 1766.9 | AM30: 46021 | AN30: 174472.8 | AO30: 46021 | AP30: 5860.38 | AQ30: 46021 | AR30: 6014.95 | AS30: 46021 | AT30: 9443.53 | AU30: 46021 | AV30: 10793.58 | AW30: 46021 | AX30: 3610.65 | AY30: 46021 | AZ30: 10381.51 | BA30: 46021 | BB30: 3690.79 | BC30: 46021 | BD30: 1114.13 | BE30: 46021 | BF30: 11220.17 | BG30: 46021 | BH30: 1608.14 | BI30: 46021 | BJ30: 1941.42 | BK30: 46021 | BL30: 17354.9 | BM30: 46021 | BN30: 5077.71 | BO30: 46021 | BP30: 13267.48 | BQ30: 46021 | BR30: 24490.41 | BS30: 46021 | BT30: 9940.71 | BU30: 46021 | BV30: 1045.68 | BW30: 46021 | BX30: 951.27 | BY30: 46021 | BZ30: 8168.15 | CA30: 46021 | CB30: 2120.82 | CC30: 46021 | CD30: 44944.54 | CE30: 46021 | CF30: 117240.2 | CG30: 46021 | CH30: 8263.79 | CI30: 46021 | CJ30: 5326.33 | CK30: 46021 | CL30: 925.61 | CM30: 46021 | CO30: 46021 | CP30: 5703.53 | CQ30: 46021 | CR30: 111031.8 | CS30: 46021 | CT30: 13126.07 | CU30: 46021 | CV30: 41689.96 | CW30: 46021 | CX30: 1788.67 | CY30: 46021 | CZ30: 2685.65 | DA30: 46021 | DB30: 5796.22 | DC30: 46021 | DD30: 2361.78 | DE30: 46021 | DF30: 52725.49 | DG30: 46021 | DH30: 161125.37 | DI30: 46021 | DJ30: 3051616.8 | DK30: 46021 | DL30: 34937.73 | DM30: 46021 | DN30: 31866.26 | DO30: 46021 | DP30: 48367.06 | DQ30: 46021 | DR30: 23419.08 | DS30: 46021 | DT30: 6896.24 | DU30: 46021 | DV30: 64366.7 | DW30: 46021 | DX30: 2082.26 | DY30: 46021 | DZ30: 2068.01
A31: 46021 | B31: 1766.9 | G31: 46020 | H31: 1754.84 | I31: 46020 | J31: 9032.05 | K31: 46020 | L31: 50526.92 | M31: 46020 | N31: 28810.89 | O31: 46020 | P31: 4633.64 | Q31: 46020 | R31: 1680.99 | S31: 46020 | T31: 6052.92 | U31: 46020 | V31: 3965.28 | W31: 46020 | X31: 2533.64 | Y31: 46020 | Z31: 4639.37 | AA31: 46020 | AB31: 25635.23 | AC31: 46020 | AD31: 8891.71 | AE31: 46020 | AF31: 8644.26 | AG31: 46020 | AH31: 1254.03 | AI31: 46020 | AJ31: 84695.54 | AK31: 46020 | AL31: 1754.84 | AM31: 46020 | AN31: 173896.34 | AO31: 46020 | AP31: 5896.41 | AQ31: 46020 | AR31: 6137.33 | AS31: 46020 | AT31: 9567.31 | AU31: 46020 | AV31: 10798.14 | AW31: 46020 | AX31: 3622.86 | AY31: 46020 | AZ31: 10489.65 | BA31: 46020 | BB31: 3653.65 | BC31: 46020 | BD31: 1115.35 | BE31: 46020 | BF31: 11150.9 | BG31: 46020 | BH31: 1611.19 | BI31: 46020 | BJ31: 1926.82 | BK31: 46020 | BL31: 17195.8 | BM31: 46020 | BN31: 5054.48 | BO31: 46020 | BP31: 13240.59 | BQ31: 46020 | BR31: 24351.12 | BS31: 46020 | BT31: 9866.53 | BU31: 46020 | BV31: 1040.24 | BW31: 46020 | BX31: 946.16 | BY31: 46020 | BZ31: 8112.02 | CA31: 46020 | CB31: 2123.51 | CC31: 46020 | CD31: 44436.01 | CE31: 46020 | CF31: 116600.2 | CG31: 46020 | CH31: 8185.83 | CI31: 46020 | CJ31: 5247.96 | CK31: 46020 | CL31: 925.39 | CM31: 46020 | CO31: 46020 | CP31: 5667.68 | CQ31: 46020 | CR31: 110953.4 | CS31: 46020 | CT31: 13039.25 | CU31: 46020 | CV31: 41731.68 | CW31: 46020 | CX31: 1772.12 | CY31: 46020 | CZ31: 2664.86 | DA31: 46020 | DB31: 5751.71 | DC31: 46020 | DD31: 2347.91 | DE31: 46020 | DF31: 52893.31 | DG31: 46020 | DH31: 160490.3 | DI31: 46020 | DJ31: 3100074.5 | DK31: 46020 | DL31: 34937.73 | DM31: 46020 | DN31: 31896.59 | DO31: 46020 | DP31: 48461.93 | DQ31: 46020 | DR31: 23474.35 | DS31: 46020 | DT31: 6905.74 | DU31: 46020 | DV31: 65347.08 | DW31: 46020 | DX31: 1969.02 | DY31: 46020 | DZ31: 2108.15
A32: 46020 | B32: 1754.84 | G32: 46019 | I32: 46019 | K32: 46019 | M32: 46019 | O32: 46019 | Q32: 46019 | S32: 46019 | U32: 46019 | W32: 46019 | Y32: 46019 | AA32: 46019 | AC32: 46019 | AE32: 46019 | AG32: 46019 | AI32: 46019 | AK32: 46019 | AM32: 46019 | AO32: 46019 | AQ32: 46019 | AS32: 46019 | AU32: 46019 | AW32: 46019 | AY32: 46019 | BA32: 46019 | BC32: 46019 | BE32: 46019 | BG32: 46019 | BI32: 46019 | BK32: 46019 | BM32: 46019 | BO32: 46019 | BQ32: 46019 | BS32: 46019 | BU32: 46019 | BW32: 46019 | BY32: 46019 | CA32: 46019 | CC32: 46019 | CE32: 46019 | CG32: 46019 | CI32: 46019 | CK32: 46019 | CM32: 46019 | CO32: 46019 | CQ32: 46019 | CS32: 46019 | CU32: 46019 | CW32: 46019 | CY32: 46019 | DA32: 46019 | DC32: 46019 | DE32: 46019 | DG32: 46019 | DI32: 46019 | DK32: 46019 | DM32: 46019 | DO32: 46019 | DQ32: 46019 | DS32: 46019 | DU32: 46019 | DW32: 46019 | DY32: 46019
A33: 46019 | G33: 46018 | I33: 46018 | K33: 46018 | M33: 46018 | O33: 46018 | Q33: 46018 | S33: 46018 | U33: 46018 | W33: 46018 | Y33: 46018 | AA33: 46018 | AC33: 46018 | AE33: 46018 | AG33: 46018 | AI33: 46018 | AK33: 46018 | AM33: 46018 | AO33: 46018 | AQ33: 46018 | AS33: 46018 | AU33: 46018 | AW33: 46018 | AY33: 46018 | BA33: 46018 | BC33: 46018 | BE33: 46018 | BG33: 46018 | BI33: 46018 | BK33: 46018 | BM33: 46018 | BO33: 46018 | BQ33: 46018 | BS33: 46018 | BU33: 46018 | BW33: 46018 | BY33: 46018 | CA33: 46018 | CC33: 46018 | CE33: 46018 | CG33: 46018 | CI33: 46018 | CK33: 46018 | CM33: 46018 | CO33: 46018 | CQ33: 46018 | CS33: 46018 | CU33: 46018 | CW33: 46018 | CY33: 46018 | DA33: 46018 | DC33: 46018 | DE33: 46018 | DG33: 46018 | DI33: 46018 | DK33: 46018 | DM33: 46018 | DO33: 46018 | DQ33: 46018 | DS33: 46018 | DU33: 46018 | DW33: 46018 | DY33: 46018
A34: 46018 | G34: 46017 | H34: 1729.8 | I34: 46017 | K34: 46017 | L34: 50750.39 | M34: 46017 | N34: 28556.02 | O34: 46017 | P34: 4636.15 | Q34: 46017 | R34: 1677.1 | S34: 46017 | T34: 6065.64 | U34: 46017 | V34: 3963.68 | W34: 46017 | X34: 2541.94 | Y34: 46017 | Z34: 4657.24 | AA34: 46017 | AC34: 46017 | AE34: 46017 | AG34: 46017 | AH34: 1259.25 | AI34: 46017 | AJ34: 85041.45 | AK34: 46017 | AL34: 1729.8 | AM34: 46017 | AN34: 172400.73 | AO34: 46017 | AP34: 5940.46 | AQ34: 46017 | AR34: 6134.23 | AS34: 46017 | AT34: 9591.48 | AU34: 46017 | AV34: 10763.27 | AW34: 46017 | AX34: 3600.45 | AY34: 46017 | AZ34: 10416.65 | BA34: 46017 | BB34: 3647.25 | BC34: 46017 | BD34: 1117.04 | BE34: 46017 | BF34: 11294.37 | BG34: 46017 | BI34: 46017 | BK34: 46017 | BM34: 46017 | BO34: 46017 | BQ34: 46017 | BS34: 46017 | BU34: 46017 | BW34: 46017 | BY34: 46017 | CA34: 46017 | CC34: 46017 | CE34: 46017 | CG34: 46017 | CI34: 46017 | CK34: 46017 | CM34: 46017 | CO34: 46017 | CQ34: 46017 | CS34: 46017 | CU34: 46017 | CV34: 41604.74 | CW34: 46017 | CY34: 46017 | DA34: 46017 | DC34: 46017 | DE34: 46017 | DF34: 52707.48 | DG34: 46017 | DH34: 160896.64 | DI34: 46017 | DJ34: 3112379.8 | DK34: 46017 | DL34: 34937.73 | DM34: 46017 | DO34: 46017 | DP34: 48710.97 | DQ34: 46017 | DR34: 23593.1 | DS34: 46017 | DT34: 6929.94 | DU34: 46017 | DV34: 65636.36 | DW34: 46017 | DX34: 1605.73 | DY34: 46017 | DZ34: 2081.58
A35: 46017 | B35: 1729.8 | G35: 46016 | H35: 1742.85 | I35: 46016 | K35: 46016 | L35: 50407.79 | M35: 46016 | O35: 46016 | Q35: 46016 | S35: 46016 | U35: 46016 | V35: 3959.62 | W35: 46016 | X35: 2533.83 | Y35: 46016 | Z35: 4642.54 | AA35: 46016 | AC35: 46016 | AE35: 46016 | AG35: 46016 | AH35: 1264.77 | AI35: 46016 | AK35: 46016 | AL35: 1742.85 | AM35: 46016 | AO35: 46016 | AP35: 5956.33 | AQ35: 46016 | AR35: 6141.6 | AS35: 46016 | AT35: 9595.75 | AU35: 46016 | AV35: 10801.22 | AW35: 46016 | AY35: 46016 | AZ35: 10526.09 | BA35: 46016 | BB35: 3626.88 | BC35: 46016 | BD35: 1097.79 | BE35: 46016 | BF35: 11336.18 | BG35: 46016 | BI35: 46016 | BK35: 46016 | BM35: 46016 | BO35: 46016 | BQ35: 46016 | BS35: 46016 | BU35: 46016 | BW35: 46016 | BY35: 46016 | CA35: 46016 | CC35: 46016 | CE35: 46016 | CG35: 46016 | CI35: 46016 | CK35: 46016 | CM35: 46016 | CO35: 46016 | CQ35: 46016 | CS35: 46016 | CU35: 46016 | CV35: 41253.02 | CW35: 46016 | CY35: 46016 | DA35: 46016 | DC35: 46016 | DE35: 46016 | DG35: 46016 | DI35: 46016 | DK35: 46016 | DM35: 46016 | DO35: 46016 | DQ35: 46016 | DS35: 46016 | DU35: 46016 | DW35: 46016 | DY35: 46016
A36: 46016 | B36: 1742.85 | G36: 46015 | H36: 1782.82 | I36: 46015 | J36: 9068.96 | K36: 46015 | L36: 50344.1 | M36: 46015 | N36: 28371.98 | O36: 46015 | P36: 4636.34 | Q36: 46015 | R36: 1678.31 | S36: 46015 | U36: 46015 | V36: 3940.95 | W36: 46015 | X36: 2517.98 | Y36: 46015 | Z36: 4634.06 | AA36: 46015 | AB36: 25818.93 | AC36: 46015 | AD36: 8915.12 | AE36: 46015 | AF36: 8537.91 | AG36: 46015 | AH36: 1275.33 | AI36: 46015 | AJ36: 85408.7 | AK36: 46015 | AL36: 1782.82 | AM36: 46015 | AN36: 170830.22 | AO36: 46015 | AP36: 5944.8 | AQ36: 46015 | AR36: 6164.03 | AS36: 46015 | AT36: 9578.9 | AU36: 46015 | AV36: 10837.61 | AW36: 46015 | AX36: 3565.81 | AY36: 46015 | AZ36: 10540.72 | BA36: 46015 | BB36: 3740.91 | BC36: 46015 | BD36: 1092.43 | BE36: 46015 | BF36: 11340.1 | BG36: 46015 | BI36: 46015 | BK36: 46015 | BL36: 17172.9 | BM36: 46015 | BN36: 5040.37 | BO36: 46015 | BQ36: 46015 | BS36: 46015 | BT36: 9870.68 | BU36: 46015 | BW36: 46015 | BX36: 941.37 | BY36: 46015 | BZ36: 8103.58 | CA36: 46015 | CC36: 46015 | CE36: 46015 | CG36: 46015 | CH36: 8183.11 | CI36: 46015 | CK36: 46015 | CM36: 46015 | CO36: 46015 | CQ36: 46015 | CS36: 46015 | CT36: 13037.23 | CU36: 46015 | CV36: 41508.31 | CW36: 46015 | CX36: 1760.16 | CY36: 46015 | DA36: 46015 | DB36: 5746.24 | DC36: 46015 | DD36: 2345.98 | DE36: 46015 | DF36: 52238.33 | DG36: 46015 | DI36: 46015 | DJ36: 3121145 | DK36: 46015 | DL36: 34937.73 | DM36: 46015 | DN36: 31999.76 | DO36: 46015 | DP36: 48731.16 | DQ36: 46015 | DR36: 23613.31 | DS36: 46015 | DT36: 6932.05 | DU36: 46015 | DV36: 65616.43 | DW36: 46015 | DY36: 46015 | DZ36: 2081.4
A37: 46015 | B37: 1782.82 | G37: 46014 | H37: 1772.15 | I37: 46014 | J37: 9096.18 | K37: 46014 | L37: 50412.87 | M37: 46014 | N37: 28310.47 | O37: 46014 | P37: 4638.97 | Q37: 46014 | R37: 1676.64 | S37: 46014 | T37: 6041.91 | U37: 46014 | V37: 3919.98 | W37: 46014 | X37: 2492.11 | Y37: 46014 | Z37: 4620.73 | AA37: 46014 | AB37: 25774.14 | AC37: 46014 | AD37: 8913.83 | AE37: 46014 | AF37: 8584.78 | AG37: 46014 | AH37: 1271.11 | AI37: 46014 | AJ37: 85524.84 | AK37: 46014 | AL37: 1772.15 | AM37: 46014 | AN37: 171073.73 | AO37: 46014 | AP37: 5947.76 | AQ37: 46014 | AR37: 6161.84 | AS37: 46014 | AT37: 9602.63 | AU37: 46014 | AV37: 10823.86 | AW37: 46014 | AX37: 3545.12 | AY37: 46014 | AZ37: 10595.85 | BA37: 46014 | BB37: 3727.87 | BC37: 46014 | BD37: 1092.52 | BE37: 46014 | BF37: 11290.36 | BG37: 46014 | BH37: 1614.74 | BI37: 46014 | BJ37: 1912.86 | BK37: 46014 | BL37: 17182.8 | BM37: 46014 | BN37: 5057.49 | BO37: 46014 | BP37: 13242.8 | BQ37: 46014 | BR37: 24340.06 | BS37: 46014 | BT37: 9889.22 | BU37: 46014 | BV37: 1033.3 | BW37: 46014 | BX37: 942.26 | BY37: 46014 | BZ37: 8103.85 | CA37: 46014 | CB37: 2127.79 | CC37: 46014 | CD37: 44606.58 | CE37: 46014 | CF37: 116148.7 | CG37: 46014 | CH37: 8169.2 | CI37: 46014 | CJ37: 5247.21 | CK37: 46014 | CL37: 930.44 | CM37: 46014 | CO37: 46014 | CP37: 5625.93 | CQ37: 46014 | CR37: 111047 | CS37: 46014 | CT37: 13044.25 | CU37: 46014 | CV37: 41419.32 | CW37: 46014 | CX37: 1741.83 | CY37: 46014 | CZ37: 2672.24 | DA37: 46014 | DB37: 5749.28 | DC37: 46014 | DD37: 2346.87 | DE37: 46014 | DF37: 52310.69 | DG37: 46014 | DH37: 160455.83 | DI37: 46014 | DJ37: 3114970.2 | DK37: 46014 | DL37: 34937.73 | DM37: 46014 | DN37: 32058.73 | DO37: 46014 | DP37: 48442.41 | DQ37: 46014 | DR37: 23561.84 | DS37: 46014 | DT37: 6909.79 | DU37: 46014 | DV37: 65595.41 | DW37: 46014 | DX37: 1554.83 | DY37: 46014 | DZ37: 2075.32
A38: 46014 | B38: 1772.15 | G38: 46013 | H38: 1751.03 | I38: 46013 | J38: 9000.73 | K38: 46013 | L38: 50402.39 | M38: 46013 | N38: 28149.64 | O38: 46013 | P38: 4610.29 | Q38: 46013 | R38: 1671.29 | S38: 46013 | T38: 6041.26 | U38: 46013 | V38: 3917.36 | W38: 46013 | X38: 2492.7 | Y38: 46013 | Z38: 4611.62 | AA38: 46013 | AB38: 25801.77 | AC38: 46013 | AD38: 8939.68 | AE38: 46013 | AF38: 8645.84 | AG38: 46013 | AH38: 1269.68 | AI38: 46013 | AJ38: 85567.48 | AK38: 46013 | AL38: 1751.03 | AM38: 46013 | AN38: 171204.18 | AO38: 46013 | AP38: 5944.34 | AQ38: 46013 | AR38: 6157.9 | AS38: 46013 | AT38: 9567.97 | AU38: 46013 | AV38: 10801.39 | AW38: 46013 | AX38: 3530.68 | AY38: 46013 | AZ38: 10552.26 | BA38: 46013 | BB38: 3723.24 | BC38: 46013 | BD38: 1078.73 | BE38: 46013 | BF38: 11311.06 | BG38: 46013 | BH38: 1551.67 | BI38: 46013 | BJ38: 1907.07 | BK38: 46013 | BL38: 17158 | BM38: 46013 | BN38: 5056.04 | BO38: 46013 | BP38: 13163.66 | BQ38: 46013 | BR38: 24283.97 | BS38: 46013 | BT38: 9865.97 | BU38: 46013 | BV38: 1031.67 | BW38: 46013 | BX38: 942.7 | BY38: 46013 | BZ38: 8121.07 | CA38: 46013 | CB38: 2127.2 | CC38: 46013 | CD38: 44593.6 | CE38: 46013 | CF38: 116571.8 | CG38: 46013 | CH38: 8191.21 | CI38: 46013 | CJ38: 5239.39 | CK38: 46013 | CL38: 928.35 | CM38: 46013 | CN38: 1156.43 | CO38: 46013 | CP38: 5608.05 | CQ38: 46013 | CR38: 110891 | CS38: 46013 | CT38: 13088.89 | CU38: 46013 | CV38: 41102.76 | CW38: 46013 | CX38: 1737.17 | CY38: 46013 | CZ38: 2666.09 | DA38: 46013 | DB38: 5743.69 | DC38: 46013 | DD38: 2338.05 | DE38: 46013 | DF38: 52224.5 | DG38: 46013 | DH38: 158141.65 | DI38: 46013 | DJ38: 3136089.8 | DK38: 46013 | DL38: 34937.73 | DM38: 46013 | DN38: 32000.1 | DO38: 46013 | DP38: 48362.68 | DQ38: 46013 | DR38: 23428.83 | DS38: 46013 | DT38: 6878.49 | DU38: 46013 | DV38: 64813.71 | DW38: 46013 | DX38: 1548.78 | DY38: 46013 | DZ38: 2056.64
A39: 46013 | B39: 1751.03 | G39: 46012 | I39: 46012 | K39: 46012 | M39: 46012 | O39: 46012 | Q39: 46012 | S39: 46012 | U39: 46012 | W39: 46012 | Y39: 46012 | AA39: 46012 | AC39: 46012 | AE39: 46012 | AG39: 46012 | AI39: 46012 | AK39: 46012 | AM39: 46012 | AO39: 46012 | AQ39: 46012 | AS39: 46012 | AU39: 46012 | AW39: 46012 | AY39: 46012 | BA39: 46012 | BC39: 46012 | BE39: 46012 | BG39: 46012 | BI39: 46012 | BK39: 46012 | BM39: 46012 | BO39: 46012 | BQ39: 46012 | BS39: 46012 | BU39: 46012 | BW39: 46012 | BY39: 46012 | CA39: 46012 | CC39: 46012 | CE39: 46012 | CG39: 46012 | CI39: 46012 | CK39: 46012 | CM39: 46012 | CO39: 46012 | CQ39: 46012 | CS39: 46012 | CU39: 46012 | CW39: 46012 | CY39: 46012 | DA39: 46012 | DC39: 46012 | DE39: 46012 | DG39: 46012 | DI39: 46012 | DK39: 46012 | DM39: 46012 | DO39: 46012 | DQ39: 46012 | DS39: 46012 | DU39: 46012 | DW39: 46012 | DY39: 46012
A40: 46012 | G40: 46011 | I40: 46011 | K40: 46011 | M40: 46011 | O40: 46011 | Q40: 46011 | S40: 46011 | U40: 46011 | W40: 46011 | Y40: 46011 | AA40: 46011 | AC40: 46011 | AE40: 46011 | AG40: 46011 | AI40: 46011 | AK40: 46011 | AM40: 46011 | AO40: 46011 | AQ40: 46011 | AS40: 46011 | AU40: 46011 | AW40: 46011 | AY40: 46011 | BA40: 46011 | BC40: 46011 | BE40: 46011 | BG40: 46011 | BI40: 46011 | BK40: 46011 | BM40: 46011 | BO40: 46011 | BQ40: 46011 | BS40: 46011 | BU40: 46011 | BW40: 46011 | BY40: 46011 | CA40: 46011 | CC40: 46011 | CE40: 46011 | CG40: 46011 | CI40: 46011 | CK40: 46011 | CM40: 46011 | CO40: 46011 | CQ40: 46011 | CS40: 46011 | CU40: 46011 | CW40: 46011 | CY40: 46011 | DA40: 46011 | DC40: 46011 | DE40: 46011 | DG40: 46011 | DI40: 46011 | DK40: 46011 | DM40: 46011 | DO40: 46011 | DQ40: 46011 | DS40: 46011 | DU40: 46011 | DW40: 46011 | DY40: 46011
A41: 46011 | G41: 46010 | H41: 1704.31 | I41: 46010 | J41: 8918.26 | K41: 46010 | L41: 49507.21 | M41: 46010 | N41: 27696.35 | O41: 46010 | P41: 4569.78 | Q41: 46010 | R41: 1665.9 | S41: 46010 | T41: 5920.87 | U41: 46010 | V41: 3890.45 | W41: 46010 | X41: 2464.89 | Y41: 46010 | Z41: 4568.18 | AA41: 46010 | AB41: 25690.53 | AC41: 46010 | AD41: 8901.23 | AE41: 46010 | AF41: 8609.55 | AG41: 46010 | AH41: 1252.19 | AI41: 46010 | AJ41: 84929.36 | AK41: 46010 | AL41: 1704.31 | AM41: 46010 | AN41: 171404.49 | AO41: 46010 | AP41: 5958.69 | AQ41: 46010 | AR41: 6114.32 | AS41: 46010 | AT41: 9562.75 | AU41: 46010 | AV41: 10716.39 | AW41: 46010 | AX41: 3506.13 | AY41: 46010 | AZ41: 10484.59 | BA41: 46010 | BB41: 3704.38 | BC41: 46010 | BD41: 1070.5 | BE41: 46010 | BF41: 11341.9 | BG41: 46010 | BH41: 1572.94 | BI41: 46010 | BJ41: 1903.27 | BK41: 46010 | BL41: 17169.8 | BM41: 46010 | BN41: 5074.52 | BO41: 46010 | BP41: 13171.85 | BQ41: 46010 | BR41: 24288.4 | BS41: 46010 | BT41: 9897.42 | BU41: 46010 | BV41: 1029.09 | BW41: 46010 | BX41: 944.59 | BY41: 46010 | BZ41: 8151.38 | CA41: 46010 | CB41: 2112.46 | CC41: 46010 | CD41: 44757.55 | CE41: 46010 | CF41: 115547.9 | CG41: 46010 | CH41: 8211.61 | CI41: 46010 | CJ41: 5234.55 | CK41: 46010 | CL41: 933.5 | CM41: 46010 | CN41: 1148.45 | CO41: 46010 | CP41: 5588.31 | CQ41: 46010 | CR41: 110405.7 | CS41: 46010 | CT41: 13105.03 | CU41: 46010 | CV41: 41348.38 | CW41: 46010 | CX41: 1738.93 | CY41: 46010 | CZ41: 2654.25 | DA41: 46010 | DB41: 5760.35 | DC41: 46010 | DD41: 2342.27 | DE41: 46010 | DF41: 51813.89 | DG41: 46010 | DH41: 158473.02 | DI41: 46010 | DJ41: 3139466.8 | DK41: 46010 | DL41: 34937.73 | DM41: 46010 | DN41: 31755.77 | DO41: 46010 | DP41: 48134.89 | DQ41: 46010 | DR41: 23307.62 | DS41: 46010 | DT41: 6834.5 | DU41: 46010 | DV41: 63966.98 | DW41: 46010 | DX41: 1565.28 | DY41: 46010 | DZ41: 2048.99
A42: 46010 | B42: 1704.31 | G42: 46009 | H42: 1676.98 | I42: 46009 | J42: 8875.7 | K42: 46009 | L42: 49001.5 | M42: 46009 | N42: 27468.53 | O42: 46009 | P42: 4570.61 | Q42: 46009 | R42: 1646.9 | S42: 46009 | T42: 6031.48 | U42: 46009 | V42: 3876.37 | W42: 46009 | X42: 2440.86 | Y42: 46009 | Z42: 4552.79 | AA42: 46009 | AB42: 25498.13 | AC42: 46009 | AD42: 8841.51 | AE42: 46009 | AF42: 8618.19 | AG42: 46009 | AH42: 1250.07 | AI42: 46009 | AJ42: 84481.81 | AK42: 46009 | AL42: 1676.98 | AM42: 46009 | AN42: 171960.65 | AO42: 46009 | AP42: 5941 | AQ42: 46009 | AR42: 6080.64 | AS42: 46009 | AT42: 9536.45 | AU42: 46009 | AW42: 46009 | AX42: 3482.8 | AY42: 46009 | AZ42: 10450.27 | BA42: 46009 | BB42: 3684.15 | BC42: 46009 | BD42: 1083.69 | BE42: 46009 | BF42: 11335.05 | BG42: 46009 | BH42: 1553.99 | BI42: 46009 | BJ42: 1893.74 | BK42: 46009 | BL42: 17132.6 | BM42: 46009 | BN42: 5054.96 | BO42: 46009 | BP42: 13136.08 | BQ42: 46009 | BR42: 24199.5 | BS42: 46009 | BT42: 9837.77 | BU42: 46009 | BV42: 1026.3 | BW42: 46009 | BX42: 940.05 | BY42: 46009 | BZ42: 8150.64 | CA42: 46009 | CB42: 2100.46 | CC42: 46009 | CD42: 44463.28 | CE42: 46009 | CF42: 114486.44 | CG42: 46009 | CH42: 8128 | CI42: 46009 | CJ42: 5190.2 | CK42: 46009 | CL42: 938.78 | CM42: 46009 | CN42: 1143.28 | CO42: 46009 | CP42: 5572.94 | CQ42: 46009 | CR42: 109547 | CS42: 46009 | CT42: 13076.59 | CU42: 46009 | CV42: 40926.86 | CW42: 46009 | CX42: 1735.67 | CY42: 46009 | CZ42: 2630.76 | DA42: 46009 | DB42: 5741.71 | DC42: 46009 | DD42: 2332.21 | DE42: 46009 | DF42: 51276.11 | DG42: 46009 | DH42: 157923.34 | DI42: 46009 | DJ42: 3163223.8 | DK42: 46009 | DL42: 34937.73 | DM42: 46009 | DN42: 31440.85 | DO42: 46009 | DP42: 47951.85 | DQ42: 46009 | DR42: 23006.36 | DS42: 46009 | DT42: 6774.76 | DU42: 46009 | DV42: 63807.32 | DW42: 46009 | DX42: 1490.59 | DY42: 46009 | DZ42: 2055.1
A43: 46009 | B43: 1676.98 | G43: 46008 | H43: 1673.66 | I43: 46008 | J43: 8874.21 | K43: 46008 | L43: 49512.28 | M43: 46008 | N43: 27525.17 | O43: 46008 | P43: 4575.48 | Q43: 46008 | R43: 1641.44 | S43: 46008 | T43: 6079.02 | U43: 46008 | V43: 3870.28 | W43: 46008 | X43: 2458.15 | Y43: 46008 | Z43: 4579.88 | AA43: 46008 | AB43: 25468.78 | AC43: 46008 | AD43: 8843.57 | AE43: 46008 | AF43: 8677.34 | AG43: 46008 | AH43: 1256.85 | AI43: 46008 | AJ43: 84559.65 | AK43: 46008 | AL43: 1673.66 | AM43: 46008 | AN43: 170313.86 | AO43: 46008 | AP43: 5934.9 | AQ43: 46008 | AR43: 6109.45 | AS43: 46008 | AT43: 9531.13 | AU43: 46008 | AV43: 10654.65 | AW43: 46008 | AX43: 3464.41 | AY43: 46008 | AZ43: 10414.06 | BA43: 46008 | BB43: 3656.22 | BC43: 46008 | BD43: 1081.57 | BE43: 46008 | BF43: 11286.81 | BG43: 46008 | BH43: 1556.43 | BI43: 46008 | BJ43: 1893.32 | BK43: 46008 | BL43: 16938.2 | BM43: 46008 | BN43: 5045.95 | BO43: 46008 | BP43: 13028.62 | BQ43: 46008 | BR43: 23960.59 | BS43: 46008 | BT43: 9774.32 | BU43: 46008 | BV43: 1015.21 | BW43: 46008 | BX43: 929.6 | BY43: 46008 | BZ43: 8086.05 | CA43: 46008 | CB43: 2083.49 | CC43: 46008 | CD43: 44099.48 | CE43: 46008 | CF43: 114381.4 | CG43: 46008 | CH43: 8070.37 | CI43: 46008 | CJ43: 5177.59 | CK43: 46008 | CL43: 938.45 | CM43: 46008 | CN43: 1138.81 | CO43: 46008 | CP43: 5500.08 | CQ43: 46008 | CR43: 108783.4 | CS43: 46008 | CT43: 12989.11 | CU43: 46008 | CV43: 41504.03 | CW43: 46008 | CX43: 1753.78 | CY43: 46008 | CZ43: 2640.7 | DA43: 46008 | DB43: 5681.67 | DC43: 46008 | DD43: 2310.71 | DE43: 46008 | DF43: 50980.82 | DG43: 46008 | DH43: 157327.26 | DI43: 46008 | DJ43: 3035516.8 | DK43: 46008 | DL43: 34937.73 | DM43: 46008 | DN43: 31250.02 | DO43: 46008 | DP43: 47885.97 | DQ43: 46008 | DR43: 22693.32 | DS43: 46008 | DT43: 6721.43 | DU43: 46008 | DV43: 62528.06 | DW43: 46008 | DX43: 1450.57 | DY43: 46008 | DZ43: 2053.25
A44: 46008 | B44: 1673.66 | G44: 46007 | H44: 1679.18 | I44: 46007 | J44: 8880.63 | K44: 46007 | L44: 49383.29 | M44: 46007 | N44: 27536.66 | O44: 46007 | P44: 4579.73 | Q44: 46007 | R44: 1648.31 | S44: 46007 | T44: 6055.68 | U44: 46007 | V44: 3824.81 | W44: 46007 | X44: 2417.61 | Y44: 46007 | Z44: 4497.55 | AA44: 46007 | AB44: 25235.41 | AC44: 46007 | AD44: 8757.93 | AE44: 46007 | AF44: 8686.47 | AG44: 46007 | AH44: 1260.68 | AI44: 46007 | AJ44: 84679.86 | AK44: 46007 | AL44: 1679.18 | AM44: 46007 | AN44: 170447.3 | AO44: 46007 | AP44: 5928.25 | AQ44: 46007 | AR44: 6110.07 | AS44: 46007 | AT44: 9580.2 | AU44: 46007 | AV44: 10726.68 | AW44: 46007 | AX44: 3445.21 | AY44: 46007 | AZ44: 10452.91 | BA44: 46007 | BB44: 3627.95 | BC44: 46007 | BD44: 1100.27 | BE44: 46007 | BF44: 11348.83 | BG44: 46007 | BH44: 1562.59 | BI44: 46007 | BJ44: 1877.29 | BK44: 46007 | BL44: 16921.9 | BM44: 46007 | BN44: 5010.92 | BO44: 46007 | BP44: 13056.74 | BQ44: 46007 | BR44: 24076.87 | BS44: 46007 | BT44: 9684.79 | BU44: 46007 | BV44: 1021.26 | BW44: 46007 | BX44: 935.14 | BY44: 46007 | BZ44: 8106.16 | CA44: 46007 | CB44: 2086.5 | CC44: 46007 | CD44: 43990.48 | CE44: 46007 | CF44: 114246.44 | CG44: 46007 | CH44: 8062.05 | CI44: 46007 | CJ44: 5173.28 | CK44: 46007 | CL44: 937.09 | CM44: 46007 | CN44: 1134.96 | CO44: 46007 | CP44: 5520.15 | CQ44: 46007 | CR44: 109761.8 | CS44: 46007 | CT44: 12998.52 | CU44: 46007 | CV44: 42002.37 | CW44: 46007 | CX44: 1731.04 | CY44: 46007 | CZ44: 2594.49 | DA44: 46007 | DB44: 5717.83 | DC44: 46007 | DD44: 2311.32 | DE44: 46007 | DF44: 51240.42 | DG44: 46007 | DH44: 158577.88 | DI44: 46007 | DJ44: 3034429.2 | DK44: 46007 | DL44: 34937.73 | DM44: 46007 | DN44: 31263.93 | DO44: 46007 | DP44: 48114.26 | DQ44: 46007 | DR44: 23111.46 | DS44: 46007 | DT44: 6800.26 | DU44: 46007 | DV44: 63230.87 | DW44: 46007 | DX44: 1454.66 | DY44: 46007 | DZ44: 2072.02
A45: 46007 | B45: 1679.18

Sheet 코드표
A1: 순서 | B1: 대륙구분 | C1: 국가명 | D1: 지수명 | E1: 코드
A2: 1 | B2: 아시아 | C2: 뉴질랜드 | D2: NZX50 | E2: NZI:NZ50
A3: 2 | B3: 아시아 | C3: 호주 | D3: ALL ORDS | E3: AUI:AORD
A4: 3 | B4: 아시아 | C4: 일본 | D4: NIKKEI225 | E4: NII:NI225
A5: 4 | B5: 아시아 | C5: 대만 | D5: TAIEX | E5: TWS:TI01
A6: 5 | B6: 아시아 | C6: 싱가포르 | D6: STI | E6: SGI:STI
A7: 6 | B7: 아시아 | C7: 말레이시아 | D7: KLCI | E7: MYI:KLSE
A8: 7 | B8: 아시아 | C8: 필리핀 | D8: PSEi | E8: PHI:COMP
A9: 8 | B9: 아시아 | C9: 중국(상해종합) | D9: SSE Composite Shares | E9: SHS:000001
A10: 9 | B10: 아시아 | C10: 중국(심천종합) | D10: Shezhen Composite Index | E10: SZS:399106
A11: 10 | B11: 아시아 | C11: 중국(CSI 300) | D11: CSI 300 | E11: SHS:000300
A12: 11 | B12: 아시아 | C12: 홍콩(항셍) | D12: HSI | E12: HSI:HSI
A13: 12 | B13: 아시아 | C13: 홍콩(항셍 H) | D13: HSI-H | E13: HSI:HSCE
... A63: 62 | B63: 아메리카 | C63: 콜롬비아 | D63: COLUMBIA IGBC | E63: COI:IGBC
