Workbook
Name code_list: BOND!$CK$2:$CK$84
Name name_list: BOND!$CJ$2:$CJ$84

Sheet BOND&IRS_SP
P2: 1 | Q2: 2 | R2: 3 | S2: 4 | T2: 5 | U2: 6 | V2: 7 | W2: 8 | X2: 9 | Y2: 10 | Z2: 11 | AA2: 12
E3: BOND&IRS SPREAD
E5: 주요금리 | F5: 한은 기준금리 | G5: =_xll.IMDP(BOND!$CN$3,BOND!$CO$3,BOND!$CP$3) -> 2.75 | H5: 국고1Y | I5: =_xll.IMDP(BOND!$CN$4,BOND!$CO$4,BOND!$CP$4) -> 2.62 | J5: 통안1Y | K5: =_xll.IMDP(BOND!$CN$7,BOND!$CO$7,BOND!$CP$7) -> 2.63 | L5: IRS 1Y | M5: =_xll.IMDP(BOND!$CN$12,BOND!$CO$12,BOND!$CP$12) -> 2.69
F6: CD금리 | G6: =_xll.IMDP(BOND!$CN$10,BOND!$CO$10,BOND!$CP$10) -> 2.85 | H6: 국고2Y | I6: =_xll.IMDP(BOND!$CN$5,BOND!$CO$5,BOND!$CP$5) -> 2.677 | J6: 통안1.5Y | K6: =_xll.IMDP(BOND!$CN$8,BOND!$CO$8,BOND!$CP$8) -> 2.69 | L6: IRS 2Y | M6: =_xll.IMDP(BOND!$CN$13,BOND!$CO$13,BOND!$CP$13) -> 2.625
C7: 2 | F7: CP금리 | G7: =_xll.IMDP(BOND!$CN$11,BOND!$CO$11,BOND!$CP$11) -> 2.98 | H7: 국고3Y | I7: =_xll.IMDP(BOND!$CN$6,BOND!$CO$6,BOND!$CP$6) -> 2.605 | J7: 통안2Y | K7: =_xll.IMDP(BOND!$CN$9,BOND!$CO$9,BOND!$CP$9) -> 2.668 | L7: IRS 3Y | M7: =_xll.IMDP(BOND!$CN$14,BOND!$CO$14,BOND!$CP$14) -> 2.615
E9: Date | F9: =BOND!$B19 -> 45741 | G9: =BOND!$B20 -> 45740 | H9: =BOND!$B21 -> 45737 | I9: =BOND!$B22 -> 45736 | J9: =BOND!$B23 -> 45735 | K9: =BOND!$B24 -> 45734 | L9: =BOND!$B25 -> 45733 | M9: =BOND!$B26 -> 45730 | N9: =BOND!$B27 -> 45729 | O9: =BOND!$B28 -> 45728
B10: IR | C10: ECO
B11: BONDKSDCAL08 | C11: 68 | E11: CD-한은 기준금리
B12: 대표수익률 | C12: 현재가 | E12: =_xll.IMDP($B$10,$B$11,$B$12,"fill=true")-_xll.IMDP($C$10,$C$11,$C$12,"fill=true") -> 0.1
C13: 1 | E13: 국고채권 | F13: =F$9 -> 45741 | G13: =G$9 -> 45740 | H13: =H$9 -> 45737 | I13: =I$9 -> 45736 | J13: =J$9 -> 45735 | K13: =K$9 -> 45734 | L13: =L$9 -> 45733 | M13: =M$9 -> 45730 | ... O13: =O$9 -> 45728 | P13: 20D | S13: 60D | V13: 120D | Y13: 250D
B14: =INDEX(code_list,$C13,1) -> BONDAVG01 | C14: =INDEX(name_list,$C13,1) -> 국고채권 | P14: Ave | Q14: Min | R14: Max | S14: Ave | T14: Min | U14: Max | V14: Ave | W14: Min | X14: Max | Y14: Ave | Z14: Min | AA14: Max
B15: =_xll.IMDH("IR",$B$14,$C15,$O$9,$F$9,10,"Per=일, sort=D, real=true, Bizday=0, Quote=종가,Pos=40,Orient=H,DtFmt=1.TmFmt=1") -> 조회[BONDAVG01] | C15: 6월이하(당일) | E15: 06M | F15: 2.622 | G15: 2.617 | H15: 2.61 | I15: 2.603 | J15: 2.605 | K15: 2.603 | L15: 2.605 | M15: 2.605 | N15: 2.605 | O15: 2.606 | P15: =IF( INDEX(BOND!$B$2:$CH$13, P$2, MATCH($B$14, BOND!$B$16:$CH$16, 0)+MATCH($C15, BOND!$C$18:$N$18,0) )=0, "", INDEX(BOND!$B$2:$CH$13, P$2, MATCH($B$14, BOND!$B$16:$CH$16, 0)+MATCH($C15, BOND!$C$18:$N$18,0)) ) -> 2.62635 | Q15: =IF( INDEX(BOND!$B$2:$CH$13, Q$2, MATCH($B$14, BOND!$B$16:$CH$16, 0)+MATCH($C15, BOND!$C$18:$N$18,0) )=0, "", INDEX(BOND!$B$2:$CH$13, Q$2, MATCH($B$14, BOND!$B$16:$CH$16, 0)+MATCH($C15, BOND!$C$18:$N$18,0)) ) -> 2.603 | R15: =IF( INDEX(BOND!$B$2:$CH$13, R$2, MATCH($B$14, BOND!$B$16:$CH$16, 0)+MATCH($C15, BOND!$C$18:$N$18,0) )=0, "", INDEX(BOND!$B$2:$CH$13, R$2, MATCH($B$14, BOND!$B$16:$CH$16, 0)+MATCH($C15, BOND!$C$18:$N$18,0)) ) -> 2.666 | S15: =IF( INDEX(BOND!$B$2:$CH$13, S$2, MATCH($B$14, BOND!$B$16:$CH$16, 0)+MATCH($C15, BOND!$C$18:$N$18,0) )=0, "", INDEX(BOND!$B$2:$CH$13, S$2, MATCH($B$14, BOND!$B$16:$CH$16, 0)+MATCH($C15, BOND!$C$18:$N$18,0)) ) -> 2.69985 | T15: =IF( INDEX(BOND!$B$2:$CH$13, T$2, MATCH($B$14, BOND!$B$16:$CH$16, 0)+MATCH($C15, BOND!$C$18:$N$18,0) )=0, "", INDEX(BOND!$B$2:$CH$13, T$2, MATCH($B$14, BOND!$B$16:$CH$16, 0)+MATCH($C15, BOND!$C$18:$N$18,0)) ) -> 2.603 | U15: =IF( INDEX(BOND!$B$2:$CH$13, U$2, MATCH($B$14, BOND!$B$16:$CH$16, 0)+MATCH($C15, BOND!$C$18:$N$18,0) )=0, "", INDEX(BOND!$B$2:$CH$13, U$2, MATCH($B$14, BOND!$B$16:$CH$16, 0)+MATCH($C15, BOND!$C$18:$N$18,0)) ) -> 2.795 | V15: =IF( INDEX(BOND!$B$2:$CH$13, V$2, MATCH($B$14, BOND!$B$16:$CH$16, 0)+MATCH($C15, BOND!$C$18:$N$18,0) )=0, "", INDEX(BOND!$B$2:$CH$13, V$2, MATCH($B$14, BOND!$B$16:$CH$16, 0)+MATCH($C15, BOND!$C$18:$N$18,0)) ) -> 2.8096583 | W15: =IF( INDEX(BOND!$B$2:$CH$13, W$2, MATCH($B$14, BOND!$B$16:$CH$16, 0)+MATCH($C15, BOND!$C$18:$N$18,0) )=0, "", INDEX(BOND!$B$2:$CH$13, W$2, MATCH($B$14, BOND!$B$16:$CH$16, 0)+MATCH($C15, BOND!$C$18:$N$18,0)) ) -> 2.603 | ... AA15: =IF( INDEX(BOND!$B$2:$CH$13, AA$2, MATCH($B$14, BOND!$B$16:$CH$16, 0)+MATCH($C15, BOND!$C$18:$N$18,0) )=0, "", INDEX(BOND!$B$2:$CH$13, AA$2, MATCH($B$14, BOND!$B$16:$CH$16, 0)+MATCH($C15, BOND!$C$18:$N$18,0)) ) -> 3.468
E16: 스프레드 | F16: =IF(F15=0,"",(F15-AD16)*IF($C$7=1,-1,1)) -> -0.1505 | G16: =IF(G15=0,"",(G15-AE16)*IF($C$7=1,-1,1)) -> -0.148 | H16: =IF(H15=0,"",(H15-AF16)*IF($C$7=1,-1,1)) -> -0.1525 | I16: =IF(I15=0,"",(I15-AG16)*IF($C$7=1,-1,1)) -> -0.157 | J16: =IF(J15=0,"",(J15-AH16)*IF($C$7=1,-1,1)) -> -0.1625 | K16: =IF(K15=0,"",(K15-AI16)*IF($C$7=1,-1,1)) -> -0.162 | L16: =IF(L15=0,"",(L15-AJ16)*IF($C$7=1,-1,1)) -> -0.16 | M16: =IF(M15=0,"",(M15-AK16)*IF($C$7=1,-1,1)) -> -0.155 | ... O16: =IF(O15=0,"",(O15-AM16)*IF($C$7=1,-1,1)) -> -0.139 | P16: =IF( P15="", "", (P15 - INDEX(IRS!$B$2:$Y$13, P$2, MATCH($E15,IRS!$B$1:$Y$1, 0)) ) * IF($C$7=1,-1,1) ) -> -0.1394 | Q16: =IF( Q15="", "", (Q15 - INDEX(IRS!$B$2:$Y$13, Q$2, MATCH($E15,IRS!$B$1:$Y$1, 0)) ) * IF($C$7=1,-1,1) ) -> -0.142 | R16: =IF( R15="", "", (R15 - INDEX(IRS!$B$2:$Y$13, R$2, MATCH($E15,IRS!$B$1:$Y$1, 0)) ) * IF($C$7=1,-1,1) ) -> -0.134 | S16: =IF( S15="", "", (S15 - INDEX(IRS!$B$2:$Y$13, S$2, MATCH($E15,IRS!$B$1:$Y$1, 0)) ) * IF($C$7=1,-1,1) ) -> -0.178025 | T16: =IF( T15="", "", (T15 - INDEX(IRS!$B$2:$Y$13, T$2, MATCH($E15,IRS!$B$1:$Y$1, 0)) ) * IF($C$7=1,-1,1) ) -> -0.142 | U16: =IF( U15="", "", (U15 - INDEX(IRS!$B$2:$Y$13, U$2, MATCH($E15,IRS!$B$1:$Y$1, 0)) ) * IF($C$7=1,-1,1) ) -> -0.3925 | V16: =IF( V15="", "", (V15 - INDEX(IRS!$B$2:$Y$13, V$2, MATCH($E15,IRS!$B$1:$Y$1, 0)) ) * IF($C$7=1,-1,1) ) -> -0.2549875 | W16: =IF( W15="", "", (W15 - INDEX(IRS!$B$2:$Y$13, W$2, MATCH($E15,IRS!$B$1:$Y$1, 0)) ) * IF($C$7=1,-1,1) ) -> -0.142 | ... AA16: =IF( AA15="", "", (AA15 - INDEX(IRS!$B$2:$Y$13, AA$2, MATCH($E15,IRS!$B$1:$Y$1, 0)) ) * IF($C$7=1,-1,1) ) -> -0.1695 | AC16: =_xll.IMDH("IR",BOND!$CO15,BOND!$CP15,$O$9,$F$9,10,"Per=일, sort=D, real=true, Bizday=0, Quote=종가,Pos=10,Orient=H,DtFmt=1.TmFmt=1") -> 조회[IRSTP1KRW06M] | AD16: 2.7725 | AE16: 2.765 | AF16: 2.7625 | AG16: 2.76 | AH16: 2.7675 | AI16: 2.765 | AJ16: 2.765 | AK16: 2.76 | AL16: 2.7575 | AM16: 2.745
B17: =_xll.IMDH("IR",$B$14,$C17,$O$9,$F$9,10,"Per=일, sort=D, real=true, Bizday=0, Quote=종가,Pos=40,Orient=H,DtFmt=1.TmFmt=1") -> 조회[BONDAVG01] | C17: 9월이하(당일) | E17: 09M | F17: 2.632 | G17: 2.627 | H17: 2.618 | I17: 2.61 | J17: 2.611 | K17: 2.606 | L17: 2.608 | M17: 2.608 | N17: 2.593 | O17: 2.588 | P17: =IF( INDEX(BOND!$B$2:$CH$13, P$2, MATCH($B$14, BOND!$B$16:$CH$16, 0)+MATCH($C17, BOND!$C$18:$N$18,0) )=0, "", INDEX(BOND!$B$2:$CH$13, P$2, MATCH($B$14, BOND!$B$16:$CH$16, 0)+MATCH($C17, BOND!$C$18:$N$18,0)) ) -> 2.61425 | Q17: =IF( INDEX(BOND!$B$2:$CH$13, Q$2, MATCH($B$14, BOND!$B$16:$CH$16, 0)+MATCH($C17, BOND!$C$18:$N$18,0) )=0, "", INDEX(BOND!$B$2:$CH$13, Q$2, MATCH($B$14, BOND!$B$16:$CH$16, 0)+MATCH($C17, BOND!$C$18:$N$18,0)) ) -> 2.588 | R17: =IF( INDEX(BOND!$B$2:$CH$13, R$2, MATCH($B$14, BOND!$B$16:$CH$16, 0)+MATCH($C17, BOND!$C$18:$N$18,0) )=0, "", INDEX(BOND!$B$2:$CH$13, R$2, MATCH($B$14, BOND!$B$16:$CH$16, 0)+MATCH($C17, BOND!$C$18:$N$18,0)) ) -> 2.632 | S17: =IF( INDEX(BOND!$B$2:$CH$13, S$2, MATCH($B$14, BOND!$B$16:$CH$16, 0)+MATCH($C17, BOND!$C$18:$N$18,0) )=0, "", INDEX(BOND!$B$2:$CH$13, S$2, MATCH($B$14, BOND!$B$16:$CH$16, 0)+MATCH($C17, BOND!$C$18:$N$18,0)) ) -> 2.6387833 | T17: =IF( INDEX(BOND!$B$2:$CH$13, T$2, MATCH($B$14, BOND!$B$16:$CH$16, 0)+MATCH($C17, BOND!$C$18:$N$18,0) )=0, "", INDEX(BOND!$B$2:$CH$13, T$2, MATCH($B$14, BOND!$B$16:$CH$16, 0)+MATCH($C17, BOND!$C$18:$N$18,0)) ) -> 2.588 | U17: =IF( INDEX(BOND!$B$2:$CH$13, U$2, MATCH($B$14, BOND!$B$16:$CH$16, 0)+MATCH($C17, BOND!$C$18:$N$18,0) )=0, "", INDEX(BOND!$B$2:$CH$13, U$2, MATCH($B$14, BOND!$B$16:$CH$16, 0)+MATCH($C17, BOND!$C$18:$N$18,0)) ) -> 2.713 | V17: =IF( INDEX(BOND!$B$2:$CH$13, V$2, MATCH($B$14, BOND!$B$16:$CH$16, 0)+MATCH($C17, BOND!$C$18:$N$18,0) )=0, "", INDEX(BOND!$B$2:$CH$13, V$2, MATCH($B$14, BOND!$B$16:$CH$16, 0)+MATCH($C17, BOND!$C$18:$N$18,0)) ) -> 2.7675 | W17: =IF( INDEX(BOND!$B$2:$CH$13, W$2, MATCH($B$14, BOND!$B$16:$CH$16, 0)+MATCH($C17, BOND!$C$18:$N$18,0) )=0, "", INDEX(BOND!$B$2:$CH$13, W$2, MATCH($B$14, BOND!$B$16:$CH$16, 0)+MATCH($C17, BOND!$C$18:$N$18,0)) ) -> 2.588 | ... AA17: =IF( INDEX(BOND!$B$2:$CH$13, AA$2, MATCH($B$14, BOND!$B$16:$CH$16, 0)+MATCH($C17, BOND!$C$18:$N$18,0) )=0, "", INDEX(BOND!$B$2:$CH$13, AA$2, MATCH($B$14, BOND!$B$16:$CH$16, 0)+MATCH($C17, BOND!$C$18:$N$18,0)) ) -> 3.451
E18: 스프레드 | F18: =IF(F17=0,"",(F17-AD18)*IF($C$7=1,-1,1)) -> -0.0805 | G18: =IF(G17=0,"",(G17-AE18)*IF($C$7=1,-1,1)) -> -0.0755 | H18: =IF(H17=0,"",(H17-AF18)*IF($C$7=1,-1,1)) -> -0.082 | I18: =IF(I17=0,"",(I17-AG18)*IF($C$7=1,-1,1)) -> -0.0875 | J18: =IF(J17=0,"",(J17-AH18)*IF($C$7=1,-1,1)) -> -0.094 | K18: =IF(K17=0,"",(K17-AI18)*IF($C$7=1,-1,1)) -> -0.094 | L18: =IF(L17=0,"",(L17-AJ18)*IF($C$7=1,-1,1)) -> -0.092 | M18: =IF(M17=0,"",(M17-AK18)*IF($C$7=1,-1,1)) -> -0.087 | ... O18: =IF(O17=0,"",(O17-AM18)*IF($C$7=1,-1,1)) -> -0.0845 | P18: =IF( P17="", "", (P17 - INDEX(IRS!$B$2:$Y$13, P$2, MATCH($E17,IRS!$B$1:$Y$1, 0)) ) * IF($C$7=1,-1,1) ) -> -0.08275 | Q18: =IF( Q17="", "", (Q17 - INDEX(IRS!$B$2:$Y$13, Q$2, MATCH($E17,IRS!$B$1:$Y$1, 0)) ) * IF($C$7=1,-1,1) ) -> -0.0845 | R18: =IF( R17="", "", (R17 - INDEX(IRS!$B$2:$Y$13, R$2, MATCH($E17,IRS!$B$1:$Y$1, 0)) ) * IF($C$7=1,-1,1) ) -> -0.098 | S18: =IF( S17="", "", (S17 - INDEX(IRS!$B$2:$Y$13, S$2, MATCH($E17,IRS!$B$1:$Y$1, 0)) ) * IF($C$7=1,-1,1) ) -> -0.14163333 | T18: =IF( T17="", "", (T17 - INDEX(IRS!$B$2:$Y$13, T$2, MATCH($E17,IRS!$B$1:$Y$1, 0)) ) * IF($C$7=1,-1,1) ) -> -0.0845 | U18: =IF( U17="", "", (U17 - INDEX(IRS!$B$2:$Y$13, U$2, MATCH($E17,IRS!$B$1:$Y$1, 0)) ) * IF($C$7=1,-1,1) ) -> -0.2945 | V18: =IF( V17="", "", (V17 - INDEX(IRS!$B$2:$Y$13, V$2, MATCH($E17,IRS!$B$1:$Y$1, 0)) ) * IF($C$7=1,-1,1) ) -> -0.18577083 | W18: =IF( W17="", "", (W17 - INDEX(IRS!$B$2:$Y$13, W$2, MATCH($E17,IRS!$B$1:$Y$1, 0)) ) * IF($C$7=1,-1,1) ) -> -0.0845 | ... AA18: =IF( AA17="", "", (AA17 - INDEX(IRS!$B$2:$Y$13, AA$2, MATCH($E17,IRS!$B$1:$Y$1, 0)) ) * IF($C$7=1,-1,1) ) -> -0.159 | AC18: =_xll.IMDH("IR",BOND!$CO16,BOND!$CP16,$O$9,$F$9,10,"Per=일, sort=D, real=true, Bizday=0, Quote=종가,Pos=10,Orient=H,DtFmt=1.TmFmt=1") -> 조회[IRSTP1KRW09M] | AD18: 2.7125 | AE18: 2.7025 | AF18: 2.7 | AG18: 2.6975 | AH18: 2.705 | AI18: 2.7 | AJ18: 2.7 | AK18: 2.695 | AL18: 2.6875 | AM18: 2.6725
B19: =_xll.IMDH("IR",$B$14,$C19,$O$9,$F$9,10,"Per=일, sort=D, real=true, Bizday=0, Quote=종가,Pos=40,Orient=H,DtFmt=1.TmFmt=1") -> 조회[BONDAVG01] | C19: 1년이하(당일) | E19: 01Y | F19: 2.62 | G19: 2.615 | H19: 2.602 | I19: 2.59 | J19: 2.591 | K19: 2.583 | L19: 2.58 | M19: 2.583 | N19: 2.57 | O19: 2.55 | P19: =IF( INDEX(BOND!$B$2:$CH$13, P$2, MATCH($B$14, BOND!$B$16:$CH$16, 0)+MATCH($C19, BOND!$C$18:$N$18,0) )=0, "", INDEX(BOND!$B$2:$CH$13, P$2, MATCH($B$14, BOND!$B$16:$CH$16, 0)+MATCH($C19, BOND!$C$18:$N$18,0)) ) -> 2.59955 | Q19: =IF( INDEX(BOND!$B$2:$CH$13, Q$2, MATCH($B$14, BOND!$B$16:$CH$16, 0)+MATCH($C19, BOND!$C$18:$N$18,0) )=0, "", INDEX(BOND!$B$2:$CH$13, Q$2, MATCH($B$14, BOND!$B$16:$CH$16, 0)+MATCH($C19, BOND!$C$18:$N$18,0)) ) -> 2.55 | R19: =IF( INDEX(BOND!$B$2:$CH$13, R$2, MATCH($B$14, BOND!$B$16:$CH$16, 0)+MATCH($C19, BOND!$C$18:$N$18,0) )=0, "", INDEX(BOND!$B$2:$CH$13, R$2, MATCH($B$14, BOND!$B$16:$CH$16, 0)+MATCH($C19, BOND!$C$18:$N$18,0)) ) -> 2.623 | S19: =IF( INDEX(BOND!$B$2:$CH$13, S$2, MATCH($B$14, BOND!$B$16:$CH$16, 0)+MATCH($C19, BOND!$C$18:$N$18,0) )=0, "", INDEX(BOND!$B$2:$CH$13, S$2, MATCH($B$14, BOND!$B$16:$CH$16, 0)+MATCH($C19, BOND!$C$18:$N$18,0)) ) -> 2.6362667 | T19: =IF( INDEX(BOND!$B$2:$CH$13, T$2, MATCH($B$14, BOND!$B$16:$CH$16, 0)+MATCH($C19, BOND!$C$18:$N$18,0) )=0, "", INDEX(BOND!$B$2:$CH$13, T$2, MATCH($B$14, BOND!$B$16:$CH$16, 0)+MATCH($C19, BOND!$C$18:$N$18,0)) ) -> 2.55 | U19: =IF( INDEX(BOND!$B$2:$CH$13, U$2, MATCH($B$14, BOND!$B$16:$CH$16, 0)+MATCH($C19, BOND!$C$18:$N$18,0) )=0, "", INDEX(BOND!$B$2:$CH$13, U$2, MATCH($B$14, BOND!$B$16:$CH$16, 0)+MATCH($C19, BOND!$C$18:$N$18,0)) ) -> 2.703 | V19: =IF( INDEX(BOND!$B$2:$CH$13, V$2, MATCH($B$14, BOND!$B$16:$CH$16, 0)+MATCH($C19, BOND!$C$18:$N$18,0) )=0, "", INDEX(BOND!$B$2:$CH$13, V$2, MATCH($B$14, BOND!$B$16:$CH$16, 0)+MATCH($C19, BOND!$C$18:$N$18,0)) ) -> 2.7272667 | W19: =IF( INDEX(BOND!$B$2:$CH$13, W$2, MATCH($B$14, BOND!$B$16:$CH$16, 0)+MATCH($C19, BOND!$C$18:$N$18,0) )=0, "", INDEX(BOND!$B$2:$CH$13, W$2, MATCH($B$14, BOND!$B$16:$CH$16, 0)+MATCH($C19, BOND!$C$18:$N$18,0)) ) -> 2.55 | ... AA19: =IF( INDEX(BOND!$B$2:$CH$13, AA$2, MATCH($B$14, BOND!$B$16:$CH$16, 0)+MATCH($C19, BOND!$C$18:$N$18,0) )=0, "", INDEX(BOND!$B$2:$CH$13, AA$2, MATCH($B$14, BOND!$B$16:$CH$16, 0)+MATCH($C19, BOND!$C$18:$N$18,0)) ) -> 3.476
E20: 스프레드 | F20: =IF(F19=0,"",(F19-AD20)*IF($C$7=1,-1,1)) -> -0.06 | G20: =IF(G19=0,"",(G19-AE20)*IF($C$7=1,-1,1)) -> -0.05 | H20: =IF(H19=0,"",(H19-AF20)*IF($C$7=1,-1,1)) -> -0.0605 | I20: =IF(I19=0,"",(I19-AG20)*IF($C$7=1,-1,1)) -> -0.07 | J20: =IF(J19=0,"",(J19-AH20)*IF($C$7=1,-1,1)) -> -0.0765 | K20: =IF(K19=0,"",(K19-AI20)*IF($C$7=1,-1,1)) -> -0.077 | L20: =IF(L19=0,"",(L19-AJ20)*IF($C$7=1,-1,1)) -> -0.08 | M20: =IF(M19=0,"",(M19-AK20)*IF($C$7=1,-1,1)) -> -0.0695 | ... O20: =IF(O19=0,"",(O19-AM20)*IF($C$7=1,-1,1)) -> -0.075 | P20: =IF( P19="", "", (P19 - INDEX(IRS!$B$2:$Y$13, P$2, MATCH($E19,IRS!$B$1:$Y$1, 0)) ) * IF($C$7=1,-1,1) ) -> -0.0532 | Q20: =IF( Q19="", "", (Q19 - INDEX(IRS!$B$2:$Y$13, Q$2, MATCH($E19,IRS!$B$1:$Y$1, 0)) ) * IF($C$7=1,-1,1) ) -> -0.075 | R20: =IF( R19="", "", (R19 - INDEX(IRS!$B$2:$Y$13, R$2, MATCH($E19,IRS!$B$1:$Y$1, 0)) ) * IF($C$7=1,-1,1) ) -> -0.057 | S20: =IF( S19="", "", (S19 - INDEX(IRS!$B$2:$Y$13, S$2, MATCH($E19,IRS!$B$1:$Y$1, 0)) ) * IF($C$7=1,-1,1) ) -> -0.077483333 | T20: =IF( T19="", "", (T19 - INDEX(IRS!$B$2:$Y$13, T$2, MATCH($E19,IRS!$B$1:$Y$1, 0)) ) * IF($C$7=1,-1,1) ) -> -0.075 | U20: =IF( U19="", "", (U19 - INDEX(IRS!$B$2:$Y$13, U$2, MATCH($E19,IRS!$B$1:$Y$1, 0)) ) * IF($C$7=1,-1,1) ) -> -0.1745 | V20: =IF( V19="", "", (V19 - INDEX(IRS!$B$2:$Y$13, V$2, MATCH($E19,IRS!$B$1:$Y$1, 0)) ) * IF($C$7=1,-1,1) ) -> -0.14350417 | W20: =IF( W19="", "", (W19 - INDEX(IRS!$B$2:$Y$13, W$2, MATCH($E19,IRS!$B$1:$Y$1, 0)) ) * IF($C$7=1,-1,1) ) -> -0.075 | ... AA20: =IF( AA19="", "", (AA19 - INDEX(IRS!$B$2:$Y$13, AA$2, MATCH($E19,IRS!$B$1:$Y$1, 0)) ) * IF($C$7=1,-1,1) ) -> -0.144 | AC20: =_xll.IMDH("IR",BOND!$CO17,BOND!$CP17,$O$9,$F$9,10,"Per=일, sort=D, real=true, Bizday=0, Quote=종가,Pos=10,Orient=H,DtFmt=1.TmFmt=1") -> 조회[IRSTP1KRW01Y] | AD20: 2.68 | AE20: 2.665 | AF20: 2.6625 | AG20: 2.66 | AH20: 2.6675 | AI20: 2.66 | AJ20: 2.66 | AK20: 2.6525 | AL20: 2.6425 | AM20: 2.625
B21: =_xll.IMDH("IR",$B$14,$C21,$O$9,$F$9,10,"Per=일, sort=D, real=true, Bizday=0, Quote=종가,Pos=40,Orient=H,DtFmt=1.TmFmt=1") -> 조회[BONDAVG01] | C21: 1.5년이하(당일) | E21: 1.5Y | F21: 2.689 | G21: 2.684 | H21: 2.673 | I21: 2.669 | J21: 2.676 | K21: 2.657 | L21: 2.664 | M21: 2.666 | N21: 2.658 | O21: 2.65 | P21: =IF( INDEX(BOND!$B$2:$CH$13, P$2, MATCH($B$14, BOND!$B$16:$CH$16, 0)+MATCH($C21, BOND!$C$18:$N$18,0) )=0, "", INDEX(BOND!$B$2:$CH$13, P$2, MATCH($B$14, BOND!$B$16:$CH$16, 0)+MATCH($C21, BOND!$C$18:$N$18,0)) ) -> 2.66295 | Q21: =IF( INDEX(BOND!$B$2:$CH$13, Q$2, MATCH($B$14, BOND!$B$16:$CH$16, 0)+MATCH($C21, BOND!$C$18:$N$18,0) )=0, "", INDEX(BOND!$B$2:$CH$13, Q$2, MATCH($B$14, BOND!$B$16:$CH$16, 0)+MATCH($C21, BOND!$C$18:$N$18,0)) ) -> 2.637 | R21: =IF( INDEX(BOND!$B$2:$CH$13, R$2, MATCH($B$14, BOND!$B$16:$CH$16, 0)+MATCH($C21, BOND!$C$18:$N$18,0) )=0, "", INDEX(BOND!$B$2:$CH$13, R$2, MATCH($B$14, BOND!$B$16:$CH$16, 0)+MATCH($C21, BOND!$C$18:$N$18,0)) ) -> 2.694 | S21: =IF( INDEX(BOND!$B$2:$CH$13, S$2, MATCH($B$14, BOND!$B$16:$CH$16, 0)+MATCH($C21, BOND!$C$18:$N$18,0) )=0, "", INDEX(BOND!$B$2:$CH$13, S$2, MATCH($B$14, BOND!$B$16:$CH$16, 0)+MATCH($C21, BOND!$C$18:$N$18,0)) ) -> 2.67285 | T21: =IF( INDEX(BOND!$B$2:$CH$13, T$2, MATCH($B$14, BOND!$B$16:$CH$16, 0)+MATCH($C21, BOND!$C$18:$N$18,0) )=0, "", INDEX(BOND!$B$2:$CH$13, T$2, MATCH($B$14, BOND!$B$16:$CH$16, 0)+MATCH($C21, BOND!$C$18:$N$18,0)) ) -> 2.621 | U21: =IF( INDEX(BOND!$B$2:$CH$13, U$2, MATCH($B$14, BOND!$B$16:$CH$16, 0)+MATCH($C21, BOND!$C$18:$N$18,0) )=0, "", INDEX(BOND!$B$2:$CH$13, U$2, MATCH($B$14, BOND!$B$16:$CH$16, 0)+MATCH($C21, BOND!$C$18:$N$18,0)) ) -> 2.781 | V21: =IF( INDEX(BOND!$B$2:$CH$13, V$2, MATCH($B$14, BOND!$B$16:$CH$16, 0)+MATCH($C21, BOND!$C$18:$N$18,0) )=0, "", INDEX(BOND!$B$2:$CH$13, V$2, MATCH($B$14, BOND!$B$16:$CH$16, 0)+MATCH($C21, BOND!$C$18:$N$18,0)) ) -> 2.7658 | W21: =IF( INDEX(BOND!$B$2:$CH$13, W$2, MATCH($B$14, BOND!$B$16:$CH$16, 0)+MATCH($C21, BOND!$C$18:$N$18,0) )=0, "", INDEX(BOND!$B$2:$CH$13, W$2, MATCH($B$14, BOND!$B$16:$CH$16, 0)+MATCH($C21, BOND!$C$18:$N$18,0)) ) -> 2.621 | ... AA21: =IF( INDEX(BOND!$B$2:$CH$13, AA$2, MATCH($B$14, BOND!$B$16:$CH$16, 0)+MATCH($C21, BOND!$C$18:$N$18,0) )=0, "", INDEX(BOND!$B$2:$CH$13, AA$2, MATCH($B$14, BOND!$B$16:$CH$16, 0)+MATCH($C21, BOND!$C$18:$N$18,0)) ) -> 3.482
E22: 스프레드 | F22: =IF(F21=0,"",(F21-AD22)*IF($C$7=1,-1,1)) -> 0.054 | G22: =IF(G21=0,"",(G21-AE22)*IF($C$7=1,-1,1)) -> 0.0615 | H22: =IF(H21=0,"",(H21-AF22)*IF($C$7=1,-1,1)) -> 0.058 | I22: =IF(I21=0,"",(I21-AG22)*IF($C$7=1,-1,1)) -> 0.059 | J22: =IF(J21=0,"",(J21-AH22)*IF($C$7=1,-1,1)) -> 0.056 | K22: =IF(K21=0,"",(K21-AI22)*IF($C$7=1,-1,1)) -> 0.047 | L22: =IF(L21=0,"",(L21-AJ22)*IF($C$7=1,-1,1)) -> 0.054 | M22: =IF(M21=0,"",(M21-AK22)*IF($C$7=1,-1,1)) -> 0.061 | ... O22: =IF(O21=0,"",(O21-AM22)*IF($C$7=1,-1,1)) -> 0.0775 | P22: =IF( P21="", "", (P21 - INDEX(IRS!$B$2:$Y$13, P$2, MATCH($E21,IRS!$B$1:$Y$1, 0)) ) * IF($C$7=1,-1,1) ) -> 0.0562 | Q22: =IF( Q21="", "", (Q21 - INDEX(IRS!$B$2:$Y$13, Q$2, MATCH($E21,IRS!$B$1:$Y$1, 0)) ) * IF($C$7=1,-1,1) ) -> 0.0645 | R22: =IF( R21="", "", (R21 - INDEX(IRS!$B$2:$Y$13, R$2, MATCH($E21,IRS!$B$1:$Y$1, 0)) ) * IF($C$7=1,-1,1) ) -> 0.059 | S22: =IF( S21="", "", (S21 - INDEX(IRS!$B$2:$Y$13, S$2, MATCH($E21,IRS!$B$1:$Y$1, 0)) ) * IF($C$7=1,-1,1) ) -> 0.01585 | T22: =IF( T21="", "", (T21 - INDEX(IRS!$B$2:$Y$13, T$2, MATCH($E21,IRS!$B$1:$Y$1, 0)) ) * IF($C$7=1,-1,1) ) -> 0.0485 | U22: =IF( U21="", "", (U21 - INDEX(IRS!$B$2:$Y$13, U$2, MATCH($E21,IRS!$B$1:$Y$1, 0)) ) * IF($C$7=1,-1,1) ) -> -0.0215 | V22: =IF( V21="", "", (V21 - INDEX(IRS!$B$2:$Y$13, V$2, MATCH($E21,IRS!$B$1:$Y$1, 0)) ) * IF($C$7=1,-1,1) ) -> -0.024804167 | W22: =IF( W21="", "", (W21 - INDEX(IRS!$B$2:$Y$13, W$2, MATCH($E21,IRS!$B$1:$Y$1, 0)) ) * IF($C$7=1,-1,1) ) -> 0.0485 | ... AA22: =IF( AA21="", "", (AA21 - INDEX(IRS!$B$2:$Y$13, AA$2, MATCH($E21,IRS!$B$1:$Y$1, 0)) ) * IF($C$7=1,-1,1) ) -> -0.118 | AC22: =_xll.IMDH("IR",BOND!$CO18,BOND!$CP18,$O$9,$F$9,10,"Per=일, sort=D, real=true, Bizday=0, Quote=종가,Pos=10,Orient=H,DtFmt=1.TmFmt=1") -> 조회[IRSTP1KRW18M] | AD22: 2.635 | AE22: 2.6225 | AF22: 2.615 | AG22: 2.61 | AH22: 2.62 | AI22: 2.61 | AJ22: 2.61 | AK22: 2.605 | AL22: 2.59 | AM22: 2.5725
B23: =_xll.IMDH("IR",$B$14,$C23,$O$9,$F$9,10,"Per=일, sort=D, real=true, Bizday=0, Quote=종가,Pos=40,Orient=H,DtFmt=1.TmFmt=1") -> 조회[BONDAVG01] | C23: 2년이하(당일) | E23: 02Y | F23: 2.677 | G23: 2.671 | H23: 2.664 | I23: 2.657 | J23: 2.674 | K23: 2.664 | L23: 2.665 | M23: 2.654 | N23: 2.64 | O23: 2.625 | P23: =IF( INDEX(BOND!$B$2:$CH$13, P$2, MATCH($B$14, BOND!$B$16:$CH$16, 0)+MATCH($C23, BOND!$C$18:$N$18,0) )=0, "", INDEX(BOND!$B$2:$CH$13, P$2, MATCH($B$14, BOND!$B$16:$CH$16, 0)+MATCH($C23, BOND!$C$18:$N$18,0)) ) -> 2.66105 | Q23: =IF( INDEX(BOND!$B$2:$CH$13, Q$2, MATCH($B$14, BOND!$B$16:$CH$16, 0)+MATCH($C23, BOND!$C$18:$N$18,0) )=0, "", INDEX(BOND!$B$2:$CH$13, Q$2, MATCH($B$14, BOND!$B$16:$CH$16, 0)+MATCH($C23, BOND!$C$18:$N$18,0)) ) -> 2.625 | R23: =IF( INDEX(BOND!$B$2:$CH$13, R$2, MATCH($B$14, BOND!$B$16:$CH$16, 0)+MATCH($C23, BOND!$C$18:$N$18,0) )=0, "", INDEX(BOND!$B$2:$CH$13, R$2, MATCH($B$14, BOND!$B$16:$CH$16, 0)+MATCH($C23, BOND!$C$18:$N$18,0)) ) -> 2.696 | S23: =IF( INDEX(BOND!$B$2:$CH$13, S$2, MATCH($B$14, BOND!$B$16:$CH$16, 0)+MATCH($C23, BOND!$C$18:$N$18,0) )=0, "", INDEX(BOND!$B$2:$CH$13, S$2, MATCH($B$14, BOND!$B$16:$CH$16, 0)+MATCH($C23, BOND!$C$18:$N$18,0)) ) -> 2.6796667 | T23: =IF( INDEX(BOND!$B$2:$CH$13, T$2, MATCH($B$14, BOND!$B$16:$CH$16, 0)+MATCH($C23, BOND!$C$18:$N$18,0) )=0, "", INDEX(BOND!$B$2:$CH$13, T$2, MATCH($B$14, BOND!$B$16:$CH$16, 0)+MATCH($C23, BOND!$C$18:$N$18,0)) ) -> 2.62 | U23: =IF( INDEX(BOND!$B$2:$CH$13, U$2, MATCH($B$14, BOND!$B$16:$CH$16, 0)+MATCH($C23, BOND!$C$18:$N$18,0) )=0, "", INDEX(BOND!$B$2:$CH$13, U$2, MATCH($B$14, BOND!$B$16:$CH$16, 0)+MATCH($C23, BOND!$C$18:$N$18,0)) ) -> 2.797 | V23: =IF( INDEX(BOND!$B$2:$CH$13, V$2, MATCH($B$14, BOND!$B$16:$CH$16, 0)+MATCH($C23, BOND!$C$18:$N$18,0) )=0, "", INDEX(BOND!$B$2:$CH$13, V$2, MATCH($B$14, BOND!$B$16:$CH$16, 0)+MATCH($C23, BOND!$C$18:$N$18,0)) ) -> 2.7616167 | W23: =IF( INDEX(BOND!$B$2:$CH$13, W$2, MATCH($B$14, BOND!$B$16:$CH$16, 0)+MATCH($C23, BOND!$C$18:$N$18,0) )=0, "", INDEX(BOND!$B$2:$CH$13, W$2, MATCH($B$14, BOND!$B$16:$CH$16, 0)+MATCH($C23, BOND!$C$18:$N$18,0)) ) -> 2.62 | ... AA23: =IF( INDEX(BOND!$B$2:$CH$13, AA$2, MATCH($B$14, BOND!$B$16:$CH$16, 0)+MATCH($C23, BOND!$C$18:$N$18,0) )=0, "", INDEX(BOND!$B$2:$CH$13, AA$2, MATCH($B$14, BOND!$B$16:$CH$16, 0)+MATCH($C23, BOND!$C$18:$N$18,0)) ) -> 3.525
E24: 스프레드 | F24: =IF(F23=0,"",(F23-AD24)*IF($C$7=1,-1,1)) -> 0.067 | G24: =IF(G23=0,"",(G23-AE24)*IF($C$7=1,-1,1)) -> 0.0735 | H24: =IF(H23=0,"",(H23-AF24)*IF($C$7=1,-1,1)) -> 0.0765 | I24: =IF(I23=0,"",(I23-AG24)*IF($C$7=1,-1,1)) -> 0.0795 | J24: =IF(J23=0,"",(J23-AH24)*IF($C$7=1,-1,1)) -> 0.089 | K24: =IF(K23=0,"",(K23-AI24)*IF($C$7=1,-1,1)) -> 0.094 | L24: =IF(L23=0,"",(L23-AJ24)*IF($C$7=1,-1,1)) -> 0.095 | M24: =IF(M23=0,"",(M23-AK24)*IF($C$7=1,-1,1)) -> 0.0865 | ... O24: =IF(O23=0,"",(O23-AM24)*IF($C$7=1,-1,1)) -> 0.095 | P24: =IF( P23="", "", (P23 - INDEX(IRS!$B$2:$Y$13, P$2, MATCH($E23,IRS!$B$1:$Y$1, 0)) ) * IF($C$7=1,-1,1) ) -> 0.08655 | Q24: =IF( Q23="", "", (Q23 - INDEX(IRS!$B$2:$Y$13, Q$2, MATCH($E23,IRS!$B$1:$Y$1, 0)) ) * IF($C$7=1,-1,1) ) -> 0.095 | R24: =IF( R23="", "", (R23 - INDEX(IRS!$B$2:$Y$13, R$2, MATCH($E23,IRS!$B$1:$Y$1, 0)) ) * IF($C$7=1,-1,1) ) -> 0.086 | S24: =IF( S23="", "", (S23 - INDEX(IRS!$B$2:$Y$13, S$2, MATCH($E23,IRS!$B$1:$Y$1, 0)) ) * IF($C$7=1,-1,1) ) -> 0.053958333 | T24: =IF( T23="", "", (T23 - INDEX(IRS!$B$2:$Y$13, T$2, MATCH($E23,IRS!$B$1:$Y$1, 0)) ) * IF($C$7=1,-1,1) ) -> 0.09 | U24: =IF( U23="", "", (U23 - INDEX(IRS!$B$2:$Y$13, U$2, MATCH($E23,IRS!$B$1:$Y$1, 0)) ) * IF($C$7=1,-1,1) ) -> 0.022 | V24: =IF( V23="", "", (V23 - INDEX(IRS!$B$2:$Y$13, V$2, MATCH($E23,IRS!$B$1:$Y$1, 0)) ) * IF($C$7=1,-1,1) ) -> 0.012929167 | W24: =IF( W23="", "", (W23 - INDEX(IRS!$B$2:$Y$13, W$2, MATCH($E23,IRS!$B$1:$Y$1, 0)) ) * IF($C$7=1,-1,1) ) -> 0.09 | ... AA24: =IF( AA23="", "", (AA23 - INDEX(IRS!$B$2:$Y$13, AA$2, MATCH($E23,IRS!$B$1:$Y$1, 0)) ) * IF($C$7=1,-1,1) ) -> -0.055 | AC24: =_xll.IMDH("IR",BOND!$CO19,BOND!$CP19,$O$9,$F$9,10,"Per=일, sort=D, real=true, Bizday=0, Quote=종가,Pos=10,Orient=H,DtFmt=1.TmFmt=1") -> 조회[IRSTP1KRW02Y] | AD24: 2.61 | AE24: 2.5975 | AF24: 2.5875 | AG24: 2.5775 | AH24: 2.585 | AI24: 2.57 | AJ24: 2.57 | AK24: 2.5675 | AL24: 2.5475 | AM24: 2.53
B25: =_xll.IMDH("IR",$B$14,$C25,$O$9,$F$9,10,"Per=일, sort=D, real=true, Bizday=0, Quote=종가,Pos=40,Orient=H,DtFmt=1.TmFmt=1") -> 조회[BONDAVG01] | C25: 3년이하(당일) | E25: 03Y | F25: 2.605 | G25: 2.597 | H25: 2.59 | I25: 2.597 | J25: 2.616 | K25: 2.6 | L25: 2.597 | M25: 2.587 | N25: 2.567 | O25: 2.545 | P25: =IF( INDEX(BOND!$B$2:$CH$13, P$2, MATCH($B$14, BOND!$B$16:$CH$16, 0)+MATCH($C25, BOND!$C$18:$N$18,0) )=0, "", INDEX(BOND!$B$2:$CH$13, P$2, MATCH($B$14, BOND!$B$16:$CH$16, 0)+MATCH($C25, BOND!$C$18:$N$18,0)) ) -> 2.58345 | Q25: =IF( INDEX(BOND!$B$2:$CH$13, Q$2, MATCH($B$14, BOND!$B$16:$CH$16, 0)+MATCH($C25, BOND!$C$18:$N$18,0) )=0, "", INDEX(BOND!$B$2:$CH$13, Q$2, MATCH($B$14, BOND!$B$16:$CH$16, 0)+MATCH($C25, BOND!$C$18:$N$18,0)) ) -> 2.542 | R25: =IF( INDEX(BOND!$B$2:$CH$13, R$2, MATCH($B$14, BOND!$B$16:$CH$16, 0)+MATCH($C25, BOND!$C$18:$N$18,0) )=0, "", INDEX(BOND!$B$2:$CH$13, R$2, MATCH($B$14, BOND!$B$16:$CH$16, 0)+MATCH($C25, BOND!$C$18:$N$18,0)) ) -> 2.616 | S25: =IF( INDEX(BOND!$B$2:$CH$13, S$2, MATCH($B$14, BOND!$B$16:$CH$16, 0)+MATCH($C25, BOND!$C$18:$N$18,0) )=0, "", INDEX(BOND!$B$2:$CH$13, S$2, MATCH($B$14, BOND!$B$16:$CH$16, 0)+MATCH($C25, BOND!$C$18:$N$18,0)) ) -> 2.5910833 | T25: =IF( INDEX(BOND!$B$2:$CH$13, T$2, MATCH($B$14, BOND!$B$16:$CH$16, 0)+MATCH($C25, BOND!$C$18:$N$18,0) )=0, "", INDEX(BOND!$B$2:$CH$13, T$2, MATCH($B$14, BOND!$B$16:$CH$16, 0)+MATCH($C25, BOND!$C$18:$N$18,0)) ) -> 2.47 | U25: =IF( INDEX(BOND!$B$2:$CH$13, U$2, MATCH($B$14, BOND!$B$16:$CH$16, 0)+MATCH($C25, BOND!$C$18:$N$18,0) )=0, "", INDEX(BOND!$B$2:$CH$13, U$2, MATCH($B$14, BOND!$B$16:$CH$16, 0)+MATCH($C25, BOND!$C$18:$N$18,0)) ) -> 2.68 | V25: =IF( INDEX(BOND!$B$2:$CH$13, V$2, MATCH($B$14, BOND!$B$16:$CH$16, 0)+MATCH($C25, BOND!$C$18:$N$18,0) )=0, "", INDEX(BOND!$B$2:$CH$13, V$2, MATCH($B$14, BOND!$B$16:$CH$16, 0)+MATCH($C25, BOND!$C$18:$N$18,0)) ) -> 2.6963917 | W25: =IF( INDEX(BOND!$B$2:$CH$13, W$2, MATCH($B$14, BOND!$B$16:$CH$16, 0)+MATCH($C25, BOND!$C$18:$N$18,0) )=0, "", INDEX(BOND!$B$2:$CH$13, W$2, MATCH($B$14, BOND!$B$16:$CH$16, 0)+MATCH($C25, BOND!$C$18:$N$18,0)) ) -> 2.47 | ... AA25: =IF( INDEX(BOND!$B$2:$CH$13, AA$2, MATCH($B$14, BOND!$B$16:$CH$16, 0)+MATCH($C25, BOND!$C$18:$N$18,0) )=0, "", INDEX(BOND!$B$2:$CH$13, AA$2, MATCH($B$14, BOND!$B$16:$CH$16, 0)+MATCH($C25, BOND!$C$18:$N$18,0)) ) -> 3.54
E26: 스프레드 | F26: =IF(F25=0,"",(F25-AD26)*IF($C$7=1,-1,1)) -> 0.01 | G26: =IF(G25=0,"",(G25-AE26)*IF($C$7=1,-1,1)) -> 0.0145 | H26: =IF(H25=0,"",(H25-AF26)*IF($C$7=1,-1,1)) -> 0.0175 | I26: =IF(I25=0,"",(I25-AG26)*IF($C$7=1,-1,1)) -> 0.0345 | J26: =IF(J25=0,"",(J25-AH26)*IF($C$7=1,-1,1)) -> 0.046 | K26: =IF(K25=0,"",(K25-AI26)*IF($C$7=1,-1,1)) -> 0.0475 | L26: =IF(L25=0,"",(L25-AJ26)*IF($C$7=1,-1,1)) -> 0.042 | M26: =IF(M25=0,"",(M25-AK26)*IF($C$7=1,-1,1)) -> 0.0345 | ... O26: =IF(O25=0,"",(O25-AM26)*IF($C$7=1,-1,1)) -> 0.0325 | P26: =IF( P25="", "", (P25 - INDEX(IRS!$B$2:$Y$13, P$2, MATCH($E25,IRS!$B$1:$Y$1, 0)) ) * IF($C$7=1,-1,1) ) -> 0.024325 | Q26: =IF( Q25="", "", (Q25 - INDEX(IRS!$B$2:$Y$13, Q$2, MATCH($E25,IRS!$B$1:$Y$1, 0)) ) * IF($C$7=1,-1,1) ) -> 0.0295 | R26: =IF( R25="", "", (R25 - INDEX(IRS!$B$2:$Y$13, R$2, MATCH($E25,IRS!$B$1:$Y$1, 0)) ) * IF($C$7=1,-1,1) ) -> 0.016 | S26: =IF( S25="", "", (S25 - INDEX(IRS!$B$2:$Y$13, S$2, MATCH($E25,IRS!$B$1:$Y$1, 0)) ) * IF($C$7=1,-1,1) ) -> -0.018708333 | T26: =IF( T25="", "", (T25 - INDEX(IRS!$B$2:$Y$13, T$2, MATCH($E25,IRS!$B$1:$Y$1, 0)) ) * IF($C$7=1,-1,1) ) -> -0.0425 | U26: =IF( U25="", "", (U25 - INDEX(IRS!$B$2:$Y$13, U$2, MATCH($E25,IRS!$B$1:$Y$1, 0)) ) * IF($C$7=1,-1,1) ) -> -0.065 | V26: =IF( V25="", "", (V25 - INDEX(IRS!$B$2:$Y$13, V$2, MATCH($E25,IRS!$B$1:$Y$1, 0)) ) * IF($C$7=1,-1,1) ) -> -0.019545833 | W26: =IF( W25="", "", (W25 - INDEX(IRS!$B$2:$Y$13, W$2, MATCH($E25,IRS!$B$1:$Y$1, 0)) ) * IF($C$7=1,-1,1) ) -> -0.0425 | ... AA26: =IF( AA25="", "", (AA25 - INDEX(IRS!$B$2:$Y$13, AA$2, MATCH($E25,IRS!$B$1:$Y$1, 0)) ) * IF($C$7=1,-1,1) ) -> -0.02 | AC26: =_xll.IMDH("IR",BOND!$CO20,BOND!$CP20,$O$9,$F$9,10,"Per=일, sort=D, real=true, Bizday=0, Quote=종가,Pos=10,Orient=H,DtFmt=1.TmFmt=1") -> 조회[IRSTP1KRW03Y] | AD26: 2.595 | AE26: 2.5825 | AF26: 2.5725 | AG26: 2.5625 | AH26: 2.57 | AI26: 2.5525 | AJ26: 2.555 | AK26: 2.5525 | AL26: 2.5325 | AM26: 2.5125
B27: =_xll.IMDH("IR",$B$14,$C27,$O$9,$F$9,10,"Per=일, sort=D, real=true, Bizday=0, Quote=종가,Pos=40,Orient=H,DtFmt=1.TmFmt=1") -> 조회[BONDAVG01] | C27: 4년이하(당일) | E27: 04Y | F27: 2.733 | G27: 2.715 | H27: 2.705 | I27: 2.705 | J27: 2.719 | K27: 2.71 | L27: 2.709 | M27: 2.699 | N27: 2.683 | O27: 2.667 | P27: =IF( INDEX(BOND!$B$2:$CH$13, P$2, MATCH($B$14, BOND!$B$16:$CH$16, 0)+MATCH($C27, BOND!$C$18:$N$18,0) )=0, "", INDEX(BOND!$B$2:$CH$13, P$2, MATCH($B$14, BOND!$B$16:$CH$16, 0)+MATCH($C27, BOND!$C$18:$N$18,0)) ) -> 2.6926 | Q27: =IF( INDEX(BOND!$B$2:$CH$13, Q$2, MATCH($B$14, BOND!$B$16:$CH$16, 0)+MATCH($C27, BOND!$C$18:$N$18,0) )=0, "", INDEX(BOND!$B$2:$CH$13, Q$2, MATCH($B$14, BOND!$B$16:$CH$16, 0)+MATCH($C27, BOND!$C$18:$N$18,0)) ) -> 2.64 | R27: =IF( INDEX(BOND!$B$2:$CH$13, R$2, MATCH($B$14, BOND!$B$16:$CH$16, 0)+MATCH($C27, BOND!$C$18:$N$18,0) )=0, "", INDEX(BOND!$B$2:$CH$13, R$2, MATCH($B$14, BOND!$B$16:$CH$16, 0)+MATCH($C27, BOND!$C$18:$N$18,0)) ) -> 2.733 | S27: =IF( INDEX(BOND!$B$2:$CH$13, S$2, MATCH($B$14, BOND!$B$16:$CH$16, 0)+MATCH($C27, BOND!$C$18:$N$18,0) )=0, "", INDEX(BOND!$B$2:$CH$13, S$2, MATCH($B$14, BOND!$B$16:$CH$16, 0)+MATCH($C27, BOND!$C$18:$N$18,0)) ) -> 2.7179 | T27: =IF( INDEX(BOND!$B$2:$CH$13, T$2, MATCH($B$14, BOND!$B$16:$CH$16, 0)+MATCH($C27, BOND!$C$18:$N$18,0) )=0, "", INDEX(BOND!$B$2:$CH$13, T$2, MATCH($B$14, BOND!$B$16:$CH$16, 0)+MATCH($C27, BOND!$C$18:$N$18,0)) ) -> 2.64 | U27: =IF( INDEX(BOND!$B$2:$CH$13, U$2, MATCH($B$14, BOND!$B$16:$CH$16, 0)+MATCH($C27, BOND!$C$18:$N$18,0) )=0, "", INDEX(BOND!$B$2:$CH$13, U$2, MATCH($B$14, BOND!$B$16:$CH$16, 0)+MATCH($C27, BOND!$C$18:$N$18,0)) ) -> 2.865 | V27: =IF( INDEX(BOND!$B$2:$CH$13, V$2, MATCH($B$14, BOND!$B$16:$CH$16, 0)+MATCH($C27, BOND!$C$18:$N$18,0) )=0, "", INDEX(BOND!$B$2:$CH$13, V$2, MATCH($B$14, BOND!$B$16:$CH$16, 0)+MATCH($C27, BOND!$C$18:$N$18,0)) ) -> 2.80655 | W27: =IF( INDEX(BOND!$B$2:$CH$13, W$2, MATCH($B$14, BOND!$B$16:$CH$16, 0)+MATCH($C27, BOND!$C$18:$N$18,0) )=0, "", INDEX(BOND!$B$2:$CH$13, W$2, MATCH($B$14, BOND!$B$16:$CH$16, 0)+MATCH($C27, BOND!$C$18:$N$18,0)) ) -> 2.631 | ... AA27: =IF( INDEX(BOND!$B$2:$CH$13, AA$2, MATCH($B$14, BOND!$B$16:$CH$16, 0)+MATCH($C27, BOND!$C$18:$N$18,0) )=0, "", INDEX(BOND!$B$2:$CH$13, AA$2, MATCH($B$14, BOND!$B$16:$CH$16, 0)+MATCH($C27, BOND!$C$18:$N$18,0)) ) -> 3.61
E28: 스프레드 | F28: =IF(F27=0,"",(F27-AD28)*IF($C$7=1,-1,1)) -> 0.1305 | G28: =IF(G27=0,"",(G27-AE28)*IF($C$7=1,-1,1)) -> 0.1225 | H28: =IF(H27=0,"",(H27-AF28)*IF($C$7=1,-1,1)) -> 0.12 | I28: =IF(I27=0,"",(I27-AG28)*IF($C$7=1,-1,1)) -> 0.13 | J28: =IF(J27=0,"",(J27-AH28)*IF($C$7=1,-1,1)) -> 0.134 | K28: =IF(K27=0,"",(K27-AI28)*IF($C$7=1,-1,1)) -> 0.1475 | L28: =IF(L27=0,"",(L27-AJ28)*IF($C$7=1,-1,1)) -> 0.139 | M28: =IF(M27=0,"",(M27-AK28)*IF($C$7=1,-1,1)) -> 0.1265 | ... O28: =IF(O27=0,"",(O27-AM28)*IF($C$7=1,-1,1)) -> 0.1395 | P28: =IF( P27="", "", (P27 - INDEX(IRS!$B$2:$Y$13, P$2, MATCH($E27,IRS!$B$1:$Y$1, 0)) ) * IF($C$7=1,-1,1) ) -> 0.120725 | Q28: =IF( Q27="", "", (Q27 - INDEX(IRS!$B$2:$Y$13, Q$2, MATCH($E27,IRS!$B$1:$Y$1, 0)) ) * IF($C$7=1,-1,1) ) -> 0.1125 | R28: =IF( R27="", "", (R27 - INDEX(IRS!$B$2:$Y$13, R$2, MATCH($E27,IRS!$B$1:$Y$1, 0)) ) * IF($C$7=1,-1,1) ) -> 0.118 | S28: =IF( S27="", "", (S27 - INDEX(IRS!$B$2:$Y$13, S$2, MATCH($E27,IRS!$B$1:$Y$1, 0)) ) * IF($C$7=1,-1,1) ) -> 0.092191667 | T28: =IF( T27="", "", (T27 - INDEX(IRS!$B$2:$Y$13, T$2, MATCH($E27,IRS!$B$1:$Y$1, 0)) ) * IF($C$7=1,-1,1) ) -> 0.1125 | U28: =IF( U27="", "", (U27 - INDEX(IRS!$B$2:$Y$13, U$2, MATCH($E27,IRS!$B$1:$Y$1, 0)) ) * IF($C$7=1,-1,1) ) -> 0.11 | V28: =IF( V27="", "", (V27 - INDEX(IRS!$B$2:$Y$13, V$2, MATCH($E27,IRS!$B$1:$Y$1, 0)) ) * IF($C$7=1,-1,1) ) -> 0.087175 | W28: =IF( W27="", "", (W27 - INDEX(IRS!$B$2:$Y$13, W$2, MATCH($E27,IRS!$B$1:$Y$1, 0)) ) * IF($C$7=1,-1,1) ) -> 0.111 | ... AA28: =IF( AA27="", "", (AA27 - INDEX(IRS!$B$2:$Y$13, AA$2, MATCH($E27,IRS!$B$1:$Y$1, 0)) ) * IF($C$7=1,-1,1) ) -> 0.045 | AC28: =_xll.IMDH("IR",BOND!$CO21,BOND!$CP21,$O$9,$F$9,10,"Per=일, sort=D, real=true, Bizday=0, Quote=종가,Pos=10,Orient=H,DtFmt=1.TmFmt=1") -> 조회[IRSTP1KRW04Y] | AD28: 2.6025 | AE28: 2.5925 | AF28: 2.585 | AG28: 2.575 | AH28: 2.585 | AI28: 2.5625 | AJ28: 2.57 | AK28: 2.5725 | AL28: 2.5475 | AM28: 2.5275
B29: =_xll.IMDH("IR",$B$14,$C29,$O$9,$F$9,10,"Per=일, sort=D, real=true, Bizday=0, Quote=종가,Pos=40,Orient=H,DtFmt=1.TmFmt=1") -> 조회[BONDAVG01] | C29: 5년이하(당일) | E29: 05Y | F29: 2.693 | G29: 2.68 | H29: 2.654 | I29: 2.665 | J29: 2.667 | K29: 2.645 | L29: 2.633 | M29: 2.639 | N29: 2.628 | O29: 2.615 | P29: =IF( INDEX(BOND!$B$2:$CH$13, P$2, MATCH($B$14, BOND!$B$16:$CH$16, 0)+MATCH($C29, BOND!$C$18:$N$18,0) )=0, "", INDEX(BOND!$B$2:$CH$13, P$2, MATCH($B$14, BOND!$B$16:$CH$16, 0)+MATCH($C29, BOND!$C$18:$N$18,0)) ) -> 2.6603 | Q29: =IF( INDEX(BOND!$B$2:$CH$13, Q$2, MATCH($B$14, BOND!$B$16:$CH$16, 0)+MATCH($C29, BOND!$C$18:$N$18,0) )=0, "", INDEX(BOND!$B$2:$CH$13, Q$2, MATCH($B$14, BOND!$B$16:$CH$16, 0)+MATCH($C29, BOND!$C$18:$N$18,0)) ) -> 2.615 | R29: =IF( INDEX(BOND!$B$2:$CH$13, R$2, MATCH($B$14, BOND!$B$16:$CH$16, 0)+MATCH($C29, BOND!$C$18:$N$18,0) )=0, "", INDEX(BOND!$B$2:$CH$13, R$2, MATCH($B$14, BOND!$B$16:$CH$16, 0)+MATCH($C29, BOND!$C$18:$N$18,0)) ) -> 2.711 | S29: =IF( INDEX(BOND!$B$2:$CH$13, S$2, MATCH($B$14, BOND!$B$16:$CH$16, 0)+MATCH($C29, BOND!$C$18:$N$18,0) )=0, "", INDEX(BOND!$B$2:$CH$13, S$2, MATCH($B$14, BOND!$B$16:$CH$16, 0)+MATCH($C29, BOND!$C$18:$N$18,0)) ) -> 2.6979833 | T29: =IF( INDEX(BOND!$B$2:$CH$13, T$2, MATCH($B$14, BOND!$B$16:$CH$16, 0)+MATCH($C29, BOND!$C$18:$N$18,0) )=0, "", INDEX(BOND!$B$2:$CH$13, T$2, MATCH($B$14, BOND!$B$16:$CH$16, 0)+MATCH($C29, BOND!$C$18:$N$18,0)) ) -> 2.615 | U29: =IF( INDEX(BOND!$B$2:$CH$13, U$2, MATCH($B$14, BOND!$B$16:$CH$16, 0)+MATCH($C29, BOND!$C$18:$N$18,0) )=0, "", INDEX(BOND!$B$2:$CH$13, U$2, MATCH($B$14, BOND!$B$16:$CH$16, 0)+MATCH($C29, BOND!$C$18:$N$18,0)) ) -> 2.825 | V29: =IF( INDEX(BOND!$B$2:$CH$13, V$2, MATCH($B$14, BOND!$B$16:$CH$16, 0)+MATCH($C29, BOND!$C$18:$N$18,0) )=0, "", INDEX(BOND!$B$2:$CH$13, V$2, MATCH($B$14, BOND!$B$16:$CH$16, 0)+MATCH($C29, BOND!$C$18:$N$18,0)) ) -> 2.7797333 | W29: =IF( INDEX(BOND!$B$2:$CH$13, W$2, MATCH($B$14, BOND!$B$16:$CH$16, 0)+MATCH($C29, BOND!$C$18:$N$18,0) )=0, "", INDEX(BOND!$B$2:$CH$13, W$2, MATCH($B$14, BOND!$B$16:$CH$16, 0)+MATCH($C29, BOND!$C$18:$N$18,0)) ) -> 2.572 | ... AA29: =IF( INDEX(BOND!$B$2:$CH$13, AA$2, MATCH($B$14, BOND!$B$16:$CH$16, 0)+MATCH($C29, BOND!$C$18:$N$18,0) )=0, "", INDEX(BOND!$B$2:$CH$13, AA$2, MATCH($B$14, BOND!$B$16:$CH$16, 0)+MATCH($C29, BOND!$C$18:$N$18,0)) ) -> 3.625
E30: 스프레드 | F30: =IF(F29=0,"",(F29-AD30)*IF($C$7=1,-1,1)) -> 0.0805 | G30: =IF(G29=0,"",(G29-AE30)*IF($C$7=1,-1,1)) -> 0.0775 | H30: =IF(H29=0,"",(H29-AF30)*IF($C$7=1,-1,1)) -> 0.059 | I30: =IF(I29=0,"",(I29-AG30)*IF($C$7=1,-1,1)) -> 0.0825 | J30: =IF(J29=0,"",(J29-AH30)*IF($C$7=1,-1,1)) -> 0.0745 | K30: =IF(K29=0,"",(K29-AI30)*IF($C$7=1,-1,1)) -> 0.0725 | L30: =IF(L29=0,"",(L29-AJ30)*IF($C$7=1,-1,1)) -> 0.0505 | M30: =IF(M29=0,"",(M29-AK30)*IF($C$7=1,-1,1)) -> 0.054 | ... O30: =IF(O29=0,"",(O29-AM30)*IF($C$7=1,-1,1)) -> 0.0775 | P30: =IF( P29="", "", (P29 - INDEX(IRS!$B$2:$Y$13, P$2, MATCH($E29,IRS!$B$1:$Y$1, 0)) ) * IF($C$7=1,-1,1) ) -> 0.080175 | Q30: =IF( Q29="", "", (Q29 - INDEX(IRS!$B$2:$Y$13, Q$2, MATCH($E29,IRS!$B$1:$Y$1, 0)) ) * IF($C$7=1,-1,1) ) -> 0.08 | R30: =IF( R29="", "", (R29 - INDEX(IRS!$B$2:$Y$13, R$2, MATCH($E29,IRS!$B$1:$Y$1, 0)) ) * IF($C$7=1,-1,1) ) -> 0.086 | S30: =IF( S29="", "", (S29 - INDEX(IRS!$B$2:$Y$13, S$2, MATCH($E29,IRS!$B$1:$Y$1, 0)) ) * IF($C$7=1,-1,1) ) -> 0.06365 | T30: =IF( T29="", "", (T29 - INDEX(IRS!$B$2:$Y$13, T$2, MATCH($E29,IRS!$B$1:$Y$1, 0)) ) * IF($C$7=1,-1,1) ) -> 0.08 | U30: =IF( U29="", "", (U29 - INDEX(IRS!$B$2:$Y$13, U$2, MATCH($E29,IRS!$B$1:$Y$1, 0)) ) * IF($C$7=1,-1,1) ) -> 0.065 | V30: =IF( V29="", "", (V29 - INDEX(IRS!$B$2:$Y$13, V$2, MATCH($E29,IRS!$B$1:$Y$1, 0)) ) * IF($C$7=1,-1,1) ) -> 0.058316667 | W30: =IF( W29="", "", (W29 - INDEX(IRS!$B$2:$Y$13, W$2, MATCH($E29,IRS!$B$1:$Y$1, 0)) ) * IF($C$7=1,-1,1) ) -> 0.0645 | ... AA30: =IF( AA29="", "", (AA29 - INDEX(IRS!$B$2:$Y$13, AA$2, MATCH($E29,IRS!$B$1:$Y$1, 0)) ) * IF($C$7=1,-1,1) ) -> 0.0525 | AC30: =_xll.IMDH("IR",BOND!$CO22,BOND!$CP22,$O$9,$F$9,10,"Per=일, sort=D, real=true, Bizday=0, Quote=종가,Pos=10,Orient=H,DtFmt=1.TmFmt=1") -> 조회[IRSTP1KRW05Y] | AD30: 2.6125 | AE30: 2.6025 | AF30: 2.595 | AG30: 2.5825 | AH30: 2.5925 | AI30: 2.5725 | AJ30: 2.5825 | AK30: 2.585 | AL30: 2.5575 | AM30: 2.5375
B31: =_xll.IMDH("IR",$B$14,$C31,$O$9,$F$9,10,"Per=일, sort=D, real=true, Bizday=0, Quote=종가,Pos=40,Orient=H,DtFmt=1.TmFmt=1") -> 조회[BONDAVG01] | C31: 7년이하(당일) | E31: 07Y | F31: 2.84 | G31: 2.831 | H31: 2.825 | I31: 2.821 | J31: 2.83 | K31: 2.816 | L31: 2.816 | M31: 2.822 | N31: 2.795 | O31: 2.781 | P31: =IF( INDEX(BOND!$B$2:$CH$13, P$2, MATCH($B$14, BOND!$B$16:$CH$16, 0)+MATCH($C31, BOND!$C$18:$N$18,0) )=0, "", INDEX(BOND!$B$2:$CH$13, P$2, MATCH($B$14, BOND!$B$16:$CH$16, 0)+MATCH($C31, BOND!$C$18:$N$18,0)) ) -> 2.80725 | Q31: =IF( INDEX(BOND!$B$2:$CH$13, Q$2, MATCH($B$14, BOND!$B$16:$CH$16, 0)+MATCH($C31, BOND!$C$18:$N$18,0) )=0, "", INDEX(BOND!$B$2:$CH$13, Q$2, MATCH($B$14, BOND!$B$16:$CH$16, 0)+MATCH($C31, BOND!$C$18:$N$18,0)) ) -> 2.749 | R31: =IF( INDEX(BOND!$B$2:$CH$13, R$2, MATCH($B$14, BOND!$B$16:$CH$16, 0)+MATCH($C31, BOND!$C$18:$N$18,0) )=0, "", INDEX(BOND!$B$2:$CH$13, R$2, MATCH($B$14, BOND!$B$16:$CH$16, 0)+MATCH($C31, BOND!$C$18:$N$18,0)) ) -> 2.84 | S31: =IF( INDEX(BOND!$B$2:$CH$13, S$2, MATCH($B$14, BOND!$B$16:$CH$16, 0)+MATCH($C31, BOND!$C$18:$N$18,0) )=0, "", INDEX(BOND!$B$2:$CH$13, S$2, MATCH($B$14, BOND!$B$16:$CH$16, 0)+MATCH($C31, BOND!$C$18:$N$18,0)) ) -> 2.8652333 | T31: =IF( INDEX(BOND!$B$2:$CH$13, T$2, MATCH($B$14, BOND!$B$16:$CH$16, 0)+MATCH($C31, BOND!$C$18:$N$18,0) )=0, "", INDEX(BOND!$B$2:$CH$13, T$2, MATCH($B$14, BOND!$B$16:$CH$16, 0)+MATCH($C31, BOND!$C$18:$N$18,0)) ) -> 2.749 | U31: =IF( INDEX(BOND!$B$2:$CH$13, U$2, MATCH($B$14, BOND!$B$16:$CH$16, 0)+MATCH($C31, BOND!$C$18:$N$18,0) )=0, "", INDEX(BOND!$B$2:$CH$13, U$2, MATCH($B$14, BOND!$B$16:$CH$16, 0)+MATCH($C31, BOND!$C$18:$N$18,0)) ) -> 3.027 | V31: =IF( INDEX(BOND!$B$2:$CH$13, V$2, MATCH($B$14, BOND!$B$16:$CH$16, 0)+MATCH($C31, BOND!$C$18:$N$18,0) )=0, "", INDEX(BOND!$B$2:$CH$13, V$2, MATCH($B$14, BOND!$B$16:$CH$16, 0)+MATCH($C31, BOND!$C$18:$N$18,0)) ) -> 2.9274917 | W31: =IF( INDEX(BOND!$B$2:$CH$13, W$2, MATCH($B$14, BOND!$B$16:$CH$16, 0)+MATCH($C31, BOND!$C$18:$N$18,0) )=0, "", INDEX(BOND!$B$2:$CH$13, W$2, MATCH($B$14, BOND!$B$16:$CH$16, 0)+MATCH($C31, BOND!$C$18:$N$18,0)) ) -> 2.703 | ... AA31: =IF( INDEX(BOND!$B$2:$CH$13, AA$2, MATCH($B$14, BOND!$B$16:$CH$16, 0)+MATCH($C31, BOND!$C$18:$N$18,0) )=0, "", INDEX(BOND!$B$2:$CH$13, AA$2, MATCH($B$14, BOND!$B$16:$CH$16, 0)+MATCH($C31, BOND!$C$18:$N$18,0)) ) -> 3.7
E32: 스프레드 | F32: =IF(F31=0,"",(F31-AD32)*IF($C$7=1,-1,1)) -> 0.2025 | G32: =IF(G31=0,"",(G31-AE32)*IF($C$7=1,-1,1)) -> 0.2035 | H32: =IF(H31=0,"",(H31-AF32)*IF($C$7=1,-1,1)) -> 0.205 | I32: =IF(I31=0,"",(I31-AG32)*IF($C$7=1,-1,1)) -> 0.211 | J32: =IF(J31=0,"",(J31-AH32)*IF($C$7=1,-1,1)) -> 0.2075 | K32: =IF(K31=0,"",(K31-AI32)*IF($C$7=1,-1,1)) -> 0.206 | L32: =IF(L31=0,"",(L31-AJ32)*IF($C$7=1,-1,1)) -> 0.196 | M32: =IF(M31=0,"",(M31-AK32)*IF($C$7=1,-1,1)) -> 0.197 | ... O32: =IF(O31=0,"",(O31-AM32)*IF($C$7=1,-1,1)) -> 0.216 | P32: =IF( P31="", "", (P31 - INDEX(IRS!$B$2:$Y$13, P$2, MATCH($E31,IRS!$B$1:$Y$1, 0)) ) * IF($C$7=1,-1,1) ) -> 0.199375 | Q32: =IF( Q31="", "", (Q31 - INDEX(IRS!$B$2:$Y$13, Q$2, MATCH($E31,IRS!$B$1:$Y$1, 0)) ) * IF($C$7=1,-1,1) ) -> 0.1915 | R32: =IF( R31="", "", (R31 - INDEX(IRS!$B$2:$Y$13, R$2, MATCH($E31,IRS!$B$1:$Y$1, 0)) ) * IF($C$7=1,-1,1) ) -> 0.1925 | S32: =IF( S31="", "", (S31 - INDEX(IRS!$B$2:$Y$13, S$2, MATCH($E31,IRS!$B$1:$Y$1, 0)) ) * IF($C$7=1,-1,1) ) -> 0.20365 | T32: =IF( T31="", "", (T31 - INDEX(IRS!$B$2:$Y$13, T$2, MATCH($E31,IRS!$B$1:$Y$1, 0)) ) * IF($C$7=1,-1,1) ) -> 0.1915 | U32: =IF( U31="", "", (U31 - INDEX(IRS!$B$2:$Y$13, U$2, MATCH($E31,IRS!$B$1:$Y$1, 0)) ) * IF($C$7=1,-1,1) ) -> 0.2395 | V32: =IF( V31="", "", (V31 - INDEX(IRS!$B$2:$Y$13, V$2, MATCH($E31,IRS!$B$1:$Y$1, 0)) ) * IF($C$7=1,-1,1) ) -> 0.18730417 | W32: =IF( W31="", "", (W31 - INDEX(IRS!$B$2:$Y$13, W$2, MATCH($E31,IRS!$B$1:$Y$1, 0)) ) * IF($C$7=1,-1,1) ) -> 0.188 | ... AA32: =IF( AA31="", "", (AA31 - INDEX(IRS!$B$2:$Y$13, AA$2, MATCH($E31,IRS!$B$1:$Y$1, 0)) ) * IF($C$7=1,-1,1) ) -> 0.1275 | AC32: =_xll.IMDH("IR",BOND!$CO23,BOND!$CP23,$O$9,$F$9,10,"Per=일, sort=D, real=true, Bizday=0, Quote=종가,Pos=10,Orient=H,DtFmt=1.TmFmt=1") -> 조회[IRSTP1KRW07Y] | AD32: 2.6375 | AE32: 2.6275 | AF32: 2.62 | AG32: 2.61 | AH32: 2.6225 | AI32: 2.61 | AJ32: 2.62 | AK32: 2.625 | AL32: 2.5875 | AM32: 2.565
B33: =_xll.IMDH("IR",$B$14,$C33,$O$9,$F$9,10,"Per=일, sort=D, real=true, Bizday=0, Quote=종가,Pos=40,Orient=H,DtFmt=1.TmFmt=1") -> 조회[BONDAVG01] | C33: 10년이하(당일) | E33: 10Y | F33: 2.813 | G33: 2.815 | H33: 2.805 | I33: 2.795 | J33: 2.8 | K33: 2.792 | L33: 2.805 | M33: 2.815 | N33: 2.777 | O33: 2.76 | P33: =IF( INDEX(BOND!$B$2:$CH$13, P$2, MATCH($B$14, BOND!$B$16:$CH$16, 0)+MATCH($C33, BOND!$C$18:$N$18,0) )=0, "", INDEX(BOND!$B$2:$CH$13, P$2, MATCH($B$14, BOND!$B$16:$CH$16, 0)+MATCH($C33, BOND!$C$18:$N$18,0)) ) -> 2.7794 | Q33: =IF( INDEX(BOND!$B$2:$CH$13, Q$2, MATCH($B$14, BOND!$B$16:$CH$16, 0)+MATCH($C33, BOND!$C$18:$N$18,0) )=0, "", INDEX(BOND!$B$2:$CH$13, Q$2, MATCH($B$14, BOND!$B$16:$CH$16, 0)+MATCH($C33, BOND!$C$18:$N$18,0)) ) -> 2.7 | R33: =IF( INDEX(BOND!$B$2:$CH$13, R$2, MATCH($B$14, BOND!$B$16:$CH$16, 0)+MATCH($C33, BOND!$C$18:$N$18,0) )=0, "", INDEX(BOND!$B$2:$CH$13, R$2, MATCH($B$14, BOND!$B$16:$CH$16, 0)+MATCH($C33, BOND!$C$18:$N$18,0)) ) -> 2.815 | S33: =IF( INDEX(BOND!$B$2:$CH$13, S$2, MATCH($B$14, BOND!$B$16:$CH$16, 0)+MATCH($C33, BOND!$C$18:$N$18,0) )=0, "", INDEX(BOND!$B$2:$CH$13, S$2, MATCH($B$14, BOND!$B$16:$CH$16, 0)+MATCH($C33, BOND!$C$18:$N$18,0)) ) -> 2.8208 | T33: =IF( INDEX(BOND!$B$2:$CH$13, T$2, MATCH($B$14, BOND!$B$16:$CH$16, 0)+MATCH($C33, BOND!$C$18:$N$18,0) )=0, "", INDEX(BOND!$B$2:$CH$13, T$2, MATCH($B$14, BOND!$B$16:$CH$16, 0)+MATCH($C33, BOND!$C$18:$N$18,0)) ) -> 2.7 | U33: =IF( INDEX(BOND!$B$2:$CH$13, U$2, MATCH($B$14, BOND!$B$16:$CH$16, 0)+MATCH($C33, BOND!$C$18:$N$18,0) )=0, "", INDEX(BOND!$B$2:$CH$13, U$2, MATCH($B$14, BOND!$B$16:$CH$16, 0)+MATCH($C33, BOND!$C$18:$N$18,0)) ) -> 2.914 | V33: =IF( INDEX(BOND!$B$2:$CH$13, V$2, MATCH($B$14, BOND!$B$16:$CH$16, 0)+MATCH($C33, BOND!$C$18:$N$18,0) )=0, "", INDEX(BOND!$B$2:$CH$13, V$2, MATCH($B$14, BOND!$B$16:$CH$16, 0)+MATCH($C33, BOND!$C$18:$N$18,0)) ) -> 2.889125 | W33: =IF( INDEX(BOND!$B$2:$CH$13, W$2, MATCH($B$14, BOND!$B$16:$CH$16, 0)+MATCH($C33, BOND!$C$18:$N$18,0) )=0, "", INDEX(BOND!$B$2:$CH$13, W$2, MATCH($B$14, BOND!$B$16:$CH$16, 0)+MATCH($C33, BOND!$C$18:$N$18,0)) ) -> 2.64 | ... AA33: =IF( INDEX(BOND!$B$2:$CH$13, AA$2, MATCH($B$14, BOND!$B$16:$CH$16, 0)+MATCH($C33, BOND!$C$18:$N$18,0) )=0, "", INDEX(BOND!$B$2:$CH$13, AA$2, MATCH($B$14, BOND!$B$16:$CH$16, 0)+MATCH($C33, BOND!$C$18:$N$18,0)) ) -> 3.711
E34: 스프레드 | F34: =IF(F33=0,"",(F33-AD34)*IF($C$7=1,-1,1)) -> 0.1405 | G34: =IF(G33=0,"",(G33-AE34)*IF($C$7=1,-1,1)) -> 0.1525 | H34: =IF(H33=0,"",(H33-AF34)*IF($C$7=1,-1,1)) -> 0.15 | I34: =IF(I33=0,"",(I33-AG34)*IF($C$7=1,-1,1)) -> 0.15 | J34: =IF(J33=0,"",(J33-AH34)*IF($C$7=1,-1,1)) -> 0.1425 | K34: =IF(K33=0,"",(K33-AI34)*IF($C$7=1,-1,1)) -> 0.147 | L34: =IF(L33=0,"",(L33-AJ34)*IF($C$7=1,-1,1)) -> 0.15 | M34: =IF(M33=0,"",(M33-AK34)*IF($C$7=1,-1,1)) -> 0.15 | ... O34: =IF(O33=0,"",(O33-AM34)*IF($C$7=1,-1,1)) -> 0.16 | P34: =IF( P33="", "", (P33 - INDEX(IRS!$B$2:$Y$13, P$2, MATCH($E33,IRS!$B$1:$Y$1, 0)) ) * IF($C$7=1,-1,1) ) -> 0.1374 | Q34: =IF( Q33="", "", (Q33 - INDEX(IRS!$B$2:$Y$13, Q$2, MATCH($E33,IRS!$B$1:$Y$1, 0)) ) * IF($C$7=1,-1,1) ) -> 0.115 | R34: =IF( R33="", "", (R33 - INDEX(IRS!$B$2:$Y$13, R$2, MATCH($E33,IRS!$B$1:$Y$1, 0)) ) * IF($C$7=1,-1,1) ) -> 0.1325 | S34: =IF( S33="", "", (S33 - INDEX(IRS!$B$2:$Y$13, S$2, MATCH($E33,IRS!$B$1:$Y$1, 0)) ) * IF($C$7=1,-1,1) ) -> 0.12321667 | T34: =IF( T33="", "", (T33 - INDEX(IRS!$B$2:$Y$13, T$2, MATCH($E33,IRS!$B$1:$Y$1, 0)) ) * IF($C$7=1,-1,1) ) -> 0.115 | U34: =IF( U33="", "", (U33 - INDEX(IRS!$B$2:$Y$13, U$2, MATCH($E33,IRS!$B$1:$Y$1, 0)) ) * IF($C$7=1,-1,1) ) -> 0.0815 | V34: =IF( V33="", "", (V33 - INDEX(IRS!$B$2:$Y$13, V$2, MATCH($E33,IRS!$B$1:$Y$1, 0)) ) * IF($C$7=1,-1,1) ) -> 0.11820833 | W34: =IF( W33="", "", (W33 - INDEX(IRS!$B$2:$Y$13, W$2, MATCH($E33,IRS!$B$1:$Y$1, 0)) ) * IF($C$7=1,-1,1) ) -> 0.105 | ... AA34: =IF( AA33="", "", (AA33 - INDEX(IRS!$B$2:$Y$13, AA$2, MATCH($E33,IRS!$B$1:$Y$1, 0)) ) * IF($C$7=1,-1,1) ) -> 0.1235 | AC34: =_xll.IMDH("IR",BOND!$CO24,BOND!$CP24,$O$9,$F$9,10,"Per=일, sort=D, real=true, Bizday=0, Quote=종가,Pos=10,Orient=H,DtFmt=1.TmFmt=1") -> 조회[IRSTP1KRW10Y] | AD34: 2.6725 | AE34: 2.6625 | AF34: 2.655 | AG34: 2.645 | AH34: 2.6575 | AI34: 2.645 | AJ34: 2.655 | AK34: 2.665 | AL34: 2.625 | AM34: 2.6
B35: =_xll.IMDH("IR",$B$14,$C35,$O$9,$F$9,10,"Per=일, sort=D, real=true, Bizday=0, Quote=종가,Pos=40,Orient=H,DtFmt=1.TmFmt=1") -> 조회[BONDAVG01] | C35: 20년이하(당일) | E35: 20Y | F35: 2.7 | G35: 2.69 | H35: 2.665 | I35: 2.66 | J35: 2.66 | K35: 2.675 | L35: 2.688 | M35: 2.694 | N35: 2.684 | O35: 2.671 | P35: =IF( INDEX(BOND!$B$2:$CH$13, P$2, MATCH($B$14, BOND!$B$16:$CH$16, 0)+MATCH($C35, BOND!$C$18:$N$18,0) )=0, "", INDEX(BOND!$B$2:$CH$13, P$2, MATCH($B$14, BOND!$B$16:$CH$16, 0)+MATCH($C35, BOND!$C$18:$N$18,0)) ) -> 2.6848 | Q35: =IF( INDEX(BOND!$B$2:$CH$13, Q$2, MATCH($B$14, BOND!$B$16:$CH$16, 0)+MATCH($C35, BOND!$C$18:$N$18,0) )=0, "", INDEX(BOND!$B$2:$CH$13, Q$2, MATCH($B$14, BOND!$B$16:$CH$16, 0)+MATCH($C35, BOND!$C$18:$N$18,0)) ) -> 2.64 | R35: =IF( INDEX(BOND!$B$2:$CH$13, R$2, MATCH($B$14, BOND!$B$16:$CH$16, 0)+MATCH($C35, BOND!$C$18:$N$18,0) )=0, "", INDEX(BOND!$B$2:$CH$13, R$2, MATCH($B$14, BOND!$B$16:$CH$16, 0)+MATCH($C35, BOND!$C$18:$N$18,0)) ) -> 2.744 | S35: =IF( INDEX(BOND!$B$2:$CH$13, S$2, MATCH($B$14, BOND!$B$16:$CH$16, 0)+MATCH($C35, BOND!$C$18:$N$18,0) )=0, "", INDEX(BOND!$B$2:$CH$13, S$2, MATCH($B$14, BOND!$B$16:$CH$16, 0)+MATCH($C35, BOND!$C$18:$N$18,0)) ) -> 2.7412333 | T35: =IF( INDEX(BOND!$B$2:$CH$13, T$2, MATCH($B$14, BOND!$B$16:$CH$16, 0)+MATCH($C35, BOND!$C$18:$N$18,0) )=0, "", INDEX(BOND!$B$2:$CH$13, T$2, MATCH($B$14, BOND!$B$16:$CH$16, 0)+MATCH($C35, BOND!$C$18:$N$18,0)) ) -> 2.64 | U35: =IF( INDEX(BOND!$B$2:$CH$13, U$2, MATCH($B$14, BOND!$B$16:$CH$16, 0)+MATCH($C35, BOND!$C$18:$N$18,0) )=0, "", INDEX(BOND!$B$2:$CH$13, U$2, MATCH($B$14, BOND!$B$16:$CH$16, 0)+MATCH($C35, BOND!$C$18:$N$18,0)) ) -> 2.875 | V35: =IF( INDEX(BOND!$B$2:$CH$13, V$2, MATCH($B$14, BOND!$B$16:$CH$16, 0)+MATCH($C35, BOND!$C$18:$N$18,0) )=0, "", INDEX(BOND!$B$2:$CH$13, V$2, MATCH($B$14, BOND!$B$16:$CH$16, 0)+MATCH($C35, BOND!$C$18:$N$18,0)) ) -> 2.80915 | W35: =IF( INDEX(BOND!$B$2:$CH$13, W$2, MATCH($B$14, BOND!$B$16:$CH$16, 0)+MATCH($C35, BOND!$C$18:$N$18,0) )=0, "", INDEX(BOND!$B$2:$CH$13, W$2, MATCH($B$14, BOND!$B$16:$CH$16, 0)+MATCH($C35, BOND!$C$18:$N$18,0)) ) -> 2.565 | ... AA35: =IF( INDEX(BOND!$B$2:$CH$13, AA$2, MATCH($B$14, BOND!$B$16:$CH$16, 0)+MATCH($C35, BOND!$C$18:$N$18,0) )=0, "", INDEX(BOND!$B$2:$CH$13, AA$2, MATCH($B$14, BOND!$B$16:$CH$16, 0)+MATCH($C35, BOND!$C$18:$N$18,0)) ) -> 3.615
E36: 스프레드 | F36: =IF(F35=0,"",(F35-AD36)*IF($C$7=1,-1,1)) -> 0.1675 | G36: =IF(G35=0,"",(G35-AE36)*IF($C$7=1,-1,1)) -> 0.165 | H36: =IF(H35=0,"",(H35-AF36)*IF($C$7=1,-1,1)) -> 0.1475 | I36: =IF(I35=0,"",(I35-AG36)*IF($C$7=1,-1,1)) -> 0.155 | J36: =IF(J35=0,"",(J35-AH36)*IF($C$7=1,-1,1)) -> 0.1425 | K36: =IF(K35=0,"",(K35-AI36)*IF($C$7=1,-1,1)) -> 0.17 | L36: =IF(L35=0,"",(L35-AJ36)*IF($C$7=1,-1,1)) -> 0.173 | M36: =IF(M35=0,"",(M35-AK36)*IF($C$7=1,-1,1)) -> 0.169 | ... O36: =IF(O35=0,"",(O35-AM36)*IF($C$7=1,-1,1)) -> 0.211 | P36: =IF( P35="", "", (P35 - INDEX(IRS!$B$2:$Y$13, P$2, MATCH($E35,IRS!$B$1:$Y$1, 0)) ) * IF($C$7=1,-1,1) ) -> 0.178925 | Q36: =IF( Q35="", "", (Q35 - INDEX(IRS!$B$2:$Y$13, Q$2, MATCH($E35,IRS!$B$1:$Y$1, 0)) ) * IF($C$7=1,-1,1) ) -> 0.19 | R36: =IF( R35="", "", (R35 - INDEX(IRS!$B$2:$Y$13, R$2, MATCH($E35,IRS!$B$1:$Y$1, 0)) ) * IF($C$7=1,-1,1) ) -> 0.159 | S36: =IF( S35="", "", (S35 - INDEX(IRS!$B$2:$Y$13, S$2, MATCH($E35,IRS!$B$1:$Y$1, 0)) ) * IF($C$7=1,-1,1) ) -> 0.205025 | T36: =IF( T35="", "", (T35 - INDEX(IRS!$B$2:$Y$13, T$2, MATCH($E35,IRS!$B$1:$Y$1, 0)) ) * IF($C$7=1,-1,1) ) -> 0.19 | U36: =IF( U35="", "", (U35 - INDEX(IRS!$B$2:$Y$13, U$2, MATCH($E35,IRS!$B$1:$Y$1, 0)) ) * IF($C$7=1,-1,1) ) -> 0.2425 | V36: =IF( V35="", "", (V35 - INDEX(IRS!$B$2:$Y$13, V$2, MATCH($E35,IRS!$B$1:$Y$1, 0)) ) * IF($C$7=1,-1,1) ) -> 0.19187917 | W36: =IF( W35="", "", (W35 - INDEX(IRS!$B$2:$Y$13, W$2, MATCH($E35,IRS!$B$1:$Y$1, 0)) ) * IF($C$7=1,-1,1) ) -> 0.205 | ... AA36: =IF( AA35="", "", (AA35 - INDEX(IRS!$B$2:$Y$13, AA$2, MATCH($E35,IRS!$B$1:$Y$1, 0)) ) * IF($C$7=1,-1,1) ) -> 0.1375 | AC36: =_xll.IMDH("IR",BOND!$CO25,BOND!$CP25,$O$9,$F$9,10,"Per=일, sort=D, real=true, Bizday=0, Quote=종가,Pos=10,Orient=H,DtFmt=1.TmFmt=1") -> 조회[IRSTP1KRW20Y] | AD36: 2.5325 | AE36: 2.525 | AF36: 2.5175 | AG36: 2.505 | AH36: 2.5175 | AI36: 2.505 | AJ36: 2.515 | AK36: 2.525 | AL36: 2.485 | AM36: 2.46
B37: =_xll.IMDH("IR",$B$14,$C37,$O$9,$F$9,10,"Per=일, sort=D, real=true, Bizday=0, Quote=종가,Pos=40,Orient=H,DtFmt=1.TmFmt=1") -> 조회[BONDAVG01] | C37: 30년이하(당일) | E37: 30Y | F37: 2.58 | G37: 2.567 | H37: 2.547 | I37: 2.547 | J37: 2.557 | K37: 2.575 | L37: 2.59 | M37: 2.59 | N37: 2.58 | O37: 2.565 | P37: =IF( INDEX(BOND!$B$2:$CH$13, P$2, MATCH($B$14, BOND!$B$16:$CH$16, 0)+MATCH($C37, BOND!$C$18:$N$18,0) )=0, "", INDEX(BOND!$B$2:$CH$13, P$2, MATCH($B$14, BOND!$B$16:$CH$16, 0)+MATCH($C37, BOND!$C$18:$N$18,0)) ) -> 2.57865 | Q37: =IF( INDEX(BOND!$B$2:$CH$13, Q$2, MATCH($B$14, BOND!$B$16:$CH$16, 0)+MATCH($C37, BOND!$C$18:$N$18,0) )=0, "", INDEX(BOND!$B$2:$CH$13, Q$2, MATCH($B$14, BOND!$B$16:$CH$16, 0)+MATCH($C37, BOND!$C$18:$N$18,0)) ) -> 2.542 | R37: =IF( INDEX(BOND!$B$2:$CH$13, R$2, MATCH($B$14, BOND!$B$16:$CH$16, 0)+MATCH($C37, BOND!$C$18:$N$18,0) )=0, "", INDEX(BOND!$B$2:$CH$13, R$2, MATCH($B$14, BOND!$B$16:$CH$16, 0)+MATCH($C37, BOND!$C$18:$N$18,0)) ) -> 2.645 | S37: =IF( INDEX(BOND!$B$2:$CH$13, S$2, MATCH($B$14, BOND!$B$16:$CH$16, 0)+MATCH($C37, BOND!$C$18:$N$18,0) )=0, "", INDEX(BOND!$B$2:$CH$13, S$2, MATCH($B$14, BOND!$B$16:$CH$16, 0)+MATCH($C37, BOND!$C$18:$N$18,0)) ) -> 2.6634833 | T37: =IF( INDEX(BOND!$B$2:$CH$13, T$2, MATCH($B$14, BOND!$B$16:$CH$16, 0)+MATCH($C37, BOND!$C$18:$N$18,0) )=0, "", INDEX(BOND!$B$2:$CH$13, T$2, MATCH($B$14, BOND!$B$16:$CH$16, 0)+MATCH($C37, BOND!$C$18:$N$18,0)) ) -> 2.542 | U37: =IF( INDEX(BOND!$B$2:$CH$13, U$2, MATCH($B$14, BOND!$B$16:$CH$16, 0)+MATCH($C37, BOND!$C$18:$N$18,0) )=0, "", INDEX(BOND!$B$2:$CH$13, U$2, MATCH($B$14, BOND!$B$16:$CH$16, 0)+MATCH($C37, BOND!$C$18:$N$18,0)) ) -> 2.81 | V37: =IF( INDEX(BOND!$B$2:$CH$13, V$2, MATCH($B$14, BOND!$B$16:$CH$16, 0)+MATCH($C37, BOND!$C$18:$N$18,0) )=0, "", INDEX(BOND!$B$2:$CH$13, V$2, MATCH($B$14, BOND!$B$16:$CH$16, 0)+MATCH($C37, BOND!$C$18:$N$18,0)) ) -> 2.7388833 | W37: =IF( INDEX(BOND!$B$2:$CH$13, W$2, MATCH($B$14, BOND!$B$16:$CH$16, 0)+MATCH($C37, BOND!$C$18:$N$18,0) )=0, "", INDEX(BOND!$B$2:$CH$13, W$2, MATCH($B$14, BOND!$B$16:$CH$16, 0)+MATCH($C37, BOND!$C$18:$N$18,0)) ) -> 2.477 | ... AA37: =IF( INDEX(BOND!$B$2:$CH$13, AA$2, MATCH($B$14, BOND!$B$16:$CH$16, 0)+MATCH($C37, BOND!$C$18:$N$18,0) )=0, "", INDEX(BOND!$B$2:$CH$13, AA$2, MATCH($B$14, BOND!$B$16:$CH$16, 0)+MATCH($C37, BOND!$C$18:$N$18,0)) ) -> 3.523
E38: 스프레드 | F38: =IF(F37=0,"",(F37-AD38)*IF($C$7=1,-1,1)) -> 0.3275 | G38: =IF(G37=0,"",(G37-AE38)*IF($C$7=1,-1,1)) -> 0.297 | H38: =IF(H37=0,"",(H37-AF38)*IF($C$7=1,-1,1)) -> 0.2845 | I38: =IF(I37=0,"",(I37-AG38)*IF($C$7=1,-1,1)) -> 0.297 | J38: =IF(J37=0,"",(J37-AH38)*IF($C$7=1,-1,1)) -> 0.2945 | K38: =IF(K37=0,"",(K37-AI38)*IF($C$7=1,-1,1)) -> 0.325 | L38: =IF(L37=0,"",(L37-AJ38)*IF($C$7=1,-1,1)) -> 0.33 | M38: =IF(M37=0,"",(M37-AK38)*IF($C$7=1,-1,1)) -> 0.32 | ... O38: =IF(O37=0,"",(O37-AM38)*IF($C$7=1,-1,1)) -> 0.36 | P38: =IF( P37="", "", (P37 - INDEX(IRS!$B$2:$Y$13, P$2, MATCH($E37,IRS!$B$1:$Y$1, 0)) ) * IF($C$7=1,-1,1) ) -> 0.329025 | Q38: =IF( Q37="", "", (Q37 - INDEX(IRS!$B$2:$Y$13, Q$2, MATCH($E37,IRS!$B$1:$Y$1, 0)) ) * IF($C$7=1,-1,1) ) -> 0.347 | R38: =IF( R37="", "", (R37 - INDEX(IRS!$B$2:$Y$13, R$2, MATCH($E37,IRS!$B$1:$Y$1, 0)) ) * IF($C$7=1,-1,1) ) -> 0.315 | S38: =IF( S37="", "", (S37 - INDEX(IRS!$B$2:$Y$13, S$2, MATCH($E37,IRS!$B$1:$Y$1, 0)) ) * IF($C$7=1,-1,1) ) -> 0.39056667 | T38: =IF( T37="", "", (T37 - INDEX(IRS!$B$2:$Y$13, T$2, MATCH($E37,IRS!$B$1:$Y$1, 0)) ) * IF($C$7=1,-1,1) ) -> 0.347 | U38: =IF( U37="", "", (U37 - INDEX(IRS!$B$2:$Y$13, U$2, MATCH($E37,IRS!$B$1:$Y$1, 0)) ) * IF($C$7=1,-1,1) ) -> 0.4425 | V38: =IF( V37="", "", (V37 - INDEX(IRS!$B$2:$Y$13, V$2, MATCH($E37,IRS!$B$1:$Y$1, 0)) ) * IF($C$7=1,-1,1) ) -> 0.39534167 | W38: =IF( W37="", "", (W37 - INDEX(IRS!$B$2:$Y$13, W$2, MATCH($E37,IRS!$B$1:$Y$1, 0)) ) * IF($C$7=1,-1,1) ) -> 0.387 | ... AA38: =IF( AA37="", "", (AA37 - INDEX(IRS!$B$2:$Y$13, AA$2, MATCH($E37,IRS!$B$1:$Y$1, 0)) ) * IF($C$7=1,-1,1) ) -> 0.3055 | AC38: =_xll.IMDH("IR",BOND!$CO26,BOND!$CP26,$O$9,$F$9,10,"Per=일, sort=D, real=true, Bizday=0, Quote=종가,Pos=10,Orient=H,DtFmt=1.TmFmt=1") -> 조회[IRSTP1KRW30Y] | AD38: 2.2525 | AE38: 2.27 | AF38: 2.2625 | AG38: 2.25 | AH38: 2.2625 | AI38: 2.25 | AJ38: 2.26 | AK38: 2.27 | AL38: 2.23 | AM38: 2.205
C39: 15 | E39: BOND | F39: =F$9 -> 45741 | G39: =G$9 -> 45740 | H39: =H$9 -> 45737 | I39: =I$9 -> 45736 | J39: =J$9 -> 45735 | K39: =K$9 -> 45734 | L39: =L$9 -> 45733 | M39: =M$9 -> 45730 | ... O39: =O$9 -> 45728 | P39: =$P$13 -> 20D | S39: =$S$13 -> 60D | V39: =$V$13 -> 120D | Y39: =$Y$13 -> 250D
B40: =INDEX(code_list,$C39,1) -> BONDAVG14 | C40: =INDEX(name_list,$C39,1) -> 통안증권 | P40: Ave | Q40: Min | R40: Max | S40: Ave | T40: Min | U40: Max | V40: Ave | W40: Min | X40: Max | Y40: Ave | Z40: Min | AA40: Max
B41: =_xll.IMDH("IR",$B$40,$C41,$O$9,$F$9,10,"Per=일, sort=D, real=true, Bizday=0, Quote=종가,Pos=40,Orient=H,DtFmt=1.TmFmt=1") -> 조회[BONDAVG14] | C41: 6월이하(당일) | E41: 06M | F41: 2.664 | G41: 2.666 | H41: 2.661 | I41: 2.655 | J41: 2.656 | K41: 2.656 | L41: 2.656 | M41: 2.66 | N41: 2.66 | O41: 2.656 | P41: =IF( INDEX(BOND!$B$2:$CH$13, P$2, MATCH($B$40, BOND!$B$16:$CH$16, 0)+MATCH($C41, BOND!$C$18:$N$18,0) )=0, "", INDEX(BOND!$B$2:$CH$13, P$2, MATCH($B$40, BOND!$B$16:$CH$16, 0)+MATCH($C41, BOND!$C$18:$N$18,0)) ) -> 2.6651 | Q41: =IF( INDEX(BOND!$B$2:$CH$13, Q$2, MATCH($B$40, BOND!$B$16:$CH$16, 0)+MATCH($C41, BOND!$C$18:$N$18,0) )=0, "", INDEX(BOND!$B$2:$CH$13, Q$2, MATCH($B$40, BOND!$B$16:$CH$16, 0)+MATCH($C41, BOND!$C$18:$N$18,0)) ) -> 2.655 | R41: =IF( INDEX(BOND!$B$2:$CH$13, R$2, MATCH($B$40, BOND!$B$16:$CH$16, 0)+MATCH($C41, BOND!$C$18:$N$18,0) )=0, "", INDEX(BOND!$B$2:$CH$13, R$2, MATCH($B$40, BOND!$B$16:$CH$16, 0)+MATCH($C41, BOND!$C$18:$N$18,0)) ) -> 2.681 | S41: =IF( INDEX(BOND!$B$2:$CH$13, S$2, MATCH($B$40, BOND!$B$16:$CH$16, 0)+MATCH($C41, BOND!$C$18:$N$18,0) )=0, "", INDEX(BOND!$B$2:$CH$13, S$2, MATCH($B$40, BOND!$B$16:$CH$16, 0)+MATCH($C41, BOND!$C$18:$N$18,0)) ) -> 2.7153667 | T41: =IF( INDEX(BOND!$B$2:$CH$13, T$2, MATCH($B$40, BOND!$B$16:$CH$16, 0)+MATCH($C41, BOND!$C$18:$N$18,0) )=0, "", INDEX(BOND!$B$2:$CH$13, T$2, MATCH($B$40, BOND!$B$16:$CH$16, 0)+MATCH($C41, BOND!$C$18:$N$18,0)) ) -> 2.655 | U41: =IF( INDEX(BOND!$B$2:$CH$13, U$2, MATCH($B$40, BOND!$B$16:$CH$16, 0)+MATCH($C41, BOND!$C$18:$N$18,0) )=0, "", INDEX(BOND!$B$2:$CH$13, U$2, MATCH($B$40, BOND!$B$16:$CH$16, 0)+MATCH($C41, BOND!$C$18:$N$18,0)) ) -> 2.843 | V41: =IF( INDEX(BOND!$B$2:$CH$13, V$2, MATCH($B$40, BOND!$B$16:$CH$16, 0)+MATCH($C41, BOND!$C$18:$N$18,0) )=0, "", INDEX(BOND!$B$2:$CH$13, V$2, MATCH($B$40, BOND!$B$16:$CH$16, 0)+MATCH($C41, BOND!$C$18:$N$18,0)) ) -> 2.8161083 | W41: =IF( INDEX(BOND!$B$2:$CH$13, W$2, MATCH($B$40, BOND!$B$16:$CH$16, 0)+MATCH($C41, BOND!$C$18:$N$18,0) )=0, "", INDEX(BOND!$B$2:$CH$13, W$2, MATCH($B$40, BOND!$B$16:$CH$16, 0)+MATCH($C41, BOND!$C$18:$N$18,0)) ) -> 2.655 | ... AA41: =IF( INDEX(BOND!$B$2:$CH$13, AA$2, MATCH($B$40, BOND!$B$16:$CH$16, 0)+MATCH($C41, BOND!$C$18:$N$18,0) )=0, "", INDEX(BOND!$B$2:$CH$13, AA$2, MATCH($B$40, BOND!$B$16:$CH$16, 0)+MATCH($C41, BOND!$C$18:$N$18,0)) ) -> 3.448
E42: 스프레드 | F42: =IF(F41=0,"",(F41-AD16)*IF($C$7=1,-1,1)) -> -0.1085 | G42: =IF(G41=0,"",(G41-AE16)*IF($C$7=1,-1,1)) -> -0.099 | H42: =IF(H41=0,"",(H41-AF16)*IF($C$7=1,-1,1)) -> -0.1015 | I42: =IF(I41=0,"",(I41-AG16)*IF($C$7=1,-1,1)) -> -0.105 | J42: =IF(J41=0,"",(J41-AH16)*IF($C$7=1,-1,1)) -> -0.1115 | K42: =IF(K41=0,"",(K41-AI16)*IF($C$7=1,-1,1)) -> -0.109 | L42: =IF(L41=0,"",(L41-AJ16)*IF($C$7=1,-1,1)) -> -0.109 | M42: =IF(M41=0,"",(M41-AK16)*IF($C$7=1,-1,1)) -> -0.1 | ... O42: =IF(O41=0,"",(O41-AM16)*IF($C$7=1,-1,1)) -> -0.089 | P42: =IF( P41="", "", (P41 - INDEX(IRS!$B$2:$Y$13, P$2, MATCH($E41,IRS!$B$1:$Y$1, 0)) ) * IF($C$7=1,-1,1) ) -> -0.10065 | Q42: =IF( Q41="", "", (Q41 - INDEX(IRS!$B$2:$Y$13, Q$2, MATCH($E41,IRS!$B$1:$Y$1, 0)) ) * IF($C$7=1,-1,1) ) -> -0.09 | R42: =IF( R41="", "", (R41 - INDEX(IRS!$B$2:$Y$13, R$2, MATCH($E41,IRS!$B$1:$Y$1, 0)) ) * IF($C$7=1,-1,1) ) -> -0.119 | S42: =IF( S41="", "", (S41 - INDEX(IRS!$B$2:$Y$13, S$2, MATCH($E41,IRS!$B$1:$Y$1, 0)) ) * IF($C$7=1,-1,1) ) -> -0.16250833 | T42: =IF( T41="", "", (T41 - INDEX(IRS!$B$2:$Y$13, T$2, MATCH($E41,IRS!$B$1:$Y$1, 0)) ) * IF($C$7=1,-1,1) ) -> -0.09 | U42: =IF( U41="", "", (U41 - INDEX(IRS!$B$2:$Y$13, U$2, MATCH($E41,IRS!$B$1:$Y$1, 0)) ) * IF($C$7=1,-1,1) ) -> -0.3445 | V42: =IF( V41="", "", (V41 - INDEX(IRS!$B$2:$Y$13, V$2, MATCH($E41,IRS!$B$1:$Y$1, 0)) ) * IF($C$7=1,-1,1) ) -> -0.2485375 | W42: =IF( W41="", "", (W41 - INDEX(IRS!$B$2:$Y$13, W$2, MATCH($E41,IRS!$B$1:$Y$1, 0)) ) * IF($C$7=1,-1,1) ) -> -0.09 | ... AA42: =IF( AA41="", "", (AA41 - INDEX(IRS!$B$2:$Y$13, AA$2, MATCH($E41,IRS!$B$1:$Y$1, 0)) ) * IF($C$7=1,-1,1) ) -> -0.1895
B43: =_xll.IMDH("IR",$B$40,$C43,$O$9,$F$9,10,"Per=일, sort=D, real=true, Bizday=0, Quote=종가,Pos=40,Orient=H,DtFmt=1.TmFmt=1") -> 조회[BONDAVG14] | C43: 9월이하(당일) | E43: 09M | F43: 2.619 | G43: 2.622 | H43: 2.615 | I43: 2.608 | J43: 2.61 | K43: 2.61 | L43: 2.611 | M43: 2.615 | N43: 2.613 | O43: 2.608 | P43: =IF( INDEX(BOND!$B$2:$CH$13, P$2, MATCH($B$40, BOND!$B$16:$CH$16, 0)+MATCH($C43, BOND!$C$18:$N$18,0) )=0, "", INDEX(BOND!$B$2:$CH$13, P$2, MATCH($B$40, BOND!$B$16:$CH$16, 0)+MATCH($C43, BOND!$C$18:$N$18,0)) ) -> 2.6152 | Q43: =IF( INDEX(BOND!$B$2:$CH$13, Q$2, MATCH($B$40, BOND!$B$16:$CH$16, 0)+MATCH($C43, BOND!$C$18:$N$18,0) )=0, "", INDEX(BOND!$B$2:$CH$13, Q$2, MATCH($B$40, BOND!$B$16:$CH$16, 0)+MATCH($C43, BOND!$C$18:$N$18,0)) ) -> 2.608 | R43: =IF( INDEX(BOND!$B$2:$CH$13, R$2, MATCH($B$40, BOND!$B$16:$CH$16, 0)+MATCH($C43, BOND!$C$18:$N$18,0) )=0, "", INDEX(BOND!$B$2:$CH$13, R$2, MATCH($B$40, BOND!$B$16:$CH$16, 0)+MATCH($C43, BOND!$C$18:$N$18,0)) ) -> 2.623 | S43: =IF( INDEX(BOND!$B$2:$CH$13, S$2, MATCH($B$40, BOND!$B$16:$CH$16, 0)+MATCH($C43, BOND!$C$18:$N$18,0) )=0, "", INDEX(BOND!$B$2:$CH$13, S$2, MATCH($B$40, BOND!$B$16:$CH$16, 0)+MATCH($C43, BOND!$C$18:$N$18,0)) ) -> 2.6370167 | T43: =IF( INDEX(BOND!$B$2:$CH$13, T$2, MATCH($B$40, BOND!$B$16:$CH$16, 0)+MATCH($C43, BOND!$C$18:$N$18,0) )=0, "", INDEX(BOND!$B$2:$CH$13, T$2, MATCH($B$40, BOND!$B$16:$CH$16, 0)+MATCH($C43, BOND!$C$18:$N$18,0)) ) -> 2.608 | U43: =IF( INDEX(BOND!$B$2:$CH$13, U$2, MATCH($B$40, BOND!$B$16:$CH$16, 0)+MATCH($C43, BOND!$C$18:$N$18,0) )=0, "", INDEX(BOND!$B$2:$CH$13, U$2, MATCH($B$40, BOND!$B$16:$CH$16, 0)+MATCH($C43, BOND!$C$18:$N$18,0)) ) -> 2.758 | V43: =IF( INDEX(BOND!$B$2:$CH$13, V$2, MATCH($B$40, BOND!$B$16:$CH$16, 0)+MATCH($C43, BOND!$C$18:$N$18,0) )=0, "", INDEX(BOND!$B$2:$CH$13, V$2, MATCH($B$40, BOND!$B$16:$CH$16, 0)+MATCH($C43, BOND!$C$18:$N$18,0)) ) -> 2.7359583 | W43: =IF( INDEX(BOND!$B$2:$CH$13, W$2, MATCH($B$40, BOND!$B$16:$CH$16, 0)+MATCH($C43, BOND!$C$18:$N$18,0) )=0, "", INDEX(BOND!$B$2:$CH$13, W$2, MATCH($B$40, BOND!$B$16:$CH$16, 0)+MATCH($C43, BOND!$C$18:$N$18,0)) ) -> 2.608 | ... AA43: =IF( INDEX(BOND!$B$2:$CH$13, AA$2, MATCH($B$40, BOND!$B$16:$CH$16, 0)+MATCH($C43, BOND!$C$18:$N$18,0) )=0, "", INDEX(BOND!$B$2:$CH$13, AA$2, MATCH($B$40, BOND!$B$16:$CH$16, 0)+MATCH($C43, BOND!$C$18:$N$18,0)) ) -> 3.434
E44: 스프레드 | F44: =IF(F43=0,"",(F43-AD18)*IF($C$7=1,-1,1)) -> -0.0935 | G44: =IF(G43=0,"",(G43-AE18)*IF($C$7=1,-1,1)) -> -0.0805 | H44: =IF(H43=0,"",(H43-AF18)*IF($C$7=1,-1,1)) -> -0.085 | I44: =IF(I43=0,"",(I43-AG18)*IF($C$7=1,-1,1)) -> -0.0895 | J44: =IF(J43=0,"",(J43-AH18)*IF($C$7=1,-1,1)) -> -0.095 | K44: =IF(K43=0,"",(K43-AI18)*IF($C$7=1,-1,1)) -> -0.09 | L44: =IF(L43=0,"",(L43-AJ18)*IF($C$7=1,-1,1)) -> -0.089 | M44: =IF(M43=0,"",(M43-AK18)*IF($C$7=1,-1,1)) -> -0.08 | ... O44: =IF(O43=0,"",(O43-AM18)*IF($C$7=1,-1,1)) -> -0.0645 | P44: =IF( P43="", "", (P43 - INDEX(IRS!$B$2:$Y$13, P$2, MATCH($E43,IRS!$B$1:$Y$1, 0)) ) * IF($C$7=1,-1,1) ) -> -0.0818 | Q44: =IF( Q43="", "", (Q43 - INDEX(IRS!$B$2:$Y$13, Q$2, MATCH($E43,IRS!$B$1:$Y$1, 0)) ) * IF($C$7=1,-1,1) ) -> -0.0645 | R44: =IF( R43="", "", (R43 - INDEX(IRS!$B$2:$Y$13, R$2, MATCH($E43,IRS!$B$1:$Y$1, 0)) ) * IF($C$7=1,-1,1) ) -> -0.107 | S44: =IF( S43="", "", (S43 - INDEX(IRS!$B$2:$Y$13, S$2, MATCH($E43,IRS!$B$1:$Y$1, 0)) ) * IF($C$7=1,-1,1) ) -> -0.1434 | T44: =IF( T43="", "", (T43 - INDEX(IRS!$B$2:$Y$13, T$2, MATCH($E43,IRS!$B$1:$Y$1, 0)) ) * IF($C$7=1,-1,1) ) -> -0.0645 | U44: =IF( U43="", "", (U43 - INDEX(IRS!$B$2:$Y$13, U$2, MATCH($E43,IRS!$B$1:$Y$1, 0)) ) * IF($C$7=1,-1,1) ) -> -0.2495 | V44: =IF( V43="", "", (V43 - INDEX(IRS!$B$2:$Y$13, V$2, MATCH($E43,IRS!$B$1:$Y$1, 0)) ) * IF($C$7=1,-1,1) ) -> -0.2173125 | W44: =IF( W43="", "", (W43 - INDEX(IRS!$B$2:$Y$13, W$2, MATCH($E43,IRS!$B$1:$Y$1, 0)) ) * IF($C$7=1,-1,1) ) -> -0.0645 | ... AA44: =IF( AA43="", "", (AA43 - INDEX(IRS!$B$2:$Y$13, AA$2, MATCH($E43,IRS!$B$1:$Y$1, 0)) ) * IF($C$7=1,-1,1) ) -> -0.176
B45: =_xll.IMDH("IR",$B$40,$C45,$O$9,$F$9,10,"Per=일, sort=D, real=true, Bizday=0, Quote=종가,Pos=40,Orient=H,DtFmt=1.TmFmt=1") -> 조회[BONDAVG14] | C45: 1년이하(당일) | E45: 01Y | F45: 2.63 | G45: 2.634 | H45: 2.622 | I45: 2.612 | J45: 2.614 | K45: 2.614 | L45: 2.615 | M45: 2.624 | N45: 2.621 | O45: 2.616 | P45: =IF( INDEX(BOND!$B$2:$CH$13, P$2, MATCH($B$40, BOND!$B$16:$CH$16, 0)+MATCH($C45, BOND!$C$18:$N$18,0) )=0, "", INDEX(BOND!$B$2:$CH$13, P$2, MATCH($B$40, BOND!$B$16:$CH$16, 0)+MATCH($C45, BOND!$C$18:$N$18,0)) ) -> 2.62335 | Q45: =IF( INDEX(BOND!$B$2:$CH$13, Q$2, MATCH($B$40, BOND!$B$16:$CH$16, 0)+MATCH($C45, BOND!$C$18:$N$18,0) )=0, "", INDEX(BOND!$B$2:$CH$13, Q$2, MATCH($B$40, BOND!$B$16:$CH$16, 0)+MATCH($C45, BOND!$C$18:$N$18,0)) ) -> 2.61 | R45: =IF( INDEX(BOND!$B$2:$CH$13, R$2, MATCH($B$40, BOND!$B$16:$CH$16, 0)+MATCH($C45, BOND!$C$18:$N$18,0) )=0, "", INDEX(BOND!$B$2:$CH$13, R$2, MATCH($B$40, BOND!$B$16:$CH$16, 0)+MATCH($C45, BOND!$C$18:$N$18,0)) ) -> 2.636 | S45: =IF( INDEX(BOND!$B$2:$CH$13, S$2, MATCH($B$40, BOND!$B$16:$CH$16, 0)+MATCH($C45, BOND!$C$18:$N$18,0) )=0, "", INDEX(BOND!$B$2:$CH$13, S$2, MATCH($B$40, BOND!$B$16:$CH$16, 0)+MATCH($C45, BOND!$C$18:$N$18,0)) ) -> 2.6334167 | T45: =IF( INDEX(BOND!$B$2:$CH$13, T$2, MATCH($B$40, BOND!$B$16:$CH$16, 0)+MATCH($C45, BOND!$C$18:$N$18,0) )=0, "", INDEX(BOND!$B$2:$CH$13, T$2, MATCH($B$40, BOND!$B$16:$CH$16, 0)+MATCH($C45, BOND!$C$18:$N$18,0)) ) -> 2.585 | U45: =IF( INDEX(BOND!$B$2:$CH$13, U$2, MATCH($B$40, BOND!$B$16:$CH$16, 0)+MATCH($C45, BOND!$C$18:$N$18,0) )=0, "", INDEX(BOND!$B$2:$CH$13, U$2, MATCH($B$40, BOND!$B$16:$CH$16, 0)+MATCH($C45, BOND!$C$18:$N$18,0)) ) -> 2.706 | V45: =IF( INDEX(BOND!$B$2:$CH$13, V$2, MATCH($B$40, BOND!$B$16:$CH$16, 0)+MATCH($C45, BOND!$C$18:$N$18,0) )=0, "", INDEX(BOND!$B$2:$CH$13, V$2, MATCH($B$40, BOND!$B$16:$CH$16, 0)+MATCH($C45, BOND!$C$18:$N$18,0)) ) -> 2.71705 | W45: =IF( INDEX(BOND!$B$2:$CH$13, W$2, MATCH($B$40, BOND!$B$16:$CH$16, 0)+MATCH($C45, BOND!$C$18:$N$18,0) )=0, "", INDEX(BOND!$B$2:$CH$13, W$2, MATCH($B$40, BOND!$B$16:$CH$16, 0)+MATCH($C45, BOND!$C$18:$N$18,0)) ) -> 2.585 | ... AA45: =IF( INDEX(BOND!$B$2:$CH$13, AA$2, MATCH($B$40, BOND!$B$16:$CH$16, 0)+MATCH($C45, BOND!$C$18:$N$18,0) )=0, "", INDEX(BOND!$B$2:$CH$13, AA$2, MATCH($B$40, BOND!$B$16:$CH$16, 0)+MATCH($C45, BOND!$C$18:$N$18,0)) ) -> 3.45
E46: 스프레드 | F46: =IF(F45=0,"",(F45-AD20)*IF($C$7=1,-1,1)) -> -0.05 | G46: =IF(G45=0,"",(G45-AE20)*IF($C$7=1,-1,1)) -> -0.031 | H46: =IF(H45=0,"",(H45-AF20)*IF($C$7=1,-1,1)) -> -0.0405 | I46: =IF(I45=0,"",(I45-AG20)*IF($C$7=1,-1,1)) -> -0.048 | J46: =IF(J45=0,"",(J45-AH20)*IF($C$7=1,-1,1)) -> -0.0535 | K46: =IF(K45=0,"",(K45-AI20)*IF($C$7=1,-1,1)) -> -0.046 | L46: =IF(L45=0,"",(L45-AJ20)*IF($C$7=1,-1,1)) -> -0.045 | M46: =IF(M45=0,"",(M45-AK20)*IF($C$7=1,-1,1)) -> -0.0285 | ... O46: =IF(O45=0,"",(O45-AM20)*IF($C$7=1,-1,1)) -> -0.009 | P46: =IF( P45="", "", (P45 - INDEX(IRS!$B$2:$Y$13, P$2, MATCH($E45,IRS!$B$1:$Y$1, 0)) ) * IF($C$7=1,-1,1) ) -> -0.0294 | Q46: =IF( Q45="", "", (Q45 - INDEX(IRS!$B$2:$Y$13, Q$2, MATCH($E45,IRS!$B$1:$Y$1, 0)) ) * IF($C$7=1,-1,1) ) -> -0.015 | R46: =IF( R45="", "", (R45 - INDEX(IRS!$B$2:$Y$13, R$2, MATCH($E45,IRS!$B$1:$Y$1, 0)) ) * IF($C$7=1,-1,1) ) -> -0.044 | S46: =IF( S45="", "", (S45 - INDEX(IRS!$B$2:$Y$13, S$2, MATCH($E45,IRS!$B$1:$Y$1, 0)) ) * IF($C$7=1,-1,1) ) -> -0.080333333 | T46: =IF( T45="", "", (T45 - INDEX(IRS!$B$2:$Y$13, T$2, MATCH($E45,IRS!$B$1:$Y$1, 0)) ) * IF($C$7=1,-1,1) ) -> -0.04 | U46: =IF( U45="", "", (U45 - INDEX(IRS!$B$2:$Y$13, U$2, MATCH($E45,IRS!$B$1:$Y$1, 0)) ) * IF($C$7=1,-1,1) ) -> -0.1715 | V46: =IF( V45="", "", (V45 - INDEX(IRS!$B$2:$Y$13, V$2, MATCH($E45,IRS!$B$1:$Y$1, 0)) ) * IF($C$7=1,-1,1) ) -> -0.15372083 | W46: =IF( W45="", "", (W45 - INDEX(IRS!$B$2:$Y$13, W$2, MATCH($E45,IRS!$B$1:$Y$1, 0)) ) * IF($C$7=1,-1,1) ) -> -0.04 | ... AA46: =IF( AA45="", "", (AA45 - INDEX(IRS!$B$2:$Y$13, AA$2, MATCH($E45,IRS!$B$1:$Y$1, 0)) ) * IF($C$7=1,-1,1) ) -> -0.17
B47: =_xll.IMDH("IR",$B$40,$C47,$O$9,$F$9,10,"Per=일, sort=D, real=true, Bizday=0, Quote=종가,Pos=40,Orient=H,DtFmt=1.TmFmt=1") -> 조회[BONDAVG14] | C47: 1.5년이하(당일) | E47: 1.5Y | F47: 2.69 | G47: 2.689 | H47: 2.676 | I47: 2.67 | J47: 2.674 | K47: 2.667 | L47: 2.668 | M47: 2.671 | N47: 2.663 | O47: 2.655 | P47: =IF( INDEX(BOND!$B$2:$CH$13, P$2, MATCH($B$40, BOND!$B$16:$CH$16, 0)+MATCH($C47, BOND!$C$18:$N$18,0) )=0, "", INDEX(BOND!$B$2:$CH$13, P$2, MATCH($B$40, BOND!$B$16:$CH$16, 0)+MATCH($C47, BOND!$C$18:$N$18,0)) ) -> 2.6681 | Q47: =IF( INDEX(BOND!$B$2:$CH$13, Q$2, MATCH($B$40, BOND!$B$16:$CH$16, 0)+MATCH($C47, BOND!$C$18:$N$18,0) )=0, "", INDEX(BOND!$B$2:$CH$13, Q$2, MATCH($B$40, BOND!$B$16:$CH$16, 0)+MATCH($C47, BOND!$C$18:$N$18,0)) ) -> 2.653 | R47: =IF( INDEX(BOND!$B$2:$CH$13, R$2, MATCH($B$40, BOND!$B$16:$CH$16, 0)+MATCH($C47, BOND!$C$18:$N$18,0) )=0, "", INDEX(BOND!$B$2:$CH$13, R$2, MATCH($B$40, BOND!$B$16:$CH$16, 0)+MATCH($C47, BOND!$C$18:$N$18,0)) ) -> 2.69 | S47: =IF( INDEX(BOND!$B$2:$CH$13, S$2, MATCH($B$40, BOND!$B$16:$CH$16, 0)+MATCH($C47, BOND!$C$18:$N$18,0) )=0, "", INDEX(BOND!$B$2:$CH$13, S$2, MATCH($B$40, BOND!$B$16:$CH$16, 0)+MATCH($C47, BOND!$C$18:$N$18,0)) ) -> 2.6804167 | T47: =IF( INDEX(BOND!$B$2:$CH$13, T$2, MATCH($B$40, BOND!$B$16:$CH$16, 0)+MATCH($C47, BOND!$C$18:$N$18,0) )=0, "", INDEX(BOND!$B$2:$CH$13, T$2, MATCH($B$40, BOND!$B$16:$CH$16, 0)+MATCH($C47, BOND!$C$18:$N$18,0)) ) -> 2.624 | U47: =IF( INDEX(BOND!$B$2:$CH$13, U$2, MATCH($B$40, BOND!$B$16:$CH$16, 0)+MATCH($C47, BOND!$C$18:$N$18,0) )=0, "", INDEX(BOND!$B$2:$CH$13, U$2, MATCH($B$40, BOND!$B$16:$CH$16, 0)+MATCH($C47, BOND!$C$18:$N$18,0)) ) -> 2.762 | V47: =IF( INDEX(BOND!$B$2:$CH$13, V$2, MATCH($B$40, BOND!$B$16:$CH$16, 0)+MATCH($C47, BOND!$C$18:$N$18,0) )=0, "", INDEX(BOND!$B$2:$CH$13, V$2, MATCH($B$40, BOND!$B$16:$CH$16, 0)+MATCH($C47, BOND!$C$18:$N$18,0)) ) -> 2.783525 | W47: =IF( INDEX(BOND!$B$2:$CH$13, W$2, MATCH($B$40, BOND!$B$16:$CH$16, 0)+MATCH($C47, BOND!$C$18:$N$18,0) )=0, "", INDEX(BOND!$B$2:$CH$13, W$2, MATCH($B$40, BOND!$B$16:$CH$16, 0)+MATCH($C47, BOND!$C$18:$N$18,0)) ) -> 2.624 | ... AA47: =IF( INDEX(BOND!$B$2:$CH$13, AA$2, MATCH($B$40, BOND!$B$16:$CH$16, 0)+MATCH($C47, BOND!$C$18:$N$18,0) )=0, "", INDEX(BOND!$B$2:$CH$13, AA$2, MATCH($B$40, BOND!$B$16:$CH$16, 0)+MATCH($C47, BOND!$C$18:$N$18,0)) ) -> 3.508
E48: 스프레드 | F48: =IF(F47=0,"",(F47-AD22)*IF($C$7=1,-1,1)) -> 0.055 | G48: =IF(G47=0,"",(G47-AE22)*IF($C$7=1,-1,1)) -> 0.0665 | H48: =IF(H47=0,"",(H47-AF22)*IF($C$7=1,-1,1)) -> 0.061 | I48: =IF(I47=0,"",(I47-AG22)*IF($C$7=1,-1,1)) -> 0.06 | J48: =IF(J47=0,"",(J47-AH22)*IF($C$7=1,-1,1)) -> 0.054 | K48: =IF(K47=0,"",(K47-AI22)*IF($C$7=1,-1,1)) -> 0.057 | L48: =IF(L47=0,"",(L47-AJ22)*IF($C$7=1,-1,1)) -> 0.058 | M48: =IF(M47=0,"",(M47-AK22)*IF($C$7=1,-1,1)) -> 0.066 | ... O48: =IF(O47=0,"",(O47-AM22)*IF($C$7=1,-1,1)) -> 0.0825 | P48: =IF( P47="", "", (P47 - INDEX(IRS!$B$2:$Y$13, P$2, MATCH($E47,IRS!$B$1:$Y$1, 0)) ) * IF($C$7=1,-1,1) ) -> 0.06135 | Q48: =IF( Q47="", "", (Q47 - INDEX(IRS!$B$2:$Y$13, Q$2, MATCH($E47,IRS!$B$1:$Y$1, 0)) ) * IF($C$7=1,-1,1) ) -> 0.0805 | R48: =IF( R47="", "", (R47 - INDEX(IRS!$B$2:$Y$13, R$2, MATCH($E47,IRS!$B$1:$Y$1, 0)) ) * IF($C$7=1,-1,1) ) -> 0.055 | S48: =IF( S47="", "", (S47 - INDEX(IRS!$B$2:$Y$13, S$2, MATCH($E47,IRS!$B$1:$Y$1, 0)) ) * IF($C$7=1,-1,1) ) -> 0.023416667 | T48: =IF( T47="", "", (T47 - INDEX(IRS!$B$2:$Y$13, T$2, MATCH($E47,IRS!$B$1:$Y$1, 0)) ) * IF($C$7=1,-1,1) ) -> 0.0515 | U48: =IF( U47="", "", (U47 - INDEX(IRS!$B$2:$Y$13, U$2, MATCH($E47,IRS!$B$1:$Y$1, 0)) ) * IF($C$7=1,-1,1) ) -> -0.0405 | V48: =IF( V47="", "", (V47 - INDEX(IRS!$B$2:$Y$13, V$2, MATCH($E47,IRS!$B$1:$Y$1, 0)) ) * IF($C$7=1,-1,1) ) -> -0.0070791667 | W48: =IF( W47="", "", (W47 - INDEX(IRS!$B$2:$Y$13, W$2, MATCH($E47,IRS!$B$1:$Y$1, 0)) ) * IF($C$7=1,-1,1) ) -> 0.0515 | ... AA48: =IF( AA47="", "", (AA47 - INDEX(IRS!$B$2:$Y$13, AA$2, MATCH($E47,IRS!$B$1:$Y$1, 0)) ) * IF($C$7=1,-1,1) ) -> -0.092
B49: =_xll.IMDH("IR",$B$40,$C49,$O$9,$F$9,10,"Per=일, sort=D, real=true, Bizday=0, Quote=종가,Pos=40,Orient=H,DtFmt=1.TmFmt=1") -> 조회[BONDAVG14] | C49: 2년이하(당일) | E49: 02Y | F49: 2.668 | G49: 2.659 | H49: 2.657 | I49: 2.652 | J49: 2.655 | K49: 2.642 | L49: 2.642 | M49: 2.642 | N49: 2.628 | O49: 2.617 | P49: =IF( INDEX(BOND!$B$2:$CH$13, P$2, MATCH($B$40, BOND!$B$16:$CH$16, 0)+MATCH($C49, BOND!$C$18:$N$18,0) )=0, "", INDEX(BOND!$B$2:$CH$13, P$2, MATCH($B$40, BOND!$B$16:$CH$16, 0)+MATCH($C49, BOND!$C$18:$N$18,0)) ) -> 2.64325 | Q49: =IF( INDEX(BOND!$B$2:$CH$13, Q$2, MATCH($B$40, BOND!$B$16:$CH$16, 0)+MATCH($C49, BOND!$C$18:$N$18,0) )=0, "", INDEX(BOND!$B$2:$CH$13, Q$2, MATCH($B$40, BOND!$B$16:$CH$16, 0)+MATCH($C49, BOND!$C$18:$N$18,0)) ) -> 2.617 | R49: =IF( INDEX(BOND!$B$2:$CH$13, R$2, MATCH($B$40, BOND!$B$16:$CH$16, 0)+MATCH($C49, BOND!$C$18:$N$18,0) )=0, "", INDEX(BOND!$B$2:$CH$13, R$2, MATCH($B$40, BOND!$B$16:$CH$16, 0)+MATCH($C49, BOND!$C$18:$N$18,0)) ) -> 2.668 | S49: =IF( INDEX(BOND!$B$2:$CH$13, S$2, MATCH($B$40, BOND!$B$16:$CH$16, 0)+MATCH($C49, BOND!$C$18:$N$18,0) )=0, "", INDEX(BOND!$B$2:$CH$13, S$2, MATCH($B$40, BOND!$B$16:$CH$16, 0)+MATCH($C49, BOND!$C$18:$N$18,0)) ) -> 2.6572 | T49: =IF( INDEX(BOND!$B$2:$CH$13, T$2, MATCH($B$40, BOND!$B$16:$CH$16, 0)+MATCH($C49, BOND!$C$18:$N$18,0) )=0, "", INDEX(BOND!$B$2:$CH$13, T$2, MATCH($B$40, BOND!$B$16:$CH$16, 0)+MATCH($C49, BOND!$C$18:$N$18,0)) ) -> 2.58 | U49: =IF( INDEX(BOND!$B$2:$CH$13, U$2, MATCH($B$40, BOND!$B$16:$CH$16, 0)+MATCH($C49, BOND!$C$18:$N$18,0) )=0, "", INDEX(BOND!$B$2:$CH$13, U$2, MATCH($B$40, BOND!$B$16:$CH$16, 0)+MATCH($C49, BOND!$C$18:$N$18,0)) ) -> 2.792 | V49: =IF( INDEX(BOND!$B$2:$CH$13, V$2, MATCH($B$40, BOND!$B$16:$CH$16, 0)+MATCH($C49, BOND!$C$18:$N$18,0) )=0, "", INDEX(BOND!$B$2:$CH$13, V$2, MATCH($B$40, BOND!$B$16:$CH$16, 0)+MATCH($C49, BOND!$C$18:$N$18,0)) ) -> 2.752425 | W49: =IF( INDEX(BOND!$B$2:$CH$13, W$2, MATCH($B$40, BOND!$B$16:$CH$16, 0)+MATCH($C49, BOND!$C$18:$N$18,0) )=0, "", INDEX(BOND!$B$2:$CH$13, W$2, MATCH($B$40, BOND!$B$16:$CH$16, 0)+MATCH($C49, BOND!$C$18:$N$18,0)) ) -> 2.58 | ... AA49: =IF( INDEX(BOND!$B$2:$CH$13, AA$2, MATCH($B$40, BOND!$B$16:$CH$16, 0)+MATCH($C49, BOND!$C$18:$N$18,0) )=0, "", INDEX(BOND!$B$2:$CH$13, AA$2, MATCH($B$40, BOND!$B$16:$CH$16, 0)+MATCH($C49, BOND!$C$18:$N$18,0)) ) -> 3.525
E50: 스프레드 | F50: =IF(F49=0,"",(F49-AD24)*IF($C$7=1,-1,1)) -> 0.058 | G50: =IF(G49=0,"",(G49-AE24)*IF($C$7=1,-1,1)) -> 0.0615 | H50: =IF(H49=0,"",(H49-AF24)*IF($C$7=1,-1,1)) -> 0.0695 | I50: =IF(I49=0,"",(I49-AG24)*IF($C$7=1,-1,1)) -> 0.0745 | J50: =IF(J49=0,"",(J49-AH24)*IF($C$7=1,-1,1)) -> 0.07 | K50: =IF(K49=0,"",(K49-AI24)*IF($C$7=1,-1,1)) -> 0.072 | L50: =IF(L49=0,"",(L49-AJ24)*IF($C$7=1,-1,1)) -> 0.072 | M50: =IF(M49=0,"",(M49-AK24)*IF($C$7=1,-1,1)) -> 0.0745 | ... O50: =IF(O49=0,"",(O49-AM24)*IF($C$7=1,-1,1)) -> 0.087 | P50: =IF( P49="", "", (P49 - INDEX(IRS!$B$2:$Y$13, P$2, MATCH($E49,IRS!$B$1:$Y$1, 0)) ) * IF($C$7=1,-1,1) ) -> 0.06875 | Q50: =IF( Q49="", "", (Q49 - INDEX(IRS!$B$2:$Y$13, Q$2, MATCH($E49,IRS!$B$1:$Y$1, 0)) ) * IF($C$7=1,-1,1) ) -> 0.087 | R50: =IF( R49="", "", (R49 - INDEX(IRS!$B$2:$Y$13, R$2, MATCH($E49,IRS!$B$1:$Y$1, 0)) ) * IF($C$7=1,-1,1) ) -> 0.058 | S50: =IF( S49="", "", (S49 - INDEX(IRS!$B$2:$Y$13, S$2, MATCH($E49,IRS!$B$1:$Y$1, 0)) ) * IF($C$7=1,-1,1) ) -> 0.031491667 | T50: =IF( T49="", "", (T49 - INDEX(IRS!$B$2:$Y$13, T$2, MATCH($E49,IRS!$B$1:$Y$1, 0)) ) * IF($C$7=1,-1,1) ) -> 0.05 | U50: =IF( U49="", "", (U49 - INDEX(IRS!$B$2:$Y$13, U$2, MATCH($E49,IRS!$B$1:$Y$1, 0)) ) * IF($C$7=1,-1,1) ) -> 0.017 | V50: =IF( V49="", "", (V49 - INDEX(IRS!$B$2:$Y$13, V$2, MATCH($E49,IRS!$B$1:$Y$1, 0)) ) * IF($C$7=1,-1,1) ) -> 0.0037375 | W50: =IF( W49="", "", (W49 - INDEX(IRS!$B$2:$Y$13, W$2, MATCH($E49,IRS!$B$1:$Y$1, 0)) ) * IF($C$7=1,-1,1) ) -> 0.05 | ... AA50: =IF( AA49="", "", (AA49 - INDEX(IRS!$B$2:$Y$13, AA$2, MATCH($E49,IRS!$B$1:$Y$1, 0)) ) * IF($C$7=1,-1,1) ) -> -0.055
B51: =_xll.IMDH("IR",$B$40,$C51,$O$9,$F$9,10,"Per=일, sort=D, real=true, Bizday=0, Quote=종가,Pos=40,Orient=H,DtFmt=1.TmFmt=1") -> 조회[BONDAVG14] | C51: 3년이하(당일) | E51: 03Y | F51: 2.685 | G51: 2.677 | H51: 2.664 | I51: 2.666 | J51: 2.687 | K51: 2.679 | L51: 2.677 | M51: 2.67 | N51: 2.65 | O51: 2.635 | P51: =IF( INDEX(BOND!$B$2:$CH$13, P$2, MATCH($B$40, BOND!$B$16:$CH$16, 0)+MATCH($C51, BOND!$C$18:$N$18,0) )=0, "", INDEX(BOND!$B$2:$CH$13, P$2, MATCH($B$40, BOND!$B$16:$CH$16, 0)+MATCH($C51, BOND!$C$18:$N$18,0)) ) -> 2.66405 | Q51: =IF( INDEX(BOND!$B$2:$CH$13, Q$2, MATCH($B$40, BOND!$B$16:$CH$16, 0)+MATCH($C51, BOND!$C$18:$N$18,0) )=0, "", INDEX(BOND!$B$2:$CH$13, Q$2, MATCH($B$40, BOND!$B$16:$CH$16, 0)+MATCH($C51, BOND!$C$18:$N$18,0)) ) -> 2.632 | R51: =IF( INDEX(BOND!$B$2:$CH$13, R$2, MATCH($B$40, BOND!$B$16:$CH$16, 0)+MATCH($C51, BOND!$C$18:$N$18,0) )=0, "", INDEX(BOND!$B$2:$CH$13, R$2, MATCH($B$40, BOND!$B$16:$CH$16, 0)+MATCH($C51, BOND!$C$18:$N$18,0)) ) -> 2.687 | S51: =IF( INDEX(BOND!$B$2:$CH$13, S$2, MATCH($B$40, BOND!$B$16:$CH$16, 0)+MATCH($C51, BOND!$C$18:$N$18,0) )=0, "", INDEX(BOND!$B$2:$CH$13, S$2, MATCH($B$40, BOND!$B$16:$CH$16, 0)+MATCH($C51, BOND!$C$18:$N$18,0)) ) -> 2.6811333 | T51: =IF( INDEX(BOND!$B$2:$CH$13, T$2, MATCH($B$40, BOND!$B$16:$CH$16, 0)+MATCH($C51, BOND!$C$18:$N$18,0) )=0, "", INDEX(BOND!$B$2:$CH$13, T$2, MATCH($B$40, BOND!$B$16:$CH$16, 0)+MATCH($C51, BOND!$C$18:$N$18,0)) ) -> 2.598 | U51: =IF( INDEX(BOND!$B$2:$CH$13, U$2, MATCH($B$40, BOND!$B$16:$CH$16, 0)+MATCH($C51, BOND!$C$18:$N$18,0) )=0, "", INDEX(BOND!$B$2:$CH$13, U$2, MATCH($B$40, BOND!$B$16:$CH$16, 0)+MATCH($C51, BOND!$C$18:$N$18,0)) ) -> 2.801 | V51: =IF( INDEX(BOND!$B$2:$CH$13, V$2, MATCH($B$40, BOND!$B$16:$CH$16, 0)+MATCH($C51, BOND!$C$18:$N$18,0) )=0, "", INDEX(BOND!$B$2:$CH$13, V$2, MATCH($B$40, BOND!$B$16:$CH$16, 0)+MATCH($C51, BOND!$C$18:$N$18,0)) ) -> 2.7776 | W51: =IF( INDEX(BOND!$B$2:$CH$13, W$2, MATCH($B$40, BOND!$B$16:$CH$16, 0)+MATCH($C51, BOND!$C$18:$N$18,0) )=0, "", INDEX(BOND!$B$2:$CH$13, W$2, MATCH($B$40, BOND!$B$16:$CH$16, 0)+MATCH($C51, BOND!$C$18:$N$18,0)) ) -> 2.598 | ... AA51: =IF( INDEX(BOND!$B$2:$CH$13, AA$2, MATCH($B$40, BOND!$B$16:$CH$16, 0)+MATCH($C51, BOND!$C$18:$N$18,0) )=0, "", INDEX(BOND!$B$2:$CH$13, AA$2, MATCH($B$40, BOND!$B$16:$CH$16, 0)+MATCH($C51, BOND!$C$18:$N$18,0)) ) -> 3.564
E52: 스프레드 | F52: =IF(F51=0,"",(F51-AD26)*IF($C$7=1,-1,1)) -> 0.09 | G52: =IF(G51=0,"",(G51-AE26)*IF($C$7=1,-1,1)) -> 0.0945 | H52: =IF(H51=0,"",(H51-AF26)*IF($C$7=1,-1,1)) -> 0.0915 | I52: =IF(I51=0,"",(I51-AG26)*IF($C$7=1,-1,1)) -> 0.1035 | J52: =IF(J51=0,"",(J51-AH26)*IF($C$7=1,-1,1)) -> 0.117 | K52: =IF(K51=0,"",(K51-AI26)*IF($C$7=1,-1,1)) -> 0.1265 | L52: =IF(L51=0,"",(L51-AJ26)*IF($C$7=1,-1,1)) -> 0.122 | M52: =IF(M51=0,"",(M51-AK26)*IF($C$7=1,-1,1)) -> 0.1175 | ... O52: =IF(O51=0,"",(O51-AM26)*IF($C$7=1,-1,1)) -> 0.1225 | P52: =IF( P51="", "", (P51 - INDEX(IRS!$B$2:$Y$13, P$2, MATCH($E51,IRS!$B$1:$Y$1, 0)) ) * IF($C$7=1,-1,1) ) -> 0.104925 | Q52: =IF( Q51="", "", (Q51 - INDEX(IRS!$B$2:$Y$13, Q$2, MATCH($E51,IRS!$B$1:$Y$1, 0)) ) * IF($C$7=1,-1,1) ) -> 0.1195 | R52: =IF( R51="", "", (R51 - INDEX(IRS!$B$2:$Y$13, R$2, MATCH($E51,IRS!$B$1:$Y$1, 0)) ) * IF($C$7=1,-1,1) ) -> 0.087 | S52: =IF( S51="", "", (S51 - INDEX(IRS!$B$2:$Y$13, S$2, MATCH($E51,IRS!$B$1:$Y$1, 0)) ) * IF($C$7=1,-1,1) ) -> 0.071341667 | T52: =IF( T51="", "", (T51 - INDEX(IRS!$B$2:$Y$13, T$2, MATCH($E51,IRS!$B$1:$Y$1, 0)) ) * IF($C$7=1,-1,1) ) -> 0.0855 | U52: =IF( U51="", "", (U51 - INDEX(IRS!$B$2:$Y$13, U$2, MATCH($E51,IRS!$B$1:$Y$1, 0)) ) * IF($C$7=1,-1,1) ) -> 0.056 | V52: =IF( V51="", "", (V51 - INDEX(IRS!$B$2:$Y$13, V$2, MATCH($E51,IRS!$B$1:$Y$1, 0)) ) * IF($C$7=1,-1,1) ) -> 0.0616625 | W52: =IF( W51="", "", (W51 - INDEX(IRS!$B$2:$Y$13, W$2, MATCH($E51,IRS!$B$1:$Y$1, 0)) ) * IF($C$7=1,-1,1) ) -> 0.0855 | ... AA52: =IF( AA51="", "", (AA51 - INDEX(IRS!$B$2:$Y$13, AA$2, MATCH($E51,IRS!$B$1:$Y$1, 0)) ) * IF($C$7=1,-1,1) ) -> 0.004
B53: =_xll.IMDH("IR",$B$40,$C53,$O$9,$F$9,10,"Per=일, sort=D, real=true, Bizday=0, Quote=종가,Pos=40,Orient=H,DtFmt=1.TmFmt=1") -> 조회[BONDAVG14] | C53: 4년이하(당일) | E53: 04Y | F53: 0 | G53: 0 | H53: 0 | I53: 0 | J53: 0 | K53: 0 | L53: 0 | M53: 0 | N53: 0 | O53: 0 | P53: =IF( INDEX(BOND!$B$2:$CH$13, P$2, MATCH($B$40, BOND!$B$16:$CH$16, 0)+MATCH($C53, BOND!$C$18:$N$18,0) )=0, "", INDEX(BOND!$B$2:$CH$13, P$2, MATCH($B$40, BOND!$B$16:$CH$16, 0)+MATCH($C53, BOND!$C$18:$N$18,0)) ) | Q53: =IF( INDEX(BOND!$B$2:$CH$13, Q$2, MATCH($B$40, BOND!$B$16:$CH$16, 0)+MATCH($C53, BOND!$C$18:$N$18,0) )=0, "", INDEX(BOND!$B$2:$CH$13, Q$2, MATCH($B$40, BOND!$B$16:$CH$16, 0)+MATCH($C53, BOND!$C$18:$N$18,0)) ) | R53: =IF( INDEX(BOND!$B$2:$CH$13, R$2, MATCH($B$40, BOND!$B$16:$CH$16, 0)+MATCH($C53, BOND!$C$18:$N$18,0) )=0, "", INDEX(BOND!$B$2:$CH$13, R$2, MATCH($B$40, BOND!$B$16:$CH$16, 0)+MATCH($C53, BOND!$C$18:$N$18,0)) ) | S53: =IF( INDEX(BOND!$B$2:$CH$13, S$2, MATCH($B$40, BOND!$B$16:$CH$16, 0)+MATCH($C53, BOND!$C$18:$N$18,0) )=0, "", INDEX(BOND!$B$2:$CH$13, S$2, MATCH($B$40, BOND!$B$16:$CH$16, 0)+MATCH($C53, BOND!$C$18:$N$18,0)) ) | T53: =IF( INDEX(BOND!$B$2:$CH$13, T$2, MATCH($B$40, BOND!$B$16:$CH$16, 0)+MATCH($C53, BOND!$C$18:$N$18,0) )=0, "", INDEX(BOND!$B$2:$CH$13, T$2, MATCH($B$40, BOND!$B$16:$CH$16, 0)+MATCH($C53, BOND!$C$18:$N$18,0)) ) | U53: =IF( INDEX(BOND!$B$2:$CH$13, U$2, MATCH($B$40, BOND!$B$16:$CH$16, 0)+MATCH($C53, BOND!$C$18:$N$18,0) )=0, "", INDEX(BOND!$B$2:$CH$13, U$2, MATCH($B$40, BOND!$B$16:$CH$16, 0)+MATCH($C53, BOND!$C$18:$N$18,0)) ) | V53: =IF( INDEX(BOND!$B$2:$CH$13, V$2, MATCH($B$40, BOND!$B$16:$CH$16, 0)+MATCH($C53, BOND!$C$18:$N$18,0) )=0, "", INDEX(BOND!$B$2:$CH$13, V$2, MATCH($B$40, BOND!$B$16:$CH$16, 0)+MATCH($C53, BOND!$C$18:$N$18,0)) ) | W53: =IF( INDEX(BOND!$B$2:$CH$13, W$2, MATCH($B$40, BOND!$B$16:$CH$16, 0)+MATCH($C53, BOND!$C$18:$N$18,0) )=0, "", INDEX(BOND!$B$2:$CH$13, W$2, MATCH($B$40, BOND!$B$16:$CH$16, 0)+MATCH($C53, BOND!$C$18:$N$18,0)) ) | ... AA53: =IF( INDEX(BOND!$B$2:$CH$13, AA$2, MATCH($B$40, BOND!$B$16:$CH$16, 0)+MATCH($C53, BOND!$C$18:$N$18,0) )=0, "", INDEX(BOND!$B$2:$CH$13, AA$2, MATCH($B$40, BOND!$B$16:$CH$16, 0)+MATCH($C53, BOND!$C$18:$N$18,0)) )
E54: 스프레드 | F54: =IF(F53=0,"",(F53-AD28)*IF($C$7=1,-1,1)) | G54: =IF(G53=0,"",(G53-AE28)*IF($C$7=1,-1,1)) | H54: =IF(H53=0,"",(H53-AF28)*IF($C$7=1,-1,1)) | I54: =IF(I53=0,"",(I53-AG28)*IF($C$7=1,-1,1)) | J54: =IF(J53=0,"",(J53-AH28)*IF($C$7=1,-1,1)) | K54: =IF(K53=0,"",(K53-AI28)*IF($C$7=1,-1,1)) | L54: =IF(L53=0,"",(L53-AJ28)*IF($C$7=1,-1,1)) | M54: =IF(M53=0,"",(M53-AK28)*IF($C$7=1,-1,1)) | ... O54: =IF(O53=0,"",(O53-AM28)*IF($C$7=1,-1,1)) | P54: =IF( P53="", "", (P53 - INDEX(IRS!$B$2:$Y$13, P$2, MATCH($E53,IRS!$B$1:$Y$1, 0)) ) * IF($C$7=1,-1,1) ) | Q54: =IF( Q53="", "", (Q53 - INDEX(IRS!$B$2:$Y$13, Q$2, MATCH($E53,IRS!$B$1:$Y$1, 0)) ) * IF($C$7=1,-1,1) ) | R54: =IF( R53="", "", (R53 - INDEX(IRS!$B$2:$Y$13, R$2, MATCH($E53,IRS!$B$1:$Y$1, 0)) ) * IF($C$7=1,-1,1) ) | S54: =IF( S53="", "", (S53 - INDEX(IRS!$B$2:$Y$13, S$2, MATCH($E53,IRS!$B$1:$Y$1, 0)) ) * IF($C$7=1,-1,1) ) | T54: =IF( T53="", "", (T53 - INDEX(IRS!$B$2:$Y$13, T$2, MATCH($E53,IRS!$B$1:$Y$1, 0)) ) * IF($C$7=1,-1,1) ) | U54: =IF( U53="", "", (U53 - INDEX(IRS!$B$2:$Y$13, U$2, MATCH($E53,IRS!$B$1:$Y$1, 0)) ) * IF($C$7=1,-1,1) ) | V54: =IF( V53="", "", (V53 - INDEX(IRS!$B$2:$Y$13, V$2, MATCH($E53,IRS!$B$1:$Y$1, 0)) ) * IF($C$7=1,-1,1) ) | W54: =IF( W53="", "", (W53 - INDEX(IRS!$B$2:$Y$13, W$2, MATCH($E53,IRS!$B$1:$Y$1, 0)) ) * IF($C$7=1,-1,1) ) | ... AA54: =IF( AA53="", "", (AA53 - INDEX(IRS!$B$2:$Y$13, AA$2, MATCH($E53,IRS!$B$1:$Y$1, 0)) ) * IF($C$7=1,-1,1) )
B55: =_xll.IMDH("IR",$B$40,$C55,$O$9,$F$9,10,"Per=일, sort=D, real=true, Bizday=0, Quote=종가,Pos=40,Orient=H,DtFmt=1.TmFmt=1") -> 조회[BONDAVG14] | C55: 5년이하(당일) | E55: 05Y | F55: 0 | G55: 0 | H55: 0 | I55: 0 | J55: 0 | K55: 0 | L55: 0 | M55: 0 | N55: 0 | O55: 0 | P55: =IF( INDEX(BOND!$B$2:$CH$13, P$2, MATCH($B$40, BOND!$B$16:$CH$16, 0)+MATCH($C55, BOND!$C$18:$N$18,0) )=0, "", INDEX(BOND!$B$2:$CH$13, P$2, MATCH($B$40, BOND!$B$16:$CH$16, 0)+MATCH($C55, BOND!$C$18:$N$18,0)) ) | Q55: =IF( INDEX(BOND!$B$2:$CH$13, Q$2, MATCH($B$40, BOND!$B$16:$CH$16, 0)+MATCH($C55, BOND!$C$18:$N$18,0) )=0, "", INDEX(BOND!$B$2:$CH$13, Q$2, MATCH($B$40, BOND!$B$16:$CH$16, 0)+MATCH($C55, BOND!$C$18:$N$18,0)) ) | R55: =IF( INDEX(BOND!$B$2:$CH$13, R$2, MATCH($B$40, BOND!$B$16:$CH$16, 0)+MATCH($C55, BOND!$C$18:$N$18,0) )=0, "", INDEX(BOND!$B$2:$CH$13, R$2, MATCH($B$40, BOND!$B$16:$CH$16, 0)+MATCH($C55, BOND!$C$18:$N$18,0)) ) | S55: =IF( INDEX(BOND!$B$2:$CH$13, S$2, MATCH($B$40, BOND!$B$16:$CH$16, 0)+MATCH($C55, BOND!$C$18:$N$18,0) )=0, "", INDEX(BOND!$B$2:$CH$13, S$2, MATCH($B$40, BOND!$B$16:$CH$16, 0)+MATCH($C55, BOND!$C$18:$N$18,0)) ) | T55: =IF( INDEX(BOND!$B$2:$CH$13, T$2, MATCH($B$40, BOND!$B$16:$CH$16, 0)+MATCH($C55, BOND!$C$18:$N$18,0) )=0, "", INDEX(BOND!$B$2:$CH$13, T$2, MATCH($B$40, BOND!$B$16:$CH$16, 0)+MATCH($C55, BOND!$C$18:$N$18,0)) ) | U55: =IF( INDEX(BOND!$B$2:$CH$13, U$2, MATCH($B$40, BOND!$B$16:$CH$16, 0)+MATCH($C55, BOND!$C$18:$N$18,0) )=0, "", INDEX(BOND!$B$2:$CH$13, U$2, MATCH($B$40, BOND!$B$16:$CH$16, 0)+MATCH($C55, BOND!$C$18:$N$18,0)) ) | V55: =IF( INDEX(BOND!$B$2:$CH$13, V$2, MATCH($B$40, BOND!$B$16:$CH$16, 0)+MATCH($C55, BOND!$C$18:$N$18,0) )=0, "", INDEX(BOND!$B$2:$CH$13, V$2, MATCH($B$40, BOND!$B$16:$CH$16, 0)+MATCH($C55, BOND!$C$18:$N$18,0)) ) | W55: =IF( INDEX(BOND!$B$2:$CH$13, W$2, MATCH($B$40, BOND!$B$16:$CH$16, 0)+MATCH($C55, BOND!$C$18:$N$18,0) )=0, "", INDEX(BOND!$B$2:$CH$13, W$2, MATCH($B$40, BOND!$B$16:$CH$16, 0)+MATCH($C55, BOND!$C$18:$N$18,0)) ) | ... AA55: =IF( INDEX(BOND!$B$2:$CH$13, AA$2, MATCH($B$40, BOND!$B$16:$CH$16, 0)+MATCH($C55, BOND!$C$18:$N$18,0) )=0, "", INDEX(BOND!$B$2:$CH$13, AA$2, MATCH($B$40, BOND!$B$16:$CH$16, 0)+MATCH($C55, BOND!$C$18:$N$18,0)) )
E56: 스프레드 | F56: =IF(F55=0,"",(F55-AD30)*IF($C$7=1,-1,1)) | G56: =IF(G55=0,"",(G55-AE30)*IF($C$7=1,-1,1)) | H56: =IF(H55=0,"",(H55-AF30)*IF($C$7=1,-1,1)) | I56: =IF(I55=0,"",(I55-AG30)*IF($C$7=1,-1,1)) | J56: =IF(J55=0,"",(J55-AH30)*IF($C$7=1,-1,1)) | K56: =IF(K55=0,"",(K55-AI30)*IF($C$7=1,-1,1)) | L56: =IF(L55=0,"",(L55-AJ30)*IF($C$7=1,-1,1)) | M56: =IF(M55=0,"",(M55-AK30)*IF($C$7=1,-1,1)) | ... O56: =IF(O55=0,"",(O55-AM30)*IF($C$7=1,-1,1)) | P56: =IF( P55="", "", (P55 - INDEX(IRS!$B$2:$Y$13, P$2, MATCH($E55,IRS!$B$1:$Y$1, 0)) ) * IF($C$7=1,-1,1) ) | Q56: =IF( Q55="", "", (Q55 - INDEX(IRS!$B$2:$Y$13, Q$2, MATCH($E55,IRS!$B$1:$Y$1, 0)) ) * IF($C$7=1,-1,1) ) | R56: =IF( R55="", "", (R55 - INDEX(IRS!$B$2:$Y$13, R$2, MATCH($E55,IRS!$B$1:$Y$1, 0)) ) * IF($C$7=1,-1,1) ) | S56: =IF( S55="", "", (S55 - INDEX(IRS!$B$2:$Y$13, S$2, MATCH($E55,IRS!$B$1:$Y$1, 0)) ) * IF($C$7=1,-1,1) ) | T56: =IF( T55="", "", (T55 - INDEX(IRS!$B$2:$Y$13, T$2, MATCH($E55,IRS!$B$1:$Y$1, 0)) ) * IF($C$7=1,-1,1) ) | U56: =IF( U55="", "", (U55 - INDEX(IRS!$B$2:$Y$13, U$2, MATCH($E55,IRS!$B$1:$Y$1, 0)) ) * IF($C$7=1,-1,1) ) | V56: =IF( V55="", "", (V55 - INDEX(IRS!$B$2:$Y$13, V$2, MATCH($E55,IRS!$B$1:$Y$1, 0)) ) * IF($C$7=1,-1,1) ) | W56: =IF( W55="", "", (W55 - INDEX(IRS!$B$2:$Y$13, W$2, MATCH($E55,IRS!$B$1:$Y$1, 0)) ) * IF($C$7=1,-1,1) ) | ... AA56: =IF( AA55="", "", (AA55 - INDEX(IRS!$B$2:$Y$13, AA$2, MATCH($E55,IRS!$B$1:$Y$1, 0)) ) * IF($C$7=1,-1,1) )
C57: 2 | E57: BOND | F57: =F$9 -> 45741 | G57: =G$9 -> 45740 | H57: =H$9 -> 45737 | I57: =I$9 -> 45736 | J57: =J$9 -> 45735 | K57: =K$9 -> 45734 | L57: =L$9 -> 45733 | M57: =M$9 -> 45730 | ... O57: =O$9 -> 45728 | P57: =$P$13 -> 20D | S57: =$S$13 -> 60D | V57: =$V$13 -> 120D | Y57: =$Y$13 -> 250D
B58: =INDEX(code_list,$C57,1) -> BONDAVG02 | C58: =INDEX(name_list,$C57,1) -> 국민주택1종 | P58: Ave | Q58: Min | R58: Max | S58: Ave | T58: Min | U58: Max | V58: Ave | W58: Min | X58: Max | Y58: Ave | Z58: Min | AA58: Max
B59: =_xll.IMDH("IR",$B$58,$C59,$O$9,$F$9,10,"Per=일, sort=D, real=true, Bizday=0, Quote=종가,Pos=40,Orient=H,DtFmt=1.TmFmt=1") -> 조회[BONDAVG02] | C59: 6월이하(당일) | E59: 06M | F59: 2.686 | G59: 2.687 | H59: 2.678 | I59: 2.665 | J59: 2.667 | K59: 2.665 | L59: 2.668 | M59: 2.668 | N59: 2.672 | O59: 2.675 | P59: =IF( INDEX(BOND!$B$2:$CH$13, P$2, MATCH($B$58, BOND!$B$16:$CH$16, 0)+MATCH($C59, BOND!$C$18:$N$18,0) )=0, "", INDEX(BOND!$B$2:$CH$13, P$2, MATCH($B$58, BOND!$B$16:$CH$16, 0)+MATCH($C59, BOND!$C$18:$N$18,0)) ) -> 2.6907 | Q59: =IF( INDEX(BOND!$B$2:$CH$13, Q$2, MATCH($B$58, BOND!$B$16:$CH$16, 0)+MATCH($C59, BOND!$C$18:$N$18,0) )=0, "", INDEX(BOND!$B$2:$CH$13, Q$2, MATCH($B$58, BOND!$B$16:$CH$16, 0)+MATCH($C59, BOND!$C$18:$N$18,0)) ) -> 2.665 | R59: =IF( INDEX(BOND!$B$2:$CH$13, R$2, MATCH($B$58, BOND!$B$16:$CH$16, 0)+MATCH($C59, BOND!$C$18:$N$18,0) )=0, "", INDEX(BOND!$B$2:$CH$13, R$2, MATCH($B$58, BOND!$B$16:$CH$16, 0)+MATCH($C59, BOND!$C$18:$N$18,0)) ) -> 2.727 | S59: =IF( INDEX(BOND!$B$2:$CH$13, S$2, MATCH($B$58, BOND!$B$16:$CH$16, 0)+MATCH($C59, BOND!$C$18:$N$18,0) )=0, "", INDEX(BOND!$B$2:$CH$13, S$2, MATCH($B$58, BOND!$B$16:$CH$16, 0)+MATCH($C59, BOND!$C$18:$N$18,0)) ) -> 2.7598667 | T59: =IF( INDEX(BOND!$B$2:$CH$13, T$2, MATCH($B$58, BOND!$B$16:$CH$16, 0)+MATCH($C59, BOND!$C$18:$N$18,0) )=0, "", INDEX(BOND!$B$2:$CH$13, T$2, MATCH($B$58, BOND!$B$16:$CH$16, 0)+MATCH($C59, BOND!$C$18:$N$18,0)) ) -> 2.665 | U59: =IF( INDEX(BOND!$B$2:$CH$13, U$2, MATCH($B$58, BOND!$B$16:$CH$16, 0)+MATCH($C59, BOND!$C$18:$N$18,0) )=0, "", INDEX(BOND!$B$2:$CH$13, U$2, MATCH($B$58, BOND!$B$16:$CH$16, 0)+MATCH($C59, BOND!$C$18:$N$18,0)) ) -> 2.859 | V59: =IF( INDEX(BOND!$B$2:$CH$13, V$2, MATCH($B$58, BOND!$B$16:$CH$16, 0)+MATCH($C59, BOND!$C$18:$N$18,0) )=0, "", INDEX(BOND!$B$2:$CH$13, V$2, MATCH($B$58, BOND!$B$16:$CH$16, 0)+MATCH($C59, BOND!$C$18:$N$18,0)) ) -> 2.8780333 | W59: =IF( INDEX(BOND!$B$2:$CH$13, W$2, MATCH($B$58, BOND!$B$16:$CH$16, 0)+MATCH($C59, BOND!$C$18:$N$18,0) )=0, "", INDEX(BOND!$B$2:$CH$13, W$2, MATCH($B$58, BOND!$B$16:$CH$16, 0)+MATCH($C59, BOND!$C$18:$N$18,0)) ) -> 2.665 | ... AA59: =IF( INDEX(BOND!$B$2:$CH$13, AA$2, MATCH($B$58, BOND!$B$16:$CH$16, 0)+MATCH($C59, BOND!$C$18:$N$18,0) )=0, "", INDEX(BOND!$B$2:$CH$13, AA$2, MATCH($B$58, BOND!$B$16:$CH$16, 0)+MATCH($C59, BOND!$C$18:$N$18,0)) ) -> 3.5
E60: 스프레드 | F60: =IF(F59=0,"",(F59-AD16)*IF($C$7=1,-1,1)) -> -0.0865 | G60: =IF(G59=0,"",(G59-AE16)*IF($C$7=1,-1,1)) -> -0.078 | H60: =IF(H59=0,"",(H59-AF16)*IF($C$7=1,-1,1)) -> -0.0845 | I60: =IF(I59=0,"",(I59-AG16)*IF($C$7=1,-1,1)) -> -0.095 | J60: =IF(J59=0,"",(J59-AH16)*IF($C$7=1,-1,1)) -> -0.1005 | K60: =IF(K59=0,"",(K59-AI16)*IF($C$7=1,-1,1)) -> -0.1 | L60: =IF(L59=0,"",(L59-AJ16)*IF($C$7=1,-1,1)) -> -0.097 | M60: =IF(M59=0,"",(M59-AK16)*IF($C$7=1,-1,1)) -> -0.092 | ... O60: =IF(O59=0,"",(O59-AM16)*IF($C$7=1,-1,1)) -> -0.07 | P60: =IF( P59="", "", (P59 - INDEX(IRS!$B$2:$Y$13, P$2, MATCH($E59,IRS!$B$1:$Y$1, 0)) ) * IF($C$7=1,-1,1) ) -> -0.07505 | Q60: =IF( Q59="", "", (Q59 - INDEX(IRS!$B$2:$Y$13, Q$2, MATCH($E59,IRS!$B$1:$Y$1, 0)) ) * IF($C$7=1,-1,1) ) -> -0.08 | R60: =IF( R59="", "", (R59 - INDEX(IRS!$B$2:$Y$13, R$2, MATCH($E59,IRS!$B$1:$Y$1, 0)) ) * IF($C$7=1,-1,1) ) -> -0.073 | S60: =IF( S59="", "", (S59 - INDEX(IRS!$B$2:$Y$13, S$2, MATCH($E59,IRS!$B$1:$Y$1, 0)) ) * IF($C$7=1,-1,1) ) -> -0.11800833 | T60: =IF( T59="", "", (T59 - INDEX(IRS!$B$2:$Y$13, T$2, MATCH($E59,IRS!$B$1:$Y$1, 0)) ) * IF($C$7=1,-1,1) ) -> -0.08 | U60: =IF( U59="", "", (U59 - INDEX(IRS!$B$2:$Y$13, U$2, MATCH($E59,IRS!$B$1:$Y$1, 0)) ) * IF($C$7=1,-1,1) ) -> -0.3285 | V60: =IF( V59="", "", (V59 - INDEX(IRS!$B$2:$Y$13, V$2, MATCH($E59,IRS!$B$1:$Y$1, 0)) ) * IF($C$7=1,-1,1) ) -> -0.1866125 | W60: =IF( W59="", "", (W59 - INDEX(IRS!$B$2:$Y$13, W$2, MATCH($E59,IRS!$B$1:$Y$1, 0)) ) * IF($C$7=1,-1,1) ) -> -0.08 | ... AA60: =IF( AA59="", "", (AA59 - INDEX(IRS!$B$2:$Y$13, AA$2, MATCH($E59,IRS!$B$1:$Y$1, 0)) ) * IF($C$7=1,-1,1) ) -> -0.1375
B61: =_xll.IMDH("IR",$B$58,$C61,$O$9,$F$9,10,"Per=일, sort=D, real=true, Bizday=0, Quote=종가,Pos=40,Orient=H,DtFmt=1.TmFmt=1") -> 조회[BONDAVG02] | C61: 9월이하(당일) | E61: 09M | F61: 2.72 | G61: 2.718 | H61: 2.709 | I61: 2.704 | J61: 2.704 | K61: 2.696 | L61: 2.697 | M61: 2.696 | N61: 2.691 | O61: 2.687 | P61: =IF( INDEX(BOND!$B$2:$CH$13, P$2, MATCH($B$58, BOND!$B$16:$CH$16, 0)+MATCH($C61, BOND!$C$18:$N$18,0) )=0, "", INDEX(BOND!$B$2:$CH$13, P$2, MATCH($B$58, BOND!$B$16:$CH$16, 0)+MATCH($C61, BOND!$C$18:$N$18,0)) ) -> 2.71125 | Q61: =IF( INDEX(BOND!$B$2:$CH$13, Q$2, MATCH($B$58, BOND!$B$16:$CH$16, 0)+MATCH($C61, BOND!$C$18:$N$18,0) )=0, "", INDEX(BOND!$B$2:$CH$13, Q$2, MATCH($B$58, BOND!$B$16:$CH$16, 0)+MATCH($C61, BOND!$C$18:$N$18,0)) ) -> 2.687 | R61: =IF( INDEX(BOND!$B$2:$CH$13, R$2, MATCH($B$58, BOND!$B$16:$CH$16, 0)+MATCH($C61, BOND!$C$18:$N$18,0) )=0, "", INDEX(BOND!$B$2:$CH$13, R$2, MATCH($B$58, BOND!$B$16:$CH$16, 0)+MATCH($C61, BOND!$C$18:$N$18,0)) ) -> 2.729 | S61: =IF( INDEX(BOND!$B$2:$CH$13, S$2, MATCH($B$58, BOND!$B$16:$CH$16, 0)+MATCH($C61, BOND!$C$18:$N$18,0) )=0, "", INDEX(BOND!$B$2:$CH$13, S$2, MATCH($B$58, BOND!$B$16:$CH$16, 0)+MATCH($C61, BOND!$C$18:$N$18,0)) ) -> 2.7411167 | T61: =IF( INDEX(BOND!$B$2:$CH$13, T$2, MATCH($B$58, BOND!$B$16:$CH$16, 0)+MATCH($C61, BOND!$C$18:$N$18,0) )=0, "", INDEX(BOND!$B$2:$CH$13, T$2, MATCH($B$58, BOND!$B$16:$CH$16, 0)+MATCH($C61, BOND!$C$18:$N$18,0)) ) -> 2.687 | U61: =IF( INDEX(BOND!$B$2:$CH$13, U$2, MATCH($B$58, BOND!$B$16:$CH$16, 0)+MATCH($C61, BOND!$C$18:$N$18,0) )=0, "", INDEX(BOND!$B$2:$CH$13, U$2, MATCH($B$58, BOND!$B$16:$CH$16, 0)+MATCH($C61, BOND!$C$18:$N$18,0)) ) -> 2.822 | V61: =IF( INDEX(BOND!$B$2:$CH$13, V$2, MATCH($B$58, BOND!$B$16:$CH$16, 0)+MATCH($C61, BOND!$C$18:$N$18,0) )=0, "", INDEX(BOND!$B$2:$CH$13, V$2, MATCH($B$58, BOND!$B$16:$CH$16, 0)+MATCH($C61, BOND!$C$18:$N$18,0)) ) -> 2.85905 | W61: =IF( INDEX(BOND!$B$2:$CH$13, W$2, MATCH($B$58, BOND!$B$16:$CH$16, 0)+MATCH($C61, BOND!$C$18:$N$18,0) )=0, "", INDEX(BOND!$B$2:$CH$13, W$2, MATCH($B$58, BOND!$B$16:$CH$16, 0)+MATCH($C61, BOND!$C$18:$N$18,0)) ) -> 2.687 | ... AA61: =IF( INDEX(BOND!$B$2:$CH$13, AA$2, MATCH($B$58, BOND!$B$16:$CH$16, 0)+MATCH($C61, BOND!$C$18:$N$18,0) )=0, "", INDEX(BOND!$B$2:$CH$13, AA$2, MATCH($B$58, BOND!$B$16:$CH$16, 0)+MATCH($C61, BOND!$C$18:$N$18,0)) ) -> 3.507
E62: 스프레드 | F62: =IF(F61=0,"",(F61-AD18)*IF($C$7=1,-1,1)) -> 0.0075 | G62: =IF(G61=0,"",(G61-AE18)*IF($C$7=1,-1,1)) -> 0.0155 | H62: =IF(H61=0,"",(H61-AF18)*IF($C$7=1,-1,1)) -> 0.009 | I62: =IF(I61=0,"",(I61-AG18)*IF($C$7=1,-1,1)) -> 0.0065 | J62: =IF(J61=0,"",(J61-AH18)*IF($C$7=1,-1,1)) -> -0.001 | K62: =IF(K61=0,"",(K61-AI18)*IF($C$7=1,-1,1)) -> -0.004 | L62: =IF(L61=0,"",(L61-AJ18)*IF($C$7=1,-1,1)) -> -0.003 | M62: =IF(M61=0,"",(M61-AK18)*IF($C$7=1,-1,1)) -> 0.001 | ... O62: =IF(O61=0,"",(O61-AM18)*IF($C$7=1,-1,1)) -> 0.0145 | P62: =IF( P61="", "", (P61 - INDEX(IRS!$B$2:$Y$13, P$2, MATCH($E61,IRS!$B$1:$Y$1, 0)) ) * IF($C$7=1,-1,1) ) -> 0.01425 | Q62: =IF( Q61="", "", (Q61 - INDEX(IRS!$B$2:$Y$13, Q$2, MATCH($E61,IRS!$B$1:$Y$1, 0)) ) * IF($C$7=1,-1,1) ) -> 0.0145 | R62: =IF( R61="", "", (R61 - INDEX(IRS!$B$2:$Y$13, R$2, MATCH($E61,IRS!$B$1:$Y$1, 0)) ) * IF($C$7=1,-1,1) ) -> -0.001 | S62: =IF( S61="", "", (S61 - INDEX(IRS!$B$2:$Y$13, S$2, MATCH($E61,IRS!$B$1:$Y$1, 0)) ) * IF($C$7=1,-1,1) ) -> -0.0393 | T62: =IF( T61="", "", (T61 - INDEX(IRS!$B$2:$Y$13, T$2, MATCH($E61,IRS!$B$1:$Y$1, 0)) ) * IF($C$7=1,-1,1) ) -> 0.0145 | U62: =IF( U61="", "", (U61 - INDEX(IRS!$B$2:$Y$13, U$2, MATCH($E61,IRS!$B$1:$Y$1, 0)) ) * IF($C$7=1,-1,1) ) -> -0.1855 | V62: =IF( V61="", "", (V61 - INDEX(IRS!$B$2:$Y$13, V$2, MATCH($E61,IRS!$B$1:$Y$1, 0)) ) * IF($C$7=1,-1,1) ) -> -0.094220833 | W62: =IF( W61="", "", (W61 - INDEX(IRS!$B$2:$Y$13, W$2, MATCH($E61,IRS!$B$1:$Y$1, 0)) ) * IF($C$7=1,-1,1) ) -> 0.0145 | ... AA62: =IF( AA61="", "", (AA61 - INDEX(IRS!$B$2:$Y$13, AA$2, MATCH($E61,IRS!$B$1:$Y$1, 0)) ) * IF($C$7=1,-1,1) ) -> -0.103
B63: =_xll.IMDH("IR",$B$58,$C63,$O$9,$F$9,10,"Per=일, sort=D, real=true, Bizday=0, Quote=종가,Pos=40,Orient=H,DtFmt=1.TmFmt=1") -> 조회[BONDAVG02] | C63: 1년이하(당일) | E63: 01Y | F63: 2.671 | G63: 2.671 | H63: 2.658 | I63: 2.649 | J63: 2.651 | K63: 2.644 | L63: 2.641 | M63: 2.644 | N63: 2.629 | O63: 2.612 | P63: =IF( INDEX(BOND!$B$2:$CH$13, P$2, MATCH($B$58, BOND!$B$16:$CH$16, 0)+MATCH($C63, BOND!$C$18:$N$18,0) )=0, "", INDEX(BOND!$B$2:$CH$13, P$2, MATCH($B$58, BOND!$B$16:$CH$16, 0)+MATCH($C63, BOND!$C$18:$N$18,0)) ) -> 2.66255 | Q63: =IF( INDEX(BOND!$B$2:$CH$13, Q$2, MATCH($B$58, BOND!$B$16:$CH$16, 0)+MATCH($C63, BOND!$C$18:$N$18,0) )=0, "", INDEX(BOND!$B$2:$CH$13, Q$2, MATCH($B$58, BOND!$B$16:$CH$16, 0)+MATCH($C63, BOND!$C$18:$N$18,0)) ) -> 2.612 | R63: =IF( INDEX(BOND!$B$2:$CH$13, R$2, MATCH($B$58, BOND!$B$16:$CH$16, 0)+MATCH($C63, BOND!$C$18:$N$18,0) )=0, "", INDEX(BOND!$B$2:$CH$13, R$2, MATCH($B$58, BOND!$B$16:$CH$16, 0)+MATCH($C63, BOND!$C$18:$N$18,0)) ) -> 2.692 | S63: =IF( INDEX(BOND!$B$2:$CH$13, S$2, MATCH($B$58, BOND!$B$16:$CH$16, 0)+MATCH($C63, BOND!$C$18:$N$18,0) )=0, "", INDEX(BOND!$B$2:$CH$13, S$2, MATCH($B$58, BOND!$B$16:$CH$16, 0)+MATCH($C63, BOND!$C$18:$N$18,0)) ) -> 2.7056667 | T63: =IF( INDEX(BOND!$B$2:$CH$13, T$2, MATCH($B$58, BOND!$B$16:$CH$16, 0)+MATCH($C63, BOND!$C$18:$N$18,0) )=0, "", INDEX(BOND!$B$2:$CH$13, T$2, MATCH($B$58, BOND!$B$16:$CH$16, 0)+MATCH($C63, BOND!$C$18:$N$18,0)) ) -> 2.612 | U63: =IF( INDEX(BOND!$B$2:$CH$13, U$2, MATCH($B$58, BOND!$B$16:$CH$16, 0)+MATCH($C63, BOND!$C$18:$N$18,0) )=0, "", INDEX(BOND!$B$2:$CH$13, U$2, MATCH($B$58, BOND!$B$16:$CH$16, 0)+MATCH($C63, BOND!$C$18:$N$18,0)) ) -> 2.786 | V63: =IF( INDEX(BOND!$B$2:$CH$13, V$2, MATCH($B$58, BOND!$B$16:$CH$16, 0)+MATCH($C63, BOND!$C$18:$N$18,0) )=0, "", INDEX(BOND!$B$2:$CH$13, V$2, MATCH($B$58, BOND!$B$16:$CH$16, 0)+MATCH($C63, BOND!$C$18:$N$18,0)) ) -> 2.80105 | W63: =IF( INDEX(BOND!$B$2:$CH$13, W$2, MATCH($B$58, BOND!$B$16:$CH$16, 0)+MATCH($C63, BOND!$C$18:$N$18,0) )=0, "", INDEX(BOND!$B$2:$CH$13, W$2, MATCH($B$58, BOND!$B$16:$CH$16, 0)+MATCH($C63, BOND!$C$18:$N$18,0)) ) -> 2.612 | ... AA63: =IF( INDEX(BOND!$B$2:$CH$13, AA$2, MATCH($B$58, BOND!$B$16:$CH$16, 0)+MATCH($C63, BOND!$C$18:$N$18,0) )=0, "", INDEX(BOND!$B$2:$CH$13, AA$2, MATCH($B$58, BOND!$B$16:$CH$16, 0)+MATCH($C63, BOND!$C$18:$N$18,0)) ) -> 3.514
E64: 스프레드 | F64: =IF(F63=0,"",(F63-AD20)*IF($C$7=1,-1,1)) -> -0.009 | G64: =IF(G63=0,"",(G63-AE20)*IF($C$7=1,-1,1)) -> 0.006 | H64: =IF(H63=0,"",(H63-AF20)*IF($C$7=1,-1,1)) -> -0.0045 | I64: =IF(I63=0,"",(I63-AG20)*IF($C$7=1,-1,1)) -> -0.011 | J64: =IF(J63=0,"",(J63-AH20)*IF($C$7=1,-1,1)) -> -0.0165 | K64: =IF(K63=0,"",(K63-AI20)*IF($C$7=1,-1,1)) -> -0.016 | L64: =IF(L63=0,"",(L63-AJ20)*IF($C$7=1,-1,1)) -> -0.019 | M64: =IF(M63=0,"",(M63-AK20)*IF($C$7=1,-1,1)) -> -0.0085 | ... O64: =IF(O63=0,"",(O63-AM20)*IF($C$7=1,-1,1)) -> -0.013 | P64: =IF( P63="", "", (P63 - INDEX(IRS!$B$2:$Y$13, P$2, MATCH($E63,IRS!$B$1:$Y$1, 0)) ) * IF($C$7=1,-1,1) ) -> 0.0098 | Q64: =IF( Q63="", "", (Q63 - INDEX(IRS!$B$2:$Y$13, Q$2, MATCH($E63,IRS!$B$1:$Y$1, 0)) ) * IF($C$7=1,-1,1) ) -> -0.013 | R64: =IF( R63="", "", (R63 - INDEX(IRS!$B$2:$Y$13, R$2, MATCH($E63,IRS!$B$1:$Y$1, 0)) ) * IF($C$7=1,-1,1) ) -> 0.012 | S64: =IF( S63="", "", (S63 - INDEX(IRS!$B$2:$Y$13, S$2, MATCH($E63,IRS!$B$1:$Y$1, 0)) ) * IF($C$7=1,-1,1) ) -> -0.0080833333 | T64: =IF( T63="", "", (T63 - INDEX(IRS!$B$2:$Y$13, T$2, MATCH($E63,IRS!$B$1:$Y$1, 0)) ) * IF($C$7=1,-1,1) ) -> -0.013 | U64: =IF( U63="", "", (U63 - INDEX(IRS!$B$2:$Y$13, U$2, MATCH($E63,IRS!$B$1:$Y$1, 0)) ) * IF($C$7=1,-1,1) ) -> -0.0915 | V64: =IF( V63="", "", (V63 - INDEX(IRS!$B$2:$Y$13, V$2, MATCH($E63,IRS!$B$1:$Y$1, 0)) ) * IF($C$7=1,-1,1) ) -> -0.069720833 | W64: =IF( W63="", "", (W63 - INDEX(IRS!$B$2:$Y$13, W$2, MATCH($E63,IRS!$B$1:$Y$1, 0)) ) * IF($C$7=1,-1,1) ) -> -0.013 | ... AA64: =IF( AA63="", "", (AA63 - INDEX(IRS!$B$2:$Y$13, AA$2, MATCH($E63,IRS!$B$1:$Y$1, 0)) ) * IF($C$7=1,-1,1) ) -> -0.106
B65: =_xll.IMDH("IR",$B$58,$C65,$O$9,$F$9,10,"Per=일, sort=D, real=true, Bizday=0, Quote=종가,Pos=40,Orient=H,DtFmt=1.TmFmt=1") -> 조회[BONDAVG02] | C65: 1.5년이하(당일) | E65: 1.5Y | F65: 2.702 | G65: 2.7 | H65: 2.689 | I65: 2.687 | J65: 2.693 | K65: 2.678 | L65: 2.682 | M65: 2.684 | N65: 2.676 | O65: 2.668 | P65: =IF( INDEX(BOND!$B$2:$CH$13, P$2, MATCH($B$58, BOND!$B$16:$CH$16, 0)+MATCH($C65, BOND!$C$18:$N$18,0) )=0, "", INDEX(BOND!$B$2:$CH$13, P$2, MATCH($B$58, BOND!$B$16:$CH$16, 0)+MATCH($C65, BOND!$C$18:$N$18,0)) ) -> 2.68505 | Q65: =IF( INDEX(BOND!$B$2:$CH$13, Q$2, MATCH($B$58, BOND!$B$16:$CH$16, 0)+MATCH($C65, BOND!$C$18:$N$18,0) )=0, "", INDEX(BOND!$B$2:$CH$13, Q$2, MATCH($B$58, BOND!$B$16:$CH$16, 0)+MATCH($C65, BOND!$C$18:$N$18,0)) ) -> 2.665 | R65: =IF( INDEX(BOND!$B$2:$CH$13, R$2, MATCH($B$58, BOND!$B$16:$CH$16, 0)+MATCH($C65, BOND!$C$18:$N$18,0) )=0, "", INDEX(BOND!$B$2:$CH$13, R$2, MATCH($B$58, BOND!$B$16:$CH$16, 0)+MATCH($C65, BOND!$C$18:$N$18,0)) ) -> 2.718 | S65: =IF( INDEX(BOND!$B$2:$CH$13, S$2, MATCH($B$58, BOND!$B$16:$CH$16, 0)+MATCH($C65, BOND!$C$18:$N$18,0) )=0, "", INDEX(BOND!$B$2:$CH$13, S$2, MATCH($B$58, BOND!$B$16:$CH$16, 0)+MATCH($C65, BOND!$C$18:$N$18,0)) ) -> 2.69805 | T65: =IF( INDEX(BOND!$B$2:$CH$13, T$2, MATCH($B$58, BOND!$B$16:$CH$16, 0)+MATCH($C65, BOND!$C$18:$N$18,0) )=0, "", INDEX(BOND!$B$2:$CH$13, T$2, MATCH($B$58, BOND!$B$16:$CH$16, 0)+MATCH($C65, BOND!$C$18:$N$18,0)) ) -> 2.651 | U65: =IF( INDEX(BOND!$B$2:$CH$13, U$2, MATCH($B$58, BOND!$B$16:$CH$16, 0)+MATCH($C65, BOND!$C$18:$N$18,0) )=0, "", INDEX(BOND!$B$2:$CH$13, U$2, MATCH($B$58, BOND!$B$16:$CH$16, 0)+MATCH($C65, BOND!$C$18:$N$18,0)) ) -> 2.809 | V65: =IF( INDEX(BOND!$B$2:$CH$13, V$2, MATCH($B$58, BOND!$B$16:$CH$16, 0)+MATCH($C65, BOND!$C$18:$N$18,0) )=0, "", INDEX(BOND!$B$2:$CH$13, V$2, MATCH($B$58, BOND!$B$16:$CH$16, 0)+MATCH($C65, BOND!$C$18:$N$18,0)) ) -> 2.7861833 | W65: =IF( INDEX(BOND!$B$2:$CH$13, W$2, MATCH($B$58, BOND!$B$16:$CH$16, 0)+MATCH($C65, BOND!$C$18:$N$18,0) )=0, "", INDEX(BOND!$B$2:$CH$13, W$2, MATCH($B$58, BOND!$B$16:$CH$16, 0)+MATCH($C65, BOND!$C$18:$N$18,0)) ) -> 2.651 | ... AA65: =IF( INDEX(BOND!$B$2:$CH$13, AA$2, MATCH($B$58, BOND!$B$16:$CH$16, 0)+MATCH($C65, BOND!$C$18:$N$18,0) )=0, "", INDEX(BOND!$B$2:$CH$13, AA$2, MATCH($B$58, BOND!$B$16:$CH$16, 0)+MATCH($C65, BOND!$C$18:$N$18,0)) ) -> 3.531
E66: 스프레드 | F66: =IF(F65=0,"",(F65-AD22)*IF($C$7=1,-1,1)) -> 0.067 | G66: =IF(G65=0,"",(G65-AE22)*IF($C$7=1,-1,1)) -> 0.0775 | H66: =IF(H65=0,"",(H65-AF22)*IF($C$7=1,-1,1)) -> 0.074 | I66: =IF(I65=0,"",(I65-AG22)*IF($C$7=1,-1,1)) -> 0.077 | J66: =IF(J65=0,"",(J65-AH22)*IF($C$7=1,-1,1)) -> 0.073 | K66: =IF(K65=0,"",(K65-AI22)*IF($C$7=1,-1,1)) -> 0.068 | L66: =IF(L65=0,"",(L65-AJ22)*IF($C$7=1,-1,1)) -> 0.072 | M66: =IF(M65=0,"",(M65-AK22)*IF($C$7=1,-1,1)) -> 0.079 | ... O66: =IF(O65=0,"",(O65-AM22)*IF($C$7=1,-1,1)) -> 0.0955 | P66: =IF( P65="", "", (P65 - INDEX(IRS!$B$2:$Y$13, P$2, MATCH($E65,IRS!$B$1:$Y$1, 0)) ) * IF($C$7=1,-1,1) ) -> 0.0783 | Q66: =IF( Q65="", "", (Q65 - INDEX(IRS!$B$2:$Y$13, Q$2, MATCH($E65,IRS!$B$1:$Y$1, 0)) ) * IF($C$7=1,-1,1) ) -> 0.0925 | R66: =IF( R65="", "", (R65 - INDEX(IRS!$B$2:$Y$13, R$2, MATCH($E65,IRS!$B$1:$Y$1, 0)) ) * IF($C$7=1,-1,1) ) -> 0.083 | S66: =IF( S65="", "", (S65 - INDEX(IRS!$B$2:$Y$13, S$2, MATCH($E65,IRS!$B$1:$Y$1, 0)) ) * IF($C$7=1,-1,1) ) -> 0.04105 | T66: =IF( T65="", "", (T65 - INDEX(IRS!$B$2:$Y$13, T$2, MATCH($E65,IRS!$B$1:$Y$1, 0)) ) * IF($C$7=1,-1,1) ) -> 0.0785 | U66: =IF( U65="", "", (U65 - INDEX(IRS!$B$2:$Y$13, U$2, MATCH($E65,IRS!$B$1:$Y$1, 0)) ) * IF($C$7=1,-1,1) ) -> 0.0065 | V66: =IF( V65="", "", (V65 - INDEX(IRS!$B$2:$Y$13, V$2, MATCH($E65,IRS!$B$1:$Y$1, 0)) ) * IF($C$7=1,-1,1) ) -> -0.0044208333 | W66: =IF( W65="", "", (W65 - INDEX(IRS!$B$2:$Y$13, W$2, MATCH($E65,IRS!$B$1:$Y$1, 0)) ) * IF($C$7=1,-1,1) ) -> 0.0785 | ... AA66: =IF( AA65="", "", (AA65 - INDEX(IRS!$B$2:$Y$13, AA$2, MATCH($E65,IRS!$B$1:$Y$1, 0)) ) * IF($C$7=1,-1,1) ) -> -0.069
B67: =_xll.IMDH("IR",$B$58,$C67,$O$9,$F$9,10,"Per=일, sort=D, real=true, Bizday=0, Quote=종가,Pos=40,Orient=H,DtFmt=1.TmFmt=1") -> 조회[BONDAVG02] | C67: 2년이하(당일) | E67: 02Y | F67: 2.716 | G67: 2.71 | H67: 2.703 | I67: 2.697 | J67: 2.714 | K67: 2.704 | L67: 2.706 | M67: 2.696 | N67: 2.681 | O67: 2.667 | P67: =IF( INDEX(BOND!$B$2:$CH$13, P$2, MATCH($B$58, BOND!$B$16:$CH$16, 0)+MATCH($C67, BOND!$C$18:$N$18,0) )=0, "", INDEX(BOND!$B$2:$CH$13, P$2, MATCH($B$58, BOND!$B$16:$CH$16, 0)+MATCH($C67, BOND!$C$18:$N$18,0)) ) -> 2.7004 | Q67: =IF( INDEX(BOND!$B$2:$CH$13, Q$2, MATCH($B$58, BOND!$B$16:$CH$16, 0)+MATCH($C67, BOND!$C$18:$N$18,0) )=0, "", INDEX(BOND!$B$2:$CH$13, Q$2, MATCH($B$58, BOND!$B$16:$CH$16, 0)+MATCH($C67, BOND!$C$18:$N$18,0)) ) -> 2.667 | R67: =IF( INDEX(BOND!$B$2:$CH$13, R$2, MATCH($B$58, BOND!$B$16:$CH$16, 0)+MATCH($C67, BOND!$C$18:$N$18,0) )=0, "", INDEX(BOND!$B$2:$CH$13, R$2, MATCH($B$58, BOND!$B$16:$CH$16, 0)+MATCH($C67, BOND!$C$18:$N$18,0)) ) -> 2.734 | S67: =IF( INDEX(BOND!$B$2:$CH$13, S$2, MATCH($B$58, BOND!$B$16:$CH$16, 0)+MATCH($C67, BOND!$C$18:$N$18,0) )=0, "", INDEX(BOND!$B$2:$CH$13, S$2, MATCH($B$58, BOND!$B$16:$CH$16, 0)+MATCH($C67, BOND!$C$18:$N$18,0)) ) -> 2.71775 | T67: =IF( INDEX(BOND!$B$2:$CH$13, T$2, MATCH($B$58, BOND!$B$16:$CH$16, 0)+MATCH($C67, BOND!$C$18:$N$18,0) )=0, "", INDEX(BOND!$B$2:$CH$13, T$2, MATCH($B$58, BOND!$B$16:$CH$16, 0)+MATCH($C67, BOND!$C$18:$N$18,0)) ) -> 2.667 | U67: =IF( INDEX(BOND!$B$2:$CH$13, U$2, MATCH($B$58, BOND!$B$16:$CH$16, 0)+MATCH($C67, BOND!$C$18:$N$18,0) )=0, "", INDEX(BOND!$B$2:$CH$13, U$2, MATCH($B$58, BOND!$B$16:$CH$16, 0)+MATCH($C67, BOND!$C$18:$N$18,0)) ) -> 2.844 | V67: =IF( INDEX(BOND!$B$2:$CH$13, V$2, MATCH($B$58, BOND!$B$16:$CH$16, 0)+MATCH($C67, BOND!$C$18:$N$18,0) )=0, "", INDEX(BOND!$B$2:$CH$13, V$2, MATCH($B$58, BOND!$B$16:$CH$16, 0)+MATCH($C67, BOND!$C$18:$N$18,0)) ) -> 2.8075 | W67: =IF( INDEX(BOND!$B$2:$CH$13, W$2, MATCH($B$58, BOND!$B$16:$CH$16, 0)+MATCH($C67, BOND!$C$18:$N$18,0) )=0, "", INDEX(BOND!$B$2:$CH$13, W$2, MATCH($B$58, BOND!$B$16:$CH$16, 0)+MATCH($C67, BOND!$C$18:$N$18,0)) ) -> 2.667 | ... AA67: =IF( INDEX(BOND!$B$2:$CH$13, AA$2, MATCH($B$58, BOND!$B$16:$CH$16, 0)+MATCH($C67, BOND!$C$18:$N$18,0) )=0, "", INDEX(BOND!$B$2:$CH$13, AA$2, MATCH($B$58, BOND!$B$16:$CH$16, 0)+MATCH($C67, BOND!$C$18:$N$18,0)) ) -> 3.595
E68: 스프레드 | F68: =IF(F67=0,"",(F67-AD24)*IF($C$7=1,-1,1)) -> 0.106 | G68: =IF(G67=0,"",(G67-AE24)*IF($C$7=1,-1,1)) -> 0.1125 | H68: =IF(H67=0,"",(H67-AF24)*IF($C$7=1,-1,1)) -> 0.1155 | I68: =IF(I67=0,"",(I67-AG24)*IF($C$7=1,-1,1)) -> 0.1195 | J68: =IF(J67=0,"",(J67-AH24)*IF($C$7=1,-1,1)) -> 0.129 | K68: =IF(K67=0,"",(K67-AI24)*IF($C$7=1,-1,1)) -> 0.134 | L68: =IF(L67=0,"",(L67-AJ24)*IF($C$7=1,-1,1)) -> 0.136 | M68: =IF(M67=0,"",(M67-AK24)*IF($C$7=1,-1,1)) -> 0.1285 | ... O68: =IF(O67=0,"",(O67-AM24)*IF($C$7=1,-1,1)) -> 0.137 | P68: =IF( P67="", "", (P67 - INDEX(IRS!$B$2:$Y$13, P$2, MATCH($E67,IRS!$B$1:$Y$1, 0)) ) * IF($C$7=1,-1,1) ) -> 0.1259 | Q68: =IF( Q67="", "", (Q67 - INDEX(IRS!$B$2:$Y$13, Q$2, MATCH($E67,IRS!$B$1:$Y$1, 0)) ) * IF($C$7=1,-1,1) ) -> 0.137 | R68: =IF( R67="", "", (R67 - INDEX(IRS!$B$2:$Y$13, R$2, MATCH($E67,IRS!$B$1:$Y$1, 0)) ) * IF($C$7=1,-1,1) ) -> 0.124 | S68: =IF( S67="", "", (S67 - INDEX(IRS!$B$2:$Y$13, S$2, MATCH($E67,IRS!$B$1:$Y$1, 0)) ) * IF($C$7=1,-1,1) ) -> 0.092041667 | T68: =IF( T67="", "", (T67 - INDEX(IRS!$B$2:$Y$13, T$2, MATCH($E67,IRS!$B$1:$Y$1, 0)) ) * IF($C$7=1,-1,1) ) -> 0.137 | U68: =IF( U67="", "", (U67 - INDEX(IRS!$B$2:$Y$13, U$2, MATCH($E67,IRS!$B$1:$Y$1, 0)) ) * IF($C$7=1,-1,1) ) -> 0.069 | V68: =IF( V67="", "", (V67 - INDEX(IRS!$B$2:$Y$13, V$2, MATCH($E67,IRS!$B$1:$Y$1, 0)) ) * IF($C$7=1,-1,1) ) -> 0.0588125 | W68: =IF( W67="", "", (W67 - INDEX(IRS!$B$2:$Y$13, W$2, MATCH($E67,IRS!$B$1:$Y$1, 0)) ) * IF($C$7=1,-1,1) ) -> 0.137 | ... AA68: =IF( AA67="", "", (AA67 - INDEX(IRS!$B$2:$Y$13, AA$2, MATCH($E67,IRS!$B$1:$Y$1, 0)) ) * IF($C$7=1,-1,1) ) -> 0.015
B69: =_xll.IMDH("IR",$B$58,$C69,$O$9,$F$9,10,"Per=일, sort=D, real=true, Bizday=0, Quote=종가,Pos=40,Orient=H,DtFmt=1.TmFmt=1") -> 조회[BONDAVG02] | C69: 3년이하(당일) | E69: 03Y | F69: 2.735 | G69: 2.727 | H69: 2.721 | I69: 2.723 | J69: 2.743 | K69: 2.733 | L69: 2.731 | M69: 2.721 | N69: 2.703 | O69: 2.68 | P69: =IF( INDEX(BOND!$B$2:$CH$13, P$2, MATCH($B$58, BOND!$B$16:$CH$16, 0)+MATCH($C69, BOND!$C$18:$N$18,0) )=0, "", INDEX(BOND!$B$2:$CH$13, P$2, MATCH($B$58, BOND!$B$16:$CH$16, 0)+MATCH($C69, BOND!$C$18:$N$18,0)) ) -> 2.71555 | Q69: =IF( INDEX(BOND!$B$2:$CH$13, Q$2, MATCH($B$58, BOND!$B$16:$CH$16, 0)+MATCH($C69, BOND!$C$18:$N$18,0) )=0, "", INDEX(BOND!$B$2:$CH$13, Q$2, MATCH($B$58, BOND!$B$16:$CH$16, 0)+MATCH($C69, BOND!$C$18:$N$18,0)) ) -> 2.676 | R69: =IF( INDEX(BOND!$B$2:$CH$13, R$2, MATCH($B$58, BOND!$B$16:$CH$16, 0)+MATCH($C69, BOND!$C$18:$N$18,0) )=0, "", INDEX(BOND!$B$2:$CH$13, R$2, MATCH($B$58, BOND!$B$16:$CH$16, 0)+MATCH($C69, BOND!$C$18:$N$18,0)) ) -> 2.743 | S69: =IF( INDEX(BOND!$B$2:$CH$13, S$2, MATCH($B$58, BOND!$B$16:$CH$16, 0)+MATCH($C69, BOND!$C$18:$N$18,0) )=0, "", INDEX(BOND!$B$2:$CH$13, S$2, MATCH($B$58, BOND!$B$16:$CH$16, 0)+MATCH($C69, BOND!$C$18:$N$18,0)) ) -> 2.7251667 | T69: =IF( INDEX(BOND!$B$2:$CH$13, T$2, MATCH($B$58, BOND!$B$16:$CH$16, 0)+MATCH($C69, BOND!$C$18:$N$18,0) )=0, "", INDEX(BOND!$B$2:$CH$13, T$2, MATCH($B$58, BOND!$B$16:$CH$16, 0)+MATCH($C69, BOND!$C$18:$N$18,0)) ) -> 2.621 | U69: =IF( INDEX(BOND!$B$2:$CH$13, U$2, MATCH($B$58, BOND!$B$16:$CH$16, 0)+MATCH($C69, BOND!$C$18:$N$18,0) )=0, "", INDEX(BOND!$B$2:$CH$13, U$2, MATCH($B$58, BOND!$B$16:$CH$16, 0)+MATCH($C69, BOND!$C$18:$N$18,0)) ) -> 2.815 | V69: =IF( INDEX(BOND!$B$2:$CH$13, V$2, MATCH($B$58, BOND!$B$16:$CH$16, 0)+MATCH($C69, BOND!$C$18:$N$18,0) )=0, "", INDEX(BOND!$B$2:$CH$13, V$2, MATCH($B$58, BOND!$B$16:$CH$16, 0)+MATCH($C69, BOND!$C$18:$N$18,0)) ) -> 2.81605 | W69: =IF( INDEX(BOND!$B$2:$CH$13, W$2, MATCH($B$58, BOND!$B$16:$CH$16, 0)+MATCH($C69, BOND!$C$18:$N$18,0) )=0, "", INDEX(BOND!$B$2:$CH$13, W$2, MATCH($B$58, BOND!$B$16:$CH$16, 0)+MATCH($C69, BOND!$C$18:$N$18,0)) ) -> 2.621 | ... AA69: =IF( INDEX(BOND!$B$2:$CH$13, AA$2, MATCH($B$58, BOND!$B$16:$CH$16, 0)+MATCH($C69, BOND!$C$18:$N$18,0) )=0, "", INDEX(BOND!$B$2:$CH$13, AA$2, MATCH($B$58, BOND!$B$16:$CH$16, 0)+MATCH($C69, BOND!$C$18:$N$18,0)) ) -> 3.685
E70: 스프레드 | F70: =IF(F69=0,"",(F69-AD26)*IF($C$7=1,-1,1)) -> 0.14 | G70: =IF(G69=0,"",(G69-AE26)*IF($C$7=1,-1,1)) -> 0.1445 | H70: =IF(H69=0,"",(H69-AF26)*IF($C$7=1,-1,1)) -> 0.1485 | I70: =IF(I69=0,"",(I69-AG26)*IF($C$7=1,-1,1)) -> 0.1605 | J70: =IF(J69=0,"",(J69-AH26)*IF($C$7=1,-1,1)) -> 0.173 | K70: =IF(K69=0,"",(K69-AI26)*IF($C$7=1,-1,1)) -> 0.1805 | L70: =IF(L69=0,"",(L69-AJ26)*IF($C$7=1,-1,1)) -> 0.176 | M70: =IF(M69=0,"",(M69-AK26)*IF($C$7=1,-1,1)) -> 0.1685 | ... O70: =IF(O69=0,"",(O69-AM26)*IF($C$7=1,-1,1)) -> 0.1675 | P70: =IF( P69="", "", (P69 - INDEX(IRS!$B$2:$Y$13, P$2, MATCH($E69,IRS!$B$1:$Y$1, 0)) ) * IF($C$7=1,-1,1) ) -> 0.156425 | Q70: =IF( Q69="", "", (Q69 - INDEX(IRS!$B$2:$Y$13, Q$2, MATCH($E69,IRS!$B$1:$Y$1, 0)) ) * IF($C$7=1,-1,1) ) -> 0.1635 | R70: =IF( R69="", "", (R69 - INDEX(IRS!$B$2:$Y$13, R$2, MATCH($E69,IRS!$B$1:$Y$1, 0)) ) * IF($C$7=1,-1,1) ) -> 0.143 | S70: =IF( S69="", "", (S69 - INDEX(IRS!$B$2:$Y$13, S$2, MATCH($E69,IRS!$B$1:$Y$1, 0)) ) * IF($C$7=1,-1,1) ) -> 0.115375 | T70: =IF( T69="", "", (T69 - INDEX(IRS!$B$2:$Y$13, T$2, MATCH($E69,IRS!$B$1:$Y$1, 0)) ) * IF($C$7=1,-1,1) ) -> 0.1085 | U70: =IF( U69="", "", (U69 - INDEX(IRS!$B$2:$Y$13, U$2, MATCH($E69,IRS!$B$1:$Y$1, 0)) ) * IF($C$7=1,-1,1) ) -> 0.07 | V70: =IF( V69="", "", (V69 - INDEX(IRS!$B$2:$Y$13, V$2, MATCH($E69,IRS!$B$1:$Y$1, 0)) ) * IF($C$7=1,-1,1) ) -> 0.1001125 | W70: =IF( W69="", "", (W69 - INDEX(IRS!$B$2:$Y$13, W$2, MATCH($E69,IRS!$B$1:$Y$1, 0)) ) * IF($C$7=1,-1,1) ) -> 0.1085 | ... AA70: =IF( AA69="", "", (AA69 - INDEX(IRS!$B$2:$Y$13, AA$2, MATCH($E69,IRS!$B$1:$Y$1, 0)) ) * IF($C$7=1,-1,1) ) -> 0.125
B71: =_xll.IMDH("IR",$B$58,$C71,$O$9,$F$9,10,"Per=일, sort=D, real=true, Bizday=0, Quote=종가,Pos=40,Orient=H,DtFmt=1.TmFmt=1") -> 조회[BONDAVG02] | C71: 4년이하(당일) | E71: 04Y | F71: 2.765 | G71: 2.75 | H71: 2.74 | I71: 2.743 | J71: 2.757 | K71: 2.747 | L71: 2.747 | M71: 2.737 | N71: 2.721 | O71: 2.708 | P71: =IF( INDEX(BOND!$B$2:$CH$13, P$2, MATCH($B$58, BOND!$B$16:$CH$16, 0)+MATCH($C71, BOND!$C$18:$N$18,0) )=0, "", INDEX(BOND!$B$2:$CH$13, P$2, MATCH($B$58, BOND!$B$16:$CH$16, 0)+MATCH($C71, BOND!$C$18:$N$18,0)) ) -> 2.7344 | Q71: =IF( INDEX(BOND!$B$2:$CH$13, Q$2, MATCH($B$58, BOND!$B$16:$CH$16, 0)+MATCH($C71, BOND!$C$18:$N$18,0) )=0, "", INDEX(BOND!$B$2:$CH$13, Q$2, MATCH($B$58, BOND!$B$16:$CH$16, 0)+MATCH($C71, BOND!$C$18:$N$18,0)) ) -> 2.69 | R71: =IF( INDEX(BOND!$B$2:$CH$13, R$2, MATCH($B$58, BOND!$B$16:$CH$16, 0)+MATCH($C71, BOND!$C$18:$N$18,0) )=0, "", INDEX(BOND!$B$2:$CH$13, R$2, MATCH($B$58, BOND!$B$16:$CH$16, 0)+MATCH($C71, BOND!$C$18:$N$18,0)) ) -> 2.765 | S71: =IF( INDEX(BOND!$B$2:$CH$13, S$2, MATCH($B$58, BOND!$B$16:$CH$16, 0)+MATCH($C71, BOND!$C$18:$N$18,0) )=0, "", INDEX(BOND!$B$2:$CH$13, S$2, MATCH($B$58, BOND!$B$16:$CH$16, 0)+MATCH($C71, BOND!$C$18:$N$18,0)) ) -> 2.7637833 | T71: =IF( INDEX(BOND!$B$2:$CH$13, T$2, MATCH($B$58, BOND!$B$16:$CH$16, 0)+MATCH($C71, BOND!$C$18:$N$18,0) )=0, "", INDEX(BOND!$B$2:$CH$13, T$2, MATCH($B$58, BOND!$B$16:$CH$16, 0)+MATCH($C71, BOND!$C$18:$N$18,0)) ) -> 2.69 | U71: =IF( INDEX(BOND!$B$2:$CH$13, U$2, MATCH($B$58, BOND!$B$16:$CH$16, 0)+MATCH($C71, BOND!$C$18:$N$18,0) )=0, "", INDEX(BOND!$B$2:$CH$13, U$2, MATCH($B$58, BOND!$B$16:$CH$16, 0)+MATCH($C71, BOND!$C$18:$N$18,0)) ) -> 2.912 | V71: =IF( INDEX(BOND!$B$2:$CH$13, V$2, MATCH($B$58, BOND!$B$16:$CH$16, 0)+MATCH($C71, BOND!$C$18:$N$18,0) )=0, "", INDEX(BOND!$B$2:$CH$13, V$2, MATCH($B$58, BOND!$B$16:$CH$16, 0)+MATCH($C71, BOND!$C$18:$N$18,0)) ) -> 2.8557417 | W71: =IF( INDEX(BOND!$B$2:$CH$13, W$2, MATCH($B$58, BOND!$B$16:$CH$16, 0)+MATCH($C71, BOND!$C$18:$N$18,0) )=0, "", INDEX(BOND!$B$2:$CH$13, W$2, MATCH($B$58, BOND!$B$16:$CH$16, 0)+MATCH($C71, BOND!$C$18:$N$18,0)) ) -> 2.682 | ... AA71: =IF( INDEX(BOND!$B$2:$CH$13, AA$2, MATCH($B$58, BOND!$B$16:$CH$16, 0)+MATCH($C71, BOND!$C$18:$N$18,0) )=0, "", INDEX(BOND!$B$2:$CH$13, AA$2, MATCH($B$58, BOND!$B$16:$CH$16, 0)+MATCH($C71, BOND!$C$18:$N$18,0)) ) -> 3.718
E72: 스프레드 | F72: =IF(F71=0,"",(F71-AD28)*IF($C$7=1,-1,1)) -> 0.1625 | G72: =IF(G71=0,"",(G71-AE28)*IF($C$7=1,-1,1)) -> 0.1575 | H72: =IF(H71=0,"",(H71-AF28)*IF($C$7=1,-1,1)) -> 0.155 | I72: =IF(I71=0,"",(I71-AG28)*IF($C$7=1,-1,1)) -> 0.168 | J72: =IF(J71=0,"",(J71-AH28)*IF($C$7=1,-1,1)) -> 0.172 | K72: =IF(K71=0,"",(K71-AI28)*IF($C$7=1,-1,1)) -> 0.1845 | L72: =IF(L71=0,"",(L71-AJ28)*IF($C$7=1,-1,1)) -> 0.177 | M72: =IF(M71=0,"",(M71-AK28)*IF($C$7=1,-1,1)) -> 0.1645 | ... O72: =IF(O71=0,"",(O71-AM28)*IF($C$7=1,-1,1)) -> 0.1805 | P72: =IF( P71="", "", (P71 - INDEX(IRS!$B$2:$Y$13, P$2, MATCH($E71,IRS!$B$1:$Y$1, 0)) ) * IF($C$7=1,-1,1) ) -> 0.162525 | Q72: =IF( Q71="", "", (Q71 - INDEX(IRS!$B$2:$Y$13, Q$2, MATCH($E71,IRS!$B$1:$Y$1, 0)) ) * IF($C$7=1,-1,1) ) -> 0.1625 | R72: =IF( R71="", "", (R71 - INDEX(IRS!$B$2:$Y$13, R$2, MATCH($E71,IRS!$B$1:$Y$1, 0)) ) * IF($C$7=1,-1,1) ) -> 0.15 | S72: =IF( S71="", "", (S71 - INDEX(IRS!$B$2:$Y$13, S$2, MATCH($E71,IRS!$B$1:$Y$1, 0)) ) * IF($C$7=1,-1,1) ) -> 0.138075 | T72: =IF( T71="", "", (T71 - INDEX(IRS!$B$2:$Y$13, T$2, MATCH($E71,IRS!$B$1:$Y$1, 0)) ) * IF($C$7=1,-1,1) ) -> 0.1625 | U72: =IF( U71="", "", (U71 - INDEX(IRS!$B$2:$Y$13, U$2, MATCH($E71,IRS!$B$1:$Y$1, 0)) ) * IF($C$7=1,-1,1) ) -> 0.157 | V72: =IF( V71="", "", (V71 - INDEX(IRS!$B$2:$Y$13, V$2, MATCH($E71,IRS!$B$1:$Y$1, 0)) ) * IF($C$7=1,-1,1) ) -> 0.13636667 | W72: =IF( W71="", "", (W71 - INDEX(IRS!$B$2:$Y$13, W$2, MATCH($E71,IRS!$B$1:$Y$1, 0)) ) * IF($C$7=1,-1,1) ) -> 0.162 | ... AA72: =IF( AA71="", "", (AA71 - INDEX(IRS!$B$2:$Y$13, AA$2, MATCH($E71,IRS!$B$1:$Y$1, 0)) ) * IF($C$7=1,-1,1) ) -> 0.153
B73: =_xll.IMDH("IR",$B$58,$C73,$O$9,$F$9,10,"Per=일, sort=D, real=true, Bizday=0, Quote=종가,Pos=40,Orient=H,DtFmt=1.TmFmt=1") -> 조회[BONDAVG02] | C73: 5년이하(당일) | E73: 05Y | F73: 2.879 | G73: 2.864 | H73: 2.853 | I73: 2.85 | J73: 2.862 | K73: 2.855 | L73: 2.854 | M73: 2.85 | N73: 2.828 | O73: 2.81 | P73: =IF( INDEX(BOND!$B$2:$CH$13, P$2, MATCH($B$58, BOND!$B$16:$CH$16, 0)+MATCH($C73, BOND!$C$18:$N$18,0) )=0, "", INDEX(BOND!$B$2:$CH$13, P$2, MATCH($B$58, BOND!$B$16:$CH$16, 0)+MATCH($C73, BOND!$C$18:$N$18,0)) ) -> 2.84345 | Q73: =IF( INDEX(BOND!$B$2:$CH$13, Q$2, MATCH($B$58, BOND!$B$16:$CH$16, 0)+MATCH($C73, BOND!$C$18:$N$18,0) )=0, "", INDEX(BOND!$B$2:$CH$13, Q$2, MATCH($B$58, BOND!$B$16:$CH$16, 0)+MATCH($C73, BOND!$C$18:$N$18,0)) ) -> 2.793 | R73: =IF( INDEX(BOND!$B$2:$CH$13, R$2, MATCH($B$58, BOND!$B$16:$CH$16, 0)+MATCH($C73, BOND!$C$18:$N$18,0) )=0, "", INDEX(BOND!$B$2:$CH$13, R$2, MATCH($B$58, BOND!$B$16:$CH$16, 0)+MATCH($C73, BOND!$C$18:$N$18,0)) ) -> 2.879 | S73: =IF( INDEX(BOND!$B$2:$CH$13, S$2, MATCH($B$58, BOND!$B$16:$CH$16, 0)+MATCH($C73, BOND!$C$18:$N$18,0) )=0, "", INDEX(BOND!$B$2:$CH$13, S$2, MATCH($B$58, BOND!$B$16:$CH$16, 0)+MATCH($C73, BOND!$C$18:$N$18,0)) ) -> 2.8659 | T73: =IF( INDEX(BOND!$B$2:$CH$13, T$2, MATCH($B$58, BOND!$B$16:$CH$16, 0)+MATCH($C73, BOND!$C$18:$N$18,0) )=0, "", INDEX(BOND!$B$2:$CH$13, T$2, MATCH($B$58, BOND!$B$16:$CH$16, 0)+MATCH($C73, BOND!$C$18:$N$18,0)) ) -> 2.793 | U73: =IF( INDEX(BOND!$B$2:$CH$13, U$2, MATCH($B$58, BOND!$B$16:$CH$16, 0)+MATCH($C73, BOND!$C$18:$N$18,0) )=0, "", INDEX(BOND!$B$2:$CH$13, U$2, MATCH($B$58, BOND!$B$16:$CH$16, 0)+MATCH($C73, BOND!$C$18:$N$18,0)) ) -> 3.01 | V73: =IF( INDEX(BOND!$B$2:$CH$13, V$2, MATCH($B$58, BOND!$B$16:$CH$16, 0)+MATCH($C73, BOND!$C$18:$N$18,0) )=0, "", INDEX(BOND!$B$2:$CH$13, V$2, MATCH($B$58, BOND!$B$16:$CH$16, 0)+MATCH($C73, BOND!$C$18:$N$18,0)) ) -> 2.949825 | W73: =IF( INDEX(BOND!$B$2:$CH$13, W$2, MATCH($B$58, BOND!$B$16:$CH$16, 0)+MATCH($C73, BOND!$C$18:$N$18,0) )=0, "", INDEX(BOND!$B$2:$CH$13, W$2, MATCH($B$58, BOND!$B$16:$CH$16, 0)+MATCH($C73, BOND!$C$18:$N$18,0)) ) -> 2.74 | ... AA73: =IF( INDEX(BOND!$B$2:$CH$13, AA$2, MATCH($B$58, BOND!$B$16:$CH$16, 0)+MATCH($C73, BOND!$C$18:$N$18,0) )=0, "", INDEX(BOND!$B$2:$CH$13, AA$2, MATCH($B$58, BOND!$B$16:$CH$16, 0)+MATCH($C73, BOND!$C$18:$N$18,0)) ) -> 3.735
E74: 스프레드 | F74: =IF(F73=0,"",(F73-AD30)*IF($C$7=1,-1,1)) -> 0.2665 | G74: =IF(G73=0,"",(G73-AE30)*IF($C$7=1,-1,1)) -> 0.2615 | H74: =IF(H73=0,"",(H73-AF30)*IF($C$7=1,-1,1)) -> 0.258 | I74: =IF(I73=0,"",(I73-AG30)*IF($C$7=1,-1,1)) -> 0.2675 | J74: =IF(J73=0,"",(J73-AH30)*IF($C$7=1,-1,1)) -> 0.2695 | K74: =IF(K73=0,"",(K73-AI30)*IF($C$7=1,-1,1)) -> 0.2825 | L74: =IF(L73=0,"",(L73-AJ30)*IF($C$7=1,-1,1)) -> 0.2715 | M74: =IF(M73=0,"",(M73-AK30)*IF($C$7=1,-1,1)) -> 0.265 | ... O74: =IF(O73=0,"",(O73-AM30)*IF($C$7=1,-1,1)) -> 0.2725 | P74: =IF( P73="", "", (P73 - INDEX(IRS!$B$2:$Y$13, P$2, MATCH($E73,IRS!$B$1:$Y$1, 0)) ) * IF($C$7=1,-1,1) ) -> 0.263325 | Q74: =IF( Q73="", "", (Q73 - INDEX(IRS!$B$2:$Y$13, Q$2, MATCH($E73,IRS!$B$1:$Y$1, 0)) ) * IF($C$7=1,-1,1) ) -> 0.258 | R74: =IF( R73="", "", (R73 - INDEX(IRS!$B$2:$Y$13, R$2, MATCH($E73,IRS!$B$1:$Y$1, 0)) ) * IF($C$7=1,-1,1) ) -> 0.254 | S74: =IF( S73="", "", (S73 - INDEX(IRS!$B$2:$Y$13, S$2, MATCH($E73,IRS!$B$1:$Y$1, 0)) ) * IF($C$7=1,-1,1) ) -> 0.23156667 | T74: =IF( T73="", "", (T73 - INDEX(IRS!$B$2:$Y$13, T$2, MATCH($E73,IRS!$B$1:$Y$1, 0)) ) * IF($C$7=1,-1,1) ) -> 0.258 | U74: =IF( U73="", "", (U73 - INDEX(IRS!$B$2:$Y$13, U$2, MATCH($E73,IRS!$B$1:$Y$1, 0)) ) * IF($C$7=1,-1,1) ) -> 0.25 | V74: =IF( V73="", "", (V73 - INDEX(IRS!$B$2:$Y$13, V$2, MATCH($E73,IRS!$B$1:$Y$1, 0)) ) * IF($C$7=1,-1,1) ) -> 0.22840833 | W74: =IF( W73="", "", (W73 - INDEX(IRS!$B$2:$Y$13, W$2, MATCH($E73,IRS!$B$1:$Y$1, 0)) ) * IF($C$7=1,-1,1) ) -> 0.2325 | ... AA74: =IF( AA73="", "", (AA73 - INDEX(IRS!$B$2:$Y$13, AA$2, MATCH($E73,IRS!$B$1:$Y$1, 0)) ) * IF($C$7=1,-1,1) ) -> 0.1625
C75: 17 | E75: BOND | F75: =F$9 -> 45741 | G75: =G$9 -> 45740 | H75: =H$9 -> 45737 | I75: =I$9 -> 45736 | J75: =J$9 -> 45735 | K75: =K$9 -> 45734 | L75: =L$9 -> 45733 | M75: =M$9 -> 45730 | ... O75: =O$9 -> 45728 | P75: =$P$13 -> 20D | S75: =$S$13 -> 60D | V75: =$V$13 -> 120D | Y75: =$Y$13 -> 250D
B76: =INDEX(code_list,$C75,1) -> BONDAVG16 | C76: =INDEX(name_list,$C75,1) -> 금융채 산금채 AAA | P76: Ave | Q76: Min | R76: Max | S76: Ave | T76: Min | U76: Max | V76: Ave | W76: Min | X76: Max | Y76: Ave | Z76: Min | AA76: Max
B77: =_xll.IMDH("IR",$B$76,$C77,$O$9,$F$9,10,"Per=일, sort=D, real=true, Bizday=0, Quote=종가,Pos=40,Orient=H,DtFmt=1.TmFmt=1") -> 조회[BONDAVG16] | C77: 6월이하(당일) | E77: 06M | F77: 2.833 | G77: 2.838 | H77: 2.836 | I77: 2.836 | J77: 2.839 | K77: 2.84 | L77: 2.842 | M77: 2.84 | N77: 2.84 | O77: 2.837 | P77: =IF( INDEX(BOND!$B$2:$CH$13, P$2, MATCH($B$76, BOND!$B$16:$CH$16, 0)+MATCH($C77, BOND!$C$18:$N$18,0) )=0, "", INDEX(BOND!$B$2:$CH$13, P$2, MATCH($B$76, BOND!$B$16:$CH$16, 0)+MATCH($C77, BOND!$C$18:$N$18,0)) ) -> 2.8432 | Q77: =IF( INDEX(BOND!$B$2:$CH$13, Q$2, MATCH($B$76, BOND!$B$16:$CH$16, 0)+MATCH($C77, BOND!$C$18:$N$18,0) )=0, "", INDEX(BOND!$B$2:$CH$13, Q$2, MATCH($B$76, BOND!$B$16:$CH$16, 0)+MATCH($C77, BOND!$C$18:$N$18,0)) ) -> 2.833 | R77: =IF( INDEX(BOND!$B$2:$CH$13, R$2, MATCH($B$76, BOND!$B$16:$CH$16, 0)+MATCH($C77, BOND!$C$18:$N$18,0) )=0, "", INDEX(BOND!$B$2:$CH$13, R$2, MATCH($B$76, BOND!$B$16:$CH$16, 0)+MATCH($C77, BOND!$C$18:$N$18,0)) ) -> 2.853 | S77: =IF( INDEX(BOND!$B$2:$CH$13, S$2, MATCH($B$76, BOND!$B$16:$CH$16, 0)+MATCH($C77, BOND!$C$18:$N$18,0) )=0, "", INDEX(BOND!$B$2:$CH$13, S$2, MATCH($B$76, BOND!$B$16:$CH$16, 0)+MATCH($C77, BOND!$C$18:$N$18,0)) ) -> 2.9726333 | T77: =IF( INDEX(BOND!$B$2:$CH$13, T$2, MATCH($B$76, BOND!$B$16:$CH$16, 0)+MATCH($C77, BOND!$C$18:$N$18,0) )=0, "", INDEX(BOND!$B$2:$CH$13, T$2, MATCH($B$76, BOND!$B$16:$CH$16, 0)+MATCH($C77, BOND!$C$18:$N$18,0)) ) -> 2.833 | U77: =IF( INDEX(BOND!$B$2:$CH$13, U$2, MATCH($B$76, BOND!$B$16:$CH$16, 0)+MATCH($C77, BOND!$C$18:$N$18,0) )=0, "", INDEX(BOND!$B$2:$CH$13, U$2, MATCH($B$76, BOND!$B$16:$CH$16, 0)+MATCH($C77, BOND!$C$18:$N$18,0)) ) -> 3.309 | V77: =IF( INDEX(BOND!$B$2:$CH$13, V$2, MATCH($B$76, BOND!$B$16:$CH$16, 0)+MATCH($C77, BOND!$C$18:$N$18,0) )=0, "", INDEX(BOND!$B$2:$CH$13, V$2, MATCH($B$76, BOND!$B$16:$CH$16, 0)+MATCH($C77, BOND!$C$18:$N$18,0)) ) -> 3.1499833 | W77: =IF( INDEX(BOND!$B$2:$CH$13, W$2, MATCH($B$76, BOND!$B$16:$CH$16, 0)+MATCH($C77, BOND!$C$18:$N$18,0) )=0, "", INDEX(BOND!$B$2:$CH$13, W$2, MATCH($B$76, BOND!$B$16:$CH$16, 0)+MATCH($C77, BOND!$C$18:$N$18,0)) ) -> 2.833 | ... AA77: =IF( INDEX(BOND!$B$2:$CH$13, AA$2, MATCH($B$76, BOND!$B$16:$CH$16, 0)+MATCH($C77, BOND!$C$18:$N$18,0) )=0, "", INDEX(BOND!$B$2:$CH$13, AA$2, MATCH($B$76, BOND!$B$16:$CH$16, 0)+MATCH($C77, BOND!$C$18:$N$18,0)) ) -> 3.622
E78: 스프레드 | F78: =IF(F77=0,"",(F77-AD16)*IF($C$7=1,-1,1)) -> 0.0605 | G78: =IF(G77=0,"",(G77-AE16)*IF($C$7=1,-1,1)) -> 0.073 | H78: =IF(H77=0,"",(H77-AF16)*IF($C$7=1,-1,1)) -> 0.0735 | I78: =IF(I77=0,"",(I77-AG16)*IF($C$7=1,-1,1)) -> 0.076 | J78: =IF(J77=0,"",(J77-AH16)*IF($C$7=1,-1,1)) -> 0.0715 | K78: =IF(K77=0,"",(K77-AI16)*IF($C$7=1,-1,1)) -> 0.075 | L78: =IF(L77=0,"",(L77-AJ16)*IF($C$7=1,-1,1)) -> 0.077 | M78: =IF(M77=0,"",(M77-AK16)*IF($C$7=1,-1,1)) -> 0.08 | ... O78: =IF(O77=0,"",(O77-AM16)*IF($C$7=1,-1,1)) -> 0.092 | P78: =IF( P77="", "", (P77 - INDEX(IRS!$B$2:$Y$13, P$2, MATCH($E77,IRS!$B$1:$Y$1, 0)) ) * IF($C$7=1,-1,1) ) -> 0.07745 | Q78: =IF( Q77="", "", (Q77 - INDEX(IRS!$B$2:$Y$13, Q$2, MATCH($E77,IRS!$B$1:$Y$1, 0)) ) * IF($C$7=1,-1,1) ) -> 0.088 | R78: =IF( R77="", "", (R77 - INDEX(IRS!$B$2:$Y$13, R$2, MATCH($E77,IRS!$B$1:$Y$1, 0)) ) * IF($C$7=1,-1,1) ) -> 0.053 | S78: =IF( S77="", "", (S77 - INDEX(IRS!$B$2:$Y$13, S$2, MATCH($E77,IRS!$B$1:$Y$1, 0)) ) * IF($C$7=1,-1,1) ) -> 0.094758333 | T78: =IF( T77="", "", (T77 - INDEX(IRS!$B$2:$Y$13, T$2, MATCH($E77,IRS!$B$1:$Y$1, 0)) ) * IF($C$7=1,-1,1) ) -> 0.088 | U78: =IF( U77="", "", (U77 - INDEX(IRS!$B$2:$Y$13, U$2, MATCH($E77,IRS!$B$1:$Y$1, 0)) ) * IF($C$7=1,-1,1) ) -> 0.1215 | V78: =IF( V77="", "", (V77 - INDEX(IRS!$B$2:$Y$13, V$2, MATCH($E77,IRS!$B$1:$Y$1, 0)) ) * IF($C$7=1,-1,1) ) -> 0.0853375 | W78: =IF( W77="", "", (W77 - INDEX(IRS!$B$2:$Y$13, W$2, MATCH($E77,IRS!$B$1:$Y$1, 0)) ) * IF($C$7=1,-1,1) ) -> 0.088 | ... AA78: =IF( AA77="", "", (AA77 - INDEX(IRS!$B$2:$Y$13, AA$2, MATCH($E77,IRS!$B$1:$Y$1, 0)) ) * IF($C$7=1,-1,1) ) -> -0.0155
B79: =_xll.IMDH("IR",$B$76,$C79,$O$9,$F$9,10,"Per=일, sort=D, real=true, Bizday=0, Quote=종가,Pos=40,Orient=H,DtFmt=1.TmFmt=1") -> 조회[BONDAVG16] | C79: 9월이하(당일) | E79: 09M | F79: 2.813 | G79: 2.818 | H79: 2.815 | I79: 2.812 | J79: 2.815 | K79: 2.814 | L79: 2.815 | M79: 2.814 | N79: 2.81 | O79: 2.804 | P79: =IF( INDEX(BOND!$B$2:$CH$13, P$2, MATCH($B$76, BOND!$B$16:$CH$16, 0)+MATCH($C79, BOND!$C$18:$N$18,0) )=0, "", INDEX(BOND!$B$2:$CH$13, P$2, MATCH($B$76, BOND!$B$16:$CH$16, 0)+MATCH($C79, BOND!$C$18:$N$18,0)) ) -> 2.8057 | Q79: =IF( INDEX(BOND!$B$2:$CH$13, Q$2, MATCH($B$76, BOND!$B$16:$CH$16, 0)+MATCH($C79, BOND!$C$18:$N$18,0) )=0, "", INDEX(BOND!$B$2:$CH$13, Q$2, MATCH($B$76, BOND!$B$16:$CH$16, 0)+MATCH($C79, BOND!$C$18:$N$18,0)) ) -> 2.782 | R79: =IF( INDEX(BOND!$B$2:$CH$13, R$2, MATCH($B$76, BOND!$B$16:$CH$16, 0)+MATCH($C79, BOND!$C$18:$N$18,0) )=0, "", INDEX(BOND!$B$2:$CH$13, R$2, MATCH($B$76, BOND!$B$16:$CH$16, 0)+MATCH($C79, BOND!$C$18:$N$18,0)) ) -> 2.818 | S79: =IF( INDEX(BOND!$B$2:$CH$13, S$2, MATCH($B$76, BOND!$B$16:$CH$16, 0)+MATCH($C79, BOND!$C$18:$N$18,0) )=0, "", INDEX(BOND!$B$2:$CH$13, S$2, MATCH($B$76, BOND!$B$16:$CH$16, 0)+MATCH($C79, BOND!$C$18:$N$18,0)) ) -> 2.8679167 | T79: =IF( INDEX(BOND!$B$2:$CH$13, T$2, MATCH($B$76, BOND!$B$16:$CH$16, 0)+MATCH($C79, BOND!$C$18:$N$18,0) )=0, "", INDEX(BOND!$B$2:$CH$13, T$2, MATCH($B$76, BOND!$B$16:$CH$16, 0)+MATCH($C79, BOND!$C$18:$N$18,0)) ) -> 2.782 | U79: =IF( INDEX(BOND!$B$2:$CH$13, U$2, MATCH($B$76, BOND!$B$16:$CH$16, 0)+MATCH($C79, BOND!$C$18:$N$18,0) )=0, "", INDEX(BOND!$B$2:$CH$13, U$2, MATCH($B$76, BOND!$B$16:$CH$16, 0)+MATCH($C79, BOND!$C$18:$N$18,0)) ) -> 3.157 | V79: =IF( INDEX(BOND!$B$2:$CH$13, V$2, MATCH($B$76, BOND!$B$16:$CH$16, 0)+MATCH($C79, BOND!$C$18:$N$18,0) )=0, "", INDEX(BOND!$B$2:$CH$13, V$2, MATCH($B$76, BOND!$B$16:$CH$16, 0)+MATCH($C79, BOND!$C$18:$N$18,0)) ) -> 3.0493917 | W79: =IF( INDEX(BOND!$B$2:$CH$13, W$2, MATCH($B$76, BOND!$B$16:$CH$16, 0)+MATCH($C79, BOND!$C$18:$N$18,0) )=0, "", INDEX(BOND!$B$2:$CH$13, W$2, MATCH($B$76, BOND!$B$16:$CH$16, 0)+MATCH($C79, BOND!$C$18:$N$18,0)) ) -> 2.782 | ... AA79: =IF( INDEX(BOND!$B$2:$CH$13, AA$2, MATCH($B$76, BOND!$B$16:$CH$16, 0)+MATCH($C79, BOND!$C$18:$N$18,0) )=0, "", INDEX(BOND!$B$2:$CH$13, AA$2, MATCH($B$76, BOND!$B$16:$CH$16, 0)+MATCH($C79, BOND!$C$18:$N$18,0)) ) -> 3.63
E80: 스프레드 | F80: =IF(F79=0,"",(F79-AD18)*IF($C$7=1,-1,1)) -> 0.1005 | G80: =IF(G79=0,"",(G79-AE18)*IF($C$7=1,-1,1)) -> 0.1155 | H80: =IF(H79=0,"",(H79-AF18)*IF($C$7=1,-1,1)) -> 0.115 | I80: =IF(I79=0,"",(I79-AG18)*IF($C$7=1,-1,1)) -> 0.1145 | J80: =IF(J79=0,"",(J79-AH18)*IF($C$7=1,-1,1)) -> 0.11 | K80: =IF(K79=0,"",(K79-AI18)*IF($C$7=1,-1,1)) -> 0.114 | L80: =IF(L79=0,"",(L79-AJ18)*IF($C$7=1,-1,1)) -> 0.115 | M80: =IF(M79=0,"",(M79-AK18)*IF($C$7=1,-1,1)) -> 0.119 | ... O80: =IF(O79=0,"",(O79-AM18)*IF($C$7=1,-1,1)) -> 0.1315 | P80: =IF( P79="", "", (P79 - INDEX(IRS!$B$2:$Y$13, P$2, MATCH($E79,IRS!$B$1:$Y$1, 0)) ) * IF($C$7=1,-1,1) ) -> 0.1087 | Q80: =IF( Q79="", "", (Q79 - INDEX(IRS!$B$2:$Y$13, Q$2, MATCH($E79,IRS!$B$1:$Y$1, 0)) ) * IF($C$7=1,-1,1) ) -> 0.1095 | R80: =IF( R79="", "", (R79 - INDEX(IRS!$B$2:$Y$13, R$2, MATCH($E79,IRS!$B$1:$Y$1, 0)) ) * IF($C$7=1,-1,1) ) -> 0.088 | S80: =IF( S79="", "", (S79 - INDEX(IRS!$B$2:$Y$13, S$2, MATCH($E79,IRS!$B$1:$Y$1, 0)) ) * IF($C$7=1,-1,1) ) -> 0.0875 | T80: =IF( T79="", "", (T79 - INDEX(IRS!$B$2:$Y$13, T$2, MATCH($E79,IRS!$B$1:$Y$1, 0)) ) * IF($C$7=1,-1,1) ) -> 0.1095 | U80: =IF( U79="", "", (U79 - INDEX(IRS!$B$2:$Y$13, U$2, MATCH($E79,IRS!$B$1:$Y$1, 0)) ) * IF($C$7=1,-1,1) ) -> 0.1495 | V80: =IF( V79="", "", (V79 - INDEX(IRS!$B$2:$Y$13, V$2, MATCH($E79,IRS!$B$1:$Y$1, 0)) ) * IF($C$7=1,-1,1) ) -> 0.096120833 | W80: =IF( W79="", "", (W79 - INDEX(IRS!$B$2:$Y$13, W$2, MATCH($E79,IRS!$B$1:$Y$1, 0)) ) * IF($C$7=1,-1,1) ) -> 0.1095 | ... AA80: =IF( AA79="", "", (AA79 - INDEX(IRS!$B$2:$Y$13, AA$2, MATCH($E79,IRS!$B$1:$Y$1, 0)) ) * IF($C$7=1,-1,1) ) -> 0.02
B81: =_xll.IMDH("IR",$B$76,$C81,$O$9,$F$9,10,"Per=일, sort=D, real=true, Bizday=0, Quote=종가,Pos=40,Orient=H,DtFmt=1.TmFmt=1") -> 조회[BONDAVG16] | C81: 1년이하(당일) | E81: 01Y | F81: 2.813 | G81: 2.823 | H81: 2.821 | I81: 2.818 | J81: 2.824 | K81: 2.822 | L81: 2.823 | M81: 2.828 | N81: 2.824 | O81: 2.817 | P81: =IF( INDEX(BOND!$B$2:$CH$13, P$2, MATCH($B$76, BOND!$B$16:$CH$16, 0)+MATCH($C81, BOND!$C$18:$N$18,0) )=0, "", INDEX(BOND!$B$2:$CH$13, P$2, MATCH($B$76, BOND!$B$16:$CH$16, 0)+MATCH($C81, BOND!$C$18:$N$18,0)) ) -> 2.8165 | Q81: =IF( INDEX(BOND!$B$2:$CH$13, Q$2, MATCH($B$76, BOND!$B$16:$CH$16, 0)+MATCH($C81, BOND!$C$18:$N$18,0) )=0, "", INDEX(BOND!$B$2:$CH$13, Q$2, MATCH($B$76, BOND!$B$16:$CH$16, 0)+MATCH($C81, BOND!$C$18:$N$18,0)) ) -> 2.788 | R81: =IF( INDEX(BOND!$B$2:$CH$13, R$2, MATCH($B$76, BOND!$B$16:$CH$16, 0)+MATCH($C81, BOND!$C$18:$N$18,0) )=0, "", INDEX(BOND!$B$2:$CH$13, R$2, MATCH($B$76, BOND!$B$16:$CH$16, 0)+MATCH($C81, BOND!$C$18:$N$18,0)) ) -> 2.83 | S81: =IF( INDEX(BOND!$B$2:$CH$13, S$2, MATCH($B$76, BOND!$B$16:$CH$16, 0)+MATCH($C81, BOND!$C$18:$N$18,0) )=0, "", INDEX(BOND!$B$2:$CH$13, S$2, MATCH($B$76, BOND!$B$16:$CH$16, 0)+MATCH($C81, BOND!$C$18:$N$18,0)) ) -> 2.83525 | T81: =IF( INDEX(BOND!$B$2:$CH$13, T$2, MATCH($B$76, BOND!$B$16:$CH$16, 0)+MATCH($C81, BOND!$C$18:$N$18,0) )=0, "", INDEX(BOND!$B$2:$CH$13, T$2, MATCH($B$76, BOND!$B$16:$CH$16, 0)+MATCH($C81, BOND!$C$18:$N$18,0)) ) -> 2.78 | U81: =IF( INDEX(BOND!$B$2:$CH$13, U$2, MATCH($B$76, BOND!$B$16:$CH$16, 0)+MATCH($C81, BOND!$C$18:$N$18,0) )=0, "", INDEX(BOND!$B$2:$CH$13, U$2, MATCH($B$76, BOND!$B$16:$CH$16, 0)+MATCH($C81, BOND!$C$18:$N$18,0)) ) -> 3.015 | V81: =IF( INDEX(BOND!$B$2:$CH$13, V$2, MATCH($B$76, BOND!$B$16:$CH$16, 0)+MATCH($C81, BOND!$C$18:$N$18,0) )=0, "", INDEX(BOND!$B$2:$CH$13, V$2, MATCH($B$76, BOND!$B$16:$CH$16, 0)+MATCH($C81, BOND!$C$18:$N$18,0)) ) -> 2.9833667 | W81: =IF( INDEX(BOND!$B$2:$CH$13, W$2, MATCH($B$76, BOND!$B$16:$CH$16, 0)+MATCH($C81, BOND!$C$18:$N$18,0) )=0, "", INDEX(BOND!$B$2:$CH$13, W$2, MATCH($B$76, BOND!$B$16:$CH$16, 0)+MATCH($C81, BOND!$C$18:$N$18,0)) ) -> 2.78 | ... AA81: =IF( INDEX(BOND!$B$2:$CH$13, AA$2, MATCH($B$76, BOND!$B$16:$CH$16, 0)+MATCH($C81, BOND!$C$18:$N$18,0) )=0, "", INDEX(BOND!$B$2:$CH$13, AA$2, MATCH($B$76, BOND!$B$16:$CH$16, 0)+MATCH($C81, BOND!$C$18:$N$18,0)) ) -> 3.657
E82: 스프레드 | F82: =IF(F81=0,"",(F81-AD20)*IF($C$7=1,-1,1)) -> 0.133 | G82: =IF(G81=0,"",(G81-AE20)*IF($C$7=1,-1,1)) -> 0.158 | H82: =IF(H81=0,"",(H81-AF20)*IF($C$7=1,-1,1)) -> 0.1585 | I82: =IF(I81=0,"",(I81-AG20)*IF($C$7=1,-1,1)) -> 0.158 | J82: =IF(J81=0,"",(J81-AH20)*IF($C$7=1,-1,1)) -> 0.1565 | K82: =IF(K81=0,"",(K81-AI20)*IF($C$7=1,-1,1)) -> 0.162 | L82: =IF(L81=0,"",(L81-AJ20)*IF($C$7=1,-1,1)) -> 0.163 | M82: =IF(M81=0,"",(M81-AK20)*IF($C$7=1,-1,1)) -> 0.1755 | ... O82: =IF(O81=0,"",(O81-AM20)*IF($C$7=1,-1,1)) -> 0.192 | P82: =IF( P81="", "", (P81 - INDEX(IRS!$B$2:$Y$13, P$2, MATCH($E81,IRS!$B$1:$Y$1, 0)) ) * IF($C$7=1,-1,1) ) -> 0.16375 | Q82: =IF( Q81="", "", (Q81 - INDEX(IRS!$B$2:$Y$13, Q$2, MATCH($E81,IRS!$B$1:$Y$1, 0)) ) * IF($C$7=1,-1,1) ) -> 0.163 | R82: =IF( R81="", "", (R81 - INDEX(IRS!$B$2:$Y$13, R$2, MATCH($E81,IRS!$B$1:$Y$1, 0)) ) * IF($C$7=1,-1,1) ) -> 0.15 | S82: =IF( S81="", "", (S81 - INDEX(IRS!$B$2:$Y$13, S$2, MATCH($E81,IRS!$B$1:$Y$1, 0)) ) * IF($C$7=1,-1,1) ) -> 0.1215 | T82: =IF( T81="", "", (T81 - INDEX(IRS!$B$2:$Y$13, T$2, MATCH($E81,IRS!$B$1:$Y$1, 0)) ) * IF($C$7=1,-1,1) ) -> 0.155 | U82: =IF( U81="", "", (U81 - INDEX(IRS!$B$2:$Y$13, U$2, MATCH($E81,IRS!$B$1:$Y$1, 0)) ) * IF($C$7=1,-1,1) ) -> 0.1375 | V82: =IF( V81="", "", (V81 - INDEX(IRS!$B$2:$Y$13, V$2, MATCH($E81,IRS!$B$1:$Y$1, 0)) ) * IF($C$7=1,-1,1) ) -> 0.11259583 | W82: =IF( W81="", "", (W81 - INDEX(IRS!$B$2:$Y$13, W$2, MATCH($E81,IRS!$B$1:$Y$1, 0)) ) * IF($C$7=1,-1,1) ) -> 0.155 | ... AA82: =IF( AA81="", "", (AA81 - INDEX(IRS!$B$2:$Y$13, AA$2, MATCH($E81,IRS!$B$1:$Y$1, 0)) ) * IF($C$7=1,-1,1) ) -> 0.037
B83: =_xll.IMDH("IR",$B$76,$C83,$O$9,$F$9,10,"Per=일, sort=D, real=true, Bizday=0, Quote=종가,Pos=40,Orient=H,DtFmt=1.TmFmt=1") -> 조회[BONDAVG16] | C83: 1.5년이하(당일) | E83: 1.5Y | F83: 2.813 | G83: 2.821 | H83: 2.817 | I83: 2.816 | J83: 2.823 | K83: 2.814 | L83: 2.816 | M83: 2.813 | N83: 2.804 | O83: 2.794 | P83: =IF( INDEX(BOND!$B$2:$CH$13, P$2, MATCH($B$76, BOND!$B$16:$CH$16, 0)+MATCH($C83, BOND!$C$18:$N$18,0) )=0, "", INDEX(BOND!$B$2:$CH$13, P$2, MATCH($B$76, BOND!$B$16:$CH$16, 0)+MATCH($C83, BOND!$C$18:$N$18,0)) ) -> 2.8005 | Q83: =IF( INDEX(BOND!$B$2:$CH$13, Q$2, MATCH($B$76, BOND!$B$16:$CH$16, 0)+MATCH($C83, BOND!$C$18:$N$18,0) )=0, "", INDEX(BOND!$B$2:$CH$13, Q$2, MATCH($B$76, BOND!$B$16:$CH$16, 0)+MATCH($C83, BOND!$C$18:$N$18,0)) ) -> 2.768 | R83: =IF( INDEX(BOND!$B$2:$CH$13, R$2, MATCH($B$76, BOND!$B$16:$CH$16, 0)+MATCH($C83, BOND!$C$18:$N$18,0) )=0, "", INDEX(BOND!$B$2:$CH$13, R$2, MATCH($B$76, BOND!$B$16:$CH$16, 0)+MATCH($C83, BOND!$C$18:$N$18,0)) ) -> 2.823 | S83: =IF( INDEX(BOND!$B$2:$CH$13, S$2, MATCH($B$76, BOND!$B$16:$CH$16, 0)+MATCH($C83, BOND!$C$18:$N$18,0) )=0, "", INDEX(BOND!$B$2:$CH$13, S$2, MATCH($B$76, BOND!$B$16:$CH$16, 0)+MATCH($C83, BOND!$C$18:$N$18,0)) ) -> 2.8054667 | T83: =IF( INDEX(BOND!$B$2:$CH$13, T$2, MATCH($B$76, BOND!$B$16:$CH$16, 0)+MATCH($C83, BOND!$C$18:$N$18,0) )=0, "", INDEX(BOND!$B$2:$CH$13, T$2, MATCH($B$76, BOND!$B$16:$CH$16, 0)+MATCH($C83, BOND!$C$18:$N$18,0)) ) -> 2.723 | U83: =IF( INDEX(BOND!$B$2:$CH$13, U$2, MATCH($B$76, BOND!$B$16:$CH$16, 0)+MATCH($C83, BOND!$C$18:$N$18,0) )=0, "", INDEX(BOND!$B$2:$CH$13, U$2, MATCH($B$76, BOND!$B$16:$CH$16, 0)+MATCH($C83, BOND!$C$18:$N$18,0)) ) -> 2.954 | V83: =IF( INDEX(BOND!$B$2:$CH$13, V$2, MATCH($B$76, BOND!$B$16:$CH$16, 0)+MATCH($C83, BOND!$C$18:$N$18,0) )=0, "", INDEX(BOND!$B$2:$CH$13, V$2, MATCH($B$76, BOND!$B$16:$CH$16, 0)+MATCH($C83, BOND!$C$18:$N$18,0)) ) -> 2.9494417 | W83: =IF( INDEX(BOND!$B$2:$CH$13, W$2, MATCH($B$76, BOND!$B$16:$CH$16, 0)+MATCH($C83, BOND!$C$18:$N$18,0) )=0, "", INDEX(BOND!$B$2:$CH$13, W$2, MATCH($B$76, BOND!$B$16:$CH$16, 0)+MATCH($C83, BOND!$C$18:$N$18,0)) ) -> 2.723 | ... AA83: =IF( INDEX(BOND!$B$2:$CH$13, AA$2, MATCH($B$76, BOND!$B$16:$CH$16, 0)+MATCH($C83, BOND!$C$18:$N$18,0) )=0, "", INDEX(BOND!$B$2:$CH$13, AA$2, MATCH($B$76, BOND!$B$16:$CH$16, 0)+MATCH($C83, BOND!$C$18:$N$18,0)) ) -> 3.665
E84: 스프레드 | F84: =IF(F83=0,"",(F83-AD22)*IF($C$7=1,-1,1)) -> 0.178 | G84: =IF(G83=0,"",(G83-AE22)*IF($C$7=1,-1,1)) -> 0.1985 | H84: =IF(H83=0,"",(H83-AF22)*IF($C$7=1,-1,1)) -> 0.202 | I84: =IF(I83=0,"",(I83-AG22)*IF($C$7=1,-1,1)) -> 0.206 | J84: =IF(J83=0,"",(J83-AH22)*IF($C$7=1,-1,1)) -> 0.203 | K84: =IF(K83=0,"",(K83-AI22)*IF($C$7=1,-1,1)) -> 0.204 | L84: =IF(L83=0,"",(L83-AJ22)*IF($C$7=1,-1,1)) -> 0.206 | M84: =IF(M83=0,"",(M83-AK22)*IF($C$7=1,-1,1)) -> 0.208 | ... O84: =IF(O83=0,"",(O83-AM22)*IF($C$7=1,-1,1)) -> 0.2215 | P84: =IF( P83="", "", (P83 - INDEX(IRS!$B$2:$Y$13, P$2, MATCH($E83,IRS!$B$1:$Y$1, 0)) ) * IF($C$7=1,-1,1) ) -> 0.19375 | Q84: =IF( Q83="", "", (Q83 - INDEX(IRS!$B$2:$Y$13, Q$2, MATCH($E83,IRS!$B$1:$Y$1, 0)) ) * IF($C$7=1,-1,1) ) -> 0.1955 | R84: =IF( R83="", "", (R83 - INDEX(IRS!$B$2:$Y$13, R$2, MATCH($E83,IRS!$B$1:$Y$1, 0)) ) * IF($C$7=1,-1,1) ) -> 0.188 | S84: =IF( S83="", "", (S83 - INDEX(IRS!$B$2:$Y$13, S$2, MATCH($E83,IRS!$B$1:$Y$1, 0)) ) * IF($C$7=1,-1,1) ) -> 0.14846667 | T84: =IF( T83="", "", (T83 - INDEX(IRS!$B$2:$Y$13, T$2, MATCH($E83,IRS!$B$1:$Y$1, 0)) ) * IF($C$7=1,-1,1) ) -> 0.1505 | U84: =IF( U83="", "", (U83 - INDEX(IRS!$B$2:$Y$13, U$2, MATCH($E83,IRS!$B$1:$Y$1, 0)) ) * IF($C$7=1,-1,1) ) -> 0.1515 | V84: =IF( V83="", "", (V83 - INDEX(IRS!$B$2:$Y$13, V$2, MATCH($E83,IRS!$B$1:$Y$1, 0)) ) * IF($C$7=1,-1,1) ) -> 0.1588375 | W84: =IF( W83="", "", (W83 - INDEX(IRS!$B$2:$Y$13, W$2, MATCH($E83,IRS!$B$1:$Y$1, 0)) ) * IF($C$7=1,-1,1) ) -> 0.1505 | ... AA84: =IF( AA83="", "", (AA83 - INDEX(IRS!$B$2:$Y$13, AA$2, MATCH($E83,IRS!$B$1:$Y$1, 0)) ) * IF($C$7=1,-1,1) ) -> 0.065
B85: =_xll.IMDH("IR",$B$76,$C85,$O$9,$F$9,10,"Per=일, sort=D, real=true, Bizday=0, Quote=종가,Pos=40,Orient=H,DtFmt=1.TmFmt=1") -> 조회[BONDAVG16] | C85: 2년이하(당일) | E85: 02Y | F85: 2.782 | G85: 2.773 | H85: 2.773 | I85: 2.768 | J85: 2.774 | K85: 2.761 | L85: 2.762 | M85: 2.758 | N85: 2.743 | O85: 2.73 | P85: =IF( INDEX(BOND!$B$2:$CH$13, P$2, MATCH($B$76, BOND!$B$16:$CH$16, 0)+MATCH($C85, BOND!$C$18:$N$18,0) )=0, "", INDEX(BOND!$B$2:$CH$13, P$2, MATCH($B$76, BOND!$B$16:$CH$16, 0)+MATCH($C85, BOND!$C$18:$N$18,0)) ) -> 2.752 | Q85: =IF( INDEX(BOND!$B$2:$CH$13, Q$2, MATCH($B$76, BOND!$B$16:$CH$16, 0)+MATCH($C85, BOND!$C$18:$N$18,0) )=0, "", INDEX(BOND!$B$2:$CH$13, Q$2, MATCH($B$76, BOND!$B$16:$CH$16, 0)+MATCH($C85, BOND!$C$18:$N$18,0)) ) -> 2.722 | R85: =IF( INDEX(BOND!$B$2:$CH$13, R$2, MATCH($B$76, BOND!$B$16:$CH$16, 0)+MATCH($C85, BOND!$C$18:$N$18,0) )=0, "", INDEX(BOND!$B$2:$CH$13, R$2, MATCH($B$76, BOND!$B$16:$CH$16, 0)+MATCH($C85, BOND!$C$18:$N$18,0)) ) -> 2.782 | S85: =IF( INDEX(BOND!$B$2:$CH$13, S$2, MATCH($B$76, BOND!$B$16:$CH$16, 0)+MATCH($C85, BOND!$C$18:$N$18,0) )=0, "", INDEX(BOND!$B$2:$CH$13, S$2, MATCH($B$76, BOND!$B$16:$CH$16, 0)+MATCH($C85, BOND!$C$18:$N$18,0)) ) -> 2.7784333 | T85: =IF( INDEX(BOND!$B$2:$CH$13, T$2, MATCH($B$76, BOND!$B$16:$CH$16, 0)+MATCH($C85, BOND!$C$18:$N$18,0) )=0, "", INDEX(BOND!$B$2:$CH$13, T$2, MATCH($B$76, BOND!$B$16:$CH$16, 0)+MATCH($C85, BOND!$C$18:$N$18,0)) ) -> 2.721 | U85: =IF( INDEX(BOND!$B$2:$CH$13, U$2, MATCH($B$76, BOND!$B$16:$CH$16, 0)+MATCH($C85, BOND!$C$18:$N$18,0) )=0, "", INDEX(BOND!$B$2:$CH$13, U$2, MATCH($B$76, BOND!$B$16:$CH$16, 0)+MATCH($C85, BOND!$C$18:$N$18,0)) ) -> 2.967 | V85: =IF( INDEX(BOND!$B$2:$CH$13, V$2, MATCH($B$76, BOND!$B$16:$CH$16, 0)+MATCH($C85, BOND!$C$18:$N$18,0) )=0, "", INDEX(BOND!$B$2:$CH$13, V$2, MATCH($B$76, BOND!$B$16:$CH$16, 0)+MATCH($C85, BOND!$C$18:$N$18,0)) ) -> 2.919775 | W85: =IF( INDEX(BOND!$B$2:$CH$13, W$2, MATCH($B$76, BOND!$B$16:$CH$16, 0)+MATCH($C85, BOND!$C$18:$N$18,0) )=0, "", INDEX(BOND!$B$2:$CH$13, W$2, MATCH($B$76, BOND!$B$16:$CH$16, 0)+MATCH($C85, BOND!$C$18:$N$18,0)) ) -> 2.721 | ... AA85: =IF( INDEX(BOND!$B$2:$CH$13, AA$2, MATCH($B$76, BOND!$B$16:$CH$16, 0)+MATCH($C85, BOND!$C$18:$N$18,0) )=0, "", INDEX(BOND!$B$2:$CH$13, AA$2, MATCH($B$76, BOND!$B$16:$CH$16, 0)+MATCH($C85, BOND!$C$18:$N$18,0)) ) -> 3.665
E86: 스프레드 | F86: =IF(F85=0,"",(F85-AD24)*IF($C$7=1,-1,1)) -> 0.172 | G86: =IF(G85=0,"",(G85-AE24)*IF($C$7=1,-1,1)) -> 0.1755 | H86: =IF(H85=0,"",(H85-AF24)*IF($C$7=1,-1,1)) -> 0.1855 | I86: =IF(I85=0,"",(I85-AG24)*IF($C$7=1,-1,1)) -> 0.1905 | J86: =IF(J85=0,"",(J85-AH24)*IF($C$7=1,-1,1)) -> 0.189 | K86: =IF(K85=0,"",(K85-AI24)*IF($C$7=1,-1,1)) -> 0.191 | L86: =IF(L85=0,"",(L85-AJ24)*IF($C$7=1,-1,1)) -> 0.192 | M86: =IF(M85=0,"",(M85-AK24)*IF($C$7=1,-1,1)) -> 0.1905 | ... O86: =IF(O85=0,"",(O85-AM24)*IF($C$7=1,-1,1)) -> 0.2 | P86: =IF( P85="", "", (P85 - INDEX(IRS!$B$2:$Y$13, P$2, MATCH($E85,IRS!$B$1:$Y$1, 0)) ) * IF($C$7=1,-1,1) ) -> 0.1775 | Q86: =IF( Q85="", "", (Q85 - INDEX(IRS!$B$2:$Y$13, Q$2, MATCH($E85,IRS!$B$1:$Y$1, 0)) ) * IF($C$7=1,-1,1) ) -> 0.192 | R86: =IF( R85="", "", (R85 - INDEX(IRS!$B$2:$Y$13, R$2, MATCH($E85,IRS!$B$1:$Y$1, 0)) ) * IF($C$7=1,-1,1) ) -> 0.172 | S86: =IF( S85="", "", (S85 - INDEX(IRS!$B$2:$Y$13, S$2, MATCH($E85,IRS!$B$1:$Y$1, 0)) ) * IF($C$7=1,-1,1) ) -> 0.152725 | T86: =IF( T85="", "", (T85 - INDEX(IRS!$B$2:$Y$13, T$2, MATCH($E85,IRS!$B$1:$Y$1, 0)) ) * IF($C$7=1,-1,1) ) -> 0.191 | U86: =IF( U85="", "", (U85 - INDEX(IRS!$B$2:$Y$13, U$2, MATCH($E85,IRS!$B$1:$Y$1, 0)) ) * IF($C$7=1,-1,1) ) -> 0.192 | V86: =IF( V85="", "", (V85 - INDEX(IRS!$B$2:$Y$13, V$2, MATCH($E85,IRS!$B$1:$Y$1, 0)) ) * IF($C$7=1,-1,1) ) -> 0.1710875 | W86: =IF( W85="", "", (W85 - INDEX(IRS!$B$2:$Y$13, W$2, MATCH($E85,IRS!$B$1:$Y$1, 0)) ) * IF($C$7=1,-1,1) ) -> 0.191 | ... AA86: =IF( AA85="", "", (AA85 - INDEX(IRS!$B$2:$Y$13, AA$2, MATCH($E85,IRS!$B$1:$Y$1, 0)) ) * IF($C$7=1,-1,1) ) -> 0.085
B87: =_xll.IMDH("IR",$B$76,$C87,$O$9,$F$9,10,"Per=일, sort=D, real=true, Bizday=0, Quote=종가,Pos=40,Orient=H,DtFmt=1.TmFmt=1") -> 조회[BONDAVG16] | C87: 3년이하(당일) | E87: 03Y | F87: 2.774 | G87: 2.766 | H87: 2.759 | I87: 2.766 | J87: 2.785 | K87: 2.769 | L87: 2.766 | M87: 2.756 | N87: 2.735 | O87: 2.713 | P87: =IF( INDEX(BOND!$B$2:$CH$13, P$2, MATCH($B$76, BOND!$B$16:$CH$16, 0)+MATCH($C87, BOND!$C$18:$N$18,0) )=0, "", INDEX(BOND!$B$2:$CH$13, P$2, MATCH($B$76, BOND!$B$16:$CH$16, 0)+MATCH($C87, BOND!$C$18:$N$18,0)) ) -> 2.75045 | Q87: =IF( INDEX(BOND!$B$2:$CH$13, Q$2, MATCH($B$76, BOND!$B$16:$CH$16, 0)+MATCH($C87, BOND!$C$18:$N$18,0) )=0, "", INDEX(BOND!$B$2:$CH$13, Q$2, MATCH($B$76, BOND!$B$16:$CH$16, 0)+MATCH($C87, BOND!$C$18:$N$18,0)) ) -> 2.707 | R87: =IF( INDEX(BOND!$B$2:$CH$13, R$2, MATCH($B$76, BOND!$B$16:$CH$16, 0)+MATCH($C87, BOND!$C$18:$N$18,0) )=0, "", INDEX(BOND!$B$2:$CH$13, R$2, MATCH($B$76, BOND!$B$16:$CH$16, 0)+MATCH($C87, BOND!$C$18:$N$18,0)) ) -> 2.785 | S87: =IF( INDEX(BOND!$B$2:$CH$13, S$2, MATCH($B$76, BOND!$B$16:$CH$16, 0)+MATCH($C87, BOND!$C$18:$N$18,0) )=0, "", INDEX(BOND!$B$2:$CH$13, S$2, MATCH($B$76, BOND!$B$16:$CH$16, 0)+MATCH($C87, BOND!$C$18:$N$18,0)) ) -> 2.7723167 | T87: =IF( INDEX(BOND!$B$2:$CH$13, T$2, MATCH($B$76, BOND!$B$16:$CH$16, 0)+MATCH($C87, BOND!$C$18:$N$18,0) )=0, "", INDEX(BOND!$B$2:$CH$13, T$2, MATCH($B$76, BOND!$B$16:$CH$16, 0)+MATCH($C87, BOND!$C$18:$N$18,0)) ) -> 2.696 | U87: =IF( INDEX(BOND!$B$2:$CH$13, U$2, MATCH($B$76, BOND!$B$16:$CH$16, 0)+MATCH($C87, BOND!$C$18:$N$18,0) )=0, "", INDEX(BOND!$B$2:$CH$13, U$2, MATCH($B$76, BOND!$B$16:$CH$16, 0)+MATCH($C87, BOND!$C$18:$N$18,0)) ) -> 2.899 | V87: =IF( INDEX(BOND!$B$2:$CH$13, V$2, MATCH($B$76, BOND!$B$16:$CH$16, 0)+MATCH($C87, BOND!$C$18:$N$18,0) )=0, "", INDEX(BOND!$B$2:$CH$13, V$2, MATCH($B$76, BOND!$B$16:$CH$16, 0)+MATCH($C87, BOND!$C$18:$N$18,0)) ) -> 2.8784417 | W87: =IF( INDEX(BOND!$B$2:$CH$13, W$2, MATCH($B$76, BOND!$B$16:$CH$16, 0)+MATCH($C87, BOND!$C$18:$N$18,0) )=0, "", INDEX(BOND!$B$2:$CH$13, W$2, MATCH($B$76, BOND!$B$16:$CH$16, 0)+MATCH($C87, BOND!$C$18:$N$18,0)) ) -> 2.696 | ... AA87: =IF( INDEX(BOND!$B$2:$CH$13, AA$2, MATCH($B$76, BOND!$B$16:$CH$16, 0)+MATCH($C87, BOND!$C$18:$N$18,0) )=0, "", INDEX(BOND!$B$2:$CH$13, AA$2, MATCH($B$76, BOND!$B$16:$CH$16, 0)+MATCH($C87, BOND!$C$18:$N$18,0)) ) -> 3.667
E88: 스프레드 | F88: =IF(F87=0,"",(F87-AD26)*IF($C$7=1,-1,1)) -> 0.179 | G88: =IF(G87=0,"",(G87-AE26)*IF($C$7=1,-1,1)) -> 0.1835 | H88: =IF(H87=0,"",(H87-AF26)*IF($C$7=1,-1,1)) -> 0.1865 | I88: =IF(I87=0,"",(I87-AG26)*IF($C$7=1,-1,1)) -> 0.2035 | J88: =IF(J87=0,"",(J87-AH26)*IF($C$7=1,-1,1)) -> 0.215 | K88: =IF(K87=0,"",(K87-AI26)*IF($C$7=1,-1,1)) -> 0.2165 | L88: =IF(L87=0,"",(L87-AJ26)*IF($C$7=1,-1,1)) -> 0.211 | M88: =IF(M87=0,"",(M87-AK26)*IF($C$7=1,-1,1)) -> 0.2035 | ... O88: =IF(O87=0,"",(O87-AM26)*IF($C$7=1,-1,1)) -> 0.2005 | P88: =IF( P87="", "", (P87 - INDEX(IRS!$B$2:$Y$13, P$2, MATCH($E87,IRS!$B$1:$Y$1, 0)) ) * IF($C$7=1,-1,1) ) -> 0.191325 | Q88: =IF( Q87="", "", (Q87 - INDEX(IRS!$B$2:$Y$13, Q$2, MATCH($E87,IRS!$B$1:$Y$1, 0)) ) * IF($C$7=1,-1,1) ) -> 0.1945 | R88: =IF( R87="", "", (R87 - INDEX(IRS!$B$2:$Y$13, R$2, MATCH($E87,IRS!$B$1:$Y$1, 0)) ) * IF($C$7=1,-1,1) ) -> 0.185 | S88: =IF( S87="", "", (S87 - INDEX(IRS!$B$2:$Y$13, S$2, MATCH($E87,IRS!$B$1:$Y$1, 0)) ) * IF($C$7=1,-1,1) ) -> 0.162525 | T88: =IF( T87="", "", (T87 - INDEX(IRS!$B$2:$Y$13, T$2, MATCH($E87,IRS!$B$1:$Y$1, 0)) ) * IF($C$7=1,-1,1) ) -> 0.1835 | U88: =IF( U87="", "", (U87 - INDEX(IRS!$B$2:$Y$13, U$2, MATCH($E87,IRS!$B$1:$Y$1, 0)) ) * IF($C$7=1,-1,1) ) -> 0.154 | V88: =IF( V87="", "", (V87 - INDEX(IRS!$B$2:$Y$13, V$2, MATCH($E87,IRS!$B$1:$Y$1, 0)) ) * IF($C$7=1,-1,1) ) -> 0.16250417 | W88: =IF( W87="", "", (W87 - INDEX(IRS!$B$2:$Y$13, W$2, MATCH($E87,IRS!$B$1:$Y$1, 0)) ) * IF($C$7=1,-1,1) ) -> 0.1835 | ... AA88: =IF( AA87="", "", (AA87 - INDEX(IRS!$B$2:$Y$13, AA$2, MATCH($E87,IRS!$B$1:$Y$1, 0)) ) * IF($C$7=1,-1,1) ) -> 0.107
B89: =_xll.IMDH("IR",$B$76,$C89,$O$9,$F$9,10,"Per=일, sort=D, real=true, Bizday=0, Quote=종가,Pos=40,Orient=H,DtFmt=1.TmFmt=1") -> 조회[BONDAVG16] | C89: 4년이하(당일) | E89: 04Y | F89: 2.79 | G89: 2.774 | H89: 2.763 | I89: 2.764 | J89: 2.777 | K89: 2.768 | L89: 2.765 | M89: 2.755 | N89: 2.739 | O89: 2.723 | P89: =IF( INDEX(BOND!$B$2:$CH$13, P$2, MATCH($B$76, BOND!$B$16:$CH$16, 0)+MATCH($C89, BOND!$C$18:$N$18,0) )=0, "", INDEX(BOND!$B$2:$CH$13, P$2, MATCH($B$76, BOND!$B$16:$CH$16, 0)+MATCH($C89, BOND!$C$18:$N$18,0)) ) -> 2.75665 | Q89: =IF( INDEX(BOND!$B$2:$CH$13, Q$2, MATCH($B$76, BOND!$B$16:$CH$16, 0)+MATCH($C89, BOND!$C$18:$N$18,0) )=0, "", INDEX(BOND!$B$2:$CH$13, Q$2, MATCH($B$76, BOND!$B$16:$CH$16, 0)+MATCH($C89, BOND!$C$18:$N$18,0)) ) -> 2.715 | R89: =IF( INDEX(BOND!$B$2:$CH$13, R$2, MATCH($B$76, BOND!$B$16:$CH$16, 0)+MATCH($C89, BOND!$C$18:$N$18,0) )=0, "", INDEX(BOND!$B$2:$CH$13, R$2, MATCH($B$76, BOND!$B$16:$CH$16, 0)+MATCH($C89, BOND!$C$18:$N$18,0)) ) -> 2.79 | S89: =IF( INDEX(BOND!$B$2:$CH$13, S$2, MATCH($B$76, BOND!$B$16:$CH$16, 0)+MATCH($C89, BOND!$C$18:$N$18,0) )=0, "", INDEX(BOND!$B$2:$CH$13, S$2, MATCH($B$76, BOND!$B$16:$CH$16, 0)+MATCH($C89, BOND!$C$18:$N$18,0)) ) -> 2.80615 | T89: =IF( INDEX(BOND!$B$2:$CH$13, T$2, MATCH($B$76, BOND!$B$16:$CH$16, 0)+MATCH($C89, BOND!$C$18:$N$18,0) )=0, "", INDEX(BOND!$B$2:$CH$13, T$2, MATCH($B$76, BOND!$B$16:$CH$16, 0)+MATCH($C89, BOND!$C$18:$N$18,0)) ) -> 2.715 | U89: =IF( INDEX(BOND!$B$2:$CH$13, U$2, MATCH($B$76, BOND!$B$16:$CH$16, 0)+MATCH($C89, BOND!$C$18:$N$18,0) )=0, "", INDEX(BOND!$B$2:$CH$13, U$2, MATCH($B$76, BOND!$B$16:$CH$16, 0)+MATCH($C89, BOND!$C$18:$N$18,0)) ) -> 2.991 | V89: =IF( INDEX(BOND!$B$2:$CH$13, V$2, MATCH($B$76, BOND!$B$16:$CH$16, 0)+MATCH($C89, BOND!$C$18:$N$18,0) )=0, "", INDEX(BOND!$B$2:$CH$13, V$2, MATCH($B$76, BOND!$B$16:$CH$16, 0)+MATCH($C89, BOND!$C$18:$N$18,0)) ) -> 2.9112167 | W89: =IF( INDEX(BOND!$B$2:$CH$13, W$2, MATCH($B$76, BOND!$B$16:$CH$16, 0)+MATCH($C89, BOND!$C$18:$N$18,0) )=0, "", INDEX(BOND!$B$2:$CH$13, W$2, MATCH($B$76, BOND!$B$16:$CH$16, 0)+MATCH($C89, BOND!$C$18:$N$18,0)) ) -> 2.715 | ... AA89: =IF( INDEX(BOND!$B$2:$CH$13, AA$2, MATCH($B$76, BOND!$B$16:$CH$16, 0)+MATCH($C89, BOND!$C$18:$N$18,0) )=0, "", INDEX(BOND!$B$2:$CH$13, AA$2, MATCH($B$76, BOND!$B$16:$CH$16, 0)+MATCH($C89, BOND!$C$18:$N$18,0)) ) -> 3.72
E90: 스프레드 | F90: =IF(F89=0,"",(F89-AD28)*IF($C$7=1,-1,1)) -> 0.1875 | G90: =IF(G89=0,"",(G89-AE28)*IF($C$7=1,-1,1)) -> 0.1815 | H90: =IF(H89=0,"",(H89-AF28)*IF($C$7=1,-1,1)) -> 0.178 | I90: =IF(I89=0,"",(I89-AG28)*IF($C$7=1,-1,1)) -> 0.189 | J90: =IF(J89=0,"",(J89-AH28)*IF($C$7=1,-1,1)) -> 0.192 | K90: =IF(K89=0,"",(K89-AI28)*IF($C$7=1,-1,1)) -> 0.2055 | L90: =IF(L89=0,"",(L89-AJ28)*IF($C$7=1,-1,1)) -> 0.195 | M90: =IF(M89=0,"",(M89-AK28)*IF($C$7=1,-1,1)) -> 0.1825 | ... O90: =IF(O89=0,"",(O89-AM28)*IF($C$7=1,-1,1)) -> 0.1955 | P90: =IF( P89="", "", (P89 - INDEX(IRS!$B$2:$Y$13, P$2, MATCH($E89,IRS!$B$1:$Y$1, 0)) ) * IF($C$7=1,-1,1) ) -> 0.184775 | Q90: =IF( Q89="", "", (Q89 - INDEX(IRS!$B$2:$Y$13, Q$2, MATCH($E89,IRS!$B$1:$Y$1, 0)) ) * IF($C$7=1,-1,1) ) -> 0.1875 | R90: =IF( R89="", "", (R89 - INDEX(IRS!$B$2:$Y$13, R$2, MATCH($E89,IRS!$B$1:$Y$1, 0)) ) * IF($C$7=1,-1,1) ) -> 0.175 | S90: =IF( S89="", "", (S89 - INDEX(IRS!$B$2:$Y$13, S$2, MATCH($E89,IRS!$B$1:$Y$1, 0)) ) * IF($C$7=1,-1,1) ) -> 0.18044167 | T90: =IF( T89="", "", (T89 - INDEX(IRS!$B$2:$Y$13, T$2, MATCH($E89,IRS!$B$1:$Y$1, 0)) ) * IF($C$7=1,-1,1) ) -> 0.1875 | U90: =IF( U89="", "", (U89 - INDEX(IRS!$B$2:$Y$13, U$2, MATCH($E89,IRS!$B$1:$Y$1, 0)) ) * IF($C$7=1,-1,1) ) -> 0.236 | V90: =IF( V89="", "", (V89 - INDEX(IRS!$B$2:$Y$13, V$2, MATCH($E89,IRS!$B$1:$Y$1, 0)) ) * IF($C$7=1,-1,1) ) -> 0.19184167 | W90: =IF( W89="", "", (W89 - INDEX(IRS!$B$2:$Y$13, W$2, MATCH($E89,IRS!$B$1:$Y$1, 0)) ) * IF($C$7=1,-1,1) ) -> 0.195 | ... AA90: =IF( AA89="", "", (AA89 - INDEX(IRS!$B$2:$Y$13, AA$2, MATCH($E89,IRS!$B$1:$Y$1, 0)) ) * IF($C$7=1,-1,1) ) -> 0.155
B91: =_xll.IMDH("IR",$B$76,$C91,$O$9,$F$9,10,"Per=일, sort=D, real=true, Bizday=0, Quote=종가,Pos=40,Orient=H,DtFmt=1.TmFmt=1") -> 조회[BONDAVG16] | C91: 5년이하(당일) | E91: 05Y | F91: 2.916 | G91: 2.903 | H91: 2.877 | I91: 2.888 | J91: 2.888 | K91: 2.867 | L91: 2.854 | M91: 2.855 | N91: 2.843 | O91: 2.829 | P91: =IF( INDEX(BOND!$B$2:$CH$13, P$2, MATCH($B$76, BOND!$B$16:$CH$16, 0)+MATCH($C91, BOND!$C$18:$N$18,0) )=0, "", INDEX(BOND!$B$2:$CH$13, P$2, MATCH($B$76, BOND!$B$16:$CH$16, 0)+MATCH($C91, BOND!$C$18:$N$18,0)) ) -> 2.8592 | Q91: =IF( INDEX(BOND!$B$2:$CH$13, Q$2, MATCH($B$76, BOND!$B$16:$CH$16, 0)+MATCH($C91, BOND!$C$18:$N$18,0) )=0, "", INDEX(BOND!$B$2:$CH$13, Q$2, MATCH($B$76, BOND!$B$16:$CH$16, 0)+MATCH($C91, BOND!$C$18:$N$18,0)) ) -> 2.805 | R91: =IF( INDEX(BOND!$B$2:$CH$13, R$2, MATCH($B$76, BOND!$B$16:$CH$16, 0)+MATCH($C91, BOND!$C$18:$N$18,0) )=0, "", INDEX(BOND!$B$2:$CH$13, R$2, MATCH($B$76, BOND!$B$16:$CH$16, 0)+MATCH($C91, BOND!$C$18:$N$18,0)) ) -> 2.916 | S91: =IF( INDEX(BOND!$B$2:$CH$13, S$2, MATCH($B$76, BOND!$B$16:$CH$16, 0)+MATCH($C91, BOND!$C$18:$N$18,0) )=0, "", INDEX(BOND!$B$2:$CH$13, S$2, MATCH($B$76, BOND!$B$16:$CH$16, 0)+MATCH($C91, BOND!$C$18:$N$18,0)) ) -> 2.8935833 | T91: =IF( INDEX(BOND!$B$2:$CH$13, T$2, MATCH($B$76, BOND!$B$16:$CH$16, 0)+MATCH($C91, BOND!$C$18:$N$18,0) )=0, "", INDEX(BOND!$B$2:$CH$13, T$2, MATCH($B$76, BOND!$B$16:$CH$16, 0)+MATCH($C91, BOND!$C$18:$N$18,0)) ) -> 2.805 | U91: =IF( INDEX(BOND!$B$2:$CH$13, U$2, MATCH($B$76, BOND!$B$16:$CH$16, 0)+MATCH($C91, BOND!$C$18:$N$18,0) )=0, "", INDEX(BOND!$B$2:$CH$13, U$2, MATCH($B$76, BOND!$B$16:$CH$16, 0)+MATCH($C91, BOND!$C$18:$N$18,0)) ) -> 3.042 | V91: =IF( INDEX(BOND!$B$2:$CH$13, V$2, MATCH($B$76, BOND!$B$16:$CH$16, 0)+MATCH($C91, BOND!$C$18:$N$18,0) )=0, "", INDEX(BOND!$B$2:$CH$13, V$2, MATCH($B$76, BOND!$B$16:$CH$16, 0)+MATCH($C91, BOND!$C$18:$N$18,0)) ) -> 2.979725 | W91: =IF( INDEX(BOND!$B$2:$CH$13, W$2, MATCH($B$76, BOND!$B$16:$CH$16, 0)+MATCH($C91, BOND!$C$18:$N$18,0) )=0, "", INDEX(BOND!$B$2:$CH$13, W$2, MATCH($B$76, BOND!$B$16:$CH$16, 0)+MATCH($C91, BOND!$C$18:$N$18,0)) ) -> 2.784 | ... AA91: =IF( INDEX(BOND!$B$2:$CH$13, AA$2, MATCH($B$76, BOND!$B$16:$CH$16, 0)+MATCH($C91, BOND!$C$18:$N$18,0) )=0, "", INDEX(BOND!$B$2:$CH$13, AA$2, MATCH($B$76, BOND!$B$16:$CH$16, 0)+MATCH($C91, BOND!$C$18:$N$18,0)) ) -> 3.8
E92: 스프레드 | F92: =IF(F91=0,"",(F91-AD30)*IF($C$7=1,-1,1)) -> 0.3035 | G92: =IF(G91=0,"",(G91-AE30)*IF($C$7=1,-1,1)) -> 0.3005 | H92: =IF(H91=0,"",(H91-AF30)*IF($C$7=1,-1,1)) -> 0.282 | I92: =IF(I91=0,"",(I91-AG30)*IF($C$7=1,-1,1)) -> 0.3055 | J92: =IF(J91=0,"",(J91-AH30)*IF($C$7=1,-1,1)) -> 0.2955 | K92: =IF(K91=0,"",(K91-AI30)*IF($C$7=1,-1,1)) -> 0.2945 | L92: =IF(L91=0,"",(L91-AJ30)*IF($C$7=1,-1,1)) -> 0.2715 | M92: =IF(M91=0,"",(M91-AK30)*IF($C$7=1,-1,1)) -> 0.27 | ... O92: =IF(O91=0,"",(O91-AM30)*IF($C$7=1,-1,1)) -> 0.2915 | P92: =IF( P91="", "", (P91 - INDEX(IRS!$B$2:$Y$13, P$2, MATCH($E91,IRS!$B$1:$Y$1, 0)) ) * IF($C$7=1,-1,1) ) -> 0.279075 | Q92: =IF( Q91="", "", (Q91 - INDEX(IRS!$B$2:$Y$13, Q$2, MATCH($E91,IRS!$B$1:$Y$1, 0)) ) * IF($C$7=1,-1,1) ) -> 0.27 | R92: =IF( R91="", "", (R91 - INDEX(IRS!$B$2:$Y$13, R$2, MATCH($E91,IRS!$B$1:$Y$1, 0)) ) * IF($C$7=1,-1,1) ) -> 0.291 | S92: =IF( S91="", "", (S91 - INDEX(IRS!$B$2:$Y$13, S$2, MATCH($E91,IRS!$B$1:$Y$1, 0)) ) * IF($C$7=1,-1,1) ) -> 0.25925 | T92: =IF( T91="", "", (T91 - INDEX(IRS!$B$2:$Y$13, T$2, MATCH($E91,IRS!$B$1:$Y$1, 0)) ) * IF($C$7=1,-1,1) ) -> 0.27 | U92: =IF( U91="", "", (U91 - INDEX(IRS!$B$2:$Y$13, U$2, MATCH($E91,IRS!$B$1:$Y$1, 0)) ) * IF($C$7=1,-1,1) ) -> 0.282 | V92: =IF( V91="", "", (V91 - INDEX(IRS!$B$2:$Y$13, V$2, MATCH($E91,IRS!$B$1:$Y$1, 0)) ) * IF($C$7=1,-1,1) ) -> 0.25830833 | W92: =IF( W91="", "", (W91 - INDEX(IRS!$B$2:$Y$13, W$2, MATCH($E91,IRS!$B$1:$Y$1, 0)) ) * IF($C$7=1,-1,1) ) -> 0.2765 | ... AA92: =IF( AA91="", "", (AA91 - INDEX(IRS!$B$2:$Y$13, AA$2, MATCH($E91,IRS!$B$1:$Y$1, 0)) ) * IF($C$7=1,-1,1) ) -> 0.2275
C93: 62 | E93: BOND | F93: =F$9 -> 45741 | G93: =G$9 -> 45740 | H93: =H$9 -> 45737 | I93: =I$9 -> 45736 | J93: =J$9 -> 45735 | K93: =K$9 -> 45734 | L93: =L$9 -> 45733 | M93: =M$9 -> 45730 | ... O93: =O$9 -> 45728 | P93: =$P$13 -> 20D | S93: =$S$13 -> 60D | V93: =$V$13 -> 120D | Y93: =$Y$13 -> 250D
B94: =INDEX(code_list,$C93,1) -> BONDAVG58 | C94: =INDEX(name_list,$C93,1) -> 회사채AA-(공모/무보증) | P94: Ave | Q94: Min | R94: Max | S94: Ave | T94: Min | U94: Max | V94: Ave | W94: Min | X94: Max | Y94: Ave | Z94: Min | AA94: Max
B95: =_xll.IMDH("IR",$B$94,$C95,$O$9,$F$9,10,"Per=일, sort=D, real=true, Bizday=0, Quote=종가,Pos=40,Orient=H,DtFmt=1.TmFmt=1") -> 조회[BONDAVG58] | C95: 6월이하(당일) | E95: 06M | F95: 3.051 | G95: 3.056 | H95: 3.051 | I95: 3.051 | J95: 3.052 | K95: 3.054 | L95: 3.056 | M95: 3.058 | N95: 3.058 | O95: 3.053 | P95: =IF( INDEX(BOND!$B$2:$CH$13, P$2, MATCH($B$94, BOND!$B$16:$CH$16, 0)+MATCH($C95, BOND!$C$18:$N$18,0) )=0, "", INDEX(BOND!$B$2:$CH$13, P$2, MATCH($B$94, BOND!$B$16:$CH$16, 0)+MATCH($C95, BOND!$C$18:$N$18,0)) ) -> 3.06935 | Q95: =IF( INDEX(BOND!$B$2:$CH$13, Q$2, MATCH($B$94, BOND!$B$16:$CH$16, 0)+MATCH($C95, BOND!$C$18:$N$18,0) )=0, "", INDEX(BOND!$B$2:$CH$13, Q$2, MATCH($B$94, BOND!$B$16:$CH$16, 0)+MATCH($C95, BOND!$C$18:$N$18,0)) ) -> 3.051 | R95: =IF( INDEX(BOND!$B$2:$CH$13, R$2, MATCH($B$94, BOND!$B$16:$CH$16, 0)+MATCH($C95, BOND!$C$18:$N$18,0) )=0, "", INDEX(BOND!$B$2:$CH$13, R$2, MATCH($B$94, BOND!$B$16:$CH$16, 0)+MATCH($C95, BOND!$C$18:$N$18,0)) ) -> 3.108 | S95: =IF( INDEX(BOND!$B$2:$CH$13, S$2, MATCH($B$94, BOND!$B$16:$CH$16, 0)+MATCH($C95, BOND!$C$18:$N$18,0) )=0, "", INDEX(BOND!$B$2:$CH$13, S$2, MATCH($B$94, BOND!$B$16:$CH$16, 0)+MATCH($C95, BOND!$C$18:$N$18,0)) ) -> 3.1908 | T95: =IF( INDEX(BOND!$B$2:$CH$13, T$2, MATCH($B$94, BOND!$B$16:$CH$16, 0)+MATCH($C95, BOND!$C$18:$N$18,0) )=0, "", INDEX(BOND!$B$2:$CH$13, T$2, MATCH($B$94, BOND!$B$16:$CH$16, 0)+MATCH($C95, BOND!$C$18:$N$18,0)) ) -> 3.051 | U95: =IF( INDEX(BOND!$B$2:$CH$13, U$2, MATCH($B$94, BOND!$B$16:$CH$16, 0)+MATCH($C95, BOND!$C$18:$N$18,0) )=0, "", INDEX(BOND!$B$2:$CH$13, U$2, MATCH($B$94, BOND!$B$16:$CH$16, 0)+MATCH($C95, BOND!$C$18:$N$18,0)) ) -> 3.436 | V95: =IF( INDEX(BOND!$B$2:$CH$13, V$2, MATCH($B$94, BOND!$B$16:$CH$16, 0)+MATCH($C95, BOND!$C$18:$N$18,0) )=0, "", INDEX(BOND!$B$2:$CH$13, V$2, MATCH($B$94, BOND!$B$16:$CH$16, 0)+MATCH($C95, BOND!$C$18:$N$18,0)) ) -> 3.3205667 | W95: =IF( INDEX(BOND!$B$2:$CH$13, W$2, MATCH($B$94, BOND!$B$16:$CH$16, 0)+MATCH($C95, BOND!$C$18:$N$18,0) )=0, "", INDEX(BOND!$B$2:$CH$13, W$2, MATCH($B$94, BOND!$B$16:$CH$16, 0)+MATCH($C95, BOND!$C$18:$N$18,0)) ) -> 3.051 | ... AA95: =IF( INDEX(BOND!$B$2:$CH$13, AA$2, MATCH($B$94, BOND!$B$16:$CH$16, 0)+MATCH($C95, BOND!$C$18:$N$18,0) )=0, "", INDEX(BOND!$B$2:$CH$13, AA$2, MATCH($B$94, BOND!$B$16:$CH$16, 0)+MATCH($C95, BOND!$C$18:$N$18,0)) ) -> 3.762
E96: 스프레드 | F96: =IF(F95=0,"",(F95-AD16)*IF($C$7=1,-1,1)) -> 0.2785 | G96: =IF(G95=0,"",(G95-AE16)*IF($C$7=1,-1,1)) -> 0.291 | H96: =IF(H95=0,"",(H95-AF16)*IF($C$7=1,-1,1)) -> 0.2885 | I96: =IF(I95=0,"",(I95-AG16)*IF($C$7=1,-1,1)) -> 0.291 | J96: =IF(J95=0,"",(J95-AH16)*IF($C$7=1,-1,1)) -> 0.2845 | K96: =IF(K95=0,"",(K95-AI16)*IF($C$7=1,-1,1)) -> 0.289 | L96: =IF(L95=0,"",(L95-AJ16)*IF($C$7=1,-1,1)) -> 0.291 | M96: =IF(M95=0,"",(M95-AK16)*IF($C$7=1,-1,1)) -> 0.298 | ... O96: =IF(O95=0,"",(O95-AM16)*IF($C$7=1,-1,1)) -> 0.308 | P96: =IF( P95="", "", (P95 - INDEX(IRS!$B$2:$Y$13, P$2, MATCH($E95,IRS!$B$1:$Y$1, 0)) ) * IF($C$7=1,-1,1) ) -> 0.3036 | Q96: =IF( Q95="", "", (Q95 - INDEX(IRS!$B$2:$Y$13, Q$2, MATCH($E95,IRS!$B$1:$Y$1, 0)) ) * IF($C$7=1,-1,1) ) -> 0.306 | R96: =IF( R95="", "", (R95 - INDEX(IRS!$B$2:$Y$13, R$2, MATCH($E95,IRS!$B$1:$Y$1, 0)) ) * IF($C$7=1,-1,1) ) -> 0.308 | S96: =IF( S95="", "", (S95 - INDEX(IRS!$B$2:$Y$13, S$2, MATCH($E95,IRS!$B$1:$Y$1, 0)) ) * IF($C$7=1,-1,1) ) -> 0.312925 | T96: =IF( T95="", "", (T95 - INDEX(IRS!$B$2:$Y$13, T$2, MATCH($E95,IRS!$B$1:$Y$1, 0)) ) * IF($C$7=1,-1,1) ) -> 0.306 | U96: =IF( U95="", "", (U95 - INDEX(IRS!$B$2:$Y$13, U$2, MATCH($E95,IRS!$B$1:$Y$1, 0)) ) * IF($C$7=1,-1,1) ) -> 0.2485 | V96: =IF( V95="", "", (V95 - INDEX(IRS!$B$2:$Y$13, V$2, MATCH($E95,IRS!$B$1:$Y$1, 0)) ) * IF($C$7=1,-1,1) ) -> 0.25592083 | W96: =IF( W95="", "", (W95 - INDEX(IRS!$B$2:$Y$13, W$2, MATCH($E95,IRS!$B$1:$Y$1, 0)) ) * IF($C$7=1,-1,1) ) -> 0.306 | ... AA96: =IF( AA95="", "", (AA95 - INDEX(IRS!$B$2:$Y$13, AA$2, MATCH($E95,IRS!$B$1:$Y$1, 0)) ) * IF($C$7=1,-1,1) ) -> 0.1245
B97: =_xll.IMDH("IR",$B$94,$C97,$O$9,$F$9,10,"Per=일, sort=D, real=true, Bizday=0, Quote=종가,Pos=40,Orient=H,DtFmt=1.TmFmt=1") -> 조회[BONDAVG58] | C97: 9월이하(당일) | E97: 09M | F97: 3.057 | G97: 3.061 | H97: 3.054 | I97: 3.049 | J97: 3.051 | K97: 3.051 | L97: 3.054 | M97: 3.052 | N97: 3.051 | O97: 3.046 | P97: =IF( INDEX(BOND!$B$2:$CH$13, P$2, MATCH($B$94, BOND!$B$16:$CH$16, 0)+MATCH($C97, BOND!$C$18:$N$18,0) )=0, "", INDEX(BOND!$B$2:$CH$13, P$2, MATCH($B$94, BOND!$B$16:$CH$16, 0)+MATCH($C97, BOND!$C$18:$N$18,0)) ) -> 3.0546 | Q97: =IF( INDEX(BOND!$B$2:$CH$13, Q$2, MATCH($B$94, BOND!$B$16:$CH$16, 0)+MATCH($C97, BOND!$C$18:$N$18,0) )=0, "", INDEX(BOND!$B$2:$CH$13, Q$2, MATCH($B$94, BOND!$B$16:$CH$16, 0)+MATCH($C97, BOND!$C$18:$N$18,0)) ) -> 3.046 | R97: =IF( INDEX(BOND!$B$2:$CH$13, R$2, MATCH($B$94, BOND!$B$16:$CH$16, 0)+MATCH($C97, BOND!$C$18:$N$18,0) )=0, "", INDEX(BOND!$B$2:$CH$13, R$2, MATCH($B$94, BOND!$B$16:$CH$16, 0)+MATCH($C97, BOND!$C$18:$N$18,0)) ) -> 3.063 | S97: =IF( INDEX(BOND!$B$2:$CH$13, S$2, MATCH($B$94, BOND!$B$16:$CH$16, 0)+MATCH($C97, BOND!$C$18:$N$18,0) )=0, "", INDEX(BOND!$B$2:$CH$13, S$2, MATCH($B$94, BOND!$B$16:$CH$16, 0)+MATCH($C97, BOND!$C$18:$N$18,0)) ) -> 3.1316333 | T97: =IF( INDEX(BOND!$B$2:$CH$13, T$2, MATCH($B$94, BOND!$B$16:$CH$16, 0)+MATCH($C97, BOND!$C$18:$N$18,0) )=0, "", INDEX(BOND!$B$2:$CH$13, T$2, MATCH($B$94, BOND!$B$16:$CH$16, 0)+MATCH($C97, BOND!$C$18:$N$18,0)) ) -> 3.046 | U97: =IF( INDEX(BOND!$B$2:$CH$13, U$2, MATCH($B$94, BOND!$B$16:$CH$16, 0)+MATCH($C97, BOND!$C$18:$N$18,0) )=0, "", INDEX(BOND!$B$2:$CH$13, U$2, MATCH($B$94, BOND!$B$16:$CH$16, 0)+MATCH($C97, BOND!$C$18:$N$18,0)) ) -> 3.329 | V97: =IF( INDEX(BOND!$B$2:$CH$13, V$2, MATCH($B$94, BOND!$B$16:$CH$16, 0)+MATCH($C97, BOND!$C$18:$N$18,0) )=0, "", INDEX(BOND!$B$2:$CH$13, V$2, MATCH($B$94, BOND!$B$16:$CH$16, 0)+MATCH($C97, BOND!$C$18:$N$18,0)) ) -> 3.2529417 | W97: =IF( INDEX(BOND!$B$2:$CH$13, W$2, MATCH($B$94, BOND!$B$16:$CH$16, 0)+MATCH($C97, BOND!$C$18:$N$18,0) )=0, "", INDEX(BOND!$B$2:$CH$13, W$2, MATCH($B$94, BOND!$B$16:$CH$16, 0)+MATCH($C97, BOND!$C$18:$N$18,0)) ) -> 3.046 | ... AA97: =IF( INDEX(BOND!$B$2:$CH$13, AA$2, MATCH($B$94, BOND!$B$16:$CH$16, 0)+MATCH($C97, BOND!$C$18:$N$18,0) )=0, "", INDEX(BOND!$B$2:$CH$13, AA$2, MATCH($B$94, BOND!$B$16:$CH$16, 0)+MATCH($C97, BOND!$C$18:$N$18,0)) ) -> 3.778
E98: 스프레드 | F98: =IF(F97=0,"",(F97-AD18)*IF($C$7=1,-1,1)) -> 0.3445 | G98: =IF(G97=0,"",(G97-AE18)*IF($C$7=1,-1,1)) -> 0.3585 | H98: =IF(H97=0,"",(H97-AF18)*IF($C$7=1,-1,1)) -> 0.354 | I98: =IF(I97=0,"",(I97-AG18)*IF($C$7=1,-1,1)) -> 0.3515 | J98: =IF(J97=0,"",(J97-AH18)*IF($C$7=1,-1,1)) -> 0.346 | K98: =IF(K97=0,"",(K97-AI18)*IF($C$7=1,-1,1)) -> 0.351 | L98: =IF(L97=0,"",(L97-AJ18)*IF($C$7=1,-1,1)) -> 0.354 | M98: =IF(M97=0,"",(M97-AK18)*IF($C$7=1,-1,1)) -> 0.357 | ... O98: =IF(O97=0,"",(O97-AM18)*IF($C$7=1,-1,1)) -> 0.3735 | P98: =IF( P97="", "", (P97 - INDEX(IRS!$B$2:$Y$13, P$2, MATCH($E97,IRS!$B$1:$Y$1, 0)) ) * IF($C$7=1,-1,1) ) -> 0.3576 | Q98: =IF( Q97="", "", (Q97 - INDEX(IRS!$B$2:$Y$13, Q$2, MATCH($E97,IRS!$B$1:$Y$1, 0)) ) * IF($C$7=1,-1,1) ) -> 0.3735 | R98: =IF( R97="", "", (R97 - INDEX(IRS!$B$2:$Y$13, R$2, MATCH($E97,IRS!$B$1:$Y$1, 0)) ) * IF($C$7=1,-1,1) ) -> 0.333 | S98: =IF( S97="", "", (S97 - INDEX(IRS!$B$2:$Y$13, S$2, MATCH($E97,IRS!$B$1:$Y$1, 0)) ) * IF($C$7=1,-1,1) ) -> 0.35121667 | T98: =IF( T97="", "", (T97 - INDEX(IRS!$B$2:$Y$13, T$2, MATCH($E97,IRS!$B$1:$Y$1, 0)) ) * IF($C$7=1,-1,1) ) -> 0.3735 | U98: =IF( U97="", "", (U97 - INDEX(IRS!$B$2:$Y$13, U$2, MATCH($E97,IRS!$B$1:$Y$1, 0)) ) * IF($C$7=1,-1,1) ) -> 0.3215 | V98: =IF( V97="", "", (V97 - INDEX(IRS!$B$2:$Y$13, V$2, MATCH($E97,IRS!$B$1:$Y$1, 0)) ) * IF($C$7=1,-1,1) ) -> 0.29967083 | W98: =IF( W97="", "", (W97 - INDEX(IRS!$B$2:$Y$13, W$2, MATCH($E97,IRS!$B$1:$Y$1, 0)) ) * IF($C$7=1,-1,1) ) -> 0.3735 | ... AA98: =IF( AA97="", "", (AA97 - INDEX(IRS!$B$2:$Y$13, AA$2, MATCH($E97,IRS!$B$1:$Y$1, 0)) ) * IF($C$7=1,-1,1) ) -> 0.168
B99: =_xll.IMDH("IR",$B$94,$C99,$O$9,$F$9,10,"Per=일, sort=D, real=true, Bizday=0, Quote=종가,Pos=40,Orient=H,DtFmt=1.TmFmt=1") -> 조회[BONDAVG58] | C99: 1년이하(당일) | E99: 01Y | F99: 3.044 | G99: 3.047 | H99: 3.034 | I99: 3.025 | J99: 3.022 | K99: 3.014 | L99: 3.01 | M99: 3.011 | N99: 3.011 | O99: 3.005 | P99: =IF( INDEX(BOND!$B$2:$CH$13, P$2, MATCH($B$94, BOND!$B$16:$CH$16, 0)+MATCH($C99, BOND!$C$18:$N$18,0) )=0, "", INDEX(BOND!$B$2:$CH$13, P$2, MATCH($B$94, BOND!$B$16:$CH$16, 0)+MATCH($C99, BOND!$C$18:$N$18,0)) ) -> 3.0158 | Q99: =IF( INDEX(BOND!$B$2:$CH$13, Q$2, MATCH($B$94, BOND!$B$16:$CH$16, 0)+MATCH($C99, BOND!$C$18:$N$18,0) )=0, "", INDEX(BOND!$B$2:$CH$13, Q$2, MATCH($B$94, BOND!$B$16:$CH$16, 0)+MATCH($C99, BOND!$C$18:$N$18,0)) ) -> 2.999 | R99: =IF( INDEX(BOND!$B$2:$CH$13, R$2, MATCH($B$94, BOND!$B$16:$CH$16, 0)+MATCH($C99, BOND!$C$18:$N$18,0) )=0, "", INDEX(BOND!$B$2:$CH$13, R$2, MATCH($B$94, BOND!$B$16:$CH$16, 0)+MATCH($C99, BOND!$C$18:$N$18,0)) ) -> 3.047 | S99: =IF( INDEX(BOND!$B$2:$CH$13, S$2, MATCH($B$94, BOND!$B$16:$CH$16, 0)+MATCH($C99, BOND!$C$18:$N$18,0) )=0, "", INDEX(BOND!$B$2:$CH$13, S$2, MATCH($B$94, BOND!$B$16:$CH$16, 0)+MATCH($C99, BOND!$C$18:$N$18,0)) ) -> 3.06095 | T99: =IF( INDEX(BOND!$B$2:$CH$13, T$2, MATCH($B$94, BOND!$B$16:$CH$16, 0)+MATCH($C99, BOND!$C$18:$N$18,0) )=0, "", INDEX(BOND!$B$2:$CH$13, T$2, MATCH($B$94, BOND!$B$16:$CH$16, 0)+MATCH($C99, BOND!$C$18:$N$18,0)) ) -> 2.976 | U99: =IF( INDEX(BOND!$B$2:$CH$13, U$2, MATCH($B$94, BOND!$B$16:$CH$16, 0)+MATCH($C99, BOND!$C$18:$N$18,0) )=0, "", INDEX(BOND!$B$2:$CH$13, U$2, MATCH($B$94, BOND!$B$16:$CH$16, 0)+MATCH($C99, BOND!$C$18:$N$18,0)) ) -> 3.248 | V99: =IF( INDEX(BOND!$B$2:$CH$13, V$2, MATCH($B$94, BOND!$B$16:$CH$16, 0)+MATCH($C99, BOND!$C$18:$N$18,0) )=0, "", INDEX(BOND!$B$2:$CH$13, V$2, MATCH($B$94, BOND!$B$16:$CH$16, 0)+MATCH($C99, BOND!$C$18:$N$18,0)) ) -> 3.17255 | W99: =IF( INDEX(BOND!$B$2:$CH$13, W$2, MATCH($B$94, BOND!$B$16:$CH$16, 0)+MATCH($C99, BOND!$C$18:$N$18,0) )=0, "", INDEX(BOND!$B$2:$CH$13, W$2, MATCH($B$94, BOND!$B$16:$CH$16, 0)+MATCH($C99, BOND!$C$18:$N$18,0)) ) -> 2.976 | ... AA99: =IF( INDEX(BOND!$B$2:$CH$13, AA$2, MATCH($B$94, BOND!$B$16:$CH$16, 0)+MATCH($C99, BOND!$C$18:$N$18,0) )=0, "", INDEX(BOND!$B$2:$CH$13, AA$2, MATCH($B$94, BOND!$B$16:$CH$16, 0)+MATCH($C99, BOND!$C$18:$N$18,0)) ) -> 3.803
E100: 스프레드 | F100: =IF(F99=0,"",(F99-AD20)*IF($C$7=1,-1,1)) -> 0.364 | G100: =IF(G99=0,"",(G99-AE20)*IF($C$7=1,-1,1)) -> 0.382 | H100: =IF(H99=0,"",(H99-AF20)*IF($C$7=1,-1,1)) -> 0.3715 | I100: =IF(I99=0,"",(I99-AG20)*IF($C$7=1,-1,1)) -> 0.365 | J100: =IF(J99=0,"",(J99-AH20)*IF($C$7=1,-1,1)) -> 0.3545 | K100: =IF(K99=0,"",(K99-AI20)*IF($C$7=1,-1,1)) -> 0.354 | L100: =IF(L99=0,"",(L99-AJ20)*IF($C$7=1,-1,1)) -> 0.35 | M100: =IF(M99=0,"",(M99-AK20)*IF($C$7=1,-1,1)) -> 0.3585 | ... O100: =IF(O99=0,"",(O99-AM20)*IF($C$7=1,-1,1)) -> 0.38 | P100: =IF( P99="", "", (P99 - INDEX(IRS!$B$2:$Y$13, P$2, MATCH($E99,IRS!$B$1:$Y$1, 0)) ) * IF($C$7=1,-1,1) ) -> 0.36305 | Q100: =IF( Q99="", "", (Q99 - INDEX(IRS!$B$2:$Y$13, Q$2, MATCH($E99,IRS!$B$1:$Y$1, 0)) ) * IF($C$7=1,-1,1) ) -> 0.374 | R100: =IF( R99="", "", (R99 - INDEX(IRS!$B$2:$Y$13, R$2, MATCH($E99,IRS!$B$1:$Y$1, 0)) ) * IF($C$7=1,-1,1) ) -> 0.367 | S100: =IF( S99="", "", (S99 - INDEX(IRS!$B$2:$Y$13, S$2, MATCH($E99,IRS!$B$1:$Y$1, 0)) ) * IF($C$7=1,-1,1) ) -> 0.3472 | T100: =IF( T99="", "", (T99 - INDEX(IRS!$B$2:$Y$13, T$2, MATCH($E99,IRS!$B$1:$Y$1, 0)) ) * IF($C$7=1,-1,1) ) -> 0.351 | U100: =IF( U99="", "", (U99 - INDEX(IRS!$B$2:$Y$13, U$2, MATCH($E99,IRS!$B$1:$Y$1, 0)) ) * IF($C$7=1,-1,1) ) -> 0.3705 | V100: =IF( V99="", "", (V99 - INDEX(IRS!$B$2:$Y$13, V$2, MATCH($E99,IRS!$B$1:$Y$1, 0)) ) * IF($C$7=1,-1,1) ) -> 0.30177917 | W100: =IF( W99="", "", (W99 - INDEX(IRS!$B$2:$Y$13, W$2, MATCH($E99,IRS!$B$1:$Y$1, 0)) ) * IF($C$7=1,-1,1) ) -> 0.351 | ... AA100: =IF( AA99="", "", (AA99 - INDEX(IRS!$B$2:$Y$13, AA$2, MATCH($E99,IRS!$B$1:$Y$1, 0)) ) * IF($C$7=1,-1,1) ) -> 0.183
B101: =_xll.IMDH("IR",$B$94,$C101,$O$9,$F$9,10,"Per=일, sort=D, real=true, Bizday=0, Quote=종가,Pos=40,Orient=H,DtFmt=1.TmFmt=1") -> 조회[BONDAVG58] | C101: 1.5년이하(당일) | E101: 1.5Y | F101: 3.075 | G101: 3.074 | H101: 3.06 | I101: 3.061 | J101: 3.059 | K101: 3.044 | L101: 3.041 | M101: 3.04 | N101: 3.034 | O101: 3.02 | P101: =IF( INDEX(BOND!$B$2:$CH$13, P$2, MATCH($B$94, BOND!$B$16:$CH$16, 0)+MATCH($C101, BOND!$C$18:$N$18,0) )=0, "", INDEX(BOND!$B$2:$CH$13, P$2, MATCH($B$94, BOND!$B$16:$CH$16, 0)+MATCH($C101, BOND!$C$18:$N$18,0)) ) -> 3.037 | Q101: =IF( INDEX(BOND!$B$2:$CH$13, Q$2, MATCH($B$94, BOND!$B$16:$CH$16, 0)+MATCH($C101, BOND!$C$18:$N$18,0) )=0, "", INDEX(BOND!$B$2:$CH$13, Q$2, MATCH($B$94, BOND!$B$16:$CH$16, 0)+MATCH($C101, BOND!$C$18:$N$18,0)) ) -> 3.011 | R101: =IF( INDEX(BOND!$B$2:$CH$13, R$2, MATCH($B$94, BOND!$B$16:$CH$16, 0)+MATCH($C101, BOND!$C$18:$N$18,0) )=0, "", INDEX(BOND!$B$2:$CH$13, R$2, MATCH($B$94, BOND!$B$16:$CH$16, 0)+MATCH($C101, BOND!$C$18:$N$18,0)) ) -> 3.075 | S101: =IF( INDEX(BOND!$B$2:$CH$13, S$2, MATCH($B$94, BOND!$B$16:$CH$16, 0)+MATCH($C101, BOND!$C$18:$N$18,0) )=0, "", INDEX(BOND!$B$2:$CH$13, S$2, MATCH($B$94, BOND!$B$16:$CH$16, 0)+MATCH($C101, BOND!$C$18:$N$18,0)) ) -> 3.0591167 | T101: =IF( INDEX(BOND!$B$2:$CH$13, T$2, MATCH($B$94, BOND!$B$16:$CH$16, 0)+MATCH($C101, BOND!$C$18:$N$18,0) )=0, "", INDEX(BOND!$B$2:$CH$13, T$2, MATCH($B$94, BOND!$B$16:$CH$16, 0)+MATCH($C101, BOND!$C$18:$N$18,0)) ) -> 3.011 | U101: =IF( INDEX(BOND!$B$2:$CH$13, U$2, MATCH($B$94, BOND!$B$16:$CH$16, 0)+MATCH($C101, BOND!$C$18:$N$18,0) )=0, "", INDEX(BOND!$B$2:$CH$13, U$2, MATCH($B$94, BOND!$B$16:$CH$16, 0)+MATCH($C101, BOND!$C$18:$N$18,0)) ) -> 3.226 | V101: =IF( INDEX(BOND!$B$2:$CH$13, V$2, MATCH($B$94, BOND!$B$16:$CH$16, 0)+MATCH($C101, BOND!$C$18:$N$18,0) )=0, "", INDEX(BOND!$B$2:$CH$13, V$2, MATCH($B$94, BOND!$B$16:$CH$16, 0)+MATCH($C101, BOND!$C$18:$N$18,0)) ) -> 3.1747667 | W101: =IF( INDEX(BOND!$B$2:$CH$13, W$2, MATCH($B$94, BOND!$B$16:$CH$16, 0)+MATCH($C101, BOND!$C$18:$N$18,0) )=0, "", INDEX(BOND!$B$2:$CH$13, W$2, MATCH($B$94, BOND!$B$16:$CH$16, 0)+MATCH($C101, BOND!$C$18:$N$18,0)) ) -> 3.011 | ... AA101: =IF( INDEX(BOND!$B$2:$CH$13, AA$2, MATCH($B$94, BOND!$B$16:$CH$16, 0)+MATCH($C101, BOND!$C$18:$N$18,0) )=0, "", INDEX(BOND!$B$2:$CH$13, AA$2, MATCH($B$94, BOND!$B$16:$CH$16, 0)+MATCH($C101, BOND!$C$18:$N$18,0)) ) -> 3.906
E102: 스프레드 | F102: =IF(F101=0,"",(F101-AD22)*IF($C$7=1,-1,1)) -> 0.44 | G102: =IF(G101=0,"",(G101-AE22)*IF($C$7=1,-1,1)) -> 0.4515 | H102: =IF(H101=0,"",(H101-AF22)*IF($C$7=1,-1,1)) -> 0.445 | I102: =IF(I101=0,"",(I101-AG22)*IF($C$7=1,-1,1)) -> 0.451 | J102: =IF(J101=0,"",(J101-AH22)*IF($C$7=1,-1,1)) -> 0.439 | K102: =IF(K101=0,"",(K101-AI22)*IF($C$7=1,-1,1)) -> 0.434 | L102: =IF(L101=0,"",(L101-AJ22)*IF($C$7=1,-1,1)) -> 0.431 | M102: =IF(M101=0,"",(M101-AK22)*IF($C$7=1,-1,1)) -> 0.435 | ... O102: =IF(O101=0,"",(O101-AM22)*IF($C$7=1,-1,1)) -> 0.4475 | P102: =IF( P101="", "", (P101 - INDEX(IRS!$B$2:$Y$13, P$2, MATCH($E101,IRS!$B$1:$Y$1, 0)) ) * IF($C$7=1,-1,1) ) -> 0.43025 | Q102: =IF( Q101="", "", (Q101 - INDEX(IRS!$B$2:$Y$13, Q$2, MATCH($E101,IRS!$B$1:$Y$1, 0)) ) * IF($C$7=1,-1,1) ) -> 0.4385 | R102: =IF( R101="", "", (R101 - INDEX(IRS!$B$2:$Y$13, R$2, MATCH($E101,IRS!$B$1:$Y$1, 0)) ) * IF($C$7=1,-1,1) ) -> 0.44 | S102: =IF( S101="", "", (S101 - INDEX(IRS!$B$2:$Y$13, S$2, MATCH($E101,IRS!$B$1:$Y$1, 0)) ) * IF($C$7=1,-1,1) ) -> 0.40211667 | T102: =IF( T101="", "", (T101 - INDEX(IRS!$B$2:$Y$13, T$2, MATCH($E101,IRS!$B$1:$Y$1, 0)) ) * IF($C$7=1,-1,1) ) -> 0.4385 | U102: =IF( U101="", "", (U101 - INDEX(IRS!$B$2:$Y$13, U$2, MATCH($E101,IRS!$B$1:$Y$1, 0)) ) * IF($C$7=1,-1,1) ) -> 0.4235 | V102: =IF( V101="", "", (V101 - INDEX(IRS!$B$2:$Y$13, V$2, MATCH($E101,IRS!$B$1:$Y$1, 0)) ) * IF($C$7=1,-1,1) ) -> 0.3841625 | W102: =IF( W101="", "", (W101 - INDEX(IRS!$B$2:$Y$13, W$2, MATCH($E101,IRS!$B$1:$Y$1, 0)) ) * IF($C$7=1,-1,1) ) -> 0.4385 | ... AA102: =IF( AA101="", "", (AA101 - INDEX(IRS!$B$2:$Y$13, AA$2, MATCH($E101,IRS!$B$1:$Y$1, 0)) ) * IF($C$7=1,-1,1) ) -> 0.306
B103: =_xll.IMDH("IR",$B$94,$C103,$O$9,$F$9,10,"Per=일, sort=D, real=true, Bizday=0, Quote=종가,Pos=40,Orient=H,DtFmt=1.TmFmt=1") -> 조회[BONDAVG58] | C103: 2년이하(당일) | E103: 02Y | F103: 3.118 | G103: 3.108 | H103: 3.104 | I103: 3.104 | J103: 3.102 | K103: 3.086 | L103: 3.086 | M103: 3.086 | N103: 3.075 | O103: 3.061 | P103: =IF( INDEX(BOND!$B$2:$CH$13, P$2, MATCH($B$94, BOND!$B$16:$CH$16, 0)+MATCH($C103, BOND!$C$18:$N$18,0) )=0, "", INDEX(BOND!$B$2:$CH$13, P$2, MATCH($B$94, BOND!$B$16:$CH$16, 0)+MATCH($C103, BOND!$C$18:$N$18,0)) ) -> 3.0863 | Q103: =IF( INDEX(BOND!$B$2:$CH$13, Q$2, MATCH($B$94, BOND!$B$16:$CH$16, 0)+MATCH($C103, BOND!$C$18:$N$18,0) )=0, "", INDEX(BOND!$B$2:$CH$13, Q$2, MATCH($B$94, BOND!$B$16:$CH$16, 0)+MATCH($C103, BOND!$C$18:$N$18,0)) ) -> 3.061 | R103: =IF( INDEX(BOND!$B$2:$CH$13, R$2, MATCH($B$94, BOND!$B$16:$CH$16, 0)+MATCH($C103, BOND!$C$18:$N$18,0) )=0, "", INDEX(BOND!$B$2:$CH$13, R$2, MATCH($B$94, BOND!$B$16:$CH$16, 0)+MATCH($C103, BOND!$C$18:$N$18,0)) ) -> 3.118 | S103: =IF( INDEX(BOND!$B$2:$CH$13, S$2, MATCH($B$94, BOND!$B$16:$CH$16, 0)+MATCH($C103, BOND!$C$18:$N$18,0) )=0, "", INDEX(BOND!$B$2:$CH$13, S$2, MATCH($B$94, BOND!$B$16:$CH$16, 0)+MATCH($C103, BOND!$C$18:$N$18,0)) ) -> 3.1182667 | T103: =IF( INDEX(BOND!$B$2:$CH$13, T$2, MATCH($B$94, BOND!$B$16:$CH$16, 0)+MATCH($C103, BOND!$C$18:$N$18,0) )=0, "", INDEX(BOND!$B$2:$CH$13, T$2, MATCH($B$94, BOND!$B$16:$CH$16, 0)+MATCH($C103, BOND!$C$18:$N$18,0)) ) -> 3.061 | U103: =IF( INDEX(BOND!$B$2:$CH$13, U$2, MATCH($B$94, BOND!$B$16:$CH$16, 0)+MATCH($C103, BOND!$C$18:$N$18,0) )=0, "", INDEX(BOND!$B$2:$CH$13, U$2, MATCH($B$94, BOND!$B$16:$CH$16, 0)+MATCH($C103, BOND!$C$18:$N$18,0)) ) -> 3.287 | V103: =IF( INDEX(BOND!$B$2:$CH$13, V$2, MATCH($B$94, BOND!$B$16:$CH$16, 0)+MATCH($C103, BOND!$C$18:$N$18,0) )=0, "", INDEX(BOND!$B$2:$CH$13, V$2, MATCH($B$94, BOND!$B$16:$CH$16, 0)+MATCH($C103, BOND!$C$18:$N$18,0)) ) -> 3.2231833 | W103: =IF( INDEX(BOND!$B$2:$CH$13, W$2, MATCH($B$94, BOND!$B$16:$CH$16, 0)+MATCH($C103, BOND!$C$18:$N$18,0) )=0, "", INDEX(BOND!$B$2:$CH$13, W$2, MATCH($B$94, BOND!$B$16:$CH$16, 0)+MATCH($C103, BOND!$C$18:$N$18,0)) ) -> 3.061 | ... AA103: =IF( INDEX(BOND!$B$2:$CH$13, AA$2, MATCH($B$94, BOND!$B$16:$CH$16, 0)+MATCH($C103, BOND!$C$18:$N$18,0) )=0, "", INDEX(BOND!$B$2:$CH$13, AA$2, MATCH($B$94, BOND!$B$16:$CH$16, 0)+MATCH($C103, BOND!$C$18:$N$18,0)) ) -> 3.95
...

Sheet BOND
B2: Ave(20D) | C2: =IFERROR(AVERAGE(C$19:C$38),0) -> 2.62635 | D2: =IFERROR(AVERAGE(D$19:D$38),0) -> 2.61425 | E2: =IFERROR(AVERAGE(E$19:E$38),0) -> 2.59955 | F2: =IFERROR(AVERAGE(F$19:F$38),0) -> 2.66295 | G2: =IFERROR(AVERAGE(G$19:G$38),0) -> 2.66105 | H2: =IFERROR(AVERAGE(H$19:H$38),0) -> 2.58345 | I2: =IFERROR(AVERAGE(I$19:I$38),0) -> 2.6926 | J2: =IFERROR(AVERAGE(J$19:J$38),0) -> 2.6603 | ... N2: =IFERROR(AVERAGE(N$19:N$38),0) -> 2.57865 | O2: =$B2 -> Ave(20D) | P2: =IFERROR(AVERAGE(P$19:P$38),0) -> 2.6651 | Q2: =IFERROR(AVERAGE(Q$19:Q$38),0) -> 2.6152 | R2: =IFERROR(AVERAGE(R$19:R$38),0) -> 2.62335 | S2: =IFERROR(AVERAGE(S$19:S$38),0) -> 2.6681 | T2: =IFERROR(AVERAGE(T$19:T$38),0) -> 2.64325 | U2: =IFERROR(AVERAGE(U$19:U$38),0) -> 2.66405 | V2: =IFERROR(AVERAGE(V$19:V$38),0) -> 0 | W2: =IFERROR(AVERAGE(W$19:W$38),0) -> 0 | X2: =$B2 -> Ave(20D) | Y2: =IFERROR(AVERAGE(Y$19:Y$38),0) -> 2.6907 | Z2: =IFERROR(AVERAGE(Z$19:Z$38),0) -> 2.71125 | AA2: =IFERROR(AVERAGE(AA$19:AA$38),0) -> 2.66255 | AB2: =IFERROR(AVERAGE(AB$19:AB$38),0) -> 2.68505 | AC2: =IFERROR(AVERAGE(AC$19:AC$38),0) -> 2.7004 | AD2: =IFERROR(AVERAGE(AD$19:AD$38),0) -> 2.71555 | AE2: =IFERROR(AVERAGE(AE$19:AE$38),0) -> 2.7344 | AF2: =IFERROR(AVERAGE(AF$19:AF$38),0) -> 2.84345 | AG2: =$B2 -> Ave(20D) | AH2: =IFERROR(AVERAGE(AH$19:AH$38),0) -> 2.8432 | AI2: =IFERROR(AVERAGE(AI$19:AI$38),0) -> 2.8057 | AJ2: =IFERROR(AVERAGE(AJ$19:AJ$38),0) -> 2.8165 | AK2: =IFERROR(AVERAGE(AK$19:AK$38),0) -> 2.8005 | AL2: =IFERROR(AVERAGE(AL$19:AL$38),0) -> 2.752 | AM2: =IFERROR(AVERAGE(AM$19:AM$38),0) -> 2.75045 | AN2: =IFERROR(AVERAGE(AN$19:AN$38),0) -> 2.75665 | AO2: =IFERROR(AVERAGE(AO$19:AO$38),0) -> 2.8592 | AP2: =$B2 -> Ave(20D) | AQ2: =IFERROR(AVERAGE(AQ$19:AQ$38),0) -> 3.06935 | AR2: =IFERROR(AVERAGE(AR$19:AR$38),0) -> 3.0546 | AS2: =IFERROR(AVERAGE(AS$19:AS$38),0) -> 3.0158 | AT2: =IFERROR(AVERAGE(AT$19:AT$38),0) -> 3.037 | AU2: =IFERROR(AVERAGE(AU$19:AU$38),0) -> 3.0863 | AV2: =IFERROR(AVERAGE(AV$19:AV$38),0) -> 3.15525 | AW2: =IFERROR(AVERAGE(AW$19:AW$38),0) -> 3.20235 | AX2: =IFERROR(AVERAGE(AX$19:AX$38),0) -> 3.30545 | AY2: =$B2 -> Ave(20D) | AZ2: =IFERROR(AVERAGE(AZ$19:AZ$38),0) -> 2.8748 | BA2: =IFERROR(AVERAGE(BA$19:BA$38),0) -> 2.8378 | BB2: =IFERROR(AVERAGE(BB$19:BB$38),0) -> 2.8061 | BC2: =IFERROR(AVERAGE(BC$19:BC$38),0) -> 2.80675 | BD2: =IFERROR(AVERAGE(BD$19:BD$38),0) -> 2.81565 | BE2: =IFERROR(AVERAGE(BE$19:BE$38),0) -> 2.82855 | BF2: =IFERROR(AVERAGE(BF$19:BF$38),0) -> 2.84785 | BG2: =IFERROR(AVERAGE(BG$19:BG$38),0) -> 2.8902 | BH2: =$B2 -> Ave(20D) | BI2: =IFERROR(AVERAGE(BI$19:BI$38),0) -> 2.82 | BJ2: =IFERROR(AVERAGE(BJ$19:BJ$38),0) -> 2.75725 | BK2: =IFERROR(AVERAGE(BK$19:BK$38),0) -> 2.7422 | BL2: =IFERROR(AVERAGE(BL$19:BL$38),0) -> 2.7304 | BM2: =IFERROR(AVERAGE(BM$19:BM$38),0) -> 2.73135 | BN2: =IFERROR(AVERAGE(BN$19:BN$38),0) -> 2.7363 | BO2: =IFERROR(AVERAGE(BO$19:BO$38),0) -> 2.7487 | BP2: =IFERROR(AVERAGE(BP$19:BP$38),0) -> 2.85435 | BQ2: =$B2 -> Ave(20D) | BR2: =IFERROR(AVERAGE(BR$19:BR$38),0) -> 3.14225 | BS2: =IFERROR(AVERAGE(BS$19:BS$38),0) -> 3.1332 | BT2: =IFERROR(AVERAGE(BT$19:BT$38),0) -> 3.12455 | BU2: =IFERROR(AVERAGE(BU$19:BU$38),0) -> 3.159 | BV2: =IFERROR(AVERAGE(BV$19:BV$38),0) -> 3.1849 | BW2: =IFERROR(AVERAGE(BW$19:BW$38),0) -> 3.2136 | BX2: =IFERROR(AVERAGE(BX$19:BX$38),0) -> 3.23135 | BY2: =IFERROR(AVERAGE(BY$19:BY$38),0) -> 3.286 | BZ2: =$B2 -> Ave(20D) | CA2: =IFERROR(AVERAGE(CA$19:CA$38),0) -> 2.7726 | CB2: =IFERROR(AVERAGE(CB$19:CB$38),0) -> 2.7924 | CC2: =IFERROR(AVERAGE(CC$19:CC$38),0) -> 2.75455 | CD2: =IFERROR(AVERAGE(CD$19:CD$38),0) -> 2.7686 | CE2: =IFERROR(AVERAGE(CE$19:CE$38),0) -> 2.79125 | CF2: =IFERROR(AVERAGE(CF$19:CF$38),0) -> 2.8357 | CG2: =IFERROR(AVERAGE(CG$19:CG$38),0) -> 2.8455 | CH2: =IFERROR(AVERAGE(CH$19:CH$38),0) -> 2.89945 | CJ2: 국고채권 | CK2: BONDAVG01
B3: Min(20D) | C3: =MIN(C$19:C$38) -> 2.603 | D3: =MIN(D$19:D$38) -> 2.588 | E3: =MIN(E$19:E$38) -> 2.55 | F3: =MIN(F$19:F$38) -> 2.637 | G3: =MIN(G$19:G$38) -> 2.625 | H3: =MIN(H$19:H$38) -> 2.542 | I3: =MIN(I$19:I$38) -> 2.64 | J3: =MIN(J$19:J$38) -> 2.615 | ... N3: =MIN(N$19:N$38) -> 2.542 | O3: =$B3 -> Min(20D) | P3: =MIN(P$19:P$38) -> 2.655 | Q3: =MIN(Q$19:Q$38) -> 2.608 | R3: =MIN(R$19:R$38) -> 2.61 | S3: =MIN(S$19:S$38) -> 2.653 | T3: =MIN(T$19:T$38) -> 2.617 | U3: =MIN(U$19:U$38) -> 2.632 | V3: =MIN(V$19:V$38) -> 0 | W3: =MIN(W$19:W$38) -> 0 | X3: =$B3 -> Min(20D) | Y3: =MIN(Y$19:Y$38) -> 2.665 | Z3: =MIN(Z$19:Z$38) -> 2.687 | AA3: =MIN(AA$19:AA$38) -> 2.612 | AB3: =MIN(AB$19:AB$38) -> 2.665 | AC3: =MIN(AC$19:AC$38) -> 2.667 | AD3: =MIN(AD$19:AD$38) -> 2.676 | AE3: =MIN(AE$19:AE$38) -> 2.69 | AF3: =MIN(AF$19:AF$38) -> 2.793 | AG3: =$B3 -> Min(20D) | AH3: =MIN(AH$19:AH$38) -> 2.833 | AI3: =MIN(AI$19:AI$38) -> 2.782 | AJ3: =MIN(AJ$19:AJ$38) -> 2.788 | AK3: =MIN(AK$19:AK$38) -> 2.768 | AL3: =MIN(AL$19:AL$38) -> 2.722 | AM3: =MIN(AM$19:AM$38) -> 2.707 | AN3: =MIN(AN$19:AN$38) -> 2.715 | AO3: =MIN(AO$19:AO$38) -> 2.805 | AP3: =$B3 -> Min(20D) | AQ3: =MIN(AQ$19:AQ$38) -> 3.051 | AR3: =MIN(AR$19:AR$38) -> 3.046 | AS3: =MIN(AS$19:AS$38) -> 2.999 | AT3: =MIN(AT$19:AT$38) -> 3.011 | AU3: =MIN(AU$19:AU$38) -> 3.061 | AV3: =MIN(AV$19:AV$38) -> 3.121 | AW3: =MIN(AW$19:AW$38) -> 3.166 | AX3: =MIN(AX$19:AX$38) -> 3.256 | AY3: =$B3 -> Min(20D) | AZ3: =MIN(AZ$19:AZ$38) -> 2.861 | BA3: =MIN(BA$19:BA$38) -> 2.825 | BB3: =MIN(BB$19:BB$38) -> 2.78 | BC3: =MIN(BC$19:BC$38) -> 2.777 | BD3: =MIN(BD$19:BD$38) -> 2.784 | BE3: =MIN(BE$19:BE$38) -> 2.78 | BF3: =MIN(BF$19:BF$38) -> 2.802 | BG3: =MIN(BG$19:BG$38) -> 2.833 | BH3: =$B3 -> Min(20D) | BI3: =MIN(BI$19:BI$38) -> 2.806 | BJ3: =MIN(BJ$19:BJ$38) -> 2.748 | BK3: =MIN(BK$19:BK$38) -> 2.721 | BL3: =MIN(BL$19:BL$38) -> 2.705 | BM3: =MIN(BM$19:BM$38) -> 2.702 | BN3: =MIN(BN$19:BN$38) -> 2.692 | BO3: =MIN(BO$19:BO$38) -> 2.706 | BP3: =MIN(BP$19:BP$38) -> 2.804 | BQ3: =$B3 -> Min(20D) | BR3: =MIN(BR$19:BR$38) -> 3.13 | BS3: =MIN(BS$19:BS$38) -> 3.123 | BT3: =MIN(BT$19:BT$38) -> 3.101 | BU3: =MIN(BU$19:BU$38) -> 3.131 | BV3: =MIN(BV$19:BV$38) -> 3.157 | BW3: =MIN(BW$19:BW$38) -> 3.167 | BX3: =MIN(BX$19:BX$38) -> 3.188 | BY3: =MIN(BY$19:BY$38) -> 3.23 | BZ3: =$B3 -> Min(20D) | CA3: =MIN(CA$19:CA$38) -> 2.747 | CB3: =MIN(CB$19:CB$38) -> 2.768 | CC3: =MIN(CC$19:CC$38) -> 2.704 | CD3: =MIN(CD$19:CD$38) -> 2.748 | CE3: =MIN(CE$19:CE$38) -> 2.756 | CF3: =MIN(CF$19:CF$38) -> 2.796 | CG3: =MIN(CG$19:CG$38) -> 2.8 | CH3: =MIN(CH$19:CH$38) -> 2.849 | CJ3: 국민주택1종 | CK3: BONDAVG02 | CM3: RP금리 | CN3: ECO | CO3: 68 | CP3: 현재가
B4: Max(20D) | C4: =MAX(C$19:C$38) -> 2.666 | D4: =MAX(D$19:D$38) -> 2.632 | E4: =MAX(E$19:E$38) -> 2.623 | F4: =MAX(F$19:F$38) -> 2.694 | G4: =MAX(G$19:G$38) -> 2.696 | H4: =MAX(H$19:H$38) -> 2.616 | I4: =MAX(I$19:I$38) -> 2.733 | J4: =MAX(J$19:J$38) -> 2.711 | ... N4: =MAX(N$19:N$38) -> 2.645 | O4: =$B4 -> Max(20D) | P4: =MAX(P$19:P$38) -> 2.681 | Q4: =MAX(Q$19:Q$38) -> 2.623 | R4: =MAX(R$19:R$38) -> 2.636 | S4: =MAX(S$19:S$38) -> 2.69 | T4: =MAX(T$19:T$38) -> 2.668 | U4: =MAX(U$19:U$38) -> 2.687 | V4: =MAX(V$19:V$38) -> 0 | W4: =MAX(W$19:W$38) -> 0 | X4: =$B4 -> Max(20D) | Y4: =MAX(Y$19:Y$38) -> 2.727 | Z4: =MAX(Z$19:Z$38) -> 2.729 | AA4: =MAX(AA$19:AA$38) -> 2.692 | AB4: =MAX(AB$19:AB$38) -> 2.718 | AC4: =MAX(AC$19:AC$38) -> 2.734 | AD4: =MAX(AD$19:AD$38) -> 2.743 | AE4: =MAX(AE$19:AE$38) -> 2.765 | AF4: =MAX(AF$19:AF$38) -> 2.879 | AG4: =$B4 -> Max(20D) | AH4: =MAX(AH$19:AH$38) -> 2.853 | AI4: =MAX(AI$19:AI$38) -> 2.818 | AJ4: =MAX(AJ$19:AJ$38) -> 2.83 | AK4: =MAX(AK$19:AK$38) -> 2.823 | AL4: =MAX(AL$19:AL$38) -> 2.782 | AM4: =MAX(AM$19:AM$38) -> 2.785 | AN4: =MAX(AN$19:AN$38) -> 2.79 | AO4: =MAX(AO$19:AO$38) -> 2.916 | AP4: =$B4 -> Max(20D) | AQ4: =MAX(AQ$19:AQ$38) -> 3.108 | AR4: =MAX(AR$19:AR$38) -> 3.063 | AS4: =MAX(AS$19:AS$38) -> 3.047 | AT4: =MAX(AT$19:AT$38) -> 3.075 | AU4: =MAX(AU$19:AU$38) -> 3.118 | AV4: =MAX(AV$19:AV$38) -> 3.182 | AW4: =MAX(AW$19:AW$38) -> 3.229 | AX4: =MAX(AX$19:AX$38) -> 3.35 | AY4: =$B4 -> Max(20D) | AZ4: =MAX(AZ$19:AZ$38) -> 2.894 | BA4: =MAX(BA$19:BA$38) -> 2.857 | BB4: =MAX(BB$19:BB$38) -> 2.833 | BC4: =MAX(BC$19:BC$38) -> 2.837 | BD4: =MAX(BD$19:BD$38) -> 2.851 | BE4: =MAX(BE$19:BE$38) -> 2.865 | BF4: =MAX(BF$19:BF$38) -> 2.885 | BG4: =MAX(BG$19:BG$38) -> 2.943 | BH4: =$B4 -> Max(20D) | BI4: =MAX(BI$19:BI$38) -> 2.837 | BJ4: =MAX(BJ$19:BJ$38) -> 2.776 | BK4: =MAX(BK$19:BK$38) -> 2.767 | BL4: =MAX(BL$19:BL$38) -> 2.759 | BM4: =MAX(BM$19:BM$38) -> 2.762 | BN4: =MAX(BN$19:BN$38) -> 2.766 | BO4: =MAX(BO$19:BO$38) -> 2.781 | BP4: =MAX(BP$19:BP$38) -> 2.903 | BQ4: =$B4 -> Max(20D) | BR4: =MAX(BR$19:BR$38) -> 3.162 | BS4: =MAX(BS$19:BS$38) -> 3.151 | BT4: =MAX(BT$19:BT$38) -> 3.149 | BU4: =MAX(BU$19:BU$38) -> 3.188 | BV4: =MAX(BV$19:BV$38) -> 3.213 | BW4: =MAX(BW$19:BW$38) -> 3.249 | BX4: =MAX(BX$19:BX$38) -> 3.265 | BY4: =MAX(BY$19:BY$38) -> 3.338 | BZ4: =$B4 -> Max(20D) | CA4: =MAX(CA$19:CA$38) -> 2.808 | CB4: =MAX(CB$19:CB$38) -> 2.812 | CC4: =MAX(CC$19:CC$38) -> 2.785 | CD4: =MAX(CD$19:CD$38) -> 2.798 | CE4: =MAX(CE$19:CE$38) -> 2.828 | CF4: =MAX(CF$19:CF$38) -> 2.863 | CG4: =MAX(CG$19:CG$38) -> 2.876 | CH4: =MAX(CH$19:CH$38) -> 2.935 | CJ4: 국민주택2종 | CK4: BONDAVG03 | CM4: 국고1Y | CN4: IR | CO4: BONDAVG01 | CP4: 1년이하(당일)
B5: Ave(60D) | C5: =IFERROR(AVERAGE(C$19:C$78), 0) -> 2.69985 | D5: =IFERROR(AVERAGE(D$19:D$78), 0) -> 2.6387833 | E5: =IFERROR(AVERAGE(E$19:E$78), 0) -> 2.6362667 | F5: =IFERROR(AVERAGE(F$19:F$78), 0) -> 2.67285 | G5: =IFERROR(AVERAGE(G$19:G$78), 0) -> 2.6796667 | H5: =IFERROR(AVERAGE(H$19:H$78), 0) -> 2.5910833 | I5: =IFERROR(AVERAGE(I$19:I$78), 0) -> 2.7179 | J5: =IFERROR(AVERAGE(J$19:J$78), 0) -> 2.6979833 | ... N5: =IFERROR(AVERAGE(N$19:N$78), 0) -> 2.6634833 | O5: =$B5 -> Ave(60D) | P5: =IFERROR(AVERAGE(P$19:P$78), 0) -> 2.7153667 | Q5: =IFERROR(AVERAGE(Q$19:Q$78), 0) -> 2.6370167 | R5: =IFERROR(AVERAGE(R$19:R$78), 0) -> 2.6334167 | S5: =IFERROR(AVERAGE(S$19:S$78), 0) -> 2.6804167 | T5: =IFERROR(AVERAGE(T$19:T$78), 0) -> 2.6572 | U5: =IFERROR(AVERAGE(U$19:U$78), 0) -> 2.6811333 | V5: =IFERROR(AVERAGE(V$19:V$78), 0) -> 0 | W5: =IFERROR(AVERAGE(W$19:W$78), 0) -> 0 | X5: =$B5 -> Ave(60D) | Y5: =IFERROR(AVERAGE(Y$19:Y$78), 0) -> 2.7598667 | Z5: =IFERROR(AVERAGE(Z$19:Z$78), 0) -> 2.7411167 | AA5: =IFERROR(AVERAGE(AA$19:AA$78), 0) -> 2.7056667 | AB5: =IFERROR(AVERAGE(AB$19:AB$78), 0) -> 2.69805 | AC5: =IFERROR(AVERAGE(AC$19:AC$78), 0) -> 2.71775 | AD5: =IFERROR(AVERAGE(AD$19:AD$78), 0) -> 2.7251667 | AE5: =IFERROR(AVERAGE(AE$19:AE$78), 0) -> 2.7637833 | AF5: =IFERROR(AVERAGE(AF$19:AF$78), 0) -> 2.8659 | AG5: =$B5 -> Ave(60D) | AH5: =IFERROR(AVERAGE(AH$19:AH$78), 0) -> 2.9726333 | AI5: =IFERROR(AVERAGE(AI$19:AI$78), 0) -> 2.8679167 | AJ5: =IFERROR(AVERAGE(AJ$19:AJ$78), 0) -> 2.83525 | AK5: =IFERROR(AVERAGE(AK$19:AK$78), 0) -> 2.8054667 | AL5: =IFERROR(AVERAGE(AL$19:AL$78), 0) -> 2.7784333 | AM5: =IFERROR(AVERAGE(AM$19:AM$78), 0) -> 2.7723167 | AN5: =IFERROR(AVERAGE(AN$19:AN$78), 0) -> 2.80615 | AO5: =IFERROR(AVERAGE(AO$19:AO$78), 0) -> 2.8935833 | AP5: =$B5 -> Ave(60D) | AQ5: =IFERROR(AVERAGE(AQ$19:AQ$78), 0) -> 3.1908 | AR5: =IFERROR(AVERAGE(AR$19:AR$78), 0) -> 3.1316333 | AS5: =IFERROR(AVERAGE(AS$19:AS$78), 0) -> 3.06095 | AT5: =IFERROR(AVERAGE(AT$19:AT$78), 0) -> 3.0591167 | AU5: =IFERROR(AVERAGE(AU$19:AU$78), 0) -> 3.1182667 | AV5: =IFERROR(AVERAGE(AV$19:AV$78), 0) -> 3.1976167 | AW5: =IFERROR(AVERAGE(AW$19:AW$78), 0) -> 3.25325 | AX5: =IFERROR(AVERAGE(AX$19:AX$78), 0) -> 3.3520333 | AY5: =$B5 -> Ave(60D) | AZ5: =IFERROR(AVERAGE(AZ$19:AZ$78), 0) -> 2.9911 | BA5: =IFERROR(AVERAGE(BA$19:BA$78), 0) -> 2.89045 | BB5: =IFERROR(AVERAGE(BB$19:BB$78), 0) -> 2.83245 | BC5: =IFERROR(AVERAGE(BC$19:BC$78), 0) -> 2.8237833 | BD5: =IFERROR(AVERAGE(BD$19:BD$78), 0) -> 2.84345 | BE5: =IFERROR(AVERAGE(BE$19:BE$78), 0) -> 2.8502 | BF5: =IFERROR(AVERAGE(BF$19:BF$78), 0) -> 2.89375 | BG5: =IFERROR(AVERAGE(BG$19:BG$78), 0) -> 2.9391333 | BH5: =$B5 -> Ave(60D) | BI5: =IFERROR(AVERAGE(BI$19:BI$78), 0) -> 2.9314667 | BJ5: =IFERROR(AVERAGE(BJ$19:BJ$78), 0) -> 2.8117333 | BK5: =IFERROR(AVERAGE(BK$19:BK$78), 0) -> 2.7580667 | BL5: =IFERROR(AVERAGE(BL$19:BL$78), 0) -> 2.75295 | BM5: =IFERROR(AVERAGE(BM$19:BM$78), 0) -> 2.7616 | BN5: =IFERROR(AVERAGE(BN$19:BN$78), 0) -> 2.7552333 | BO5: =IFERROR(AVERAGE(BO$19:BO$78), 0) -> 2.79115 | BP5: =IFERROR(AVERAGE(BP$19:BP$78), 0) -> 2.8755833 | BQ5: =$B5 -> Ave(60D) | BR5: =IFERROR(AVERAGE(BR$19:BR$78), 0) -> 3.25675 | BS5: =IFERROR(AVERAGE(BS$19:BS$78), 0) -> 3.1849167 | BT5: =IFERROR(AVERAGE(BT$19:BT$78), 0) -> 3.1513167 | BU5: =IFERROR(AVERAGE(BU$19:BU$78), 0) -> 3.1828 | BV5: =IFERROR(AVERAGE(BV$19:BV$78), 0) -> 3.2203667 | BW5: =IFERROR(AVERAGE(BW$19:BW$78), 0) -> 3.2277167 | BX5: =IFERROR(AVERAGE(BX$19:BX$78), 0) -> 3.2763 | BY5: =IFERROR(AVERAGE(BY$19:BY$78), 0) -> 3.3310833 | BZ5: =$B5 -> Ave(60D) | CA5: =IFERROR(AVERAGE(CA$19:CA$78), 0) -> 2.84235 | CB5: =IFERROR(AVERAGE(CB$19:CB$78), 0) -> 2.8232333 | CC5: =IFERROR(AVERAGE(CC$19:CC$78), 0) -> 2.7960333 | CD5: =IFERROR(AVERAGE(CD$19:CD$78), 0) -> 2.7855333 | CE5: =IFERROR(AVERAGE(CE$19:CE$78), 0) -> 2.8124167 | CF5: =IFERROR(AVERAGE(CF$19:CF$78), 0) -> 2.84775 | CG5: =IFERROR(AVERAGE(CG$19:CG$78), 0) -> 2.8789667 | CH5: =IFERROR(AVERAGE(CH$19:CH$78), 0) -> 2.9240833 | CJ5: 국민주택3종 | CK5: BONDAVG04 | CM5: 국고2Y | CN5: IR | CO5: BONDAVG01 | CP5: 2년이하(당일)
B6: Min(60D) | C6: =MIN(C$19:C$78) -> 2.603 | D6: =MIN(D$19:D$78) -> 2.588 | E6: =MIN(E$19:E$78) -> 2.55 | F6: =MIN(F$19:F$78) -> 2.621 | G6: =MIN(G$19:G$78) -> 2.62 | H6: =MIN(H$19:H$78) -> 2.47 | I6: =MIN(I$19:I$78) -> 2.64 | J6: =MIN(J$19:J$78) -> 2.615 | ... N6: =MIN(N$19:N$78) -> 2.542 | O6: =$B6 -> Min(60D) | P6: =MIN(P$19:P$78) -> 2.655 | Q6: =MIN(Q$19:Q$78) -> 2.608 | R6: =MIN(R$19:R$78) -> 2.585 | S6: =MIN(S$19:S$78) -> 2.624 | T6: =MIN(T$19:T$78) -> 2.58 | U6: =MIN(U$19:U$78) -> 2.598 | V6: =MIN(V$19:V$78) -> 0 | W6: =MIN(W$19:W$78) -> 0 | X6: =$B6 -> Min(60D) | Y6: =MIN(Y$19:Y$78) -> 2.665 | Z6: =MIN(Z$19:Z$78) -> 2.687 | AA6: =MIN(AA$19:AA$78) -> 2.612 | AB6: =MIN(AB$19:AB$78) -> 2.651 | AC6: =MIN(AC$19:AC$78) -> 2.667 | AD6: =MIN(AD$19:AD$78) -> 2.621 | AE6: =MIN(AE$19:AE$78) -> 2.69 | AF6: =MIN(AF$19:AF$78) -> 2.793 | AG6: =$B6 -> Min(60D) | AH6: =MIN(AH$19:AH$78) -> 2.833 | AI6: =MIN(AI$19:AI$78) -> 2.782 | AJ6: =MIN(AJ$19:AJ$78) -> 2.78 | AK6: =MIN(AK$19:AK$78) -> 2.723 | AL6: =MIN(AL$19:AL$78) -> 2.721 | AM6: =MIN(AM$19:AM$78) -> 2.696 | AN6: =MIN(AN$19:AN$78) -> 2.715 | AO6: =MIN(AO$19:AO$78) -> 2.805 | AP6: =$B6 -> Min(60D) | AQ6: =MIN(AQ$19:AQ$78) -> 3.051 | AR6: =MIN(AR$19:AR$78) -> 3.046 | AS6: =MIN(AS$19:AS$78) -> 2.976 | AT6: =MIN(AT$19:AT$78) -> 3.011 | AU6: =MIN(AU$19:AU$78) -> 3.061 | AV6: =MIN(AV$19:AV$78) -> 3.121 | AW6: =MIN(AW$19:AW$78) -> 3.166 | AX6: =MIN(AX$19:AX$78) -> 3.256 | AY6: =$B6 -> Min(60D) | AZ6: =MIN(AZ$19:AZ$78) -> 2.861 | BA6: =MIN(BA$19:BA$78) -> 2.823 | BB6: =MIN(BB$19:BB$78) -> 2.765 | BC6: =MIN(BC$19:BC$78) -> 2.756 | BD6: =MIN(BD$19:BD$78) -> 2.774 | BE6: =MIN(BE$19:BE$78) -> 2.78 | BF6: =MIN(BF$19:BF$78) -> 2.802 | BG6: =MIN(BG$19:BG$78) -> 2.833 | BH6: =$B6 -> Min(60D) | BI6: =MIN(BI$19:BI$78) -> 2.806 | BJ6: =MIN(BJ$19:BJ$78) -> 2.745 | BK6: =MIN(BK$19:BK$78) -> 2.693 | BL6: =MIN(BL$19:BL$78) -> 2.69 | BM6: =MIN(BM$19:BM$78) -> 2.694 | BN6: =MIN(BN$19:BN$78) -> 2.685 | BO6: =MIN(BO$19:BO$78) -> 2.706 | BP6: =MIN(BP$19:BP$78) -> 2.804 | BQ6: =$B6 -> Min(60D) | BR6: =MIN(BR$19:BR$78) -> 3.13 | BS6: =MIN(BS$19:BS$78) -> 3.121 | BT6: =MIN(BT$19:BT$78) -> 3.085 | BU6: =MIN(BU$19:BU$78) -> 3.12 | BV6: =MIN(BV$19:BV$78) -> 3.155 | BW6: =MIN(BW$19:BW$78) -> 3.158 | BX6: =MIN(BX$19:BX$78) -> 3.188 | BY6: =MIN(BY$19:BY$78) -> 3.23 | BZ6: =$B6 -> Min(60D) | CA6: =MIN(CA$19:CA$78) -> 2.747 | CB6: =MIN(CB$19:CB$78) -> 2.768 | CC6: =MIN(CC$19:CC$78) -> 2.704 | CD6: =MIN(CD$19:CD$78) -> 2.738 | CE6: =MIN(CE$19:CE$78) -> 2.756 | CF6: =MIN(CF$19:CF$78) -> 2.751 | CG6: =MIN(CG$19:CG$78) -> 2.8 | CH6: =MIN(CH$19:CH$78) -> 2.849 | CJ6: 서울도시철도 | CK6: BONDAVG05 | CM6: 국고3Y | CN6: IR | CO6: BONDAVG01 | CP6: 3년이하(당일)
B7: Max(60D) | C7: =MAX(C$19:C$78) -> 2.795 | D7: =MAX(D$19:D$78) -> 2.713 | E7: =MAX(E$19:E$78) -> 2.703 | F7: =MAX(F$19:F$78) -> 2.781 | G7: =MAX(G$19:G$78) -> 2.797 | H7: =MAX(H$19:H$78) -> 2.68 | I7: =MAX(I$19:I$78) -> 2.865 | J7: =MAX(J$19:J$78) -> 2.825 | ... N7: =MAX(N$19:N$78) -> 2.81 | O7: =$B7 -> Max(60D) | P7: =MAX(P$19:P$78) -> 2.843 | Q7: =MAX(Q$19:Q$78) -> 2.758 | R7: =MAX(R$19:R$78) -> 2.706 | S7: =MAX(S$19:S$78) -> 2.762 | T7: =MAX(T$19:T$78) -> 2.792 | U7: =MAX(U$19:U$78) -> 2.801 | V7: =MAX(V$19:V$78) -> 0 | W7: =MAX(W$19:W$78) -> 0 | X7: =$B7 -> Max(60D) | Y7: =MAX(Y$19:Y$78) -> 2.859 | Z7: =MAX(Z$19:Z$78) -> 2.822 | AA7: =MAX(AA$19:AA$78) -> 2.786 | AB7: =MAX(AB$19:AB$78) -> 2.809 | AC7: =MAX(AC$19:AC$78) -> 2.844 | AD7: =MAX(AD$19:AD$78) -> 2.815 | AE7: =MAX(AE$19:AE$78) -> 2.912 | AF7: =MAX(AF$19:AF$78) -> 3.01 | AG7: =$B7 -> Max(60D) | AH7: =MAX(AH$19:AH$78) -> 3.309 | AI7: =MAX(AI$19:AI$78) -> 3.157 | AJ7: =MAX(AJ$19:AJ$78) -> 3.015 | AK7: =MAX(AK$19:AK$78) -> 2.954 | AL7: =MAX(AL$19:AL$78) -> 2.967 | AM7: =MAX(AM$19:AM$78) -> 2.899 | AN7: =MAX(AN$19:AN$78) -> 2.991 | AO7: =MAX(AO$19:AO$78) -> 3.042 | AP7: =$B7 -> Max(60D) | AQ7: =MAX(AQ$19:AQ$78) -> 3.436 | AR7: =MAX(AR$19:AR$78) -> 3.329 | AS7: =MAX(AS$19:AS$78) -> 3.248 | AT7: =MAX(AT$19:AT$78) -> 3.226 | AU7: =MAX(AU$19:AU$78) -> 3.287 | AV7: =MAX(AV$19:AV$78) -> 3.348 | AW7: =MAX(AW$19:AW$78) -> 3.433 | AX7: =MAX(AX$19:AX$78) -> 3.523 | AY7: =$B7 -> Max(60D) | AZ7: =MAX(AZ$19:AZ$78) -> 3.321 | BA7: =MAX(BA$19:BA$78) -> 3.159 | BB7: =MAX(BB$19:BB$78) -> 3.041 | BC7: =MAX(BC$19:BC$78) -> 2.987 | BD7: =MAX(BD$19:BD$78) -> 3.034 | BE7: =MAX(BE$19:BE$78) -> 2.989 | BF7: =MAX(BF$19:BF$78) -> 3.083 | BG7: =MAX(BG$19:BG$78) -> 3.107 | BH7: =$B7 -> Max(60D) | BI7: =MAX(BI$19:BI$78) -> 3.263 | BJ7: =MAX(BJ$19:BJ$78) -> 3.088 | BK7: =MAX(BK$19:BK$78) -> 2.953 | BL7: =MAX(BL$19:BL$78) -> 2.921 | BM7: =MAX(BM$19:BM$78) -> 2.958 | BN7: =MAX(BN$19:BN$78) -> 2.89 | BO7: =MAX(BO$19:BO$78) -> 2.975 | BP7: =MAX(BP$19:BP$78) -> 3.022 | BQ7: =$B7 -> Max(60D) | BR7: =MAX(BR$19:BR$78) -> 3.574 | BS7: =MAX(BS$19:BS$78) -> 3.446 | BT7: =MAX(BT$19:BT$78) -> 3.35 | BU7: =MAX(BU$19:BU$78) -> 3.352 | BV7: =MAX(BV$19:BV$78) -> 3.419 | BW7: =MAX(BW$19:BW$78) -> 3.362 | BX7: =MAX(BX$19:BX$78) -> 3.464 | BY7: =MAX(BY$19:BY$78) -> 3.497 | BZ7: =$B7 -> Max(60D) | CA7: =MAX(CA$19:CA$78) -> 2.944 | CB7: =MAX(CB$19:CB$78) -> 2.905 | CC7: =MAX(CC$19:CC$78) -> 2.874 | CD7: =MAX(CD$19:CD$78) -> 2.9 | CE7: =MAX(CE$19:CE$78) -> 2.942 | CF7: =MAX(CF$19:CF$78) -> 2.944 | CG7: =MAX(CG$19:CG$78) -> 3.03 | CH7: =MAX(CH$19:CH$78) -> 3.069 | CJ7: 지역개발채 | CK7: BONDAVG06 | CM7: 통안1Y | CN7: IR | CO7: BONDAVG14 | CP7: 1년이하(당일)
B8: Ave(120D) | C8: =IFERROR( AVERAGE(C$19:C$138), 0) -> 2.8096583 | D8: =IFERROR( AVERAGE(D$19:D$138), 0) -> 2.7675 | E8: =IFERROR( AVERAGE(E$19:E$138), 0) -> 2.7272667 | F8: =IFERROR( AVERAGE(F$19:F$138), 0) -> 2.7658 | G8: =IFERROR( AVERAGE(G$19:G$138), 0) -> 2.7616167 | H8: =IFERROR( AVERAGE(H$19:H$138), 0) -> 2.6963917 | I8: =IFERROR( AVERAGE(I$19:I$138), 0) -> 2.80655 | J8: =IFERROR( AVERAGE(J$19:J$138), 0) -> 2.7797333 | ... N8: =IFERROR( AVERAGE(N$19:N$138), 0) -> 2.7388833 | O8: =$B8 -> Ave(120D) | P8: =IFERROR( AVERAGE(P$19:P$138), 0) -> 2.8161083 | Q8: =IFERROR( AVERAGE(Q$19:Q$138), 0) -> 2.7359583 | R8: =IFERROR( AVERAGE(R$19:R$138), 0) -> 2.71705 | S8: =IFERROR( AVERAGE(S$19:S$138), 0) -> 2.783525 | T8: =IFERROR( AVERAGE(T$19:T$138), 0) -> 2.752425 | U8: =IFERROR( AVERAGE(U$19:U$138), 0) -> 2.7776 | V8: =IFERROR( AVERAGE(V$19:V$138), 0) -> 0 | W8: =IFERROR( AVERAGE(W$19:W$138), 0) -> 0 | X8: =$B8 -> Ave(120D) | Y8: =IFERROR( AVERAGE(Y$19:Y$138), 0) -> 2.8780333 | Z8: =IFERROR( AVERAGE(Z$19:Z$138), 0) -> 2.85905 | AA8: =IFERROR( AVERAGE(AA$19:AA$138), 0) -> 2.80105 | AB8: =IFERROR( AVERAGE(AB$19:AB$138), 0) -> 2.7861833 | AC8: =IFERROR( AVERAGE(AC$19:AC$138), 0) -> 2.8075 | AD8: =IFERROR( AVERAGE(AD$19:AD$138), 0) -> 2.81605 | AE8: =IFERROR( AVERAGE(AE$19:AE$138), 0) -> 2.8557417 | AF8: =IFERROR( AVERAGE(AF$19:AF$138), 0) -> 2.949825 | AG8: =$B8 -> Ave(120D) | AH8: =IFERROR( AVERAGE(AH$19:AH$138), 0) -> 3.1499833 | AI8: =IFERROR( AVERAGE(AI$19:AI$138), 0) -> 3.0493917 | AJ8: =IFERROR( AVERAGE(AJ$19:AJ$138), 0) -> 2.9833667 | AK8: =IFERROR( AVERAGE(AK$19:AK$138), 0) -> 2.9494417 | AL8: =IFERROR( AVERAGE(AL$19:AL$138), 0) -> 2.919775 | AM8: =IFERROR( AVERAGE(AM$19:AM$138), 0) -> 2.8784417 | AN8: =IFERROR( AVERAGE(AN$19:AN$138), 0) -> 2.9112167 | AO8: =IFERROR( AVERAGE(AO$19:AO$138), 0) -> 2.979725 | AP8: =$B8 -> Ave(120D) | AQ8: =IFERROR( AVERAGE(AQ$19:AQ$138), 0) -> 3.3205667 | AR8: =IFERROR( AVERAGE(AR$19:AR$138), 0) -> 3.2529417 | AS8: =IFERROR( AVERAGE(AS$19:AS$138), 0) -> 3.17255 | AT8: =IFERROR( AVERAGE(AT$19:AT$138), 0) -> 3.1747667 | AU8: =IFERROR( AVERAGE(AU$19:AU$138), 0) -> 3.2231833 | AV8: =IFERROR( AVERAGE(AV$19:AV$138), 0) -> 3.2942417 | AW8: =IFERROR( AVERAGE(AW$19:AW$138), 0) -> 3.3464583 | AX8: =IFERROR( AVERAGE(AX$19:AX$138), 0) -> 3.438775 | AY8: =$B8 -> Ave(120D) | AZ8: =IFERROR( AVERAGE(AZ$19:AZ$138), 0) -> 3.1622917 | BA8: =IFERROR( AVERAGE(BA$19:BA$138), 0) -> 3.057025 | BB8: =IFERROR( AVERAGE(BB$19:BB$138), 0) -> 2.989325 | BC8: =IFERROR( AVERAGE(BC$19:BC$138), 0) -> 2.9669917 | BD8: =IFERROR( AVERAGE(BD$19:BD$138), 0) -> 2.9756167 | BE8: =IFERROR( AVERAGE(BE$19:BE$138), 0) -> 2.9613 | BF8: =IFERROR( AVERAGE(BF$19:BF$138), 0) -> 2.99915 | BG8: =IFERROR( AVERAGE(BG$19:BG$138), 0) -> 3.030875 | BH8: =$B8 -> Ave(120D) | BI8: =IFERROR( AVERAGE(BI$19:BI$138), 0) -> 3.1042917 | BJ8: =IFERROR( AVERAGE(BJ$19:BJ$138), 0) -> 2.983125 | BK8: =IFERROR( AVERAGE(BK$19:BK$138), 0) -> 2.9075167 | BL8: =IFERROR( AVERAGE(BL$19:BL$138), 0) -> 2.898925 | BM8: =IFERROR( AVERAGE(BM$19:BM$138), 0) -> 2.9004333 | BN8: =IFERROR( AVERAGE(BN$19:BN$138), 0) -> 2.8657083 | BO8: =IFERROR( AVERAGE(BO$19:BO$138), 0) -> 2.8995417 | BP8: =IFERROR( AVERAGE(BP$19:BP$138), 0) -> 2.9679333 | BQ8: =$B8 -> Ave(120D) | BR8: =IFERROR( AVERAGE(BR$19:BR$138), 0) -> 3.419675 | BS8: =IFERROR( AVERAGE(BS$19:BS$138), 0) -> 3.3489333 | BT8: =IFERROR( AVERAGE(BT$19:BT$138), 0) -> 3.303 | BU8: =IFERROR( AVERAGE(BU$19:BU$138), 0) -> 3.3243083 | BV8: =IFERROR( AVERAGE(BV$19:BV$138), 0) -> 3.3525 | BW8: =IFERROR( AVERAGE(BW$19:BW$138), 0) -> 3.3393167 | BX8: =IFERROR( AVERAGE(BX$19:BX$138), 0) -> 3.3819167 | BY8: =IFERROR( AVERAGE(BY$19:BY$138), 0) -> 3.42645 | BZ8: =$B8 -> Ave(120D) | CA8: =IFERROR( AVERAGE(CA$19:CA$138), 0) -> 2.9625417 | CB8: =IFERROR( AVERAGE(CB$19:CB$138), 0) -> 2.942725 | CC8: =IFERROR( AVERAGE(CC$19:CC$138), 0) -> 2.888 | CD8: =IFERROR( AVERAGE(CD$19:CD$138), 0) -> 2.874325 | CE8: =IFERROR( AVERAGE(CE$19:CE$138), 0) -> 2.9002417 | CF8: =IFERROR( AVERAGE(CF$19:CF$138), 0) -> 2.936725 | CG8: =IFERROR( AVERAGE(CG$19:CG$138), 0) -> 2.9697667 | CH8: =IFERROR( AVERAGE(CH$19:CH$138), 0) -> 3.00635 | CJ8: 정금채 | CK8: BONDAVG83 | CM8: 통안1.5Y | CN8: IR | CO8: BONDAVG14 | CP8: 1.5년이하(당일)
B9: Min(120D) | C9: =MIN(C$19:C$138) -> 2.603 | D9: =MIN(D$19:D$138) -> 2.588 | E9: =MIN(E$19:E$138) -> 2.55 | F9: =MIN(F$19:F$138) -> 2.621 | G9: =MIN(G$19:G$138) -> 2.62 | H9: =MIN(H$19:H$138) -> 2.47 | I9: =MIN(I$19:I$138) -> 2.631 | J9: =MIN(J$19:J$138) -> 2.572 | ... N9: =MIN(N$19:N$138) -> 2.477 | O9: =$B9 -> Min(120D) | P9: =MIN(P$19:P$138) -> 2.655 | Q9: =MIN(Q$19:Q$138) -> 2.608 | R9: =MIN(R$19:R$138) -> 2.585 | S9: =MIN(S$19:S$138) -> 2.624 | T9: =MIN(T$19:T$138) -> 2.58 | U9: =MIN(U$19:U$138) -> 2.598 | V9: =MIN(V$19:V$138) -> 0 | W9: =MIN(W$19:W$138) -> 0 | X9: =$B9 -> Min(120D) | Y9: =MIN(Y$19:Y$138) -> 2.665 | Z9: =MIN(Z$19:Z$138) -> 2.687 | AA9: =MIN(AA$19:AA$138) -> 2.612 | AB9: =MIN(AB$19:AB$138) -> 2.651 | AC9: =MIN(AC$19:AC$138) -> 2.667 | AD9: =MIN(AD$19:AD$138) -> 2.621 | AE9: =MIN(AE$19:AE$138) -> 2.682 | AF9: =MIN(AF$19:AF$138) -> 2.74 | AG9: =$B9 -> Min(120D) | AH9: =MIN(AH$19:AH$138) -> 2.833 | AI9: =MIN(AI$19:AI$138) -> 2.782 | AJ9: =MIN(AJ$19:AJ$138) -> 2.78 | AK9: =MIN(AK$19:AK$138) -> 2.723 | AL9: =MIN(AL$19:AL$138) -> 2.721 | AM9: =MIN(AM$19:AM$138) -> 2.696 | AN9: =MIN(AN$19:AN$138) -> 2.715 | AO9: =MIN(AO$19:AO$138) -> 2.784 | AP9: =$B9 -> Min(120D) | AQ9: =MIN(AQ$19:AQ$138) -> 3.051 | AR9: =MIN(AR$19:AR$138) -> 3.046 | AS9: =MIN(AS$19:AS$138) -> 2.976 | AT9: =MIN(AT$19:AT$138) -> 3.011 | AU9: =MIN(AU$19:AU$138) -> 3.061 | AV9: =MIN(AV$19:AV$138) -> 3.121 | AW9: =MIN(AW$19:AW$138) -> 3.166 | AX9: =MIN(AX$19:AX$138) -> 3.256 | AY9: =$B9 -> Min(120D) | AZ9: =MIN(AZ$19:AZ$138) -> 2.861 | BA9: =MIN(BA$19:BA$138) -> 2.823 | BB9: =MIN(BB$19:BB$138) -> 2.765 | BC9: =MIN(BC$19:BC$138) -> 2.756 | BD9: =MIN(BD$19:BD$138) -> 2.774 | BE9: =MIN(BE$19:BE$138) -> 2.78 | BF9: =MIN(BF$19:BF$138) -> 2.802 | BG9: =MIN(BG$19:BG$138) -> 2.833 | BH9: =$B9 -> Min(120D) | BI9: =MIN(BI$19:BI$138) -> 2.806 | BJ9: =MIN(BJ$19:BJ$138) -> 2.745 | BK9: =MIN(BK$19:BK$138) -> 2.693 | BL9: =MIN(BL$19:BL$138) -> 2.69 | BM9: =MIN(BM$19:BM$138) -> 2.694 | BN9: =MIN(BN$19:BN$138) -> 2.685 | BO9: =MIN(BO$19:BO$138) -> 2.706 | BP9: =MIN(BP$19:BP$138) -> 2.781 | BQ9: =$B9 -> Min(120D) | BR9: =MIN(BR$19:BR$138) -> 3.13 | BS9: =MIN(BS$19:BS$138) -> 3.121 | BT9: =MIN(BT$19:BT$138) -> 3.085 | BU9: =MIN(BU$19:BU$138) -> 3.12 | BV9: =MIN(BV$19:BV$138) -> 3.155 | BW9: =MIN(BW$19:BW$138) -> 3.158 | BX9: =MIN(BX$19:BX$138) -> 3.188 | BY9: =MIN(BY$19:BY$138) -> 3.23 | BZ9: =$B9 -> Min(120D) | CA9: =MIN(CA$19:CA$138) -> 2.747 | CB9: =MIN(CB$19:CB$138) -> 2.768 | CC9: =MIN(CC$19:CC$138) -> 2.704 | CD9: =MIN(CD$19:CD$138) -> 2.738 | CE9: =MIN(CE$19:CE$138) -> 2.756 | CF9: =MIN(CF$19:CF$138) -> 2.751 | CG9: =MIN(CG$19:CG$138) -> 2.798 | CH9: =MIN(CH$19:CH$138) -> 2.792 | CJ9: 한전채 | CK9: BONDAVG07 | CM9: 통안2Y | CN9: IR | CO9: BONDAVG14 | CP9: 2년이하(당일)
B10: Max(120D) | C10: =MAX(C$19:C$138) -> 2.978 | D10: =MAX(D$19:D$138) -> 2.98 | E10: =MAX(E$19:E$138) -> 2.903 | F10: =MAX(F$19:F$138) -> 2.995 | G10: =MAX(G$19:G$138) -> 2.98 | H10: =MAX(H$19:H$138) -> 2.962 | I10: =MAX(I$19:I$138) -> 3.059 | J10: =MAX(J$19:J$138) -> 3.02 | ... N10: =MAX(N$19:N$138) -> 2.972 | O10: =$B10 -> Max(120D) | P10: =MAX(P$19:P$138) -> 3.026 | Q10: =MAX(Q$19:Q$138) -> 2.917 | R10: =MAX(R$19:R$138) -> 2.885 | S10: =MAX(S$19:S$138) -> 3.015 | T10: =MAX(T$19:T$138) -> 2.98 | U10: =MAX(U$19:U$138) -> 3.031 | V10: =MAX(V$19:V$138) -> 0 | W10: =MAX(W$19:W$138) -> 0 | X10: =$B10 -> Max(120D) | Y10: =MAX(Y$19:Y$138) -> 3.059 | Z10: =MAX(Z$19:Z$138) -> 3.054 | AA10: =MAX(AA$19:AA$138) -> 2.978 | AB10: =MAX(AB$19:AB$138) -> 3.006 | AC10: =MAX(AC$19:AC$138) -> 3.037 | AD10: =MAX(AD$19:AD$138) -> 3.063 | AE10: =MAX(AE$19:AE$138) -> 3.116 | AF10: =MAX(AF$19:AF$138) -> 3.197 | AG10: =$B10 -> Max(120D) | AH10: =MAX(AH$19:AH$138) -> 3.391 | AI10: =MAX(AI$19:AI$138) -> 3.326 | AJ10: =MAX(AJ$19:AJ$138) -> 3.232 | AK10: =MAX(AK$19:AK$138) -> 3.233 | AL10: =MAX(AL$19:AL$138) -> 3.202 | AM10: =MAX(AM$19:AM$138) -> 3.137 | AN10: =MAX(AN$19:AN$138) -> 3.18 | AO10: =MAX(AO$19:AO$138) -> 3.22 | AP10: =$B10 -> Max(120D) | AQ10: =MAX(AQ$19:AQ$138) -> 3.498 | AR10: =MAX(AR$19:AR$138) -> 3.443 | AS10: =MAX(AS$19:AS$138) -> 3.348 | AT10: =MAX(AT$19:AT$138) -> 3.412 | AU10: =MAX(AU$19:AU$138) -> 3.455 | AV10: =MAX(AV$19:AV$138) -> 3.538 | AW10: =MAX(AW$19:AW$138) -> 3.604 | AX10: =MAX(AX$19:AX$138) -> 3.68 | AY10: =$B10 -> Max(120D) | AZ10: =MAX(AZ$19:AZ$138) -> 3.4 | BA10: =MAX(BA$19:BA$138) -> 3.302 | BB10: =MAX(BB$19:BB$138) -> 3.234 | BC10: =MAX(BC$19:BC$138) -> 3.243 | BD10: =MAX(BD$19:BD$138) -> 3.243 | BE10: =MAX(BE$19:BE$138) -> 3.227 | BF10: =MAX(BF$19:BF$138) -> 3.269 | BG10: =MAX(BG$19:BG$138) -> 3.277 | BH10: =$B10 -> Max(120D) | BI10: =MAX(BI$19:BI$138) -> 3.344 | BJ10: =MAX(BJ$19:BJ$138) -> 3.234 | BK10: =MAX(BK$19:BK$138) -> 3.145 | BL10: =MAX(BL$19:BL$138) -> 3.181 | BM10: =MAX(BM$19:BM$138) -> 3.176 | BN10: =MAX(BN$19:BN$138) -> 3.131 | BO10: =MAX(BO$19:BO$138) -> 3.177 | BP10: =MAX(BP$19:BP$138) -> 3.218 | BQ10: =$B10 -> Max(120D) | BR10: =MAX(BR$19:BR$138) -> 3.648 | BS10: =MAX(BS$19:BS$138) -> 3.591 | BT10: =MAX(BT$19:BT$138) -> 3.543 | BU10: =MAX(BU$19:BU$138) -> 3.595 | BV10: =MAX(BV$19:BV$138) -> 3.618 | BW10: =MAX(BW$19:BW$138) -> 3.606 | BX10: =MAX(BX$19:BX$138) -> 3.652 | BY10: =MAX(BY$19:BY$138) -> 3.679 | BZ10: =$B10 -> Max(120D) | CA10: =MAX(CA$19:CA$138) -> 3.146 | CB10: =MAX(CB$19:CB$138) -> 3.14 | CC10: =MAX(CC$19:CC$138) -> 3.059 | CD10: =MAX(CD$19:CD$138) -> 3.094 | CE10: =MAX(CE$19:CE$138) -> 3.126 | CF10: =MAX(CF$19:CF$138) -> 3.181 | CG10: =MAX(CG$19:CG$138) -> 3.226 | CH10: =MAX(CH$19:CH$138) -> 3.251 | CJ10: 도로수자원 | CK10: BONDAVG08 | CM10: CD금리 | CN10: IR | CO10: BONDKSDCAL08 | CP10: 대표수익률
