Workbook

Sheet 단가계산
E2: 일일단가 금리표 (0.5단가) - 단가
E4: 1 | L4: 2 | S4: 3 | Z4: 4
B5: 1 | C5: 1 | E5: KR103503GB32 | G5: =_xll.IMDP("BND",E5,"한글종목명") -> 국고00750-2303(21-3) | L5: KR103501GAC4 | N5: =_xll.IMDP("BND",L5,"한글종목명") -> 국고00875-2312(20-8) | S5: KR103502GAC2 | U5: =_xll.IMDP("BND",S5,"한글종목명") -> 국고01500-3012(20-9) | Z5: KR103502GA91 | AB5: =_xll.IMDP("BND",Z5,"한글종목명") -> 국고01500-4009(20-7)
B6: 2 | C6: 1 | E6: 만 기 일 | G6: =_xll.IMDP("BND",E5,"만기일") -> 20230310 | I6: 시가평가 | L6: 만 기 일 | N6: =_xll.IMDP("BND",L5,"만기일") -> 20231210 | P6: 시가평가 | S6: 만 기 일 | U6: =_xll.IMDP("BND",S5,"만기일") -> 20301210 | W6: 시가평가 | Z6: 만 기 일 | AB6: =_xll.IMDP("BND",Z5,"만기일") -> 20400910 | AD6: 시가평가
B7: 3 | C7: 1 | E7: 결제일(당일) | G7: =TODAY() -> 44358 | L7: 결제일(당일) | N7: =TODAY() -> 44358 | S7: 결제일(당일) | U7: =TODAY() -> 44358 | Z7: 결제일(당일) | AB7: =TODAY() -> 44358
B8: 4 | C8: 1 | E8: 결제일(익일) | G8: =WORKDAY(TODAY(),1) -> 44361 | I8: =_xll.IMDP("BND",E5,INDEX(Sheet1!$B$2:$C$7,VLOOKUP(E4,$B:$C,2,0),2)) -> 1.075 | L8: 결제일(익일) | N8: =WORKDAY(TODAY(),1) -> 44361 | P8: =_xll.IMDP("BND",L5,INDEX(Sheet1!$B$2:$C$7,VLOOKUP(L4,$B:$C,2,0),2)) -> 1.18 | S8: 결제일(익일) | U8: =WORKDAY(TODAY(),1) -> 44361 | W8: =_xll.IMDP("BND",S5,INDEX(Sheet1!$B$2:$C$7,VLOOKUP(S4,$B:$C,2,0),2)) -> 2.085 | Z8: 결제일(익일) | AB8: =WORKDAY(TODAY(),1) -> 44361 | AD8: =_xll.IMDP("BND",Z5,INDEX(Sheet1!$B$2:$C$7,VLOOKUP(Z4,$B:$C,2,0),2)) -> 2.192
B9: 5 | C9: 1 | E9: 수 익 률 | I9: =_xll.IMDP("BND",E5,INDEX(Sheet1!$B$9:$C$14,VLOOKUP(E4,$B:$C,2,0),2)) -> 9962.66 | L9: 수 익 률 | P9: =_xll.IMDP("BND",L5,INDEX(Sheet1!$B$9:$C$14,VLOOKUP(L4,$B:$C,2,0),2)) -> 9925.23 | S9: 수 익 률 | W9: =_xll.IMDP("BND",S5,INDEX(Sheet1!$B$9:$C$14,VLOOKUP(S4,$B:$C,2,0),2)) -> 9498.72 | Z9: 수 익 률 | AD9: =_xll.IMDP("BND",Z5,INDEX(Sheet1!$B$9:$C$14,VLOOKUP(Z4,$B:$C,2,0),2)) -> 8955.81
B10: 6 | C10: 1 | E10: bp | F10: 수익률 | G10: 당일 | H10: 원 | I10: 익일 | J10: 원 | L10: bp | M10: 수익률 | N10: 당일 | O10: 원 | P10: 익일 | Q10: 원 | S10: bp | T10: 수익률 | U10: 당일 | V10: 원 | W10: 익일 | X10: 원 | Z10: bp | AA10: 수익률 | AB10: 당일 | AC10: 원 | AD10: 익일 | AE10: 원
B11: 7 | C11: 1 | E11: -15.0 | F11: =F27+E11/100 -> 0.925 | G11: =ROUNDDOWN(_xll.IMBC(E5,"세전단가",G7,F11),2) -> 9988.64 | H11: =G11-G12 -> 1.73 | I11: =ROUNDDOWN(_xll.IMBC(E5,"세전단가",G8,F11),2) -> 9989.39 | J11: =I11-I12 -> 1.72 | L11: -15.0 | M11: =M27+L11/100 -> 1.03 | N11: =ROUNDDOWN(_xll.IMBC(L5,"세전단가",N7,M11),2) -> 9962.12 | O11: =N11-N12 -> 2.46 | P11: =ROUNDDOWN(_xll.IMBC(L5,"세전단가",N8,M11),2) -> 9962.95 | Q11: =P11-P12 -> 2.44 | S11: -15.0 | T11: =T27+S11/100 -> 1.935 | U11: =ROUNDDOWN(_xll.IMBC(S5,"세전단가",U7,T11),2) -> 9624.66 | V11: =U11-U12 -> 8.45 | W11: =ROUNDDOWN(_xll.IMBC(S5,"세전단가",U8,T11),2) -> 9626.17 | X11: =W11-W12 -> 8.44 | Z11: -15.0 | AA11: =AA27+Z11/100 -> 2.042 | AB11: =ROUNDDOWN(_xll.IMBC(Z5,"세전단가",AB7,AA11),2) -> 9178.65 | AC11: =AB11-AB12 -> 15.05 | AD11: =ROUNDDOWN(_xll.IMBC(Z5,"세전단가",AB8,AA11),2) -> 9180.17 | AE11: =AD11-AD12 -> 15.04
B12: 8 | C12: 1 | E12: -14.0 | F12: =F27+E12/100 -> 0.935 | G12: =ROUNDDOWN(_xll.IMBC(E5,"세전단가",G7,F12),2) -> 9986.91 | H12: =G12-G13 -> 1.72 | I12: =ROUNDDOWN(_xll.IMBC(E5,"세전단가",G8,F12),2) -> 9987.67 | J12: =I12-I13 -> 1.72 | L12: -14.0 | M12: =M27+L12/100 -> 1.04 | N12: =ROUNDDOWN(_xll.IMBC(L5,"세전단가",N7,M12),2) -> 9959.66 | O12: =N12-N13 -> 2.45 | P12: =ROUNDDOWN(_xll.IMBC(L5,"세전단가",N8,M12),2) -> 9960.51 | Q12: =P12-P13 -> 2.45 | S12: -14.0 | T12: =T27+S12/100 -> 1.945 | U12: =ROUNDDOWN(_xll.IMBC(S5,"세전단가",U7,T12),2) -> 9616.21 | V12: =U12-U13 -> 8.45 | W12: =ROUNDDOWN(_xll.IMBC(S5,"세전단가",U8,T12),2) -> 9617.73 | X12: =W12-W13 -> 8.44 | Z12: -14.0 | AA12: =AA27+Z12/100 -> 2.052 | AB12: =ROUNDDOWN(_xll.IMBC(Z5,"세전단가",AB7,AA12),2) -> 9163.6 | AC12: =AB12-AB13 -> 15.02 | AD12: =ROUNDDOWN(_xll.IMBC(Z5,"세전단가",AB8,AA12),2) -> 9165.13 | AE12: =AD12-AD13 -> 15.02
E13: -13.0 | F13: =F27+E13/100 -> 0.945 | G13: =ROUNDDOWN(_xll.IMBC(E5,"세전단가",G7,F13),2) -> 9985.19 | H13: =G13-G14 -> 1.73 | I13: =ROUNDDOWN(_xll.IMBC(E5,"세전단가",G8,F13),2) -> 9985.95 | J13: =I13-I14 -> 1.71 | L13: -13.0 | M13: =M27+L13/100 -> 1.05 | N13: =ROUNDDOWN(_xll.IMBC(L5,"세전단가",N7,M13),2) -> 9957.21 | O13: =N13-N14 -> 2.45 | P13: =ROUNDDOWN(_xll.IMBC(L5,"세전단가",N8,M13),2) -> 9958.06 | Q13: =P13-P14 -> 2.44 | S13: -13.0 | T13: =T27+S13/100 -> 1.955 | U13: =ROUNDDOWN(_xll.IMBC(S5,"세전단가",U7,T13),2) -> 9607.76 | V13: =U13-U14 -> 8.43 | W13: =ROUNDDOWN(_xll.IMBC(S5,"세전단가",U8,T13),2) -> 9609.29 | X13: =W13-W14 -> 8.43 | Z13: -13.0 | AA13: =AA27+Z13/100 -> 2.062 | AB13: =ROUNDDOWN(_xll.IMBC(Z5,"세전단가",AB7,AA13),2) -> 9148.58 | AC13: =AB13-AB14 -> 15 | AD13: =ROUNDDOWN(_xll.IMBC(Z5,"세전단가",AB8,AA13),2) -> 9150.11 | AE13: =AD13-AD14 -> 14.99
E14: -12.0 | F14: =F27+E14/100 -> 0.955 | G14: =ROUNDDOWN(_xll.IMBC(E5,"세전단가",G7,F14),2) -> 9983.46 | H14: =G14-G15 -> 1.73 | I14: =ROUNDDOWN(_xll.IMBC(E5,"세전단가",G8,F14),2) -> 9984.24 | J14: =I14-I15 -> 1.72 | L14: -12.0 | M14: =M27+L14/100 -> 1.06 | N14: =ROUNDDOWN(_xll.IMBC(L5,"세전단가",N7,M14),2) -> 9954.76 | O14: =N14-N15 -> 2.45 | P14: =ROUNDDOWN(_xll.IMBC(L5,"세전단가",N8,M14),2) -> 9955.62 | Q14: =P14-P15 -> 2.44 | S14: -12.0 | T14: =T27+S14/100 -> 1.965 | U14: =ROUNDDOWN(_xll.IMBC(S5,"세전단가",U7,T14),2) -> 9599.33 | V14: =U14-U15 -> 8.43 | W14: =ROUNDDOWN(_xll.IMBC(S5,"세전단가",U8,T14),2) -> 9600.86 | X14: =W14-W15 -> 8.42 | Z14: -12.0 | AA14: =AA27+Z14/100 -> 2.072 | AB14: =ROUNDDOWN(_xll.IMBC(Z5,"세전단가",AB7,AA14),2) -> 9133.58 | AC14: =AB14-AB15 -> 14.96 | AD14: =ROUNDDOWN(_xll.IMBC(Z5,"세전단가",AB8,AA14),2) -> 9135.12 | AE14: =AD14-AD15 -> 14.96
E15: -11.0 | F15: =F27+E15/100 -> 0.965 | G15: =ROUNDDOWN(_xll.IMBC(E5,"세전단가",G7,F15),2) -> 9981.73 | H15: =G15-G16 -> 1.72 | I15: =ROUNDDOWN(_xll.IMBC(E5,"세전단가",G8,F15),2) -> 9982.52 | J15: =I15-I16 -> 1.72 | L15: -11.0 | M15: =M27+L15/100 -> 1.07 | N15: =ROUNDDOWN(_xll.IMBC(L5,"세전단가",N7,M15),2) -> 9952.31 | O15: =N15-N16 -> 2.45 | P15: =ROUNDDOWN(_xll.IMBC(L5,"세전단가",N8,M15),2) -> 9953.18 | Q15: =P15-P16 -> 2.45 | S15: -11.0 | T15: =T27+S15/100 -> 1.975 | U15: =ROUNDDOWN(_xll.IMBC(S5,"세전단가",U7,T15),2) -> 9590.9 | V15: =U15-U16 -> 8.42 | W15: =ROUNDDOWN(_xll.IMBC(S5,"세전단가",U8,T15),2) -> 9592.44 | X15: =W15-W16 -> 8.42 | Z15: -11.0 | AA15: =AA27+Z15/100 -> 2.082 | AB15: =ROUNDDOWN(_xll.IMBC(Z5,"세전단가",AB7,AA15),2) -> 9118.62 | AC15: =AB15-AB16 -> 14.94 | AD15: =ROUNDDOWN(_xll.IMBC(Z5,"세전단가",AB8,AA15),2) -> 9120.16 | AE15: =AD15-AD16 -> 14.94
E16: -10.0 | F16: =F27+E16/100 -> 0.975 | G16: =ROUNDDOWN(_xll.IMBC(E5,"세전단가",G7,F16),2) -> 9980.01 | H16: =G16-G17 -> 1.73 | I16: =ROUNDDOWN(_xll.IMBC(E5,"세전단가",G8,F16),2) -> 9980.8 | J16: =I16-I17 -> 1.72 | L16: -10.0 | M16: =M27+L16/100 -> 1.08 | N16: =ROUNDDOWN(_xll.IMBC(L5,"세전단가",N7,M16),2) -> 9949.86 | O16: =N16-N17 -> 2.45 | P16: =ROUNDDOWN(_xll.IMBC(L5,"세전단가",N8,M16),2) -> 9950.73 | Q16: =P16-P17 -> 2.44 | S16: -10.0 | T16: =T27+S16/100 -> 1.985 | U16: =ROUNDDOWN(_xll.IMBC(S5,"세전단가",U7,T16),2) -> 9582.48 | V16: =U16-U17 -> 8.41 | W16: =ROUNDDOWN(_xll.IMBC(S5,"세전단가",U8,T16),2) -> 9584.02 | X16: =W16-W17 -> 8.4 | Z16: -10.0 | AA16: =AA27+Z16/100 -> 2.092 | AB16: =ROUNDDOWN(_xll.IMBC(Z5,"세전단가",AB7,AA16),2) -> 9103.68 | AC16: =AB16-AB17 -> 14.91 | AD16: =ROUNDDOWN(_xll.IMBC(Z5,"세전단가",AB8,AA16),2) -> 9105.22 | AE16: =AD16-AD17 -> 14.9
E17: -9.0 | F17: =F27+E17/100 -> 0.985 | G17: =ROUNDDOWN(_xll.IMBC(E5,"세전단가",G7,F17),2) -> 9978.28 | H17: =G17-G18 -> 1.72 | I17: =ROUNDDOWN(_xll.IMBC(E5,"세전단가",G8,F17),2) -> 9979.08 | J17: =I17-I18 -> 1.71 | L17: -9.0 | M17: =M27+L17/100 -> 1.09 | N17: =ROUNDDOWN(_xll.IMBC(L5,"세전단가",N7,M17),2) -> 9947.41 | O17: =N17-N18 -> 2.45 | P17: =ROUNDDOWN(_xll.IMBC(L5,"세전단가",N8,M17),2) -> 9948.29 | Q17: =P17-P18 -> 2.44 | S17: -9.0 | T17: =T27+S17/100 -> 1.995 | U17: =ROUNDDOWN(_xll.IMBC(S5,"세전단가",U7,T17),2) -> 9574.07 | V17: =U17-U18 -> 8.41 | W17: =ROUNDDOWN(_xll.IMBC(S5,"세전단가",U8,T17),2) -> 9575.62 | X17: =W17-W18 -> 8.4 | Z17: -9.0 | AA17: =AA27+Z17/100 -> 2.102 | AB17: =ROUNDDOWN(_xll.IMBC(Z5,"세전단가",AB7,AA17),2) -> 9088.77 | AC17: =AB17-AB18 -> 14.89 | AD17: =ROUNDDOWN(_xll.IMBC(Z5,"세전단가",AB8,AA17),2) -> 9090.32 | AE17: =AD17-AD18 -> 14.88
E18: -8.0 | F18: =F27+E18/100 -> 0.995 | G18: =ROUNDDOWN(_xll.IMBC(E5,"세전단가",G7,F18),2) -> 9976.56 | H18: =G18-G19 -> 1.72 | I18: =ROUNDDOWN(_xll.IMBC(E5,"세전단가",G8,F18),2) -> 9977.37 | J18: =I18-I19 -> 1.72 | L18: -8.0 | M18: =M27+L18/100 -> 1.1 | N18: =ROUNDDOWN(_xll.IMBC(L5,"세전단가",N7,M18),2) -> 9944.96 | O18: =N18-N19 -> 2.45 | P18: =ROUNDDOWN(_xll.IMBC(L5,"세전단가",N8,M18),2) -> 9945.85 | Q18: =P18-P19 -> 2.44 | S18: -8.0 | T18: =T27+S18/100 -> 2.005 | U18: =ROUNDDOWN(_xll.IMBC(S5,"세전단가",U7,T18),2) -> 9565.66 | V18: =U18-U19 -> 8.39 | W18: =ROUNDDOWN(_xll.IMBC(S5,"세전단가",U8,T18),2) -> 9567.22 | X18: =W18-W19 -> 8.39 | Z18: -8.0 | AA18: =AA27+Z18/100 -> 2.112 | AB18: =ROUNDDOWN(_xll.IMBC(Z5,"세전단가",AB7,AA18),2) -> 9073.88 | AC18: =AB18-AB19 -> 14.85 | AD18: =ROUNDDOWN(_xll.IMBC(Z5,"세전단가",AB8,AA18),2) -> 9075.44 | AE18: =AD18-AD19 -> 14.85
E19: -7.0 | F19: =F27+E19/100 -> 1.005 | G19: =ROUNDDOWN(_xll.IMBC(E5,"세전단가",G7,F19),2) -> 9974.84 | H19: =G19-G20 -> 1.73 | I19: =ROUNDDOWN(_xll.IMBC(E5,"세전단가",G8,F19),2) -> 9975.65 | J19: =I19-I20 -> 1.71 | L19: -7.0 | M19: =M27+L19/100 -> 1.11 | N19: =ROUNDDOWN(_xll.IMBC(L5,"세전단가",N7,M19),2) -> 9942.51 | O19: =N19-N20 -> 2.45 | P19: =ROUNDDOWN(_xll.IMBC(L5,"세전단가",N8,M19),2) -> 9943.41 | Q19: =P19-P20 -> 2.44 | S19: -7.0 | T19: =T27+S19/100 -> 2.015 | U19: =ROUNDDOWN(_xll.IMBC(S5,"세전단가",U7,T19),2) -> 9557.27 | V19: =U19-U20 -> 8.39 | W19: =ROUNDDOWN(_xll.IMBC(S5,"세전단가",U8,T19),2) -> 9558.83 | X19: =W19-W20 -> 8.38 | Z19: -7.0 | AA19: =AA27+Z19/100 -> 2.122 | AB19: =ROUNDDOWN(_xll.IMBC(Z5,"세전단가",AB7,AA19),2) -> 9059.03 | AC19: =AB19-AB20 -> 14.83 | AD19: =ROUNDDOWN(_xll.IMBC(Z5,"세전단가",AB8,AA19),2) -> 9060.59 | AE19: =AD19-AD20 -> 14.83
E20: -6.0 | F20: =F27+E20/100 -> 1.015 | G20: =ROUNDDOWN(_xll.IMBC(E5,"세전단가",G7,F20),2) -> 9973.11 | H20: =G20-G21 -> 1.72 | I20: =ROUNDDOWN(_xll.IMBC(E5,"세전단가",G8,F20),2) -> 9973.94 | J20: =I20-I21 -> 1.72 | L20: -6.0 | M20: =M27+L20/100 -> 1.12 | N20: =ROUNDDOWN(_xll.IMBC(L5,"세전단가",N7,M20),2) -> 9940.06 | O20: =N20-N21 -> 2.44 | P20: =ROUNDDOWN(_xll.IMBC(L5,"세전단가",N8,M20),2) -> 9940.97 | Q20: =P20-P21 -> 2.44 | S20: -6.0 | T20: =T27+S20/100 -> 2.025 | U20: =ROUNDDOWN(_xll.IMBC(S5,"세전단가",U7,T20),2) -> 9548.88 | V20: =U20-U21 -> 8.38 | W20: =ROUNDDOWN(_xll.IMBC(S5,"세전단가",U8,T20),2) -> 9550.45 | X20: =W20-W21 -> 8.38 | Z20: -6.0 | AA20: =AA27+Z20/100 -> 2.132 | AB20: =ROUNDDOWN(_xll.IMBC(Z5,"세전단가",AB7,AA20),2) -> 9044.2 | AC20: =AB20-AB21 -> 14.8 | AD20: =ROUNDDOWN(_xll.IMBC(Z5,"세전단가",AB8,AA20),2) -> 9045.76 | AE20: =AD20-AD21 -> 14.79
E21: -5.0 | F21: =F27+E21/100 -> 1.025 | G21: =ROUNDDOWN(_xll.IMBC(E5,"세전단가",G7,F21),2) -> 9971.39 | H21: =G21-G22 -> 1.72 | I21: =ROUNDDOWN(_xll.IMBC(E5,"세전단가",G8,F21),2) -> 9972.22 | J21: =I21-I22 -> 1.71 | L21: -5.0 | M21: =M27+L21/100 -> 1.13 | N21: =ROUNDDOWN(_xll.IMBC(L5,"세전단가",N7,M21),2) -> 9937.62 | O21: =N21-N22 -> 2.45 | P21: =ROUNDDOWN(_xll.IMBC(L5,"세전단가",N8,M21),2) -> 9938.53 | Q21: =P21-P22 -> 2.44 | S21: -5.0 | T21: =T27+S21/100 -> 2.035 | U21: =ROUNDDOWN(_xll.IMBC(S5,"세전단가",U7,T21),2) -> 9540.5 | V21: =U21-U22 -> 8.37 | W21: =ROUNDDOWN(_xll.IMBC(S5,"세전단가",U8,T21),2) -> 9542.07 | X21: =W21-W22 -> 8.36 | Z21: -5.0 | AA21: =AA27+Z21/100 -> 2.142 | AB21: =ROUNDDOWN(_xll.IMBC(Z5,"세전단가",AB7,AA21),2) -> 9029.4 | AC21: =AB21-AB22 -> 14.77 | AD21: =ROUNDDOWN(_xll.IMBC(Z5,"세전단가",AB8,AA21),2) -> 9030.97 | AE21: =AD21-AD22 -> 14.77
E22: -4.0 | F22: =F27+E22/100 -> 1.035 | G22: =ROUNDDOWN(_xll.IMBC(E5,"세전단가",G7,F22),2) -> 9969.67 | H22: =G22-G23 -> 1.72 | I22: =ROUNDDOWN(_xll.IMBC(E5,"세전단가",G8,F22),2) -> 9970.51 | J22: =I22-I23 -> 1.72 | L22: -4.0 | M22: =M27+L22/100 -> 1.14 | N22: =ROUNDDOWN(_xll.IMBC(L5,"세전단가",N7,M22),2) -> 9935.17 | O22: =N22-N23 -> 2.44 | P22: =ROUNDDOWN(_xll.IMBC(L5,"세전단가",N8,M22),2) -> 9936.09 | Q22: =P22-P23 -> 2.43 | S22: -4.0 | T22: =T27+S22/100 -> 2.045 | U22: =ROUNDDOWN(_xll.IMBC(S5,"세전단가",U7,T22),2) -> 9532.13 | V22: =U22-U23 -> 8.37 | W22: =ROUNDDOWN(_xll.IMBC(S5,"세전단가",U8,T22),2) -> 9533.71 | X22: =W22-W23 -> 8.36 | Z22: -4.0 | AA22: =AA27+Z22/100 -> 2.152 | AB22: =ROUNDDOWN(_xll.IMBC(Z5,"세전단가",AB7,AA22),2) -> 9014.63 | AC22: =AB22-AB23 -> 14.75 | AD22: =ROUNDDOWN(_xll.IMBC(Z5,"세전단가",AB8,AA22),2) -> 9016.2 | AE22: =AD22-AD23 -> 14.74
E23: -3.0 | F23: =F27+E23/100 -> 1.045 | G23: =ROUNDDOWN(_xll.IMBC(E5,"세전단가",G7,F23),2) -> 9967.95 | H23: =G23-G24 -> 1.73 | I23: =ROUNDDOWN(_xll.IMBC(E5,"세전단가",G8,F23),2) -> 9968.79 | J23: =I23-I24 -> 1.71 | L23: -3.0 | M23: =M27+L23/100 -> 1.15 | N23: =ROUNDDOWN(_xll.IMBC(L5,"세전단가",N7,M23),2) -> 9932.73 | O23: =N23-N24 -> 2.45 | P23: =ROUNDDOWN(_xll.IMBC(L5,"세전단가",N8,M23),2) -> 9933.66 | Q23: =P23-P24 -> 2.44 | S23: -3.0 | T23: =T27+S23/100 -> 2.055 | U23: =ROUNDDOWN(_xll.IMBC(S5,"세전단가",U7,T23),2) -> 9523.76 | V23: =U23-U24 -> 8.35 | W23: =ROUNDDOWN(_xll.IMBC(S5,"세전단가",U8,T23),2) -> 9525.35 | X23: =W23-W24 -> 8.35 | Z23: -3.0 | AA23: =AA27+Z23/100 -> 2.162 | AB23: =ROUNDDOWN(_xll.IMBC(Z5,"세전단가",AB7,AA23),2) -> 8999.88 | AC23: =AB23-AB24 -> 14.72 | AD23: =ROUNDDOWN(_xll.IMBC(Z5,"세전단가",AB8,AA23),2) -> 9001.46 | AE23: =AD23-AD24 -> 14.72
E24: -2.0 | F24: =F27+E24/100 -> 1.055 | G24: =ROUNDDOWN(_xll.IMBC(E5,"세전단가",G7,F24),2) -> 9966.22 | H24: =G24-G25 -> 1.72 | I24: =ROUNDDOWN(_xll.IMBC(E5,"세전단가",G8,F24),2) -> 9967.08 | J24: =I24-I25 -> 1.72 | L24: -2.0 | M24: =M27+L24/100 -> 1.16 | N24: =ROUNDDOWN(_xll.IMBC(L5,"세전단가",N7,M24),2) -> 9930.28 | O24: =N24-N25 -> 2.44 | P24: =ROUNDDOWN(_xll.IMBC(L5,"세전단가",N8,M24),2) -> 9931.22 | Q24: =P24-P25 -> 2.44 | S24: -2.0 | T24: =T27+S24/100 -> 2.065 | U24: =ROUNDDOWN(_xll.IMBC(S5,"세전단가",U7,T24),2) -> 9515.41 | V24: =U24-U25 -> 8.35 | W24: =ROUNDDOWN(_xll.IMBC(S5,"세전단가",U8,T24),2) -> 9517 | X24: =W24-W25 -> 8.34 | Z24: -2.0 | AA24: =AA27+Z24/100 -> 2.172 | AB24: =ROUNDDOWN(_xll.IMBC(Z5,"세전단가",AB7,AA24),2) -> 8985.16 | AC24: =AB24-AB25 -> 14.69 | AD24: =ROUNDDOWN(_xll.IMBC(Z5,"세전단가",AB8,AA24),2) -> 8986.74 | AE24: =AD24-AD25 -> 14.68
E25: -1.0 | F25: =F27+E25/100 -> 1.065 | G25: =ROUNDDOWN(_xll.IMBC(E5,"세전단가",G7,F25),2) -> 9964.5 | H25: =G25-G26 -> 0.86 | I25: =ROUNDDOWN(_xll.IMBC(E5,"세전단가",G8,F25),2) -> 9965.36 | J25: =I25-I26 -> 0.85 | L25: -1.0 | M25: =M27+L25/100 -> 1.17 | N25: =ROUNDDOWN(_xll.IMBC(L5,"세전단가",N7,M25),2) -> 9927.84 | O25: =N25-N26 -> 1.22 | P25: =ROUNDDOWN(_xll.IMBC(L5,"세전단가",N8,M25),2) -> 9928.78 | Q25: =P25-P26 -> 1.21 | S25: -1.0 | T25: =T27+S25/100 -> 2.075 | U25: =ROUNDDOWN(_xll.IMBC(S5,"세전단가",U7,T25),2) -> 9507.06 | V25: =U25-U26 -> 4.17 | W25: =ROUNDDOWN(_xll.IMBC(S5,"세전단가",U8,T25),2) -> 9508.66 | X25: =W25-W26 -> 4.17 | Z25: -1.0 | AA25: =AA27+Z25/100 -> 2.182 | AB25: =ROUNDDOWN(_xll.IMBC(Z5,"세전단가",AB7,AA25),2) -> 8970.47 | AC25: =AB25-AB26 -> 7.34 | AD25: =ROUNDDOWN(_xll.IMBC(Z5,"세전단가",AB8,AA25),2) -> 8972.06 | AE25: =AD25-AD26 -> 7.34
E26: -0.5 | F26: =F27+E26/100 -> 1.07 | G26: =ROUNDDOWN(_xll.IMBC(E5,"세전단가",G7,F26),2) -> 9963.64 | H26: =G26-G27 -> 0.86 | I26: =ROUNDDOWN(_xll.IMBC(E5,"세전단가",G8,F26),2) -> 9964.51 | J26: =I26-I27 -> 0.86 | L26: -0.5 | M26: =M27+L26/100 -> 1.175 | N26: =ROUNDDOWN(_xll.IMBC(L5,"세전단가",N7,M26),2) -> 9926.62 | O26: =N26-N27 -> 1.23 | P26: =ROUNDDOWN(_xll.IMBC(L5,"세전단가",N8,M26),2) -> 9927.57 | Q26: =P26-P27 -> 1.22 | S26: -0.5 | T26: =T27+S26/100 -> 2.08 | U26: =ROUNDDOWN(_xll.IMBC(S5,"세전단가",U7,T26),2) -> 9502.89 | V26: =U26-U27 -> 4.17 | W26: =ROUNDDOWN(_xll.IMBC(S5,"세전단가",U8,T26),2) -> 9504.49 | X26: =W26-W27 -> 4.16 | Z26: -0.5 | AA26: =AA27+Z26/100 -> 2.187 | AB26: =ROUNDDOWN(_xll.IMBC(Z5,"세전단가",AB7,AA26),2) -> 8963.13 | AC26: =AB26-AB27 -> 7.32 | AD26: =ROUNDDOWN(_xll.IMBC(Z5,"세전단가",AB8,AA26),2) -> 8964.72 | AE26: =AD26-AD27 -> 7.32
E27: 0 | F27: =IF(G9="",I8,ROUNDDOWN(G9,2)) -> 1.075 | G27: =ROUNDDOWN(_xll.IMBC(E5,"세전단가",G7,F27),2) -> 9962.78 | I27: =ROUNDDOWN(_xll.IMBC(E5,"세전단가",G8,F27),2) -> 9963.65 | L27: 0 | M27: =IF(N9="",P8,ROUNDDOWN(N9,2)) -> 1.18 | N27: =ROUNDDOWN(_xll.IMBC(L5,"세전단가",N7,M27),2) -> 9925.39 | P27: =ROUNDDOWN(_xll.IMBC(L5,"세전단가",N8,M27),2) -> 9926.35 | S27: 0 | T27: =IF(U9="",W8,ROUNDDOWN(U9,2)) -> 2.085 | U27: =ROUNDDOWN(_xll.IMBC(S5,"세전단가",U7,T27),2) -> 9498.72 | W27: =ROUNDDOWN(_xll.IMBC(S5,"세전단가",U8,T27),2) -> 9500.33 | Z27: 0 | AA27: =IF(AB9="",AD8,ROUNDDOWN(AB9,2)) -> 2.192 | AB27: =ROUNDDOWN(_xll.IMBC(Z5,"세전단가",AB7,AA27),2) -> 8955.81 | AD27: =ROUNDDOWN(_xll.IMBC(Z5,"세전단가",AB8,AA27),2) -> 8957.4
E28: +0.5 | F28: =F27+E28/100 -> 1.08 | G28: =ROUNDDOWN(_xll.IMBC(E5,"세전단가",G7,F28),2) -> 9961.92 | H28: =G28-G27 -> -0.86 | I28: =ROUNDDOWN(_xll.IMBC(E5,"세전단가",G8,F28),2) -> 9962.79 | J28: =I28-I27 -> -0.86 | L28: +0.5 | M28: =M27+L28/100 -> 1.185 | N28: =ROUNDDOWN(_xll.IMBC(L5,"세전단가",N7,M28),2) -> 9924.17 | O28: =N28-N27 -> -1.22 | P28: =ROUNDDOWN(_xll.IMBC(L5,"세전단가",N8,M28),2) -> 9925.13 | Q28: =P28-P27 -> -1.22 | S28: +0.5 | T28: =T27+S28/100 -> 2.09 | U28: =ROUNDDOWN(_xll.IMBC(S5,"세전단가",U7,T28),2) -> 9494.55 | V28: =U28-U27 -> -4.17 | W28: =ROUNDDOWN(_xll.IMBC(S5,"세전단가",U8,T28),2) -> 9496.16 | X28: =W28-W27 -> -4.17 | Z28: +0.5 | AA28: =AA27+Z28/100 -> 2.197 | AB28: =ROUNDDOWN(_xll.IMBC(Z5,"세전단가",AB7,AA28),2) -> 8948.48 | AC28: =AB28-AB27 -> -7.33 | AD28: =ROUNDDOWN(_xll.IMBC(Z5,"세전단가",AB8,AA28),2) -> 8950.08 | AE28: =AD28-AD27 -> -7.32
E29: +1.0 | F29: =F27+E29/100 -> 1.085 | G29: =ROUNDDOWN(_xll.IMBC(E5,"세전단가",G7,F29),2) -> 9961.06 | H29: =G29-G28 -> -0.86 | I29: =ROUNDDOWN(_xll.IMBC(E5,"세전단가",G8,F29),2) -> 9961.94 | J29: =I29-I28 -> -0.85 | L29: +1.0 | M29: =M27+L29/100 -> 1.19 | N29: =ROUNDDOWN(_xll.IMBC(L5,"세전단가",N7,M29),2) -> 9922.95 | O29: =N29-N28 -> -1.22 | P29: =ROUNDDOWN(_xll.IMBC(L5,"세전단가",N8,M29),2) -> 9923.91 | Q29: =P29-P28 -> -1.22 | S29: +1.0 | T29: =T27+S29/100 -> 2.095 | U29: =ROUNDDOWN(_xll.IMBC(S5,"세전단가",U7,T29),2) -> 9490.39 | V29: =U29-U28 -> -4.16 | W29: =ROUNDDOWN(_xll.IMBC(S5,"세전단가",U8,T29),2) -> 9492 | X29: =W29-W28 -> -4.16 | Z29: +1.0 | AA29: =AA27+Z29/100 -> 2.202 | AB29: =ROUNDDOWN(_xll.IMBC(Z5,"세전단가",AB7,AA29),2) -> 8941.17 | AC29: =AB29-AB28 -> -7.31 | AD29: =ROUNDDOWN(_xll.IMBC(Z5,"세전단가",AB8,AA29),2) -> 8942.77 | AE29: =AD29-AD28 -> -7.31
E30: +2.0 | F30: =F27+E30/100 -> 1.095 | G30: =ROUNDDOWN(_xll.IMBC(E5,"세전단가",G7,F30),2) -> 9959.34 | H30: =G30-G29 -> -1.72 | I30: =ROUNDDOWN(_xll.IMBC(E5,"세전단가",G8,F30),2) -> 9960.23 | J30: =I30-I29 -> -1.71 | L30: +2.0 | M30: =M27+L30/100 -> 1.2 | N30: =ROUNDDOWN(_xll.IMBC(L5,"세전단가",N7,M30),2) -> 9920.51 | O30: =N30-N29 -> -2.44 | P30: =ROUNDDOWN(_xll.IMBC(L5,"세전단가",N8,M30),2) -> 9921.48 | Q30: =P30-P29 -> -2.43 | S30: +2.0 | T30: =T27+S30/100 -> 2.105 | U30: =ROUNDDOWN(_xll.IMBC(S5,"세전단가",U7,T30),2) -> 9482.07 | V30: =U30-U29 -> -8.32 | W30: =ROUNDDOWN(_xll.IMBC(S5,"세전단가",U8,T30),2) -> 9483.69 | X30: =W30-W29 -> -8.31 | Z30: +2.0 | AA30: =AA27+Z30/100 -> 2.212 | AB30: =ROUNDDOWN(_xll.IMBC(Z5,"세전단가",AB7,AA30),2) -> 8926.56 | AC30: =AB30-AB29 -> -14.61 | AD30: =ROUNDDOWN(_xll.IMBC(Z5,"세전단가",AB8,AA30),2) -> 8928.16 | AE30: =AD30-AD29 -> -14.61
E31: +3.0 | F31: =F27+E31/100 -> 1.105 | G31: =ROUNDDOWN(_xll.IMBC(E5,"세전단가",G7,F31),2) -> 9957.62 | H31: =G31-G30 -> -1.72 | I31: =ROUNDDOWN(_xll.IMBC(E5,"세전단가",G8,F31),2) -> 9958.51 | J31: =I31-I30 -> -1.72 | L31: +3.0 | M31: =M27+L31/100 -> 1.21 | N31: =ROUNDDOWN(_xll.IMBC(L5,"세전단가",N7,M31),2) -> 9918.07 | O31: =N31-N30 -> -2.44 | P31: =ROUNDDOWN(_xll.IMBC(L5,"세전단가",N8,M31),2) -> 9919.05 | Q31: =P31-P30 -> -2.43 | S31: +3.0 | T31: =T27+S31/100 -> 2.115 | U31: =ROUNDDOWN(_xll.IMBC(S5,"세전단가",U7,T31),2) -> 9473.75 | V31: =U31-U30 -> -8.32 | W31: =ROUNDDOWN(_xll.IMBC(S5,"세전단가",U8,T31),2) -> 9475.38 | X31: =W31-W30 -> -8.31 | Z31: +3.0 | AA31: =AA27+Z31/100 -> 2.222 | AB31: =ROUNDDOWN(_xll.IMBC(Z5,"세전단가",AB7,AA31),2) -> 8911.98 | AC31: =AB31-AB30 -> -14.58 | AD31: =ROUNDDOWN(_xll.IMBC(Z5,"세전단가",AB8,AA31),2) -> 8913.58 | AE31: =AD31-AD30 -> -14.58
E32: +4.0 | F32: =F27+E32/100 -> 1.115 | G32: =ROUNDDOWN(_xll.IMBC(E5,"세전단가",G7,F32),2) -> 9955.9 | H32: =G32-G31 -> -1.72 | I32: =ROUNDDOWN(_xll.IMBC(E5,"세전단가",G8,F32),2) -> 9956.8 | J32: =I32-I31 -> -1.71 | L32: +4.0 | M32: =M27+L32/100 -> 1.22 | N32: =ROUNDDOWN(_xll.IMBC(L5,"세전단가",N7,M32),2) -> 9915.63 | O32: =N32-N31 -> -2.44 | P32: =ROUNDDOWN(_xll.IMBC(L5,"세전단가",N8,M32),2) -> 9916.62 | Q32: =P32-P31 -> -2.43 | S32: +4.0 | T32: =T27+S32/100 -> 2.125 | U32: =ROUNDDOWN(_xll.IMBC(S5,"세전단가",U7,T32),2) -> 9465.44 | V32: =U32-U31 -> -8.31 | W32: =ROUNDDOWN(_xll.IMBC(S5,"세전단가",U8,T32),2) -> 9467.08 | X32: =W32-W31 -> -8.3 | Z32: +4.0 | AA32: =AA27+Z32/100 -> 2.232 | AB32: =ROUNDDOWN(_xll.IMBC(Z5,"세전단가",AB7,AA32),2) -> 8897.42 | AC32: =AB32-AB31 -> -14.56 | AD32: =ROUNDDOWN(_xll.IMBC(Z5,"세전단가",AB8,AA32),2) -> 8899.03 | AE32: =AD32-AD31 -> -14.55
E33: +5.0 | F33: =F27+E33/100 -> 1.125 | G33: =ROUNDDOWN(_xll.IMBC(E5,"세전단가",G7,F33),2) -> 9954.18 | H33: =G33-G32 -> -1.72 | I33: =ROUNDDOWN(_xll.IMBC(E5,"세전단가",G8,F33),2) -> 9955.09 | J33: =I33-I32 -> -1.71 | L33: +5.0 | M33: =M27+L33/100 -> 1.23 | N33: =ROUNDDOWN(_xll.IMBC(L5,"세전단가",N7,M33),2) -> 9913.19 | O33: =N33-N32 -> -2.44 | P33: =ROUNDDOWN(_xll.IMBC(L5,"세전단가",N8,M33),2) -> 9914.18 | Q33: =P33-P32 -> -2.44 | S33: +5.0 | T33: =T27+S33/100 -> 2.135 | U33: =ROUNDDOWN(_xll.IMBC(S5,"세전단가",U7,T33),2) -> 9457.14 | V33: =U33-U32 -> -8.3 | W33: =ROUNDDOWN(_xll.IMBC(S5,"세전단가",U8,T33),2) -> 9458.78 | X33: =W33-W32 -> -8.3 | Z33: +5.0 | AA33: =AA27+Z33/100 -> 2.242 | AB33: =ROUNDDOWN(_xll.IMBC(Z5,"세전단가",AB7,AA33),2) -> 8882.89 | AC33: =AB33-AB32 -> -14.53 | AD33: =ROUNDDOWN(_xll.IMBC(Z5,"세전단가",AB8,AA33),2) -> 8884.51 | AE33: =AD33-AD32 -> -14.52
E34: +6.0 | F34: =F27+E34/100 -> 1.135 | G34: =ROUNDDOWN(_xll.IMBC(E5,"세전단가",G7,F34),2) -> 9952.46 | H34: =G34-G33 -> -1.72 | I34: =ROUNDDOWN(_xll.IMBC(E5,"세전단가",G8,F34),2) -> 9953.38 | J34: =I34-I33 -> -1.71 | L34: +6.0 | M34: =M27+L34/100 -> 1.24 | N34: =ROUNDDOWN(_xll.IMBC(L5,"세전단가",N7,M34),2) -> 9910.75 | O34: =N34-N33 -> -2.44 | P34: =ROUNDDOWN(_xll.IMBC(L5,"세전단가",N8,M34),2) -> 9911.75 | Q34: =P34-P33 -> -2.43 | S34: +6.0 | T34: =T27+S34/100 -> 2.145 | U34: =ROUNDDOWN(_xll.IMBC(S5,"세전단가",U7,T34),2) -> 9448.85 | V34: =U34-U33 -> -8.29 | W34: =ROUNDDOWN(_xll.IMBC(S5,"세전단가",U8,T34),2) -> 9450.5 | X34: =W34-W33 -> -8.28 | Z34: +6.0 | AA34: =AA27+Z34/100 -> 2.252 | AB34: =ROUNDDOWN(_xll.IMBC(Z5,"세전단가",AB7,AA34),2) -> 8868.39 | AC34: =AB34-AB33 -> -14.5 | AD34: =ROUNDDOWN(_xll.IMBC(Z5,"세전단가",AB8,AA34),2) -> 8870.01 | AE34: =AD34-AD33 -> -14.5
E35: +7.0 | F35: =F27+E35/100 -> 1.145 | G35: =ROUNDDOWN(_xll.IMBC(E5,"세전단가",G7,F35),2) -> 9950.74 | H35: =G35-G34 -> -1.72 | I35: =ROUNDDOWN(_xll.IMBC(E5,"세전단가",G8,F35),2) -> 9951.67 | J35: =I35-I34 -> -1.71 | L35: +7.0 | M35: =M27+L35/100 -> 1.25 | N35: =ROUNDDOWN(_xll.IMBC(L5,"세전단가",N7,M35),2) -> 9908.31 | O35: =N35-N34 -> -2.44 | P35: =ROUNDDOWN(_xll.IMBC(L5,"세전단가",N8,M35),2) -> 9909.32 | Q35: =P35-P34 -> -2.43 | S35: +7.0 | T35: =T27+S35/100 -> 2.155 | U35: =ROUNDDOWN(_xll.IMBC(S5,"세전단가",U7,T35),2) -> 9440.57 | V35: =U35-U34 -> -8.28 | W35: =ROUNDDOWN(_xll.IMBC(S5,"세전단가",U8,T35),2) -> 9442.22 | X35: =W35-W34 -> -8.28 | Z35: +7.0 | AA35: =AA27+Z35/100 -> 2.262 | AB35: =ROUNDDOWN(_xll.IMBC(Z5,"세전단가",AB7,AA35),2) -> 8853.92 | AC35: =AB35-AB34 -> -14.47 | AD35: =ROUNDDOWN(_xll.IMBC(Z5,"세전단가",AB8,AA35),2) -> 8855.54 | AE35: =AD35-AD34 -> -14.47
E36: +8.0 | F36: =F27+E36/100 -> 1.155 | G36: =ROUNDDOWN(_xll.IMBC(E5,"세전단가",G7,F36),2) -> 9949.02 | H36: =G36-G35 -> -1.72 | I36: =ROUNDDOWN(_xll.IMBC(E5,"세전단가",G8,F36),2) -> 9949.96 | J36: =I36-I35 -> -1.71 | L36: +8.0 | M36: =M27+L36/100 -> 1.26 | N36: =ROUNDDOWN(_xll.IMBC(L5,"세전단가",N7,M36),2) -> 9905.88 | O36: =N36-N35 -> -2.43 | P36: =ROUNDDOWN(_xll.IMBC(L5,"세전단가",N8,M36),2) -> 9906.89 | Q36: =P36-P35 -> -2.43 | S36: +8.0 | T36: =T27+S36/100 -> 2.165 | U36: =ROUNDDOWN(_xll.IMBC(S5,"세전단가",U7,T36),2) -> 9432.3 | V36: =U36-U35 -> -8.27 | W36: =ROUNDDOWN(_xll.IMBC(S5,"세전단가",U8,T36),2) -> 9433.95 | X36: =W36-W35 -> -8.27 | Z36: +8.0 | AA36: =AA27+Z36/100 -> 2.272 | AB36: =ROUNDDOWN(_xll.IMBC(Z5,"세전단가",AB7,AA36),2) -> 8839.47 | AC36: =AB36-AB35 -> -14.45 | AD36: =ROUNDDOWN(_xll.IMBC(Z5,"세전단가",AB8,AA36),2) -> 8841.1 | AE36: =AD36-AD35 -> -14.44
E37: +9.0 | F37: =F27+E37/100 -> 1.165 | G37: =ROUNDDOWN(_xll.IMBC(E5,"세전단가",G7,F37),2) -> 9947.31 | H37: =G37-G36 -> -1.71 | I37: =ROUNDDOWN(_xll.IMBC(E5,"세전단가",G8,F37),2) -> 9948.25 | J37: =I37-I36 -> -1.71 | L37: +9.0 | M37: =M27+L37/100 -> 1.27 | N37: =ROUNDDOWN(_xll.IMBC(L5,"세전단가",N7,M37),2) -> 9903.44 | O37: =N37-N36 -> -2.44 | P37: =ROUNDDOWN(_xll.IMBC(L5,"세전단가",N8,M37),2) -> 9904.46 | Q37: =P37-P36 -> -2.43 | S37: +9.0 | T37: =T27+S37/100 -> 2.175 | U37: =ROUNDDOWN(_xll.IMBC(S5,"세전단가",U7,T37),2) -> 9424.03 | V37: =U37-U36 -> -8.27 | W37: =ROUNDDOWN(_xll.IMBC(S5,"세전단가",U8,T37),2) -> 9425.69 | X37: =W37-W36 -> -8.26 | Z37: +9.0 | AA37: =AA27+Z37/100 -> 2.282 | AB37: =ROUNDDOWN(_xll.IMBC(Z5,"세전단가",AB7,AA37),2) -> 8825.05 | AC37: =AB37-AB36 -> -14.42 | AD37: =ROUNDDOWN(_xll.IMBC(Z5,"세전단가",AB8,AA37),2) -> 8826.68 | AE37: =AD37-AD36 -> -14.42
E38: +10.0 | F38: =F27+E38/100 -> 1.175 | G38: =ROUNDDOWN(_xll.IMBC(E5,"세전단가",G7,F38),2) -> 9945.59 | H38: =G38-G37 -> -1.72 | I38: =ROUNDDOWN(_xll.IMBC(E5,"세전단가",G8,F38),2) -> 9946.54 | J38: =I38-I37 -> -1.71 | L38: +10.0 | M38: =M27+L38/100 -> 1.28 | N38: =ROUNDDOWN(_xll.IMBC(L5,"세전단가",N7,M38),2) -> 9901 | O38: =N38-N37 -> -2.44 | P38: =ROUNDDOWN(_xll.IMBC(L5,"세전단가",N8,M38),2) -> 9902.04 | Q38: =P38-P37 -> -2.42 | S38: +10.0 | T38: =T27+S38/100 -> 2.185 | U38: =ROUNDDOWN(_xll.IMBC(S5,"세전단가",U7,T38),2) -> 9415.77 | V38: =U38-U37 -> -8.26 | W38: =ROUNDDOWN(_xll.IMBC(S5,"세전단가",U8,T38),2) -> 9417.44 | X38: =W38-W37 -> -8.25 | Z38: +10.0 | AA38: =AA27+Z38/100 -> 2.292 | AB38: =ROUNDDOWN(_xll.IMBC(Z5,"세전단가",AB7,AA38),2) -> 8810.65 | AC38: =AB38-AB37 -> -14.4 | AD38: =ROUNDDOWN(_xll.IMBC(Z5,"세전단가",AB8,AA38),2) -> 8812.29 | AE38: =AD38-AD37 -> -14.39
E39: +11.0 | F39: =F27+E39/100 -> 1.185 | G39: =ROUNDDOWN(_xll.IMBC(E5,"세전단가",G7,F39),2) -> 9943.87 | H39: =G39-G38 -> -1.72 | I39: =ROUNDDOWN(_xll.IMBC(E5,"세전단가",G8,F39),2) -> 9944.83 | J39: =I39-I38 -> -1.71 | L39: +11.0 | M39: =M27+L39/100 -> 1.29 | N39: =ROUNDDOWN(_xll.IMBC(L5,"세전단가",N7,M39),2) -> 9898.57 | O39: =N39-N38 -> -2.43 | P39: =ROUNDDOWN(_xll.IMBC(L5,"세전단가",N8,M39),2) -> 9899.61 | Q39: =P39-P38 -> -2.43 | S39: +11.0 | T39: =T27+S39/100 -> 2.195 | U39: =ROUNDDOWN(_xll.IMBC(S5,"세전단가",U7,T39),2) -> 9407.52 | V39: =U39-U38 -> -8.25 | W39: =ROUNDDOWN(_xll.IMBC(S5,"세전단가",U8,T39),2) -> 9409.19 | X39: =W39-W38 -> -8.25 | Z39: +11.0 | AA39: =AA27+Z39/100 -> 2.302 | AB39: =ROUNDDOWN(_xll.IMBC(Z5,"세전단가",AB7,AA39),2) -> 8796.28 | AC39: =AB39-AB38 -> -14.37 | AD39: =ROUNDDOWN(_xll.IMBC(Z5,"세전단가",AB8,AA39),2) -> 8797.93 | AE39: =AD39-AD38 -> -14.36
E40: +12.0 | F40: =F27+E40/100 -> 1.195 | G40: =ROUNDDOWN(_xll.IMBC(E5,"세전단가",G7,F40),2) -> 9942.16 | H40: =G40-G39 -> -1.71 | I40: =ROUNDDOWN(_xll.IMBC(E5,"세전단가",G8,F40),2) -> 9943.12 | J40: =I40-I39 -> -1.71 | L40: +12.0 | M40: =M27+L40/100 -> 1.3 | N40: =ROUNDDOWN(_xll.IMBC(L5,"세전단가",N7,M40),2) -> 9896.14 | O40: =N40-N39 -> -2.43 | P40: =ROUNDDOWN(_xll.IMBC(L5,"세전단가",N8,M40),2) -> 9897.18 | Q40: =P40-P39 -> -2.43 | S40: +12.0 | T40: =T27+S40/100 -> 2.205 | U40: =ROUNDDOWN(_xll.IMBC(S5,"세전단가",U7,T40),2) -> 9399.28 | V40: =U40-U39 -> -8.24 | W40: =ROUNDDOWN(_xll.IMBC(S5,"세전단가",U8,T40),2) -> 9400.96 | X40: =W40-W39 -> -8.23 | Z40: +12.0 | AA40: =AA27+Z40/100 -> 2.312 | AB40: =ROUNDDOWN(_xll.IMBC(Z5,"세전단가",AB7,AA40),2) -> 8781.94 | AC40: =AB40-AB39 -> -14.34 | AD40: =ROUNDDOWN(_xll.IMBC(Z5,"세전단가",AB8,AA40),2) -> 8783.59 | AE40: =AD40-AD39 -> -14.34
E41: +13.0 | F41: =F27+E41/100 -> 1.205 | G41: =ROUNDDOWN(_xll.IMBC(E5,"세전단가",G7,F41),2) -> 9940.44 | H41: =G41-G40 -> -1.72 | I41: =ROUNDDOWN(_xll.IMBC(E5,"세전단가",G8,F41),2) -> 9941.41 | J41: =I41-I40 -> -1.71 | L41: +13.0 | M41: =M27+L41/100 -> 1.31 | N41: =ROUNDDOWN(_xll.IMBC(L5,"세전단가",N7,M41),2) -> 9893.7 | O41: =N41-N40 -> -2.44 | P41: =ROUNDDOWN(_xll.IMBC(L5,"세전단가",N8,M41),2) -> 9894.76 | Q41: =P41-P40 -> -2.42 | S41: +13.0 | T41: =T27+S41/100 -> 2.215 | U41: =ROUNDDOWN(_xll.IMBC(S5,"세전단가",U7,T41),2) -> 9391.04 | V41: =U41-U40 -> -8.24 | W41: =ROUNDDOWN(_xll.IMBC(S5,"세전단가",U8,T41),2) -> 9392.73 | X41: =W41-W40 -> -8.23 | Z41: +13.0 | AA41: =AA27+Z41/100 -> 2.322 | AB41: =ROUNDDOWN(_xll.IMBC(Z5,"세전단가",AB7,AA41),2) -> 8767.63 | AC41: =AB41-AB40 -> -14.31 | AD41: =ROUNDDOWN(_xll.IMBC(Z5,"세전단가",AB8,AA41),2) -> 8769.28 | AE41: =AD41-AD40 -> -14.31
E42: +14.0 | F42: =F27+E42/100 -> 1.215 | G42: =ROUNDDOWN(_xll.IMBC(E5,"세전단가",G7,F42),2) -> 9938.72 | H42: =G42-G41 -> -1.72 | I42: =ROUNDDOWN(_xll.IMBC(E5,"세전단가",G8,F42),2) -> 9939.7 | J42: =I42-I41 -> -1.71 | L42: +14.0 | M42: =M27+L42/100 -> 1.32 | N42: =ROUNDDOWN(_xll.IMBC(L5,"세전단가",N7,M42),2) -> 9891.27 | O42: =N42-N41 -> -2.43 | P42: =ROUNDDOWN(_xll.IMBC(L5,"세전단가",N8,M42),2) -> 9892.33 | Q42: =P42-P41 -> -2.43 | S42: +14.0 | T42: =T27+S42/100 -> 2.225 | U42: =ROUNDDOWN(_xll.IMBC(S5,"세전단가",U7,T42),2) -> 9382.81 | V42: =U42-U41 -> -8.23 | W42: =ROUNDDOWN(_xll.IMBC(S5,"세전단가",U8,T42),2) -> 9384.51 | X42: =W42-W41 -> -8.22 | Z42: +14.0 | AA42: =AA27+Z42/100 -> 2.332 | AB42: =ROUNDDOWN(_xll.IMBC(Z5,"세전단가",AB7,AA42),2) -> 8753.34 | AC42: =AB42-AB41 -> -14.29 | AD42: =ROUNDDOWN(_xll.IMBC(Z5,"세전단가",AB8,AA42),2) -> 8755 | AE42: =AD42-AD41 -> -14.28
E43: +15.0 | F43: =F27+E43/100 -> 1.225 | G43: =ROUNDDOWN(_xll.IMBC(E5,"세전단가",G7,F43),2) -> 9937.01 | H43: =G43-G42 -> -1.71 | I43: =ROUNDDOWN(_xll.IMBC(E5,"세전단가",G8,F43),2) -> 9938 | J43: =I43-I42 -> -1.7 | L43: +15.0 | M43: =M27+L43/100 -> 1.33 | N43: =ROUNDDOWN(_xll.IMBC(L5,"세전단가",N7,M43),2) -> 9888.84 | O43: =N43-N42 -> -2.43 | P43: =ROUNDDOWN(_xll.IMBC(L5,"세전단가",N8,M43),2) -> 9889.91 | Q43: =P43-P42 -> -2.42 | S43: +15.0 | T43: =T27+S43/100 -> 2.235 | U43: =ROUNDDOWN(_xll.IMBC(S5,"세전단가",U7,T43),2) -> 9374.59 | V43: =U43-U42 -> -8.22 | W43: =ROUNDDOWN(_xll.IMBC(S5,"세전단가",U8,T43),2) -> 9376.29 | X43: =W43-W42 -> -8.22 | Z43: +15.0 | AA43: =AA27+Z43/100 -> 2.342 | AB43: =ROUNDDOWN(_xll.IMBC(Z5,"세전단가",AB7,AA43),2) -> 8739.08 | AC43: =AB43-AB42 -> -14.26 | AD43: =ROUNDDOWN(_xll.IMBC(Z5,"세전단가",AB8,AA43),2) -> 8740.74 | AE43: =AD43-AD42 -> -14.26
E47: 5 | K47: 6 | L47: 6 | S47: 7 | Z47: 8
E48: KR103503GB32 | G48: =_xll.IMDP("BND",E48,"한글종목명") -> 국고00750-2303(21-3) | L48: KR103501GAC4 | N48: =_xll.IMDP("BND",L48,"한글종목명") -> 국고00875-2312(20-8) | S48: KR103502GAC2 | U48: =_xll.IMDP("BND",S48,"한글종목명") -> 국고01500-3012(20-9) | Z48: KR103502GA91 | AB48: =_xll.IMDP("BND",Z48,"한글종목명") -> 국고01500-4009(20-7)
E49: 만 기 일 | G49: =_xll.IMDP("BND",E48,"만기일") -> 20230310 | I49: 시가평가 | L49: 만 기 일 | N49: =_xll.IMDP("BND",L48,"만기일") -> 20231210 | P49: 시가평가 | S49: 만 기 일 | U49: =_xll.IMDP("BND",S48,"만기일") -> 20301210 | W49: 시가평가 | Z49: 만 기 일 | AB49: =_xll.IMDP("BND",Z48,"만기일") -> 20400910 | AD49: 시가평가
E50: 결제일(당일) | G50: =TODAY() -> 44358 | L50: 결제일(당일) | N50: =TODAY() -> 44358 | S50: 결제일(당일) | U50: =TODAY() -> 44358 | Z50: 결제일(당일) | AB50: =TODAY() -> 44358
E51: 결제일(익일) | G51: =WORKDAY(TODAY(),1) -> 44361 | I51: =_xll.IMDP("BND",E48,INDEX(Sheet1!$B$2:$C$7,VLOOKUP(E47,$B:$C,2,0),2)) -> 1.075 | L51: 결제일(익일) | N51: =WORKDAY(TODAY(),1) -> 44361 | P51: =_xll.IMDP("BND",L48,INDEX(Sheet1!$B$2:$C$7,VLOOKUP(L47,$B:$C,2,0),2)) -> 1.18 | S51: 결제일(익일) | U51: =WORKDAY(TODAY(),1) -> 44361 | W51: =_xll.IMDP("BND",S48,INDEX(Sheet1!$B$2:$C$7,VLOOKUP(S47,$B:$C,2,0),2)) -> 2.085 | Z51: 결제일(익일) | AB51: =WORKDAY(TODAY(),1) -> 44361 | AD51: =_xll.IMDP("BND",Z48,INDEX(Sheet1!$B$2:$C$7,VLOOKUP(Z47,$B:$C,2,0),2)) -> 2.192
E52: 수 익 률 | I52: =_xll.IMDP("BND",E48,INDEX(Sheet1!$B$9:$C$14,VLOOKUP(E47,$B:$C,2,0),2)) -> 9962.66 | L52: 수 익 률 | P52: =_xll.IMDP("BND",L48,INDEX(Sheet1!$B$9:$C$14,VLOOKUP(L47,$B:$C,2,0),2)) -> 9925.23 | S52: 수 익 률 | W52: =_xll.IMDP("BND",S48,INDEX(Sheet1!$B$9:$C$14,VLOOKUP(S47,$B:$C,2,0),2)) -> 9498.72 | Z52: 수 익 률 | AD52: =_xll.IMDP("BND",Z48,INDEX(Sheet1!$B$9:$C$14,VLOOKUP(Z47,$B:$C,2,0),2)) -> 8955.81
E53: bp | F53: 수익률 | G53: 당일 | H53: 원 | I53: 익일 | J53: 원 | L53: bp | M53: 수익률 | N53: 당일 | O53: 원 | P53: 익일 | Q53: 원 | S53: bp | T53: 수익률 | U53: 당일 | V53: 원 | W53: 익일 | X53: 원 | Z53: bp | AA53: 수익률 | AB53: 당일 | AC53: 원 | AD53: 익일 | AE53: 원
E54: -15.0 | F54: =F70+E54/100 -> 0.925 | G54: =ROUNDDOWN(_xll.IMBC(E48,"세전단가",G50,F54),2) -> 9988.64 | H54: =G54-G55 -> 1.73 | I54: =ROUNDDOWN(_xll.IMBC(E48,"세전단가",G51,F54),2) -> 9989.39 | J54: =I54-I55 -> 1.72 | L54: -15.0 | M54: =M70+L54/100 -> 1.03 | N54: =ROUNDDOWN(_xll.IMBC(L48,"세전단가",N50,M54),2) -> 9962.12 | O54: =N54-N55 -> 2.46 | P54: =ROUNDDOWN(_xll.IMBC(L48,"세전단가",N51,M54),2) -> 9962.95 | Q54: =P54-P55 -> 2.44 | S54: -15.0 | T54: =T70+S54/100 -> 1.935 | U54: =ROUNDDOWN(_xll.IMBC(S48,"세전단가",U50,T54),2) -> 9624.66 | V54: =U54-U55 -> 8.45 | W54: =ROUNDDOWN(_xll.IMBC(S48,"세전단가",U51,T54),2) -> 9626.17 | X54: =W54-W55 -> 8.44 | Z54: -15.0 | AA54: =AA70+Z54/100 -> 2.042 | AB54: =ROUNDDOWN(_xll.IMBC(Z48,"세전단가",AB50,AA54),2) -> 9178.65 | AC54: =AB54-AB55 -> 15.05 | AD54: =ROUNDDOWN(_xll.IMBC(Z48,"세전단가",AB51,AA54),2) -> 9180.17 | AE54: =AD54-AD55 -> 15.04
E55: -14.0 | F55: =F70+E55/100 -> 0.935 | G55: =ROUNDDOWN(_xll.IMBC(E48,"세전단가",G50,F55),2) -> 9986.91 | H55: =G55-G56 -> 1.72 | I55: =ROUNDDOWN(_xll.IMBC(E48,"세전단가",G51,F55),2) -> 9987.67 | J55: =I55-I56 -> 1.72 | L55: -14.0 | M55: =M70+L55/100 -> 1.04 | N55: =ROUNDDOWN(_xll.IMBC(L48,"세전단가",N50,M55),2) -> 9959.66 | O55: =N55-N56 -> 2.45 | P55: =ROUNDDOWN(_xll.IMBC(L48,"세전단가",N51,M55),2) -> 9960.51 | Q55: =P55-P56 -> 2.45 | S55: -14.0 | T55: =T70+S55/100 -> 1.945 | U55: =ROUNDDOWN(_xll.IMBC(S48,"세전단가",U50,T55),2) -> 9616.21 | V55: =U55-U56 -> 8.45 | W55: =ROUNDDOWN(_xll.IMBC(S48,"세전단가",U51,T55),2) -> 9617.73 | X55: =W55-W56 -> 8.44 | Z55: -14.0 | AA55: =AA70+Z55/100 -> 2.052 | AB55: =ROUNDDOWN(_xll.IMBC(Z48,"세전단가",AB50,AA55),2) -> 9163.6 | AC55: =AB55-AB56 -> 15.02 | AD55: =ROUNDDOWN(_xll.IMBC(Z48,"세전단가",AB51,AA55),2) -> 9165.13 | AE55: =AD55-AD56 -> 15.02
E56: -13.0 | F56: =F70+E56/100 -> 0.945 | G56: =ROUNDDOWN(_xll.IMBC(E48,"세전단가",G50,F56),2) -> 9985.19 | H56: =G56-G57 -> 1.73 | I56: =ROUNDDOWN(_xll.IMBC(E48,"세전단가",G51,F56),2) -> 9985.95 | J56: =I56-I57 -> 1.71 | L56: -13.0 | M56: =M70+L56/100 -> 1.05 | N56: =ROUNDDOWN(_xll.IMBC(L48,"세전단가",N50,M56),2) -> 9957.21 | O56: =N56-N57 -> 2.45 | P56: =ROUNDDOWN(_xll.IMBC(L48,"세전단가",N51,M56),2) -> 9958.06 | Q56: =P56-P57 -> 2.44 | S56: -13.0 | T56: =T70+S56/100 -> 1.955 | U56: =ROUNDDOWN(_xll.IMBC(S48,"세전단가",U50,T56),2) -> 9607.76 | V56: =U56-U57 -> 8.43 | W56: =ROUNDDOWN(_xll.IMBC(S48,"세전단가",U51,T56),2) -> 9609.29 | X56: =W56-W57 -> 8.43 | Z56: -13.0 | AA56: =AA70+Z56/100 -> 2.062 | AB56: =ROUNDDOWN(_xll.IMBC(Z48,"세전단가",AB50,AA56),2) -> 9148.58 | AC56: =AB56-AB57 -> 15 | AD56: =ROUNDDOWN(_xll.IMBC(Z48,"세전단가",AB51,AA56),2) -> 9150.11 | AE56: =AD56-AD57 -> 14.99
E57: -12.0 | F57: =F70+E57/100 -> 0.955 | G57: =ROUNDDOWN(_xll.IMBC(E48,"세전단가",G50,F57),2) -> 9983.46 | H57: =G57-G58 -> 1.73 | I57: =ROUNDDOWN(_xll.IMBC(E48,"세전단가",G51,F57),2) -> 9984.24 | J57: =I57-I58 -> 1.72 | L57: -12.0 | M57: =M70+L57/100 -> 1.06 | N57: =ROUNDDOWN(_xll.IMBC(L48,"세전단가",N50,M57),2) -> 9954.76 | O57: =N57-N58 -> 2.45 | P57: =ROUNDDOWN(_xll.IMBC(L48,"세전단가",N51,M57),2) -> 9955.62 | Q57: =P57-P58 -> 2.44 | S57: -12.0 | T57: =T70+S57/100 -> 1.965 | U57: =ROUNDDOWN(_xll.IMBC(S48,"세전단가",U50,T57),2) -> 9599.33 | V57: =U57-U58 -> 8.43 | W57: =ROUNDDOWN(_xll.IMBC(S48,"세전단가",U51,T57),2) -> 9600.86 | X57: =W57-W58 -> 8.42 | Z57: -12.0 | AA57: =AA70+Z57/100 -> 2.072 | AB57: =ROUNDDOWN(_xll.IMBC(Z48,"세전단가",AB50,AA57),2) -> 9133.58 | AC57: =AB57-AB58 -> 14.96 | AD57: =ROUNDDOWN(_xll.IMBC(Z48,"세전단가",AB51,AA57),2) -> 9135.12 | AE57: =AD57-AD58 -> 14.96
E58: -11.0 | F58: =F70+E58/100 -> 0.965 | G58: =ROUNDDOWN(_xll.IMBC(E48,"세전단가",G50,F58),2) -> 9981.73 | H58: =G58-G59 -> 1.72 | I58: =ROUNDDOWN(_xll.IMBC(E48,"세전단가",G51,F58),2) -> 9982.52 | J58: =I58-I59 -> 1.72 | L58: -11.0 | M58: =M70+L58/100 -> 1.07 | N58: =ROUNDDOWN(_xll.IMBC(L48,"세전단가",N50,M58),2) -> 9952.31 | O58: =N58-N59 -> 2.45 | P58: =ROUNDDOWN(_xll.IMBC(L48,"세전단가",N51,M58),2) -> 9953.18 | Q58: =P58-P59 -> 2.45 | S58: -11.0 | T58: =T70+S58/100 -> 1.975 | U58: =ROUNDDOWN(_xll.IMBC(S48,"세전단가",U50,T58),2) -> 9590.9 | V58: =U58-U59 -> 8.42 | W58: =ROUNDDOWN(_xll.IMBC(S48,"세전단가",U51,T58),2) -> 9592.44 | X58: =W58-W59 -> 8.42 | Z58: -11.0 | AA58: =AA70+Z58/100 -> 2.082 | AB58: =ROUNDDOWN(_xll.IMBC(Z48,"세전단가",AB50,AA58),2) -> 9118.62 | AC58: =AB58-AB59 -> 14.94 | AD58: =ROUNDDOWN(_xll.IMBC(Z48,"세전단가",AB51,AA58),2) -> 9120.16 | AE58: =AD58-AD59 -> 14.94
E59: -10.0 | F59: =F70+E59/100 -> 0.975 | G59: =ROUNDDOWN(_xll.IMBC(E48,"세전단가",G50,F59),2) -> 9980.01 | H59: =G59-G60 -> 1.73 | I59: =ROUNDDOWN(_xll.IMBC(E48,"세전단가",G51,F59),2) -> 9980.8 | J59: =I59-I60 -> 1.72 | L59: -10.0 | M59: =M70+L59/100 -> 1.08 | N59: =ROUNDDOWN(_xll.IMBC(L48,"세전단가",N50,M59),2) -> 9949.86 | O59: =N59-N60 -> 2.45 | P59: =ROUNDDOWN(_xll.IMBC(L48,"세전단가",N51,M59),2) -> 9950.73 | Q59: =P59-P60 -> 2.44 | S59: -10.0 | T59: =T70+S59/100 -> 1.985 | U59: =ROUNDDOWN(_xll.IMBC(S48,"세전단가",U50,T59),2) -> 9582.48 | V59: =U59-U60 -> 8.41 | W59: =ROUNDDOWN(_xll.IMBC(S48,"세전단가",U51,T59),2) -> 9584.02 | X59: =W59-W60 -> 8.4 | Z59: -10.0 | AA59: =AA70+Z59/100 -> 2.092 | AB59: =ROUNDDOWN(_xll.IMBC(Z48,"세전단가",AB50,AA59),2) -> 9103.68 | AC59: =AB59-AB60 -> 14.91 | AD59: =ROUNDDOWN(_xll.IMBC(Z48,"세전단가",AB51,AA59),2) -> 9105.22 | AE59: =AD59-AD60 -> 14.9
E60: -9.0 | F60: =F70+E60/100 -> 0.985 | G60: =ROUNDDOWN(_xll.IMBC(E48,"세전단가",G50,F60),2) -> 9978.28 | H60: =G60-G61 -> 1.72 | I60: =ROUNDDOWN(_xll.IMBC(E48,"세전단가",G51,F60),2) -> 9979.08 | J60: =I60-I61 -> 1.71 | L60: -9.0 | M60: =M70+L60/100 -> 1.09 | N60: =ROUNDDOWN(_xll.IMBC(L48,"세전단가",N50,M60),2) -> 9947.41 | O60: =N60-N61 -> 2.45 | P60: =ROUNDDOWN(_xll.IMBC(L48,"세전단가",N51,M60),2) -> 9948.29 | Q60: =P60-P61 -> 2.44 | S60: -9.0 | T60: =T70+S60/100 -> 1.995 | U60: =ROUNDDOWN(_xll.IMBC(S48,"세전단가",U50,T60),2) -> 9574.07 | V60: =U60-U61 -> 8.41 | W60: =ROUNDDOWN(_xll.IMBC(S48,"세전단가",U51,T60),2) -> 9575.62 | X60: =W60-W61 -> 8.4 | Z60: -9.0 | AA60: =AA70+Z60/100 -> 2.102 | AB60: =ROUNDDOWN(_xll.IMBC(Z48,"세전단가",AB50,AA60),2) -> 9088.77 | AC60: =AB60-AB61 -> 14.89 | AD60: =ROUNDDOWN(_xll.IMBC(Z48,"세전단가",AB51,AA60),2) -> 9090.32 | AE60: =AD60-AD61 -> 14.88
E61: -8.0 | F61: =F70+E61/100 -> 0.995 | G61: =ROUNDDOWN(_xll.IMBC(E48,"세전단가",G50,F61),2) -> 9976.56 | H61: =G61-G62 -> 1.72 | I61: =ROUNDDOWN(_xll.IMBC(E48,"세전단가",G51,F61),2) -> 9977.37 | J61: =I61-I62 -> 1.72 | L61: -8.0 | M61: =M70+L61/100 -> 1.1 | N61: =ROUNDDOWN(_xll.IMBC(L48,"세전단가",N50,M61),2) -> 9944.96 | O61: =N61-N62 -> 2.45 | P61: =ROUNDDOWN(_xll.IMBC(L48,"세전단가",N51,M61),2) -> 9945.85 | Q61: =P61-P62 -> 2.44 | S61: -8.0 | T61: =T70+S61/100 -> 2.005 | U61: =ROUNDDOWN(_xll.IMBC(S48,"세전단가",U50,T61),2) -> 9565.66 | V61: =U61-U62 -> 8.39 | W61: =ROUNDDOWN(_xll.IMBC(S48,"세전단가",U51,T61),2) -> 9567.22 | X61: =W61-W62 -> 8.39 | Z61: -8.0 | AA61: =AA70+Z61/100 -> 2.112 | AB61: =ROUNDDOWN(_xll.IMBC(Z48,"세전단가",AB50,AA61),2) -> 9073.88 | AC61: =AB61-AB62 -> 14.85 | AD61: =ROUNDDOWN(_xll.IMBC(Z48,"세전단가",AB51,AA61),2) -> 9075.44 | AE61: =AD61-AD62 -> 14.85
E62: -7.0 | F62: =F70+E62/100 -> 1.005 | G62: =ROUNDDOWN(_xll.IMBC(E48,"세전단가",G50,F62),2) -> 9974.84 | H62: =G62-G63 -> 1.73 | I62: =ROUNDDOWN(_xll.IMBC(E48,"세전단가",G51,F62),2) -> 9975.65 | J62: =I62-I63 -> 1.71 | L62: -7.0 | M62: =M70+L62/100 -> 1.11 | N62: =ROUNDDOWN(_xll.IMBC(L48,"세전단가",N50,M62),2) -> 9942.51 | O62: =N62-N63 -> 2.45 | P62: =ROUNDDOWN(_xll.IMBC(L48,"세전단가",N51,M62),2) -> 9943.41 | Q62: =P62-P63 -> 2.44 | S62: -7.0 | T62: =T70+S62/100 -> 2.015 | U62: =ROUNDDOWN(_xll.IMBC(S48,"세전단가",U50,T62),2) -> 9557.27 | V62: =U62-U63 -> 8.39 | W62: =ROUNDDOWN(_xll.IMBC(S48,"세전단가",U51,T62),2) -> 9558.83 | X62: =W62-W63 -> 8.38 | Z62: -7.0 | AA62: =AA70+Z62/100 -> 2.122 | AB62: =ROUNDDOWN(_xll.IMBC(Z48,"세전단가",AB50,AA62),2) -> 9059.03 | AC62: =AB62-AB63 -> 14.83 | AD62: =ROUNDDOWN(_xll.IMBC(Z48,"세전단가",AB51,AA62),2) -> 9060.59 | AE62: =AD62-AD63 -> 14.83
E63: -6.0 | F63: =F70+E63/100 -> 1.015 | G63: =ROUNDDOWN(_xll.IMBC(E48,"세전단가",G50,F63),2) -> 9973.11 | H63: =G63-G64 -> 1.72 | I63: =ROUNDDOWN(_xll.IMBC(E48,"세전단가",G51,F63),2) -> 9973.94 | J63: =I63-I64 -> 1.72 | L63: -6.0 | M63: =M70+L63/100 -> 1.12 | N63: =ROUNDDOWN(_xll.IMBC(L48,"세전단가",N50,M63),2) -> 9940.06 | O63: =N63-N64 -> 2.44 | P63: =ROUNDDOWN(_xll.IMBC(L48,"세전단가",N51,M63),2) -> 9940.97 | Q63: =P63-P64 -> 2.44 | S63: -6.0 | T63: =T70+S63/100 -> 2.025 | U63: =ROUNDDOWN(_xll.IMBC(S48,"세전단가",U50,T63),2) -> 9548.88 | V63: =U63-U64 -> 8.38 | W63: =ROUNDDOWN(_xll.IMBC(S48,"세전단가",U51,T63),2) -> 9550.45 | X63: =W63-W64 -> 8.38 | Z63: -6.0 | AA63: =AA70+Z63/100 -> 2.132 | AB63: =ROUNDDOWN(_xll.IMBC(Z48,"세전단가",AB50,AA63),2) -> 9044.2 | AC63: =AB63-AB64 -> 14.8 | AD63: =ROUNDDOWN(_xll.IMBC(Z48,"세전단가",AB51,AA63),2) -> 9045.76 | AE63: =AD63-AD64 -> 14.79
E64: -5.0 | F64: =F70+E64/100 -> 1.025 | G64: =ROUNDDOWN(_xll.IMBC(E48,"세전단가",G50,F64),2) -> 9971.39 | H64: =G64-G65 -> 1.72 | I64: =ROUNDDOWN(_xll.IMBC(E48,"세전단가",G51,F64),2) -> 9972.22 | J64: =I64-I65 -> 1.71 | L64: -5.0 | M64: =M70+L64/100 -> 1.13 | N64: =ROUNDDOWN(_xll.IMBC(L48,"세전단가",N50,M64),2) -> 9937.62 | O64: =N64-N65 -> 2.45 | P64: =ROUNDDOWN(_xll.IMBC(L48,"세전단가",N51,M64),2) -> 9938.53 | Q64: =P64-P65 -> 2.44 | S64: -5.0 | T64: =T70+S64/100 -> 2.035 | U64: =ROUNDDOWN(_xll.IMBC(S48,"세전단가",U50,T64),2) -> 9540.5 | V64: =U64-U65 -> 8.37 | W64: =ROUNDDOWN(_xll.IMBC(S48,"세전단가",U51,T64),2) -> 9542.07 | X64: =W64-W65 -> 8.36 | Z64: -5.0 | AA64: =AA70+Z64/100 -> 2.142 | AB64: =ROUNDDOWN(_xll.IMBC(Z48,"세전단가",AB50,AA64),2) -> 9029.4 | AC64: =AB64-AB65 -> 14.77 | AD64: =ROUNDDOWN(_xll.IMBC(Z48,"세전단가",AB51,AA64),2) -> 9030.97 | AE64: =AD64-AD65 -> 14.77
E65: -4.0 | F65: =F70+E65/100 -> 1.035 | G65: =ROUNDDOWN(_xll.IMBC(E48,"세전단가",G50,F65),2) -> 9969.67 | H65: =G65-G66 -> 1.72 | I65: =ROUNDDOWN(_xll.IMBC(E48,"세전단가",G51,F65),2) -> 9970.51 | J65: =I65-I66 -> 1.72 | L65: -4.0 | M65: =M70+L65/100 -> 1.14 | N65: =ROUNDDOWN(_xll.IMBC(L48,"세전단가",N50,M65),2) -> 9935.17 | O65: =N65-N66 -> 2.44 | P65: =ROUNDDOWN(_xll.IMBC(L48,"세전단가",N51,M65),2) -> 9936.09 | Q65: =P65-P66 -> 2.43 | S65: -4.0 | T65: =T70+S65/100 -> 2.045 | U65: =ROUNDDOWN(_xll.IMBC(S48,"세전단가",U50,T65),2) -> 9532.13 | V65: =U65-U66 -> 8.37 | W65: =ROUNDDOWN(_xll.IMBC(S48,"세전단가",U51,T65),2) -> 9533.71 | X65: =W65-W66 -> 8.36 | Z65: -4.0 | AA65: =AA70+Z65/100 -> 2.152 | AB65: =ROUNDDOWN(_xll.IMBC(Z48,"세전단가",AB50,AA65),2) -> 9014.63 | AC65: =AB65-AB66 -> 14.75 | AD65: =ROUNDDOWN(_xll.IMBC(Z48,"세전단가",AB51,AA65),2) -> 9016.2 | AE65: =AD65-AD66 -> 14.74
E66: -3.0 | F66: =F70+E66/100 -> 1.045 | G66: =ROUNDDOWN(_xll.IMBC(E48,"세전단가",G50,F66),2) -> 9967.95 | H66: =G66-G67 -> 1.73 | I66: =ROUNDDOWN(_xll.IMBC(E48,"세전단가",G51,F66),2) -> 9968.79 | J66: =I66-I67 -> 1.71 | L66: -3.0 | M66: =M70+L66/100 -> 1.15 | N66: =ROUNDDOWN(_xll.IMBC(L48,"세전단가",N50,M66),2) -> 9932.73 | O66: =N66-N67 -> 2.45 | P66: =ROUNDDOWN(_xll.IMBC(L48,"세전단가",N51,M66),2) -> 9933.66 | Q66: =P66-P67 -> 2.44 | S66: -3.0 | T66: =T70+S66/100 -> 2.055 | U66: =ROUNDDOWN(_xll.IMBC(S48,"세전단가",U50,T66),2) -> 9523.76 | V66: =U66-U67 -> 8.35 | W66: =ROUNDDOWN(_xll.IMBC(S48,"세전단가",U51,T66),2) -> 9525.35 | X66: =W66-W67 -> 8.35 | Z66: -3.0 | AA66: =AA70+Z66/100 -> 2.162 | AB66: =ROUNDDOWN(_xll.IMBC(Z48,"세전단가",AB50,AA66),2) -> 8999.88 | AC66: =AB66-AB67 -> 14.72 | AD66: =ROUNDDOWN(_xll.IMBC(Z48,"세전단가",AB51,AA66),2) -> 9001.46 | AE66: =AD66-AD67 -> 14.72
E67: -2.0 | F67: =F70+E67/100 -> 1.055 | G67: =ROUNDDOWN(_xll.IMBC(E48,"세전단가",G50,F67),2) -> 9966.22 | H67: =G67-G68 -> 1.72 | I67: =ROUNDDOWN(_xll.IMBC(E48,"세전단가",G51,F67),2) -> 9967.08 | J67: =I67-I68 -> 1.72 | L67: -2.0 | M67: =M70+L67/100 -> 1.16 | N67: =ROUNDDOWN(_xll.IMBC(L48,"세전단가",N50,M67),2) -> 9930.28 | O67: =N67-N68 -> 2.44 | P67: =ROUNDDOWN(_xll.IMBC(L48,"세전단가",N51,M67),2) -> 9931.22 | Q67: =P67-P68 -> 2.44 | S67: -2.0 | T67: =T70+S67/100 -> 2.065 | U67: =ROUNDDOWN(_xll.IMBC(S48,"세전단가",U50,T67),2) -> 9515.41 | V67: =U67-U68 -> 8.35 | W67: =ROUNDDOWN(_xll.IMBC(S48,"세전단가",U51,T67),2) -> 9517 | X67: =W67-W68 -> 8.34 | Z67: -2.0 | AA67: =AA70+Z67/100 -> 2.172 | AB67: =ROUNDDOWN(_xll.IMBC(Z48,"세전단가",AB50,AA67),2) -> 8985.16 | AC67: =AB67-AB68 -> 14.69 | AD67: =ROUNDDOWN(_xll.IMBC(Z48,"세전단가",AB51,AA67),2) -> 8986.74 | AE67: =AD67-AD68 -> 14.68
E68: -1.0 | F68: =F70+E68/100 -> 1.065 | G68: =ROUNDDOWN(_xll.IMBC(E48,"세전단가",G50,F68),2) -> 9964.5 | H68: =G68-G69 -> 0.86 | I68: =ROUNDDOWN(_xll.IMBC(E48,"세전단가",G51,F68),2) -> 9965.36 | J68: =I68-I69 -> 0.85 | L68: -1.0 | M68: =M70+L68/100 -> 1.17 | N68: =ROUNDDOWN(_xll.IMBC(L48,"세전단가",N50,M68),2) -> 9927.84 | O68: =N68-N69 -> 1.22 | P68: =ROUNDDOWN(_xll.IMBC(L48,"세전단가",N51,M68),2) -> 9928.78 | Q68: =P68-P69 -> 1.21 | S68: -1.0 | T68: =T70+S68/100 -> 2.075 | U68: =ROUNDDOWN(_xll.IMBC(S48,"세전단가",U50,T68),2) -> 9507.06 | V68: =U68-U69 -> 4.17 | W68: =ROUNDDOWN(_xll.IMBC(S48,"세전단가",U51,T68),2) -> 9508.66 | X68: =W68-W69 -> 4.17 | Z68: -1.0 | AA68: =AA70+Z68/100 -> 2.182 | AB68: =ROUNDDOWN(_xll.IMBC(Z48,"세전단가",AB50,AA68),2) -> 8970.47 | AC68: =AB68-AB69 -> 7.34 | AD68: =ROUNDDOWN(_xll.IMBC(Z48,"세전단가",AB51,AA68),2) -> 8972.06 | AE68: =AD68-AD69 -> 7.34
E69: -0.5 | F69: =F70+E69/100 -> 1.07 | G69: =ROUNDDOWN(_xll.IMBC(E48,"세전단가",G50,F69),2) -> 9963.64 | H69: =G69-G70 -> 0.86 | I69: =ROUNDDOWN(_xll.IMBC(E48,"세전단가",G51,F69),2) -> 9964.51 | J69: =I69-I70 -> 0.86 | L69: -0.5 | M69: =M70+L69/100 -> 1.175 | N69: =ROUNDDOWN(_xll.IMBC(L48,"세전단가",N50,M69),2) -> 9926.62 | O69: =N69-N70 -> 1.23 | P69: =ROUNDDOWN(_xll.IMBC(L48,"세전단가",N51,M69),2) -> 9927.57 | Q69: =P69-P70 -> 1.22 | S69: -0.5 | T69: =T70+S69/100 -> 2.08 | U69: =ROUNDDOWN(_xll.IMBC(S48,"세전단가",U50,T69),2) -> 9502.89 | V69: =U69-U70 -> 4.17 | W69: =ROUNDDOWN(_xll.IMBC(S48,"세전단가",U51,T69),2) -> 9504.49 | X69: =W69-W70 -> 4.16 | Z69: -0.5 | AA69: =AA70+Z69/100 -> 2.187 | AB69: =ROUNDDOWN(_xll.IMBC(Z48,"세전단가",AB50,AA69),2) -> 8963.13 | AC69: =AB69-AB70 -> 7.32 | AD69: =ROUNDDOWN(_xll.IMBC(Z48,"세전단가",AB51,AA69),2) -> 8964.72 | AE69: =AD69-AD70 -> 7.32
E70: 0 | F70: =IF(G52="",I51,ROUNDDOWN(G52,2)) -> 1.075 | G70: =ROUNDDOWN(_xll.IMBC(E48,"세전단가",G50,F70),2) -> 9962.78 | I70: =ROUNDDOWN(_xll.IMBC(E48,"세전단가",G51,F70),2) -> 9963.65 | L70: 0 | M70: =IF(N52="",P51,ROUNDDOWN(N52,2)) -> 1.18 | N70: =ROUNDDOWN(_xll.IMBC(L48,"세전단가",N50,M70),2) -> 9925.39 | P70: =ROUNDDOWN(_xll.IMBC(L48,"세전단가",N51,M70),2) -> 9926.35 | S70: 0 | T70: =IF(U52="",W51,ROUNDDOWN(U52,2)) -> 2.085 | U70: =ROUNDDOWN(_xll.IMBC(S48,"세전단가",U50,T70),2) -> 9498.72 | W70: =ROUNDDOWN(_xll.IMBC(S48,"세전단가",U51,T70),2) -> 9500.33 | Z70: 0 | AA70: =IF(AB52="",AD51,ROUNDDOWN(AB52,2)) -> 2.192 | AB70: =ROUNDDOWN(_xll.IMBC(Z48,"세전단가",AB50,AA70),2) -> 8955.81 | AD70: =ROUNDDOWN(_xll.IMBC(Z48,"세전단가",AB51,AA70),2) -> 8957.4
E71: +0.5 | F71: =F70+E71/100 -> 1.08 | G71: =ROUNDDOWN(_xll.IMBC(E48,"세전단가",G50,F71),2) -> 9961.92 | H71: =G71-G70 -> -0.86 | I71: =ROUNDDOWN(_xll.IMBC(E48,"세전단가",G51,F71),2) -> 9962.79 | J71: =I71-I70 -> -0.86 | L71: +0.5 | M71: =M70+L71/100 -> 1.185 | N71: =ROUNDDOWN(_xll.IMBC(L48,"세전단가",N50,M71),2) -> 9924.17 | O71: =N71-N70 -> -1.22 | P71: =ROUNDDOWN(_xll.IMBC(L48,"세전단가",N51,M71),2) -> 9925.13 | Q71: =P71-P70 -> -1.22 | S71: +0.5 | T71: =T70+S71/100 -> 2.09 | U71: =ROUNDDOWN(_xll.IMBC(S48,"세전단가",U50,T71),2) -> 9494.55 | V71: =U71-U70 -> -4.17 | W71: =ROUNDDOWN(_xll.IMBC(S48,"세전단가",U51,T71),2) -> 9496.16 | X71: =W71-W70 -> -4.17 | Z71: +0.5 | AA71: =AA70+Z71/100 -> 2.197 | AB71: =ROUNDDOWN(_xll.IMBC(Z48,"세전단가",AB50,AA71),2) -> 8948.48 | AC71: =AB71-AB70 -> -7.33 | AD71: =ROUNDDOWN(_xll.IMBC(Z48,"세전단가",AB51,AA71),2) -> 8950.08 | AE71: =AD71-AD70 -> -7.32
E72: +1.0 | F72: =F70+E72/100 -> 1.085 | G72: =ROUNDDOWN(_xll.IMBC(E48,"세전단가",G50,F72),2) -> 9961.06 | H72: =G72-G71 -> -0.86 | I72: =ROUNDDOWN(_xll.IMBC(E48,"세전단가",G51,F72),2) -> 9961.94 | J72: =I72-I71 -> -0.85 | L72: +1.0 | M72: =M70+L72/100 -> 1.19 | N72: =ROUNDDOWN(_xll.IMBC(L48,"세전단가",N50,M72),2) -> 9922.95 | O72: =N72-N71 -> -1.22 | P72: =ROUNDDOWN(_xll.IMBC(L48,"세전단가",N51,M72),2) -> 9923.91 | Q72: =P72-P71 -> -1.22 | S72: +1.0 | T72: =T70+S72/100 -> 2.095 | U72: =ROUNDDOWN(_xll.IMBC(S48,"세전단가",U50,T72),2) -> 9490.39 | V72: =U72-U71 -> -4.16 | W72: =ROUNDDOWN(_xll.IMBC(S48,"세전단가",U51,T72),2) -> 9492 | X72: =W72-W71 -> -4.16 | Z72: +1.0 | AA72: =AA70+Z72/100 -> 2.202 | AB72: =ROUNDDOWN(_xll.IMBC(Z48,"세전단가",AB50,AA72),2) -> 8941.17 | AC72: =AB72-AB71 -> -7.31 | AD72: =ROUNDDOWN(_xll.IMBC(Z48,"세전단가",AB51,AA72),2) -> 8942.77 | AE72: =AD72-AD71 -> -7.31
E73: +2.0 | F73: =F70+E73/100 -> 1.095 | G73: =ROUNDDOWN(_xll.IMBC(E48,"세전단가",G50,F73),2) -> 9959.34 | H73: =G73-G72 -> -1.72 | I73: =ROUNDDOWN(_xll.IMBC(E48,"세전단가",G51,F73),2) -> 9960.23 | J73: =I73-I72 -> -1.71 | L73: +2.0 | M73: =M70+L73/100 -> 1.2 | N73: =ROUNDDOWN(_xll.IMBC(L48,"세전단가",N50,M73),2) -> 9920.51 | O73: =N73-N72 -> -2.44 | P73: =ROUNDDOWN(_xll.IMBC(L48,"세전단가",N51,M73),2) -> 9921.48 | Q73: =P73-P72 -> -2.43 | S73: +2.0 | T73: =T70+S73/100 -> 2.105 | U73: =ROUNDDOWN(_xll.IMBC(S48,"세전단가",U50,T73),2) -> 9482.07 | V73: =U73-U72 -> -8.32 | W73: =ROUNDDOWN(_xll.IMBC(S48,"세전단가",U51,T73),2) -> 9483.69 | X73: =W73-W72 -> -8.31 | Z73: +2.0 | AA73: =AA70+Z73/100 -> 2.212 | AB73: =ROUNDDOWN(_xll.IMBC(Z48,"세전단가",AB50,AA73),2) -> 8926.56 | AC73: =AB73-AB72 -> -14.61 | AD73: =ROUNDDOWN(_xll.IMBC(Z48,"세전단가",AB51,AA73),2) -> 8928.16 | AE73: =AD73-AD72 -> -14.61
E74: +3.0 | F74: =F70+E74/100 -> 1.105 | G74: =ROUNDDOWN(_xll.IMBC(E48,"세전단가",G50,F74),2) -> 9957.62 | H74: =G74-G73 -> -1.72 | I74: =ROUNDDOWN(_xll.IMBC(E48,"세전단가",G51,F74),2) -> 9958.51 | J74: =I74-I73 -> -1.72 | L74: +3.0 | M74: =M70+L74/100 -> 1.21 | N74: =ROUNDDOWN(_xll.IMBC(L48,"세전단가",N50,M74),2) -> 9918.07 | O74: =N74-N73 -> -2.44 | P74: =ROUNDDOWN(_xll.IMBC(L48,"세전단가",N51,M74),2) -> 9919.05 | Q74: =P74-P73 -> -2.43 | S74: +3.0 | T74: =T70+S74/100 -> 2.115 | U74: =ROUNDDOWN(_xll.IMBC(S48,"세전단가",U50,T74),2) -> 9473.75 | V74: =U74-U73 -> -8.32 | W74: =ROUNDDOWN(_xll.IMBC(S48,"세전단가",U51,T74),2) -> 9475.38 | X74: =W74-W73 -> -8.31 | Z74: +3.0 | AA74: =AA70+Z74/100 -> 2.222 | AB74: =ROUNDDOWN(_xll.IMBC(Z48,"세전단가",AB50,AA74),2) -> 8911.98 | AC74: =AB74-AB73 -> -14.58 | AD74: =ROUNDDOWN(_xll.IMBC(Z48,"세전단가",AB51,AA74),2) -> 8913.58 | AE74: =AD74-AD73 -> -14.58
E75: +4.0 | F75: =F70+E75/100 -> 1.115 | G75: =ROUNDDOWN(_xll.IMBC(E48,"세전단가",G50,F75),2) -> 9955.9 | H75: =G75-G74 -> -1.72 | I75: =ROUNDDOWN(_xll.IMBC(E48,"세전단가",G51,F75),2) -> 9956.8 | J75: =I75-I74 -> -1.71 | L75: +4.0 | M75: =M70+L75/100 -> 1.22 | N75: =ROUNDDOWN(_xll.IMBC(L48,"세전단가",N50,M75),2) -> 9915.63 | O75: =N75-N74 -> -2.44 | P75: =ROUNDDOWN(_xll.IMBC(L48,"세전단가",N51,M75),2) -> 9916.62 | Q75: =P75-P74 -> -2.43 | S75: +4.0 | T75: =T70+S75/100 -> 2.125 | U75: =ROUNDDOWN(_xll.IMBC(S48,"세전단가",U50,T75),2) -> 9465.44 | V75: =U75-U74 -> -8.31 | W75: =ROUNDDOWN(_xll.IMBC(S48,"세전단가",U51,T75),2) -> 9467.08 | X75: =W75-W74 -> -8.3 | Z75: +4.0 | AA75: =AA70+Z75/100 -> 2.232 | AB75: =ROUNDDOWN(_xll.IMBC(Z48,"세전단가",AB50,AA75),2) -> 8897.42 | AC75: =AB75-AB74 -> -14.56 | AD75: =ROUNDDOWN(_xll.IMBC(Z48,"세전단가",AB51,AA75),2) -> 8899.03 | AE75: =AD75-AD74 -> -14.55
E76: +5.0 | F76: =F70+E76/100 -> 1.125 | G76: =ROUNDDOWN(_xll.IMBC(E48,"세전단가",G50,F76),2) -> 9954.18 | H76: =G76-G75 -> -1.72 | I76: =ROUNDDOWN(_xll.IMBC(E48,"세전단가",G51,F76),2) -> 9955.09 | J76: =I76-I75 -> -1.71 | L76: +5.0 | M76: =M70+L76/100 -> 1.23 | N76: =ROUNDDOWN(_xll.IMBC(L48,"세전단가",N50,M76),2) -> 9913.19 | O76: =N76-N75 -> -2.44 | P76: =ROUNDDOWN(_xll.IMBC(L48,"세전단가",N51,M76),2) -> 9914.18 | Q76: =P76-P75 -> -2.44 | S76: +5.0 | T76: =T70+S76/100 -> 2.135 | U76: =ROUNDDOWN(_xll.IMBC(S48,"세전단가",U50,T76),2) -> 9457.14 | V76: =U76-U75 -> -8.3 | W76: =ROUNDDOWN(_xll.IMBC(S48,"세전단가",U51,T76),2) -> 9458.78 | X76: =W76-W75 -> -8.3 | Z76: +5.0 | AA76: =AA70+Z76/100 -> 2.242 | AB76: =ROUNDDOWN(_xll.IMBC(Z48,"세전단가",AB50,AA76),2) -> 8882.89 | AC76: =AB76-AB75 -> -14.53 | AD76: =ROUNDDOWN(_xll.IMBC(Z48,"세전단가",AB51,AA76),2) -> 8884.51 | AE76: =AD76-AD75 -> -14.52
E77: +6.0 | F77: =F70+E77/100 -> 1.135 | G77: =ROUNDDOWN(_xll.IMBC(E48,"세전단가",G50,F77),2) -> 9952.46 | H77: =G77-G76 -> -1.72 | I77: =ROUNDDOWN(_xll.IMBC(E48,"세전단가",G51,F77),2) -> 9953.38 | J77: =I77-I76 -> -1.71 | L77: +6.0 | M77: =M70+L77/100 -> 1.24 | N77: =ROUNDDOWN(_xll.IMBC(L48,"세전단가",N50,M77),2) -> 9910.75 | O77: =N77-N76 -> -2.44 | P77: =ROUNDDOWN(_xll.IMBC(L48,"세전단가",N51,M77),2) -> 9911.75 | Q77: =P77-P76 -> -2.43 | S77: +6.0 | T77: =T70+S77/100 -> 2.145 | U77: =ROUNDDOWN(_xll.IMBC(S48,"세전단가",U50,T77),2) -> 9448.85 | V77: =U77-U76 -> -8.29 | W77: =ROUNDDOWN(_xll.IMBC(S48,"세전단가",U51,T77),2) -> 9450.5 | X77: =W77-W76 -> -8.28 | Z77: +6.0 | AA77: =AA70+Z77/100 -> 2.252 | AB77: =ROUNDDOWN(_xll.IMBC(Z48,"세전단가",AB50,AA77),2) -> 8868.39 | AC77: =AB77-AB76 -> -14.5 | AD77: =ROUNDDOWN(_xll.IMBC(Z48,"세전단가",AB51,AA77),2) -> 8870.01 | AE77: =AD77-AD76 -> -14.5
E78: +7.0 | F78: =F70+E78/100 -> 1.145 | G78: =ROUNDDOWN(_xll.IMBC(E48,"세전단가",G50,F78),2) -> 9950.74 | H78: =G78-G77 -> -1.72 | I78: =ROUNDDOWN(_xll.IMBC(E48,"세전단가",G51,F78),2) -> 9951.67 | J78: =I78-I77 -> -1.71 | L78: +7.0 | M78: =M70+L78/100 -> 1.25 | N78: =ROUNDDOWN(_xll.IMBC(L48,"세전단가",N50,M78),2) -> 9908.31 | O78: =N78-N77 -> -2.44 | P78: =ROUNDDOWN(_xll.IMBC(L48,"세전단가",N51,M78),2) -> 9909.32 | Q78: =P78-P77 -> -2.43 | S78: +7.0 | T78: =T70+S78/100 -> 2.155 | U78: =ROUNDDOWN(_xll.IMBC(S48,"세전단가",U50,T78),2) -> 9440.57 | V78: =U78-U77 -> -8.28 | W78: =ROUNDDOWN(_xll.IMBC(S48,"세전단가",U51,T78),2) -> 9442.22 | X78: =W78-W77 -> -8.28 | Z78: +7.0 | AA78: =AA70+Z78/100 -> 2.262 | AB78: =ROUNDDOWN(_xll.IMBC(Z48,"세전단가",AB50,AA78),2) -> 8853.92 | AC78: =AB78-AB77 -> -14.47 | AD78: =ROUNDDOWN(_xll.IMBC(Z48,"세전단가",AB51,AA78),2) -> 8855.54 | AE78: =AD78-AD77 -> -14.47
E79: +8.0 | F79: =F70+E79/100 -> 1.155 | G79: =ROUNDDOWN(_xll.IMBC(E48,"세전단가",G50,F79),2) -> 9949.02 | H79: =G79-G78 -> -1.72 | I79: =ROUNDDOWN(_xll.IMBC(E48,"세전단가",G51,F79),2) -> 9949.96 | J79: =I79-I78 -> -1.71 | L79: +8.0 | M79: =M70+L79/100 -> 1.26 | N79: =ROUNDDOWN(_xll.IMBC(L48,"세전단가",N50,M79),2) -> 9905.88 | O79: =N79-N78 -> -2.43 | P79: =ROUNDDOWN(_xll.IMBC(L48,"세전단가",N51,M79),2) -> 9906.89 | Q79: =P79-P78 -> -2.43 | S79: +8.0 | T79: =T70+S79/100 -> 2.165 | U79: =ROUNDDOWN(_xll.IMBC(S48,"세전단가",U50,T79),2) -> 9432.3 | V79: =U79-U78 -> -8.27 | W79: =ROUNDDOWN(_xll.IMBC(S48,"세전단가",U51,T79),2) -> 9433.95 | X79: =W79-W78 -> -8.27 | Z79: +8.0 | AA79: =AA70+Z79/100 -> 2.272 | AB79: =ROUNDDOWN(_xll.IMBC(Z48,"세전단가",AB50,AA79),2) -> 8839.47 | AC79: =AB79-AB78 -> -14.45 | AD79: =ROUNDDOWN(_xll.IMBC(Z48,"세전단가",AB51,AA79),2) -> 8841.1 | AE79: =AD79-AD78 -> -14.44
E80: +9.0 | F80: =F70+E80/100 -> 1.165 | G80: =ROUNDDOWN(_xll.IMBC(E48,"세전단가",G50,F80),2) -> 9947.31 | H80: =G80-G79 -> -1.71 | I80: =ROUNDDOWN(_xll.IMBC(E48,"세전단가",G51,F80),2) -> 9948.25 | J80: =I80-I79 -> -1.71 | L80: +9.0 | M80: =M70+L80/100 -> 1.27 | N80: =ROUNDDOWN(_xll.IMBC(L48,"세전단가",N50,M80),2) -> 9903.44 | O80: =N80-N79 -> -2.44 | P80: =ROUNDDOWN(_xll.IMBC(L48,"세전단가",N51,M80),2) -> 9904.46 | Q80: =P80-P79 -> -2.43 | S80: +9.0 | T80: =T70+S80/100 -> 2.175 | U80: =ROUNDDOWN(_xll.IMBC(S48,"세전단가",U50,T80),2) -> 9424.03 | V80: =U80-U79 -> -8.27 | W80: =ROUNDDOWN(_xll.IMBC(S48,"세전단가",U51,T80),2) -> 9425.69 | X80: =W80-W79 -> -8.26 | Z80: +9.0 | AA80: =AA70+Z80/100 -> 2.282 | AB80: =ROUNDDOWN(_xll.IMBC(Z48,"세전단가",AB50,AA80),2) -> 8825.05 | AC80: =AB80-AB79 -> -14.42 | AD80: =ROUNDDOWN(_xll.IMBC(Z48,"세전단가",AB51,AA80),2) -> 8826.68 | AE80: =AD80-AD79 -> -14.42
E81: +10.0 | F81: =F70+E81/100 -> 1.175 | G81: =ROUNDDOWN(_xll.IMBC(E48,"세전단가",G50,F81),2) -> 9945.59 | H81: =G81-G80 -> -1.72 | I81: =ROUNDDOWN(_xll.IMBC(E48,"세전단가",G51,F81),2) -> 9946.54 | J81: =I81-I80 -> -1.71 | L81: +10.0 | M81: =M70+L81/100 -> 1.28 | N81: =ROUNDDOWN(_xll.IMBC(L48,"세전단가",N50,M81),2) -> 9901 | O81: =N81-N80 -> -2.44 | P81: =ROUNDDOWN(_xll.IMBC(L48,"세전단가",N51,M81),2) -> 9902.04 | Q81: =P81-P80 -> -2.42 | S81: +10.0 | T81: =T70+S81/100 -> 2.185 | U81: =ROUNDDOWN(_xll.IMBC(S48,"세전단가",U50,T81),2) -> 9415.77 | V81: =U81-U80 -> -8.26 | W81: =ROUNDDOWN(_xll.IMBC(S48,"세전단가",U51,T81),2) -> 9417.44 | X81: =W81-W80 -> -8.25 | Z81: +10.0 | AA81: =AA70+Z81/100 -> 2.292 | AB81: =ROUNDDOWN(_xll.IMBC(Z48,"세전단가",AB50,AA81),2) -> 8810.65 | AC81: =AB81-AB80 -> -14.4 | AD81: =ROUNDDOWN(_xll.IMBC(Z48,"세전단가",AB51,AA81),2) -> 8812.29 | AE81: =AD81-AD80 -> -14.39
E82: +11.0 | F82: =F70+E82/100 -> 1.185 | G82: =ROUNDDOWN(_xll.IMBC(E48,"세전단가",G50,F82),2) -> 9943.87 | H82: =G82-G81 -> -1.72 | I82: =ROUNDDOWN(_xll.IMBC(E48,"세전단가",G51,F82),2) -> 9944.83 | J82: =I82-I81 -> -1.71 | L82: +11.0 | M82: =M70+L82/100 -> 1.29 | N82: =ROUNDDOWN(_xll.IMBC(L48,"세전단가",N50,M82),2) -> 9898.57 | O82: =N82-N81 -> -2.43 | P82: =ROUNDDOWN(_xll.IMBC(L48,"세전단가",N51,M82),2) -> 9899.61 | Q82: =P82-P81 -> -2.43 | S82: +11.0 | T82: =T70+S82/100 -> 2.195 | U82: =ROUNDDOWN(_xll.IMBC(S48,"세전단가",U50,T82),2) -> 9407.52 | V82: =U82-U81 -> -8.25 | W82: =ROUNDDOWN(_xll.IMBC(S48,"세전단가",U51,T82),2) -> 9409.19 | X82: =W82-W81 -> -8.25 | Z82: +11.0 | AA82: =AA70+Z82/100 -> 2.302 | AB82: =ROUNDDOWN(_xll.IMBC(Z48,"세전단가",AB50,AA82),2) -> 8796.28 | AC82: =AB82-AB81 -> -14.37 | AD82: =ROUNDDOWN(_xll.IMBC(Z48,"세전단가",AB51,AA82),2) -> 8797.93 | AE82: =AD82-AD81 -> -14.36
E83: +12.0 | F83: =F70+E83/100 -> 1.195 | G83: =ROUNDDOWN(_xll.IMBC(E48,"세전단가",G50,F83),2) -> 9942.16 | H83: =G83-G82 -> -1.71 | I83: =ROUNDDOWN(_xll.IMBC(E48,"세전단가",G51,F83),2) -> 9943.12 | J83: =I83-I82 -> -1.71 | L83: +12.0 | M83: =M70+L83/100 -> 1.3 | N83: =ROUNDDOWN(_xll.IMBC(L48,"세전단가",N50,M83),2) -> 9896.14 | O83: =N83-N82 -> -2.43 | P83: =ROUNDDOWN(_xll.IMBC(L48,"세전단가",N51,M83),2) -> 9897.18 | Q83: =P83-P82 -> -2.43 | S83: +12.0 | T83: =T70+S83/100 -> 2.205 | U83: =ROUNDDOWN(_xll.IMBC(S48,"세전단가",U50,T83),2) -> 9399.28 | V83: =U83-U82 -> -8.24 | W83: =ROUNDDOWN(_xll.IMBC(S48,"세전단가",U51,T83),2) -> 9400.96 | X83: =W83-W82 -> -8.23 | Z83: +12.0 | AA83: =AA70+Z83/100 -> 2.312 | AB83: =ROUNDDOWN(_xll.IMBC(Z48,"세전단가",AB50,AA83),2) -> 8781.94 | AC83: =AB83-AB82 -> -14.34 | AD83: =ROUNDDOWN(_xll.IMBC(Z48,"세전단가",AB51,AA83),2) -> 8783.59 | AE83: =AD83-AD82 -> -14.34
E84: +13.0 | F84: =F70+E84/100 -> 1.205 | G84: =ROUNDDOWN(_xll.IMBC(E48,"세전단가",G50,F84),2) -> 9940.44 | H84: =G84-G83 -> -1.72 | I84: =ROUNDDOWN(_xll.IMBC(E48,"세전단가",G51,F84),2) -> 9941.41 | J84: =I84-I83 -> -1.71 | L84: +13.0 | M84: =M70+L84/100 -> 1.31 | N84: =ROUNDDOWN(_xll.IMBC(L48,"세전단가",N50,M84),2) -> 9893.7 | O84: =N84-N83 -> -2.44 | P84: =ROUNDDOWN(_xll.IMBC(L48,"세전단가",N51,M84),2) -> 9894.76 | Q84: =P84-P83 -> -2.42 | S84: +13.0 | T84: =T70+S84/100 -> 2.215 | U84: =ROUNDDOWN(_xll.IMBC(S48,"세전단가",U50,T84),2) -> 9391.04 | V84: =U84-U83 -> -8.24 | W84: =ROUNDDOWN(_xll.IMBC(S48,"세전단가",U51,T84),2) -> 9392.73 | X84: =W84-W83 -> -8.23 | Z84: +13.0 | AA84: =AA70+Z84/100 -> 2.322 | AB84: =ROUNDDOWN(_xll.IMBC(Z48,"세전단가",AB50,AA84),2) -> 8767.63 | AC84: =AB84-AB83 -> -14.31 | AD84: =ROUNDDOWN(_xll.IMBC(Z48,"세전단가",AB51,AA84),2) -> 8769.28 | AE84: =AD84-AD83 -> -14.31
E85: +14.0 | F85: =F70+E85/100 -> 1.215 | G85: =ROUNDDOWN(_xll.IMBC(E48,"세전단가",G50,F85),2) -> 9938.72 | H85: =G85-G84 -> -1.72 | I85: =ROUNDDOWN(_xll.IMBC(E48,"세전단가",G51,F85),2) -> 9939.7 | J85: =I85-I84 -> -1.71 | L85: +14.0 | M85: =M70+L85/100 -> 1.32 | N85: =ROUNDDOWN(_xll.IMBC(L48,"세전단가",N50,M85),2) -> 9891.27 | O85: =N85-N84 -> -2.43 | P85: =ROUNDDOWN(_xll.IMBC(L48,"세전단가",N51,M85),2) -> 9892.33 | Q85: =P85-P84 -> -2.43 | S85: +14.0 | T85: =T70+S85/100 -> 2.225 | U85: =ROUNDDOWN(_xll.IMBC(S48,"세전단가",U50,T85),2) -> 9382.81 | V85: =U85-U84 -> -8.23 | W85: =ROUNDDOWN(_xll.IMBC(S48,"세전단가",U51,T85),2) -> 9384.51 | X85: =W85-W84 -> -8.22 | Z85: +14.0 | AA85: =AA70+Z85/100 -> 2.332 | AB85: =ROUNDDOWN(_xll.IMBC(Z48,"세전단가",AB50,AA85),2) -> 8753.34 | AC85: =AB85-AB84 -> -14.29 | AD85: =ROUNDDOWN(_xll.IMBC(Z48,"세전단가",AB51,AA85),2) -> 8755 | AE85: =AD85-AD84 -> -14.28
E86: +15.0 | F86: =F70+E86/100 -> 1.225 | G86: =ROUNDDOWN(_xll.IMBC(E48,"세전단가",G50,F86),2) -> 9937.01 | H86: =G86-G85 -> -1.71 | I86: =ROUNDDOWN(_xll.IMBC(E48,"세전단가",G51,F86),2) -> 9938 | J86: =I86-I85 -> -1.7 | L86: +15.0 | M86: =M70+L86/100 -> 1.33 | N86: =ROUNDDOWN(_xll.IMBC(L48,"세전단가",N50,M86),2) -> 9888.84 | O86: =N86-N85 -> -2.43 | P86: =ROUNDDOWN(_xll.IMBC(L48,"세전단가",N51,M86),2) -> 9889.91 | Q86: =P86-P85 -> -2.42 | S86: +15.0 | T86: =T70+S86/100 -> 2.235 | U86: =ROUNDDOWN(_xll.IMBC(S48,"세전단가",U50,T86),2) -> 9374.59 | V86: =U86-U85 -> -8.22 | W86: =ROUNDDOWN(_xll.IMBC(S48,"세전단가",U51,T86),2) -> 9376.29 | X86: =W86-W85 -> -8.22 | Z86: +15.0 | AA86: =AA70+Z86/100 -> 2.342 | AB86: =ROUNDDOWN(_xll.IMBC(Z48,"세전단가",AB50,AA86),2) -> 8739.08 | AC86: =AB86-AB85 -> -14.26 | AD86: =ROUNDDOWN(_xll.IMBC(Z48,"세전단가",AB51,AA86),2) -> 8740.74 | AE86: =AD86-AD85 -> -14.26

Sheet 수익률계산
E2: 일일단가 금리표 (0.5단가) - 수익률
E4: 1 | M4: 2 | U4: 3 | AC4: 4
B5: 1 | C5: 1 | E5: KR103503GB32 | G5: =_xll.IMDP("BND",E5,"한글종목명") -> 국고00750-2303(21-3) | M5: KR103501GAC4 | O5: =_xll.IMDP("BND",M5,"한글종목명") -> 국고00875-2312(20-8) | U5: KR103502GAC2 | W5: =_xll.IMDP("BND",U5,"한글종목명") -> 국고01500-3012(20-9) | AC5: KR103502GA91 | AE5: =_xll.IMDP("BND",AC5,"한글종목명") -> 국고01500-4009(20-7)
B6: 2 | C6: 1 | E6: 만기일 | G6: =_xll.IMDP("BND",E5,"만기일") -> 20230310 | I6: 기 준 | J6: 시가평가 | M6: 만기일 | O6: =_xll.IMDP("BND",M5,"만기일") -> 20231210 | Q6: 기 준 | R6: 시가평가 | U6: 만기일 | W6: =_xll.IMDP("BND",U5,"만기일") -> 20301210 | Y6: 기 준 | Z6: 시가평가 | AC6: 만기일 | AE6: =_xll.IMDP("BND",AC5,"만기일") -> 20400910 | AG6: 기 준 | AH6: 시가평가
B7: 3 | C7: 1 | E7: 결제일(당일) | G7: =TODAY() -> 44358 | I7: 수익률 | J7: 시가평가 | M7: 결제일(당일) | O7: =TODAY() -> 44358 | Q7: 수익률 | R7: 시가평가 | U7: 결제일(당일) | W7: =TODAY() -> 44358 | Y7: 수익률 | Z7: 시가평가 | AC7: 결제일(당일) | AE7: =TODAY() -> 44358 | AG7: 수익률 | AH7: 시가평가
B8: 4 | C8: 1 | E8: 결제일(익일) | G8: =WORKDAY(TODAY(),1) -> 44361 | I8: 가 격 | J8: =ROUNDDOWN(_xll.IMDP("BND",E5,INDEX(Sheet1!$B$2:$C$7,$C$5,2)),2) -> 1.07 | M8: 결제일(익일) | O8: =WORKDAY(TODAY(),1) -> 44361 | Q8: 가 격 | R8: =ROUNDDOWN(_xll.IMDP("BND",M5,INDEX(Sheet1!$B$2:$C$7,$C$5,2)),2) -> 1.18 | U8: 결제일(익일) | W8: =WORKDAY(TODAY(),1) -> 44361 | Y8: 가 격 | Z8: =ROUNDDOWN(_xll.IMDP("BND",U5,INDEX(Sheet1!$B$2:$C$7,$C$5,2)),2) -> 2.08 | AC8: 결제일(익일) | AE8: =WORKDAY(TODAY(),1) -> 44361 | AG8: 가 격 | AH8: =ROUNDDOWN(_xll.IMDP("BND",AC5,INDEX(Sheet1!$B$2:$C$7,$C$5,2)),2) -> 2.19
B9: 5 | C9: 1 | E9: 수 익 률 | J9: =ROUNDDOWN(_xll.IMDP("BND",E5,INDEX(Sheet1!$B$9:$C$14,$C$5,2)),2) -> 9962.66 | M9: 수 익 률 | R9: =ROUNDDOWN(_xll.IMDP("BND",M5,INDEX(Sheet1!$B$9:$C$14,$C$5,2)),2) -> 9925.23 | U9: 수 익 률 | Z9: =ROUNDDOWN(_xll.IMDP("BND",U5,INDEX(Sheet1!$B$9:$C$14,$C$5,2)),2) -> 9498.72 | AC9: 수 익 률 | AH9: =ROUNDDOWN(_xll.IMDP("BND",AC5,INDEX(Sheet1!$B$9:$C$14,$C$5,2)),2) -> 8955.81
B10: 6 | C10: 1 | E10: 원 | F10: 단가 | G10: 당일 | H10: bp | I10: 단가(+1일) | J10: 익일 | K10: bp | M10: 원 | N10: 단가 | O10: 당일 | P10: bp | Q10: 단가(+1일) | R10: 익일 | S10: bp | U10: 원 | V10: 단가 | W10: 당일 | X10: bp | Y10: 단가(+1일) | Z10: 익일 | AA10: bp | AC10: 원 | AD10: 단가 | AE10: 당일 | AF10: bp | AG10: 단가(+1일) | AH10: 익일 | AI10: bp
B11: 7 | C11: 1 | E11: -15.0 | F11: =F27+E11 -> 9947 | G11: =ROUNDDOWN(_xll.IMBC(E5,"세전수익률",G7,F11,"세전단가"),4) -> 1.166 | H11: =(G11-G12)*100 -> 0.6 | I11: =I27+E11 -> 9949 | J11: =ROUNDDOWN(_xll.IMBC(E5,"세전수익률",G8,F11,"세전단가"),4) -> 1.172 | K11: =(J11-J12)*100 -> 0.6 | M11: -15.0 | N11: =N27+M11 -> 9910 | O11: =ROUNDDOWN(_xll.IMBC(M5,"세전수익률",O7,N11,"세전단가"),4) -> 1.243 | P11: =(O11-O12)*100 -> 0.4 | Q11: =Q27+M11 -> 9911 | R11: =ROUNDDOWN(_xll.IMBC(M5,"세전수익률",O8,N11,"세전단가"),4) -> 1.247 | S11: =(R11-R12)*100 -> 0.4 | U11: -15.0 | V11: =V27+U11 -> 9483 | W11: =ROUNDDOWN(_xll.IMBC(U5,"세전수익률",W7,V11,"세전단가"),4) -> 2.103 | X11: =(W11-W12)*100 -> 0.1 | Y11: =Y27+U11 -> 9489 | Z11: =ROUNDDOWN(_xll.IMBC(U5,"세전수익률",W8,V11,"세전단가"),4) -> 2.105 | AA11: =(Z11-Z12)*100 -> 0.1 | AC11: -15.0 | AD11: =AD27+AC11 -> 8940 | AE11: =ROUNDDOWN(_xll.IMBC(AC5,"세전수익률",AE7,AD11,"세전단가"),4) -> 2.202 | AF11: =(AE11-AE12)*100 -> 0 | AG11: =AG27+AC11 -> 8945 | AH11: =ROUNDDOWN(_xll.IMBC(AC5,"세전수익률",AE8,AD11,"세전단가"),4) -> 2.203 | AI11: =(AH11-AH12)*100 -> 0
B12: 8 | C12: 1 | E12: -14.0 | F12: =F27+E12 -> 9948 | G12: =ROUNDDOWN(_xll.IMBC(E5,"세전수익률",G7,F12,"세전단가"),4) -> 1.16 | H12: =(G12-G13)*100 -> 0.5 | I12: =I27+E12 -> 9950 | J12: =ROUNDDOWN(_xll.IMBC(E5,"세전수익률",G8,F12,"세전단가"),4) -> 1.166 | K12: =(J12-J13)*100 -> 0.6 | M12: -14.0 | N12: =N27+M12 -> 9911 | O12: =ROUNDDOWN(_xll.IMBC(M5,"세전수익률",O7,N12,"세전단가"),4) -> 1.239 | P12: =(O12-O13)*100 -> 0.5 | Q12: =Q27+M12 -> 9912 | R12: =ROUNDDOWN(_xll.IMBC(M5,"세전수익률",O8,N12,"세전단가"),4) -> 1.243 | S12: =(R12-R13)*100 -> 0.4 | U12: -14.0 | V12: =V27+U12 -> 9484 | W12: =ROUNDDOWN(_xll.IMBC(U5,"세전수익률",W7,V12,"세전단가"),4) -> 2.102 | X12: =(W12-W13)*100 -> 0.1 | Y12: =Y27+U12 -> 9490 | Z12: =ROUNDDOWN(_xll.IMBC(U5,"세전수익률",W8,V12,"세전단가"),4) -> 2.104 | AA12: =(Z12-Z13)*100 -> 0.1 | AC12: -14.0 | AD12: =AD27+AC12 -> 8941 | AE12: =ROUNDDOWN(_xll.IMBC(AC5,"세전수익률",AE7,AD12,"세전단가"),4) -> 2.202 | AF12: =(AE12-AE13)*100 -> 0.1 | AG12: =AG27+AC12 -> 8946 | AH12: =ROUNDDOWN(_xll.IMBC(AC5,"세전수익률",AE8,AD12,"세전단가"),4) -> 2.203 | AI12: =(AH12-AH13)*100 -> 0.1
B13: 9 | E13: -13.0 | F13: =F27+E13 -> 9949 | G13: =ROUNDDOWN(_xll.IMBC(E5,"세전수익률",G7,F13,"세전단가"),4) -> 1.155 | H13: =(G13-G14)*100 -> 0.6 | I13: =I27+E13 -> 9951 | J13: =ROUNDDOWN(_xll.IMBC(E5,"세전수익률",G8,F13,"세전단가"),4) -> 1.16 | K13: =(J13-J14)*100 -> 0.6 | M13: -13.0 | N13: =N27+M13 -> 9912 | O13: =ROUNDDOWN(_xll.IMBC(M5,"세전수익률",O7,N13,"세전단가"),4) -> 1.234 | P13: =(O13-O14)*100 -> 0.4 | Q13: =Q27+M13 -> 9913 | R13: =ROUNDDOWN(_xll.IMBC(M5,"세전수익률",O8,N13,"세전단가"),4) -> 1.239 | S13: =(R13-R14)*100 -> 0.5 | U13: -13.0 | V13: =V27+U13 -> 9485 | W13: =ROUNDDOWN(_xll.IMBC(U5,"세전수익률",W7,V13,"세전단가"),4) -> 2.101 | X13: =(W13-W14)*100 -> 0.1 | Y13: =Y27+U13 -> 9491 | Z13: =ROUNDDOWN(_xll.IMBC(U5,"세전수익률",W8,V13,"세전단가"),4) -> 2.103 | AA13: =(Z13-Z14)*100 -> 0.1 | AC13: -13.0 | AD13: =AD27+AC13 -> 8942 | AE13: =ROUNDDOWN(_xll.IMBC(AC5,"세전수익률",AE7,AD13,"세전단가"),4) -> 2.201 | AF13: =(AE13-AE14)*100 -> 0.1 | AG13: =AG27+AC13 -> 8947 | AH13: =ROUNDDOWN(_xll.IMBC(AC5,"세전수익률",AE8,AD13,"세전단가"),4) -> 2.202 | AI13: =(AH13-AH14)*100 -> 0.1
B14: 10 | E14: -12.0 | F14: =F27+E14 -> 9950 | G14: =ROUNDDOWN(_xll.IMBC(E5,"세전수익률",G7,F14,"세전단가"),4) -> 1.149 | H14: =(G14-G15)*100 -> 0.6 | I14: =I27+E14 -> 9952 | J14: =ROUNDDOWN(_xll.IMBC(E5,"세전수익률",G8,F14,"세전단가"),4) -> 1.154 | K14: =(J14-J15)*100 -> 0.6 | M14: -12.0 | N14: =N27+M14 -> 9913 | O14: =ROUNDDOWN(_xll.IMBC(M5,"세전수익률",O7,N14,"세전단가"),4) -> 1.23 | P14: =(O14-O15)*100 -> 0.4 | Q14: =Q27+M14 -> 9914 | R14: =ROUNDDOWN(_xll.IMBC(M5,"세전수익률",O8,N14,"세전단가"),4) -> 1.234 | S14: =(R14-R15)*100 -> 0.4 | U14: -12.0 | V14: =V27+U14 -> 9486 | W14: =ROUNDDOWN(_xll.IMBC(U5,"세전수익률",W7,V14,"세전단가"),4) -> 2.1 | X14: =(W14-W15)*100 -> 0.1 | Y14: =Y27+U14 -> 9492 | Z14: =ROUNDDOWN(_xll.IMBC(U5,"세전수익률",W8,V14,"세전단가"),4) -> 2.102 | AA14: =(Z14-Z15)*100 -> 0.1 | AC14: -12.0 | AD14: =AD27+AC14 -> 8943 | AE14: =ROUNDDOWN(_xll.IMBC(AC5,"세전수익률",AE7,AD14,"세전단가"),4) -> 2.2 | AF14: =(AE14-AE15)*100 -> 0 | AG14: =AG27+AC14 -> 8948 | AH14: =ROUNDDOWN(_xll.IMBC(AC5,"세전수익률",AE8,AD14,"세전단가"),4) -> 2.201 | AI14: =(AH14-AH15)*100 -> 0
E15: -11.0 | F15: =F27+E15 -> 9951 | G15: =ROUNDDOWN(_xll.IMBC(E5,"세전수익률",G7,F15,"세전단가"),4) -> 1.143 | H15: =(G15-G16)*100 -> 0.6 | I15: =I27+E15 -> 9953 | J15: =ROUNDDOWN(_xll.IMBC(E5,"세전수익률",G8,F15,"세전단가"),4) -> 1.148 | K15: =(J15-J16)*100 -> 0.5 | M15: -11.0 | N15: =N27+M15 -> 9914 | O15: =ROUNDDOWN(_xll.IMBC(M5,"세전수익률",O7,N15,"세전단가"),4) -> 1.226 | P15: =(O15-O16)*100 -> 0.4 | Q15: =Q27+M15 -> 9915 | R15: =ROUNDDOWN(_xll.IMBC(M5,"세전수익률",O8,N15,"세전단가"),4) -> 1.23 | S15: =(R15-R16)*100 -> 0.4 | U15: -11.0 | V15: =V27+U15 -> 9487 | W15: =ROUNDDOWN(_xll.IMBC(U5,"세전수익률",W7,V15,"세전단가"),4) -> 2.099 | X15: =(W15-W16)*100 -> 0.2 | Y15: =Y27+U15 -> 9493 | Z15: =ROUNDDOWN(_xll.IMBC(U5,"세전수익률",W8,V15,"세전단가"),4) -> 2.101 | AA15: =(Z15-Z16)*100 -> 0.2 | AC15: -11.0 | AD15: =AD27+AC15 -> 8944 | AE15: =ROUNDDOWN(_xll.IMBC(AC5,"세전수익률",AE7,AD15,"세전단가"),4) -> 2.2 | AF15: =(AE15-AE16)*100 -> 0.1 | AG15: =AG27+AC15 -> 8949 | AH15: =ROUNDDOWN(_xll.IMBC(AC5,"세전수익률",AE8,AD15,"세전단가"),4) -> 2.201 | AI15: =(AH15-AH16)*100 -> 0.1
E16: -10.0 | F16: =F27+E16 -> 9952 | G16: =ROUNDDOWN(_xll.IMBC(E5,"세전수익률",G7,F16,"세전단가"),4) -> 1.137 | H16: =(G16-G17)*100 -> 0.6 | I16: =I27+E16 -> 9954 | J16: =ROUNDDOWN(_xll.IMBC(E5,"세전수익률",G8,F16,"세전단가"),4) -> 1.143 | K16: =(J16-J17)*100 -> 0.6 | M16: -10.0 | N16: =N27+M16 -> 9915 | O16: =ROUNDDOWN(_xll.IMBC(M5,"세전수익률",O7,N16,"세전단가"),4) -> 1.222 | P16: =(O16-O17)*100 -> 0.4 | Q16: =Q27+M16 -> 9916 | R16: =ROUNDDOWN(_xll.IMBC(M5,"세전수익률",O8,N16,"세전단가"),4) -> 1.226 | S16: =(R16-R17)*100 -> 0.4 | U16: -10.0 | V16: =V27+U16 -> 9488 | W16: =ROUNDDOWN(_xll.IMBC(U5,"세전수익률",W7,V16,"세전단가"),4) -> 2.097 | X16: =(W16-W17)*100 -> 0.1 | Y16: =Y27+U16 -> 9494 | Z16: =ROUNDDOWN(_xll.IMBC(U5,"세전수익률",W8,V16,"세전단가"),4) -> 2.099 | AA16: =(Z16-Z17)*100 -> 0.1 | AC16: -10.0 | AD16: =AD27+AC16 -> 8945 | AE16: =ROUNDDOWN(_xll.IMBC(AC5,"세전수익률",AE7,AD16,"세전단가"),4) -> 2.199 | AF16: =(AE16-AE17)*100 -> 0.1 | AG16: =AG27+AC16 -> 8950 | AH16: =ROUNDDOWN(_xll.IMBC(AC5,"세전수익률",AE8,AD16,"세전단가"),4) -> 2.2 | AI16: =(AH16-AH17)*100 -> 0.1
E17: -9.0 | F17: =F27+E17 -> 9953 | G17: =ROUNDDOWN(_xll.IMBC(E5,"세전수익률",G7,F17,"세전단가"),4) -> 1.131 | H17: =(G17-G18)*100 -> 0.5 | I17: =I27+E17 -> 9955 | J17: =ROUNDDOWN(_xll.IMBC(E5,"세전수익률",G8,F17,"세전단가"),4) -> 1.137 | K17: =(J17-J18)*100 -> 0.6 | M17: -9.0 | N17: =N27+M17 -> 9916 | O17: =ROUNDDOWN(_xll.IMBC(M5,"세전수익률",O7,N17,"세전단가"),4) -> 1.218 | P17: =(O17-O18)*100 -> 0.4 | Q17: =Q27+M17 -> 9917 | R17: =ROUNDDOWN(_xll.IMBC(M5,"세전수익률",O8,N17,"세전단가"),4) -> 1.222 | S17: =(R17-R18)*100 -> 0.4 | U17: -9.0 | V17: =V27+U17 -> 9489 | W17: =ROUNDDOWN(_xll.IMBC(U5,"세전수익률",W7,V17,"세전단가"),4) -> 2.096 | X17: =(W17-W18)*100 -> 0.1 | Y17: =Y27+U17 -> 9495 | Z17: =ROUNDDOWN(_xll.IMBC(U5,"세전수익률",W8,V17,"세전단가"),4) -> 2.098 | AA17: =(Z17-Z18)*100 -> 0.1 | AC17: -9.0 | AD17: =AD27+AC17 -> 8946 | AE17: =ROUNDDOWN(_xll.IMBC(AC5,"세전수익률",AE7,AD17,"세전단가"),4) -> 2.198 | AF17: =(AE17-AE18)*100 -> 0 | AG17: =AG27+AC17 -> 8951 | AH17: =ROUNDDOWN(_xll.IMBC(AC5,"세전수익률",AE8,AD17,"세전단가"),4) -> 2.199 | AI17: =(AH17-AH18)*100 -> 0
E18: -8.0 | F18: =F27+E18 -> 9954 | G18: =ROUNDDOWN(_xll.IMBC(E5,"세전수익률",G7,F18,"세전단가"),4) -> 1.126 | H18: =(G18-G19)*100 -> 0.6 | I18: =I27+E18 -> 9956 | J18: =ROUNDDOWN(_xll.IMBC(E5,"세전수익률",G8,F18,"세전단가"),4) -> 1.131 | K18: =(J18-J19)*100 -> 0.6 | M18: -8.0 | N18: =N27+M18 -> 9917 | O18: =ROUNDDOWN(_xll.IMBC(M5,"세전수익률",O7,N18,"세전단가"),4) -> 1.214 | P18: =(O18-O19)*100 -> 0.4 | Q18: =Q27+M18 -> 9918 | R18: =ROUNDDOWN(_xll.IMBC(M5,"세전수익률",O8,N18,"세전단가"),4) -> 1.218 | S18: =(R18-R19)*100 -> 0.4 | U18: -8.0 | V18: =V27+U18 -> 9490 | W18: =ROUNDDOWN(_xll.IMBC(U5,"세전수익률",W7,V18,"세전단가"),4) -> 2.095 | X18: =(W18-W19)*100 -> 0.1 | Y18: =Y27+U18 -> 9496 | Z18: =ROUNDDOWN(_xll.IMBC(U5,"세전수익률",W8,V18,"세전단가"),4) -> 2.097 | AA18: =(Z18-Z19)*100 -> 0.1 | AC18: -8.0 | AD18: =AD27+AC18 -> 8947 | AE18: =ROUNDDOWN(_xll.IMBC(AC5,"세전수익률",AE7,AD18,"세전단가"),4) -> 2.198 | AF18: =(AE18-AE19)*100 -> 0.1 | AG18: =AG27+AC18 -> 8952 | AH18: =ROUNDDOWN(_xll.IMBC(AC5,"세전수익률",AE8,AD18,"세전단가"),4) -> 2.199 | AI18: =(AH18-AH19)*100 -> 0.1
E19: -7.0 | F19: =F27+E19 -> 9955 | G19: =ROUNDDOWN(_xll.IMBC(E5,"세전수익률",G7,F19,"세전단가"),4) -> 1.12 | H19: =(G19-G20)*100 -> 0.6 | I19: =I27+E19 -> 9957 | J19: =ROUNDDOWN(_xll.IMBC(E5,"세전수익률",G8,F19,"세전단가"),4) -> 1.125 | K19: =(J19-J20)*100 -> 0.6 | M19: -7.0 | N19: =N27+M19 -> 9918 | O19: =ROUNDDOWN(_xll.IMBC(M5,"세전수익률",O7,N19,"세전단가"),4) -> 1.21 | P19: =(O19-O20)*100 -> 0.4 | Q19: =Q27+M19 -> 9919 | R19: =ROUNDDOWN(_xll.IMBC(M5,"세전수익률",O8,N19,"세전단가"),4) -> 1.214 | S19: =(R19-R20)*100 -> 0.4 | U19: -7.0 | V19: =V27+U19 -> 9491 | W19: =ROUNDDOWN(_xll.IMBC(U5,"세전수익률",W7,V19,"세전단가"),4) -> 2.094 | X19: =(W19-W20)*100 -> 0.1 | Y19: =Y27+U19 -> 9497 | Z19: =ROUNDDOWN(_xll.IMBC(U5,"세전수익률",W8,V19,"세전단가"),4) -> 2.096 | AA19: =(Z19-Z20)*100 -> 0.1 | AC19: -7.0 | AD19: =AD27+AC19 -> 8948 | AE19: =ROUNDDOWN(_xll.IMBC(AC5,"세전수익률",AE7,AD19,"세전단가"),4) -> 2.197 | AF19: =(AE19-AE20)*100 -> 0.1 | AG19: =AG27+AC19 -> 8953 | AH19: =ROUNDDOWN(_xll.IMBC(AC5,"세전수익률",AE8,AD19,"세전단가"),4) -> 2.198 | AI19: =(AH19-AH20)*100 -> 0.1
E20: -6.0 | F20: =F27+E20 -> 9956 | G20: =ROUNDDOWN(_xll.IMBC(E5,"세전수익률",G7,F20,"세전단가"),4) -> 1.114 | H20: =(G20-G21)*100 -> 0.6 | I20: =I27+E20 -> 9958 | J20: =ROUNDDOWN(_xll.IMBC(E5,"세전수익률",G8,F20,"세전단가"),4) -> 1.119 | K20: =(J20-J21)*100 -> 0.6 | M20: -6.0 | N20: =N27+M20 -> 9919 | O20: =ROUNDDOWN(_xll.IMBC(M5,"세전수익률",O7,N20,"세전단가"),4) -> 1.206 | P20: =(O20-O21)*100 -> 0.4 | Q20: =Q27+M20 -> 9920 | R20: =ROUNDDOWN(_xll.IMBC(M5,"세전수익률",O8,N20,"세전단가"),4) -> 1.21 | S20: =(R20-R21)*100 -> 0.4 | U20: -6.0 | V20: =V27+U20 -> 9492 | W20: =ROUNDDOWN(_xll.IMBC(U5,"세전수익률",W7,V20,"세전단가"),4) -> 2.093 | X20: =(W20-W21)*100 -> 0.2 | Y20: =Y27+U20 -> 9498 | Z20: =ROUNDDOWN(_xll.IMBC(U5,"세전수익률",W8,V20,"세전단가"),4) -> 2.095 | AA20: =(Z20-Z21)*100 -> 0.2 | AC20: -6.0 | AD20: =AD27+AC20 -> 8949 | AE20: =ROUNDDOWN(_xll.IMBC(AC5,"세전수익률",AE7,AD20,"세전단가"),4) -> 2.196 | AF20: =(AE20-AE21)*100 -> 0.1 | AG20: =AG27+AC20 -> 8954 | AH20: =ROUNDDOWN(_xll.IMBC(AC5,"세전수익률",AE8,AD20,"세전단가"),4) -> 2.197 | AI20: =(AH20-AH21)*100 -> 0
E21: -5.0 | F21: =F27+E21 -> 9957 | G21: =ROUNDDOWN(_xll.IMBC(E5,"세전수익률",G7,F21,"세전단가"),4) -> 1.108 | H21: =(G21-G22)*100 -> 0.6 | I21: =I27+E21 -> 9959 | J21: =ROUNDDOWN(_xll.IMBC(E5,"세전수익률",G8,F21,"세전단가"),4) -> 1.113 | K21: =(J21-J22)*100 -> 0.5 | M21: -5.0 | N21: =N27+M21 -> 9920 | O21: =ROUNDDOWN(_xll.IMBC(M5,"세전수익률",O7,N21,"세전단가"),4) -> 1.202 | P21: =(O21-O22)*100 -> 0.4 | Q21: =Q27+M21 -> 9921 | R21: =ROUNDDOWN(_xll.IMBC(M5,"세전수익률",O8,N21,"세전단가"),4) -> 1.206 | S21: =(R21-R22)*100 -> 0.5 | U21: -5.0 | V21: =V27+U21 -> 9493 | W21: =ROUNDDOWN(_xll.IMBC(U5,"세전수익률",W7,V21,"세전단가"),4) -> 2.091 | X21: =(W21-W22)*100 -> 0.1 | Y21: =Y27+U21 -> 9499 | Z21: =ROUNDDOWN(_xll.IMBC(U5,"세전수익률",W8,V21,"세전단가"),4) -> 2.093 | AA21: =(Z21-Z22)*100 -> 0.1 | AC21: -5.0 | AD21: =AD27+AC21 -> 8950 | AE21: =ROUNDDOWN(_xll.IMBC(AC5,"세전수익률",AE7,AD21,"세전단가"),4) -> 2.195 | AF21: =(AE21-AE22)*100 -> 0 | AG21: =AG27+AC21 -> 8955 | AH21: =ROUNDDOWN(_xll.IMBC(AC5,"세전수익률",AE8,AD21,"세전단가"),4) -> 2.197 | AI21: =(AH21-AH22)*100 -> 0.1
E22: -4.0 | F22: =F27+E22 -> 9958 | G22: =ROUNDDOWN(_xll.IMBC(E5,"세전수익률",G7,F22,"세전단가"),4) -> 1.102 | H22: =(G22-G23)*100 -> 0.5 | I22: =I27+E22 -> 9960 | J22: =ROUNDDOWN(_xll.IMBC(E5,"세전수익률",G8,F22,"세전단가"),4) -> 1.108 | K22: =(J22-J23)*100 -> 0.6 | M22: -4.0 | N22: =N27+M22 -> 9921 | O22: =ROUNDDOWN(_xll.IMBC(M5,"세전수익률",O7,N22,"세전단가"),4) -> 1.198 | P22: =(O22-O23)*100 -> 0.5 | Q22: =Q27+M22 -> 9922 | R22: =ROUNDDOWN(_xll.IMBC(M5,"세전수익률",O8,N22,"세전단가"),4) -> 1.201 | S22: =(R22-R23)*100 -> 0.4 | U22: -4.0 | V22: =V27+U22 -> 9494 | W22: =ROUNDDOWN(_xll.IMBC(U5,"세전수익률",W7,V22,"세전단가"),4) -> 2.09 | X22: =(W22-W23)*100 -> 0.1 | Y22: =Y27+U22 -> 9500 | Z22: =ROUNDDOWN(_xll.IMBC(U5,"세전수익률",W8,V22,"세전단가"),4) -> 2.092 | AA22: =(Z22-Z23)*100 -> 0.1 | AC22: -4.0 | AD22: =AD27+AC22 -> 8951 | AE22: =ROUNDDOWN(_xll.IMBC(AC5,"세전수익률",AE7,AD22,"세전단가"),4) -> 2.195 | AF22: =(AE22-AE23)*100 -> 0.1 | AG22: =AG27+AC22 -> 8956 | AH22: =ROUNDDOWN(_xll.IMBC(AC5,"세전수익률",AE8,AD22,"세전단가"),4) -> 2.196 | AI22: =(AH22-AH23)*100 -> 0.1
E23: -3.0 | F23: =F27+E23 -> 9959 | G23: =ROUNDDOWN(_xll.IMBC(E5,"세전수익률",G7,F23,"세전단가"),4) -> 1.097 | H23: =(G23-G24)*100 -> 0.6 | I23: =I27+E23 -> 9961 | J23: =ROUNDDOWN(_xll.IMBC(E5,"세전수익률",G8,F23,"세전단가"),4) -> 1.102 | K23: =(J23-J24)*100 -> 0.6 | M23: -3.0 | N23: =N27+M23 -> 9922 | O23: =ROUNDDOWN(_xll.IMBC(M5,"세전수익률",O7,N23,"세전단가"),4) -> 1.193 | P23: =(O23-O24)*100 -> 0.4 | Q23: =Q27+M23 -> 9923 | R23: =ROUNDDOWN(_xll.IMBC(M5,"세전수익률",O8,N23,"세전단가"),4) -> 1.197 | S23: =(R23-R24)*100 -> 0.4 | U23: -3.0 | V23: =V27+U23 -> 9495 | W23: =ROUNDDOWN(_xll.IMBC(U5,"세전수익률",W7,V23,"세전단가"),4) -> 2.089 | X23: =(W23-W24)*100 -> 0.1 | Y23: =Y27+U23 -> 9501 | Z23: =ROUNDDOWN(_xll.IMBC(U5,"세전수익률",W8,V23,"세전단가"),4) -> 2.091 | AA23: =(Z23-Z24)*100 -> 0.1 | AC23: -3.0 | AD23: =AD27+AC23 -> 8952 | AE23: =ROUNDDOWN(_xll.IMBC(AC5,"세전수익률",AE7,AD23,"세전단가"),4) -> 2.194 | AF23: =(AE23-AE24)*100 -> 0.1 | AG23: =AG27+AC23 -> 8957 | AH23: =ROUNDDOWN(_xll.IMBC(AC5,"세전수익률",AE8,AD23,"세전단가"),4) -> 2.195 | AI23: =(AH23-AH24)*100 -> 0
E24: -2.0 | F24: =F27+E24 -> 9960 | G24: =ROUNDDOWN(_xll.IMBC(E5,"세전수익률",G7,F24,"세전단가"),4) -> 1.091 | H24: =(G24-G25)*100 -> 0.6 | I24: =I27+E24 -> 9962 | J24: =ROUNDDOWN(_xll.IMBC(E5,"세전수익률",G8,F24,"세전단가"),4) -> 1.096 | K24: =(J24-J25)*100 -> 0.6 | M24: -2.0 | N24: =N27+M24 -> 9923 | O24: =ROUNDDOWN(_xll.IMBC(M5,"세전수익률",O7,N24,"세전단가"),4) -> 1.189 | P24: =(O24-O25)*100 -> 0.4 | Q24: =Q27+M24 -> 9924 | R24: =ROUNDDOWN(_xll.IMBC(M5,"세전수익률",O8,N24,"세전단가"),4) -> 1.193 | S24: =(R24-R25)*100 -> 0.4 | U24: -2.0 | V24: =V27+U24 -> 9496 | W24: =ROUNDDOWN(_xll.IMBC(U5,"세전수익률",W7,V24,"세전단가"),4) -> 2.088 | X24: =(W24-W25)*100 -> 0.1 | Y24: =Y27+U24 -> 9502 | Z24: =ROUNDDOWN(_xll.IMBC(U5,"세전수익률",W8,V24,"세전단가"),4) -> 2.09 | AA24: =(Z24-Z25)*100 -> 0.1 | AC24: -2.0 | AD24: =AD27+AC24 -> 8953 | AE24: =ROUNDDOWN(_xll.IMBC(AC5,"세전수익률",AE7,AD24,"세전단가"),4) -> 2.193 | AF24: =(AE24-AE25)*100 -> 0 | AG24: =AG27+AC24 -> 8958 | AH24: =ROUNDDOWN(_xll.IMBC(AC5,"세전수익률",AE8,AD24,"세전단가"),4) -> 2.195 | AI24: =(AH24-AH25)*100 -> 0.1
E25: -1.0 | F25: =F27+E25 -> 9961 | G25: =ROUNDDOWN(_xll.IMBC(E5,"세전수익률",G7,F25,"세전단가"),4) -> 1.085 | H25: =(G25-G26)*100 -> 0.3 | I25: =I27+E25 -> 9963 | J25: =ROUNDDOWN(_xll.IMBC(E5,"세전수익률",G8,F25,"세전단가"),4) -> 1.09 | K25: =(J25-J26)*100 -> 0.3 | M25: -1.0 | N25: =N27+M25 -> 9924 | O25: =ROUNDDOWN(_xll.IMBC(M5,"세전수익률",O7,N25,"세전단가"),4) -> 1.185 | P25: =(O25-O26)*100 -> 0.2 | Q25: =Q27+M25 -> 9925 | R25: =ROUNDDOWN(_xll.IMBC(M5,"세전수익률",O8,N25,"세전단가"),4) -> 1.189 | S25: =(R25-R26)*100 -> 0.2 | U25: -1.0 | V25: =V27+U25 -> 9497 | W25: =ROUNDDOWN(_xll.IMBC(U5,"세전수익률",W7,V25,"세전단가"),4) -> 2.087 | X25: =(W25-W26)*100 -> 0.1 | Y25: =Y27+U25 -> 9503 | Z25: =ROUNDDOWN(_xll.IMBC(U5,"세전수익률",W8,V25,"세전단가"),4) -> 2.089 | AA25: =(Z25-Z26)*100 -> 0.1 | AC25: -1.0 | AD25: =AD27+AC25 -> 8954 | AE25: =ROUNDDOWN(_xll.IMBC(AC5,"세전수익률",AE7,AD25,"세전단가"),4) -> 2.193 | AF25: =(AE25-AE26)*100 -> 0.1 | AG25: =AG27+AC25 -> 8959 | AH25: =ROUNDDOWN(_xll.IMBC(AC5,"세전수익률",AE8,AD25,"세전단가"),4) -> 2.194 | AI25: =(AH25-AH26)*100 -> 0.1
E26: -0.5 | F26: =F27+E26 -> 9961.5 | G26: =ROUNDDOWN(_xll.IMBC(E5,"세전수익률",G7,F26,"세전단가"),4) -> 1.082 | H26: =(G26-G27)*100 -> 0.3 | I26: =I27+E26 -> 9963.5 | J26: =ROUNDDOWN(_xll.IMBC(E5,"세전수익률",G8,F26,"세전단가"),4) -> 1.087 | K26: =(J26-J27)*100 -> 0.3 | M26: -0.5 | N26: =N27+M26 -> 9924.5 | O26: =ROUNDDOWN(_xll.IMBC(M5,"세전수익률",O7,N26,"세전단가"),4) -> 1.183 | P26: =(O26-O27)*100 -> 0.2 | Q26: =Q27+M26 -> 9925.5 | R26: =ROUNDDOWN(_xll.IMBC(M5,"세전수익률",O8,N26,"세전단가"),4) -> 1.187 | S26: =(R26-R27)*100 -> 0.2 | U26: -0.5 | V26: =V27+U26 -> 9497.5 | W26: =ROUNDDOWN(_xll.IMBC(U5,"세전수익률",W7,V26,"세전단가"),4) -> 2.086 | X26: =(W26-W27)*100 -> 0.1 | Y26: =Y27+U26 -> 9503.5 | Z26: =ROUNDDOWN(_xll.IMBC(U5,"세전수익률",W8,V26,"세전단가"),4) -> 2.088 | AA26: =(Z26-Z27)*100 -> 0.1 | AC26: -0.5 | AD26: =AD27+AC26 -> 8954.5 | AE26: =ROUNDDOWN(_xll.IMBC(AC5,"세전수익률",AE7,AD26,"세전단가"),4) -> 2.192 | AF26: =(AE26-AE27)*100 -> 0 | AG26: =AG27+AC26 -> 8959.5 | AH26: =ROUNDDOWN(_xll.IMBC(AC5,"세전수익률",AE8,AD26,"세전단가"),4) -> 2.193 | AI26: =(AH26-AH27)*100 -> 0
E27: 0 | F27: =ROUNDDOWN(_xll.IMBC(E5,"세전단가",G7,G9),0) -> 9962 | G27: =ROUNDDOWN(_xll.IMBC(E5,"세전수익률",G7,F27,"세전단가"),4) -> 1.079 | I27: =ROUNDDOWN(_xll.IMBC(E5,"세전단가",G8,J8),0) -> 9964 | J27: =ROUNDDOWN(_xll.IMBC(E5,"세전수익률",G8,F27,"세전단가"),4) -> 1.084 | M27: 0 | N27: =ROUNDDOWN(_xll.IMBC(M5,"세전단가",O7,O9),0) -> 9925 | O27: =ROUNDDOWN(_xll.IMBC(M5,"세전수익률",O7,N27,"세전단가"),4) -> 1.181 | Q27: =ROUNDDOWN(_xll.IMBC(M5,"세전단가",O8,R8),0) -> 9926 | R27: =ROUNDDOWN(_xll.IMBC(M5,"세전수익률",O8,N27,"세전단가"),4) -> 1.185 | U27: 0 | V27: =ROUNDDOWN(_xll.IMBC(U5,"세전단가",W7,W9),0) -> 9498 | W27: =ROUNDDOWN(_xll.IMBC(U5,"세전수익률",W7,V27,"세전단가"),4) -> 2.085 | Y27: =ROUNDDOWN(_xll.IMBC(U5,"세전단가",W8,Z8),0) -> 9504 | Z27: =ROUNDDOWN(_xll.IMBC(U5,"세전수익률",W8,V27,"세전단가"),4) -> 2.087 | AC27: 0 | AD27: =ROUNDDOWN(_xll.IMBC(AC5,"세전단가",AE7,AE9),0) -> 8955 | AE27: =ROUNDDOWN(_xll.IMBC(AC5,"세전수익률",AE7,AD27,"세전단가"),4) -> 2.192 | AG27: =ROUNDDOWN(_xll.IMBC(AC5,"세전단가",AE8,AH8),0) -> 8960 | AH27: =ROUNDDOWN(_xll.IMBC(AC5,"세전수익률",AE8,AD27,"세전단가"),4) -> 2.193
E28: +0.5 | F28: =F27+E28 -> 9962.5 | G28: =ROUNDDOWN(_xll.IMBC(E5,"세전수익률",G7,F28,"세전단가"),4) -> 1.076 | H28: =(G28-G27)*100 -> -0.3 | I28: =I27+E28 -> 9964.5 | J28: =ROUNDDOWN(_xll.IMBC(E5,"세전수익률",G8,F28,"세전단가"),4) -> 1.081 | K28: =J28-J27 -> -0.003 | M28: +0.5 | N28: =N27+M28 -> 9925.5 | O28: =ROUNDDOWN(_xll.IMBC(M5,"세전수익률",O7,N28,"세전단가"),4) -> 1.179 | P28: =(O28-O27)*100 -> -0.2 | Q28: =Q27+M28 -> 9926.5 | R28: =ROUNDDOWN(_xll.IMBC(M5,"세전수익률",O8,N28,"세전단가"),4) -> 1.183 | S28: =R28-R27 -> -0.002 | U28: +0.5 | V28: =V27+U28 -> 9498.5 | W28: =ROUNDDOWN(_xll.IMBC(U5,"세전수익률",W7,V28,"세전단가"),4) -> 2.085 | X28: =(W28-W27)*100 -> 0 | Y28: =Y27+U28 -> 9504.5 | Z28: =ROUNDDOWN(_xll.IMBC(U5,"세전수익률",W8,V28,"세전단가"),4) -> 2.087 | AA28: =Z28-Z27 -> 0 | AC28: +0.5 | AD28: =AD27+AC28 -> 8955.5 | AE28: =ROUNDDOWN(_xll.IMBC(AC5,"세전수익률",AE7,AD28,"세전단가"),4) -> 2.192 | AF28: =(AE28-AE27)*100 -> 0 | AG28: =AG27+AC28 -> 8960.5 | AH28: =ROUNDDOWN(_xll.IMBC(AC5,"세전수익률",AE8,AD28,"세전단가"),4) -> 2.193 | AI28: =AH28-AH27 -> 0
E29: +1.0 | F29: =F27+E29 -> 9963 | G29: =ROUNDDOWN(_xll.IMBC(E5,"세전수익률",G7,F29,"세전단가"),4) -> 1.073 | H29: =(G29-G28)*100 -> -0.3 | I29: =I27+E29 -> 9965 | J29: =ROUNDDOWN(_xll.IMBC(E5,"세전수익률",G8,F29,"세전단가"),4) -> 1.078 | K29: =J29-J28 -> -0.003 | M29: +1.0 | N29: =N27+M29 -> 9926 | O29: =ROUNDDOWN(_xll.IMBC(M5,"세전수익률",O7,N29,"세전단가"),4) -> 1.177 | P29: =(O29-O28)*100 -> -0.2 | Q29: =Q27+M29 -> 9927 | R29: =ROUNDDOWN(_xll.IMBC(M5,"세전수익률",O8,N29,"세전단가"),4) -> 1.181 | S29: =R29-R28 -> -0.002 | U29: +1.0 | V29: =V27+U29 -> 9499 | W29: =ROUNDDOWN(_xll.IMBC(U5,"세전수익률",W7,V29,"세전단가"),4) -> 2.084 | X29: =(W29-W28)*100 -> -0.1 | Y29: =Y27+U29 -> 9505 | Z29: =ROUNDDOWN(_xll.IMBC(U5,"세전수익률",W8,V29,"세전단가"),4) -> 2.086 | AA29: =Z29-Z28 -> -0.001 | AC29: +1.0 | AD29: =AD27+AC29 -> 8956 | AE29: =ROUNDDOWN(_xll.IMBC(AC5,"세전수익률",AE7,AD29,"세전단가"),4) -> 2.191 | AF29: =(AE29-AE28)*100 -> -0.1 | AG29: =AG27+AC29 -> 8961 | AH29: =ROUNDDOWN(_xll.IMBC(AC5,"세전수익률",AE8,AD29,"세전단가"),4) -> 2.192 | AI29: =AH29-AH28 -> -0.001
E30: +2.0 | F30: =F27+E30 -> 9964 | G30: =ROUNDDOWN(_xll.IMBC(E5,"세전수익률",G7,F30,"세전단가"),4) -> 1.067 | H30: =(G30-G29)*100 -> -0.6 | I30: =I27+E30 -> 9966 | J30: =ROUNDDOWN(_xll.IMBC(E5,"세전수익률",G8,F30,"세전단가"),4) -> 1.072 | K30: =J30-J29 -> -0.006 | M30: +2.0 | N30: =N27+M30 -> 9927 | O30: =ROUNDDOWN(_xll.IMBC(M5,"세전수익률",O7,N30,"세전단가"),4) -> 1.173 | P30: =(O30-O29)*100 -> -0.4 | Q30: =Q27+M30 -> 9928 | R30: =ROUNDDOWN(_xll.IMBC(M5,"세전수익률",O8,N30,"세전단가"),4) -> 1.177 | S30: =R30-R29 -> -0.004 | U30: +2.0 | V30: =V27+U30 -> 9500 | W30: =ROUNDDOWN(_xll.IMBC(U5,"세전수익률",W7,V30,"세전단가"),4) -> 2.083 | X30: =(W30-W29)*100 -> -0.1 | Y30: =Y27+U30 -> 9506 | Z30: =ROUNDDOWN(_xll.IMBC(U5,"세전수익률",W8,V30,"세전단가"),4) -> 2.085 | AA30: =Z30-Z29 -> -0.001 | AC30: +2.0 | AD30: =AD27+AC30 -> 8957 | AE30: =ROUNDDOWN(_xll.IMBC(AC5,"세전수익률",AE7,AD30,"세전단가"),4) -> 2.191 | AF30: =(AE30-AE29)*100 -> 0 | AG30: =AG27+AC30 -> 8962 | AH30: =ROUNDDOWN(_xll.IMBC(AC5,"세전수익률",AE8,AD30,"세전단가"),4) -> 2.192 | AI30: =AH30-AH29 -> 0
E31: +3.0 | F31: =F27+E31 -> 9965 | G31: =ROUNDDOWN(_xll.IMBC(E5,"세전수익률",G7,F31,"세전단가"),4) -> 1.062 | H31: =(G31-G30)*100 -> -0.5 | I31: =I27+E31 -> 9967 | J31: =ROUNDDOWN(_xll.IMBC(E5,"세전수익률",G8,F31,"세전단가"),4) -> 1.067 | K31: =J31-J30 -> -0.005 | M31: +3.0 | N31: =N27+M31 -> 9928 | O31: =ROUNDDOWN(_xll.IMBC(M5,"세전수익률",O7,N31,"세전단가"),4) -> 1.169 | P31: =(O31-O30)*100 -> -0.4 | Q31: =Q27+M31 -> 9929 | R31: =ROUNDDOWN(_xll.IMBC(M5,"세전수익률",O8,N31,"세전단가"),4) -> 1.173 | S31: =R31-R30 -> -0.004 | U31: +3.0 | V31: =V27+U31 -> 9501 | W31: =ROUNDDOWN(_xll.IMBC(U5,"세전수익률",W7,V31,"세전단가"),4) -> 2.082 | X31: =(W31-W30)*100 -> -0.1 | Y31: =Y27+U31 -> 9507 | Z31: =ROUNDDOWN(_xll.IMBC(U5,"세전수익률",W8,V31,"세전단가"),4) -> 2.084 | AA31: =Z31-Z30 -> -0.001 | AC31: +3.0 | AD31: =AD27+AC31 -> 8958 | AE31: =ROUNDDOWN(_xll.IMBC(AC5,"세전수익률",AE7,AD31,"세전단가"),4) -> 2.19 | AF31: =(AE31-AE30)*100 -> -0.1 | AG31: =AG27+AC31 -> 8963 | AH31: =ROUNDDOWN(_xll.IMBC(AC5,"세전수익률",AE8,AD31,"세전단가"),4) -> 2.191 | AI31: =AH31-AH30 -> -0.001
E32: +4.0 | F32: =F27+E32 -> 9966 | G32: =ROUNDDOWN(_xll.IMBC(E5,"세전수익률",G7,F32,"세전단가"),4) -> 1.056 | H32: =(G32-G31)*100 -> -0.6 | I32: =I27+E32 -> 9968 | J32: =ROUNDDOWN(_xll.IMBC(E5,"세전수익률",G8,F32,"세전단가"),4) -> 1.061 | K32: =J32-J31 -> -0.006 | M32: +4.0 | N32: =N27+M32 -> 9929 | O32: =ROUNDDOWN(_xll.IMBC(M5,"세전수익률",O7,N32,"세전단가"),4) -> 1.165 | P32: =(O32-O31)*100 -> -0.4 | Q32: =Q27+M32 -> 9930 | R32: =ROUNDDOWN(_xll.IMBC(M5,"세전수익률",O8,N32,"세전단가"),4) -> 1.169 | S32: =R32-R31 -> -0.004 | U32: +4.0 | V32: =V27+U32 -> 9502 | W32: =ROUNDDOWN(_xll.IMBC(U5,"세전수익률",W7,V32,"세전단가"),4) -> 2.081 | X32: =(W32-W31)*100 -> -0.1 | Y32: =Y27+U32 -> 9508 | Z32: =ROUNDDOWN(_xll.IMBC(U5,"세전수익률",W8,V32,"세전단가"),4) -> 2.082 | AA32: =Z32-Z31 -> -0.002 | AC32: +4.0 | AD32: =AD27+AC32 -> 8959 | AE32: =ROUNDDOWN(_xll.IMBC(AC5,"세전수익률",AE7,AD32,"세전단가"),4) -> 2.189 | AF32: =(AE32-AE31)*100 -> -0.1 | AG32: =AG27+AC32 -> 8964 | AH32: =ROUNDDOWN(_xll.IMBC(AC5,"세전수익률",AE8,AD32,"세전단가"),4) -> 2.19 | AI32: =AH32-AH31 -> -0.001
E33: +5.0 | F33: =F27+E33 -> 9967 | G33: =ROUNDDOWN(_xll.IMBC(E5,"세전수익률",G7,F33,"세전단가"),4) -> 1.05 | H33: =(G33-G32)*100 -> -0.6 | I33: =I27+E33 -> 9969 | J33: =ROUNDDOWN(_xll.IMBC(E5,"세전수익률",G8,F33,"세전단가"),4) -> 1.055 | K33: =J33-J32 -> -0.006 | M33: +5.0 | N33: =N27+M33 -> 9930 | O33: =ROUNDDOWN(_xll.IMBC(M5,"세전수익률",O7,N33,"세전단가"),4) -> 1.161 | P33: =(O33-O32)*100 -> -0.4 | Q33: =Q27+M33 -> 9931 | R33: =ROUNDDOWN(_xll.IMBC(M5,"세전수익률",O8,N33,"세전단가"),4) -> 1.165 | S33: =R33-R32 -> -0.004 | U33: +5.0 | V33: =V27+U33 -> 9503 | W33: =ROUNDDOWN(_xll.IMBC(U5,"세전수익률",W7,V33,"세전단가"),4) -> 2.079 | X33: =(W33-W32)*100 -> -0.2 | Y33: =Y27+U33 -> 9509 | Z33: =ROUNDDOWN(_xll.IMBC(U5,"세전수익률",W8,V33,"세전단가"),4) -> 2.081 | AA33: =Z33-Z32 -> -0.001 | AC33: +5.0 | AD33: =AD27+AC33 -> 8960 | AE33: =ROUNDDOWN(_xll.IMBC(AC5,"세전수익률",AE7,AD33,"세전단가"),4) -> 2.189 | AF33: =(AE33-AE32)*100 -> 0 | AG33: =AG27+AC33 -> 8965 | AH33: =ROUNDDOWN(_xll.IMBC(AC5,"세전수익률",AE8,AD33,"세전단가"),4) -> 2.19 | AI33: =AH33-AH32 -> 0
E34: +6.0 | F34: =F27+E34 -> 9968 | G34: =ROUNDDOWN(_xll.IMBC(E5,"세전수익률",G7,F34,"세전단가"),4) -> 1.044 | H34: =(G34-G33)*100 -> -0.6 | I34: =I27+E34 -> 9970 | J34: =ROUNDDOWN(_xll.IMBC(E5,"세전수익률",G8,F34,"세전단가"),4) -> 1.049 | K34: =J34-J33 -> -0.006 | M34: +6.0 | N34: =N27+M34 -> 9931 | O34: =ROUNDDOWN(_xll.IMBC(M5,"세전수익률",O7,N34,"세전단가"),4) -> 1.157 | P34: =(O34-O33)*100 -> -0.4 | Q34: =Q27+M34 -> 9932 | R34: =ROUNDDOWN(_xll.IMBC(M5,"세전수익률",O8,N34,"세전단가"),4) -> 1.16 | S34: =R34-R33 -> -0.005 | U34: +6.0 | V34: =V27+U34 -> 9504 | W34: =ROUNDDOWN(_xll.IMBC(U5,"세전수익률",W7,V34,"세전단가"),4) -> 2.078 | X34: =(W34-W33)*100 -> -0.1 | Y34: =Y27+U34 -> 9510 | Z34: =ROUNDDOWN(_xll.IMBC(U5,"세전수익률",W8,V34,"세전단가"),4) -> 2.08 | AA34: =Z34-Z33 -> -0.001 | AC34: +6.0 | AD34: =AD27+AC34 -> 8961 | AE34: =ROUNDDOWN(_xll.IMBC(AC5,"세전수익률",AE7,AD34,"세전단가"),4) -> 2.188 | AF34: =(AE34-AE33)*100 -> -0.1 | AG34: =AG27+AC34 -> 8966 | AH34: =ROUNDDOWN(_xll.IMBC(AC5,"세전수익률",AE8,AD34,"세전단가"),4) -> 2.189 | AI34: =AH34-AH33 -> -0.001
E35: +7.0 | F35: =F27+E35 -> 9969 | G35: =ROUNDDOWN(_xll.IMBC(E5,"세전수익률",G7,F35,"세전단가"),4) -> 1.038 | H35: =(G35-G34)*100 -> -0.6 | I35: =I27+E35 -> 9971 | J35: =ROUNDDOWN(_xll.IMBC(E5,"세전수익률",G8,F35,"세전단가"),4) -> 1.043 | K35: =J35-J34 -> -0.006 | M35: +7.0 | N35: =N27+M35 -> 9932 | O35: =ROUNDDOWN(_xll.IMBC(M5,"세전수익률",O7,N35,"세전단가"),4) -> 1.152 | P35: =(O35-O34)*100 -> -0.5 | Q35: =Q27+M35 -> 9933 | R35: =ROUNDDOWN(_xll.IMBC(M5,"세전수익률",O8,N35,"세전단가"),4) -> 1.156 | S35: =R35-R34 -> -0.004 | U35: +7.0 | V35: =V27+U35 -> 9505 | W35: =ROUNDDOWN(_xll.IMBC(U5,"세전수익률",W7,V35,"세전단가"),4) -> 2.077 | X35: =(W35-W34)*100 -> -0.1 | Y35: =Y27+U35 -> 9511 | Z35: =ROUNDDOWN(_xll.IMBC(U5,"세전수익률",W8,V35,"세전단가"),4) -> 2.079 | AA35: =Z35-Z34 -> -0.001 | AC35: +7.0 | AD35: =AD27+AC35 -> 8962 | AE35: =ROUNDDOWN(_xll.IMBC(AC5,"세전수익률",AE7,AD35,"세전단가"),4) -> 2.187 | AF35: =(AE35-AE34)*100 -> -0.1 | AG35: =AG27+AC35 -> 8967 | AH35: =ROUNDDOWN(_xll.IMBC(AC5,"세전수익률",AE8,AD35,"세전단가"),4) -> 2.188 | AI35: =AH35-AH34 -> -0.001
E36: +8.0 | F36: =F27+E36 -> 9970 | G36: =ROUNDDOWN(_xll.IMBC(E5,"세전수익률",G7,F36,"세전단가"),4) -> 1.033 | H36: =(G36-G35)*100 -> -0.5 | I36: =I27+E36 -> 9972 | J36: =ROUNDDOWN(_xll.IMBC(E5,"세전수익률",G8,F36,"세전단가"),4) -> 1.037 | K36: =J36-J35 -> -0.006 | M36: +8.0 | N36: =N27+M36 -> 9933 | O36: =ROUNDDOWN(_xll.IMBC(M5,"세전수익률",O7,N36,"세전단가"),4) -> 1.148 | P36: =(O36-O35)*100 -> -0.4 | Q36: =Q27+M36 -> 9934 | R36: =ROUNDDOWN(_xll.IMBC(M5,"세전수익률",O8,N36,"세전단가"),4) -> 1.152 | S36: =R36-R35 -> -0.004 | U36: +8.0 | V36: =V27+U36 -> 9506 | W36: =ROUNDDOWN(_xll.IMBC(U5,"세전수익률",W7,V36,"세전단가"),4) -> 2.076 | X36: =(W36-W35)*100 -> -0.1 | Y36: =Y27+U36 -> 9512 | Z36: =ROUNDDOWN(_xll.IMBC(U5,"세전수익률",W8,V36,"세전단가"),4) -> 2.078 | AA36: =Z36-Z35 -> -0.001 | AC36: +8.0 | AD36: =AD27+AC36 -> 8963 | AE36: =ROUNDDOWN(_xll.IMBC(AC5,"세전수익률",AE7,AD36,"세전단가"),4) -> 2.187 | AF36: =(AE36-AE35)*100 -> 0 | AG36: =AG27+AC36 -> 8968 | AH36: =ROUNDDOWN(_xll.IMBC(AC5,"세전수익률",AE8,AD36,"세전단가"),4) -> 2.188 | AI36: =AH36-AH35 -> 0
E37: +9.0 | F37: =F27+E37 -> 9971 | G37: =ROUNDDOWN(_xll.IMBC(E5,"세전수익률",G7,F37,"세전단가"),4) -> 1.027 | H37: =(G37-G36)*100 -> -0.6 | I37: =I27+E37 -> 9973 | J37: =ROUNDDOWN(_xll.IMBC(E5,"세전수익률",G8,F37,"세전단가"),4) -> 1.032 | K37: =J37-J36 -> -0.005 | M37: +9.0 | N37: =N27+M37 -> 9934 | O37: =ROUNDDOWN(_xll.IMBC(M5,"세전수익률",O7,N37,"세전단가"),4) -> 1.144 | P37: =(O37-O36)*100 -> -0.4 | Q37: =Q27+M37 -> 9935 | R37: =ROUNDDOWN(_xll.IMBC(M5,"세전수익률",O8,N37,"세전단가"),4) -> 1.148 | S37: =R37-R36 -> -0.004 | U37: +9.0 | V37: =V27+U37 -> 9507 | W37: =ROUNDDOWN(_xll.IMBC(U5,"세전수익률",W7,V37,"세전단가"),4) -> 2.075 | X37: =(W37-W36)*100 -> -0.1 | Y37: =Y27+U37 -> 9513 | Z37: =ROUNDDOWN(_xll.IMBC(U5,"세전수익률",W8,V37,"세전단가"),4) -> 2.076 | AA37: =Z37-Z36 -> -0.002 | AC37: +9.0 | AD37: =AD27+AC37 -> 8964 | AE37: =ROUNDDOWN(_xll.IMBC(AC5,"세전수익률",AE7,AD37,"세전단가"),4) -> 2.186 | AF37: =(AE37-AE36)*100 -> -0.1 | AG37: =AG27+AC37 -> 8969 | AH37: =ROUNDDOWN(_xll.IMBC(AC5,"세전수익률",AE8,AD37,"세전단가"),4) -> 2.187 | AI37: =AH37-AH36 -> -0.001
E38: +10.0 | F38: =F27+E38 -> 9972 | G38: =ROUNDDOWN(_xll.IMBC(E5,"세전수익률",G7,F38,"세전단가"),4) -> 1.021 | H38: =(G38-G37)*100 -> -0.6 | I38: =I27+E38 -> 9974 | J38: =ROUNDDOWN(_xll.IMBC(E5,"세전수익률",G8,F38,"세전단가"),4) -> 1.026 | K38: =J38-J37 -> -0.006 | M38: +10.0 | N38: =N27+M38 -> 9935 | O38: =ROUNDDOWN(_xll.IMBC(M5,"세전수익률",O7,N38,"세전단가"),4) -> 1.14 | P38: =(O38-O37)*100 -> -0.4 | Q38: =Q27+M38 -> 9936 | R38: =ROUNDDOWN(_xll.IMBC(M5,"세전수익률",O8,N38,"세전단가"),4) -> 1.144 | S38: =R38-R37 -> -0.004 | U38: +10.0 | V38: =V27+U38 -> 9508 | W38: =ROUNDDOWN(_xll.IMBC(U5,"세전수익률",W7,V38,"세전단가"),4) -> 2.073 | X38: =(W38-W37)*100 -> -0.2 | Y38: =Y27+U38 -> 9514 | Z38: =ROUNDDOWN(_xll.IMBC(U5,"세전수익률",W8,V38,"세전단가"),4) -> 2.075 | AA38: =Z38-Z37 -> -0.001 | AC38: +10.0 | AD38: =AD27+AC38 -> 8965 | AE38: =ROUNDDOWN(_xll.IMBC(AC5,"세전수익률",AE7,AD38,"세전단가"),4) -> 2.185 | AF38: =(AE38-AE37)*100 -> -0.1 | AG38: =AG27+AC38 -> 8970 | AH38: =ROUNDDOWN(_xll.IMBC(AC5,"세전수익률",AE8,AD38,"세전단가"),4) -> 2.186 | AI38: =AH38-AH37 -> -0.001
E39: +11.0 | F39: =F27+E39 -> 9973 | G39: =ROUNDDOWN(_xll.IMBC(E5,"세전수익률",G7,F39,"세전단가"),4) -> 1.015 | H39: =(G39-G38)*100 -> -0.6 | I39: =I27+E39 -> 9975 | J39: =ROUNDDOWN(_xll.IMBC(E5,"세전수익률",G8,F39,"세전단가"),4) -> 1.02 | K39: =J39-J38 -> -0.006 | M39: +11.0 | N39: =N27+M39 -> 9936 | O39: =ROUNDDOWN(_xll.IMBC(M5,"세전수익률",O7,N39,"세전단가"),4) -> 1.136 | P39: =(O39-O38)*100 -> -0.4 | Q39: =Q27+M39 -> 9937 | R39: =ROUNDDOWN(_xll.IMBC(M5,"세전수익률",O8,N39,"세전단가"),4) -> 1.14 | S39: =R39-R38 -> -0.004 | U39: +11.0 | V39: =V27+U39 -> 9509 | W39: =ROUNDDOWN(_xll.IMBC(U5,"세전수익률",W7,V39,"세전단가"),4) -> 2.072 | X39: =(W39-W38)*100 -> -0.1 | Y39: =Y27+U39 -> 9515 | Z39: =ROUNDDOWN(_xll.IMBC(U5,"세전수익률",W8,V39,"세전단가"),4) -> 2.074 | AA39: =Z39-Z38 -> -0.001 | AC39: +11.0 | AD39: =AD27+AC39 -> 8966 | AE39: =ROUNDDOWN(_xll.IMBC(AC5,"세전수익률",AE7,AD39,"세전단가"),4) -> 2.185 | AF39: =(AE39-AE38)*100 -> 0 | AG39: =AG27+AC39 -> 8971 | AH39: =ROUNDDOWN(_xll.IMBC(AC5,"세전수익률",AE8,AD39,"세전단가"),4) -> 2.186 | AI39: =AH39-AH38 -> 0
E40: +12.0 | F40: =F27+E40 -> 9974 | G40: =ROUNDDOWN(_xll.IMBC(E5,"세전수익률",G7,F40,"세전단가"),4) -> 1.009 | H40: =(G40-G39)*100 -> -0.6 | I40: =I27+E40 -> 9976 | J40: =ROUNDDOWN(_xll.IMBC(E5,"세전수익률",G8,F40,"세전단가"),4) -> 1.014 | K40: =J40-J39 -> -0.006 | M40: +12.0 | N40: =N27+M40 -> 9937 | O40: =ROUNDDOWN(_xll.IMBC(M5,"세전수익률",O7,N40,"세전단가"),4) -> 1.132 | P40: =(O40-O39)*100 -> -0.4 | Q40: =Q27+M40 -> 9938 | R40: =ROUNDDOWN(_xll.IMBC(M5,"세전수익률",O8,N40,"세전단가"),4) -> 1.136 | S40: =R40-R39 -> -0.004 | U40: +12.0 | V40: =V27+U40 -> 9510 | W40: =ROUNDDOWN(_xll.IMBC(U5,"세전수익률",W7,V40,"세전단가"),4) -> 2.071 | X40: =(W40-W39)*100 -> -0.1 | Y40: =Y27+U40 -> 9516 | Z40: =ROUNDDOWN(_xll.IMBC(U5,"세전수익률",W8,V40,"세전단가"),4) -> 2.073 | AA40: =Z40-Z39 -> -0.001 | AC40: +12.0 | AD40: =AD27+AC40 -> 8967 | AE40: =ROUNDDOWN(_xll.IMBC(AC5,"세전수익률",AE7,AD40,"세전단가"),4) -> 2.184 | AF40: =(AE40-AE39)*100 -> -0.1 | AG40: =AG27+AC40 -> 8972 | AH40: =ROUNDDOWN(_xll.IMBC(AC5,"세전수익률",AE8,AD40,"세전단가"),4) -> 2.185 | AI40: =AH40-AH39 -> -0.001
E41: +13.0 | F41: =F27+E41 -> 9975 | G41: =ROUNDDOWN(_xll.IMBC(E5,"세전수익률",G7,F41,"세전단가"),4) -> 1.004 | H41: =(G41-G40)*100 -> -0.5 | I41: =I27+E41 -> 9977 | J41: =ROUNDDOWN(_xll.IMBC(E5,"세전수익률",G8,F41,"세전단가"),4) -> 1.008 | K41: =J41-J40 -> -0.006 | M41: +13.0 | N41: =N27+M41 -> 9938 | O41: =ROUNDDOWN(_xll.IMBC(M5,"세전수익률",O7,N41,"세전단가"),4) -> 1.128 | P41: =(O41-O40)*100 -> -0.4 | Q41: =Q27+M41 -> 9939 | R41: =ROUNDDOWN(_xll.IMBC(M5,"세전수익률",O8,N41,"세전단가"),4) -> 1.132 | S41: =R41-R40 -> -0.004 | U41: +13.0 | V41: =V27+U41 -> 9511 | W41: =ROUNDDOWN(_xll.IMBC(U5,"세전수익률",W7,V41,"세전단가"),4) -> 2.07 | X41: =(W41-W40)*100 -> -0.1 | Y41: =Y27+U41 -> 9517 | Z41: =ROUNDDOWN(_xll.IMBC(U5,"세전수익률",W8,V41,"세전단가"),4) -> 2.072 | AA41: =Z41-Z40 -> -0.001 | AC41: +13.0 | AD41: =AD27+AC41 -> 8968 | AE41: =ROUNDDOWN(_xll.IMBC(AC5,"세전수익률",AE7,AD41,"세전단가"),4) -> 2.183 | AF41: =(AE41-AE40)*100 -> -0.1 | AG41: =AG27+AC41 -> 8973 | AH41: =ROUNDDOWN(_xll.IMBC(AC5,"세전수익률",AE8,AD41,"세전단가"),4) -> 2.184 | AI41: =AH41-AH40 -> -0.001
E42: +14.0 | F42: =F27+E42 -> 9976 | G42: =ROUNDDOWN(_xll.IMBC(E5,"세전수익률",G7,F42,"세전단가"),4) -> 0.998 | H42: =(G42-G41)*100 -> -0.6 | I42: =I27+E42 -> 9978 | J42: =ROUNDDOWN(_xll.IMBC(E5,"세전수익률",G8,F42,"세전단가"),4) -> 1.003 | K42: =J42-J41 -> -0.005 | M42: +14.0 | N42: =N27+M42 -> 9939 | O42: =ROUNDDOWN(_xll.IMBC(M5,"세전수익률",O7,N42,"세전단가"),4) -> 1.124 | P42: =(O42-O41)*100 -> -0.4 | Q42: =Q27+M42 -> 9940 | R42: =ROUNDDOWN(_xll.IMBC(M5,"세전수익률",O8,N42,"세전단가"),4) -> 1.128 | S42: =R42-R41 -> -0.004 | U42: +14.0 | V42: =V27+U42 -> 9512 | W42: =ROUNDDOWN(_xll.IMBC(U5,"세전수익률",W7,V42,"세전단가"),4) -> 2.069 | X42: =(W42-W41)*100 -> -0.1 | Y42: =Y27+U42 -> 9518 | Z42: =ROUNDDOWN(_xll.IMBC(U5,"세전수익률",W8,V42,"세전단가"),4) -> 2.071 | AA42: =Z42-Z41 -> -0.001 | AC42: +14.0 | AD42: =AD27+AC42 -> 8969 | AE42: =ROUNDDOWN(_xll.IMBC(AC5,"세전수익률",AE7,AD42,"세전단가"),4) -> 2.183 | AF42: =(AE42-AE41)*100 -> 0 | AG42: =AG27+AC42 -> 8974 | AH42: =ROUNDDOWN(_xll.IMBC(AC5,"세전수익률",AE8,AD42,"세전단가"),4) -> 2.184 | AI42: =AH42-AH41 -> 0
E43: +15.0 | F43: =F27+E43 -> 9977 | G43: =ROUNDDOWN(_xll.IMBC(E5,"세전수익률",G7,F43,"세전단가"),4) -> 0.992 | H43: =(G43-G42)*100 -> -0.6 | I43: =I27+E43 -> 9979 | J43: =ROUNDDOWN(_xll.IMBC(E5,"세전수익률",G8,F43,"세전단가"),4) -> 0.997 | K43: =J43-J42 -> -0.006 | M43: +15.0 | N43: =N27+M43 -> 9940 | O43: =ROUNDDOWN(_xll.IMBC(M5,"세전수익률",O7,N43,"세전단가"),4) -> 1.12 | P43: =(O43-O42)*100 -> -0.4 | Q43: =Q27+M43 -> 9941 | R43: =ROUNDDOWN(_xll.IMBC(M5,"세전수익률",O8,N43,"세전단가"),4) -> 1.124 | S43: =R43-R42 -> -0.004 | U43: +15.0 | V43: =V27+U43 -> 9513 | W43: =ROUNDDOWN(_xll.IMBC(U5,"세전수익률",W7,V43,"세전단가"),4) -> 2.067 | X43: =(W43-W42)*100 -> -0.2 | Y43: =Y27+U43 -> 9519 | Z43: =ROUNDDOWN(_xll.IMBC(U5,"세전수익률",W8,V43,"세전단가"),4) -> 2.069 | AA43: =Z43-Z42 -> -0.002 | AC43: +15.0 | AD43: =AD27+AC43 -> 8970 | AE43: =ROUNDDOWN(_xll.IMBC(AC5,"세전수익률",AE7,AD43,"세전단가"),4) -> 2.182 | AF43: =(AE43-AE42)*100 -> -0.1 | AG43: =AG27+AC43 -> 8975 | AH43: =ROUNDDOWN(_xll.IMBC(AC5,"세전수익률",AE8,AD43,"세전단가"),4) -> 2.183 | AI43: =AH43-AH42 -> -0.001
E47: 5 | M47: 6 | U47: 7 | AC47: 8
E48: KR103503GB32 | G48: =_xll.IMDP("BND",E48,"한글종목명") -> 국고00750-2303(21-3) | M48: KR103501GAC4 | O48: =_xll.IMDP("BND",M48,"한글종목명") -> 국고00875-2312(20-8) | U48: KR103502GAC2 | W48: =_xll.IMDP("BND",U48,"한글종목명") -> 국고01500-3012(20-9) | AC48: KR103502GA91 | AE48: =_xll.IMDP("BND",AC48,"한글종목명") -> 국고01500-4009(20-7)
E49: 만기일 | G49: =_xll.IMDP("BND",E48,"만기일") -> 20230310 | I49: 기 준 | J49: 시가평가 | M49: 만기일 | O49: =_xll.IMDP("BND",M48,"만기일") -> 20231210 | Q49: 기 준 | R49: 시가평가 | U49: 만기일 | W49: =_xll.IMDP("BND",U48,"만기일") -> 20301210 | Y49: 기 준 | Z49: 시가평가 | AC49: 만기일 | AE49: =_xll.IMDP("BND",AC48,"만기일") -> 20400910 | AG49: 기 준 | AH49: 시가평가
E50: 결제일(당일) | G50: =TODAY() -> 44358 | I50: 수익률 | J50: 시가평가 | M50: 결제일(당일) | O50: =TODAY() -> 44358 | Q50: 수익률 | R50: 시가평가 | U50: 결제일(당일) | W50: =TODAY() -> 44358 | Y50: 수익률 | Z50: 시가평가 | AC50: 결제일(당일) | AE50: =TODAY() -> 44358 | AG50: 수익률 | AH50: 시가평가
E51: 결제일(익일) | G51: =WORKDAY(TODAY(),1) -> 44361 | I51: 가 격 | J51: =ROUNDDOWN(_xll.IMDP("BND",E48,INDEX(Sheet1!$B$2:$C$7,$C$5,2)),2) -> 1.07 | M51: 결제일(익일) | O51: =WORKDAY(TODAY(),1) -> 44361 | Q51: 가 격 | R51: =ROUNDDOWN(_xll.IMDP("BND",M48,INDEX(Sheet1!$B$2:$C$7,$C$5,2)),2) -> 1.18 | U51: 결제일(익일) | W51: =WORKDAY(TODAY(),1) -> 44361 | Y51: 가 격 | Z51: =ROUNDDOWN(_xll.IMDP("BND",U48,INDEX(Sheet1!$B$2:$C$7,$C$5,2)),2) -> 2.08 | AC51: 결제일(익일) | AE51: =WORKDAY(TODAY(),1) -> 44361 | AG51: 가 격 | AH51: =ROUNDDOWN(_xll.IMDP("BND",AC48,INDEX(Sheet1!$B$2:$C$7,$C$5,2)),2) -> 2.19
E52: 수 익 률 | J52: =ROUNDDOWN(_xll.IMDP("BND",E48,INDEX(Sheet1!$B$9:$C$14,$C$5,2)),2) -> 9962.66 | M52: 수 익 률 | R52: =ROUNDDOWN(_xll.IMDP("BND",M48,INDEX(Sheet1!$B$9:$C$14,$C$5,2)),2) -> 9925.23 | U52: 수 익 률 | Z52: =ROUNDDOWN(_xll.IMDP("BND",U48,INDEX(Sheet1!$B$9:$C$14,$C$5,2)),2) -> 9498.72 | AC52: 수 익 률 | AH52: =ROUNDDOWN(_xll.IMDP("BND",AC48,INDEX(Sheet1!$B$9:$C$14,$C$5,2)),2) -> 8955.81
E53: 원 | F53: 단가 | G53: 당일 | H53: bp | I53: 단가(+1일) | J53: 익일 | K53: bp | M53: 원 | N53: 단가 | O53: 당일 | P53: bp | Q53: 단가(+1일) | R53: 익일 | S53: bp | U53: 원 | V53: 단가 | W53: 당일 | X53: bp | Y53: 단가(+1일) | Z53: 익일 | AA53: bp | AC53: 원 | AD53: 단가 | AE53: 당일 | AF53: bp | AG53: 단가(+1일) | AH53: 익일 | AI53: bp
E54: -15.0 | F54: =F70+E54 -> 9947 | G54: =ROUNDDOWN(_xll.IMBC(E48,"세전수익률",G50,F54,"세전단가"),4) -> 1.166 | H54: =(G54-G55)*100 -> 0.6 | I54: =I70+E54 -> 9949 | J54: =ROUNDDOWN(_xll.IMBC(E48,"세전수익률",G51,F54,"세전단가"),4) -> 1.172 | K54: =(J54-J55)*100 -> 0.6 | M54: -15.0 | N54: =N70+M54 -> 9910 | O54: =ROUNDDOWN(_xll.IMBC(M48,"세전수익률",O50,N54,"세전단가"),4) -> 1.243 | P54: =(O54-O55)*100 -> 0.4 | Q54: =Q70+M54 -> 9911 | R54: =ROUNDDOWN(_xll.IMBC(M48,"세전수익률",O51,N54,"세전단가"),4) -> 1.247 | S54: =(R54-R55)*100 -> 0.4 | U54: -15.0 | V54: =V70+U54 -> 9483 | W54: =ROUNDDOWN(_xll.IMBC(U48,"세전수익률",W50,V54,"세전단가"),4) -> 2.103 | X54: =(W54-W55)*100 -> 0.1 | Y54: =Y70+U54 -> 9489 | Z54: =ROUNDDOWN(_xll.IMBC(U48,"세전수익률",W51,V54,"세전단가"),4) -> 2.105 | AA54: =(Z54-Z55)*100 -> 0.1 | AC54: -15.0 | AD54: =AD70+AC54 -> 8940 | AE54: =ROUNDDOWN(_xll.IMBC(AC48,"세전수익률",AE50,AD54,"세전단가"),4) -> 2.202 | AF54: =(AE54-AE55)*100 -> 0 | AG54: =AG70+AC54 -> 8945 | AH54: =ROUNDDOWN(_xll.IMBC(AC48,"세전수익률",AE51,AD54,"세전단가"),4) -> 2.203 | AI54: =(AH54-AH55)*100 -> 0
E55: -14.0 | F55: =F70+E55 -> 9948 | G55: =ROUNDDOWN(_xll.IMBC(E48,"세전수익률",G50,F55,"세전단가"),4) -> 1.16 | H55: =(G55-G56)*100 -> 0.5 | I55: =I70+E55 -> 9950 | J55: =ROUNDDOWN(_xll.IMBC(E48,"세전수익률",G51,F55,"세전단가"),4) -> 1.166 | K55: =(J55-J56)*100 -> 0.6 | M55: -14.0 | N55: =N70+M55 -> 9911 | O55: =ROUNDDOWN(_xll.IMBC(M48,"세전수익률",O50,N55,"세전단가"),4) -> 1.239 | P55: =(O55-O56)*100 -> 0.5 | Q55: =Q70+M55 -> 9912 | R55: =ROUNDDOWN(_xll.IMBC(M48,"세전수익률",O51,N55,"세전단가"),4) -> 1.243 | S55: =(R55-R56)*100 -> 0.4 | U55: -14.0 | V55: =V70+U55 -> 9484 | W55: =ROUNDDOWN(_xll.IMBC(U48,"세전수익률",W50,V55,"세전단가"),4) -> 2.102 | X55: =(W55-W56)*100 -> 0.1 | Y55: =Y70+U55 -> 9490 | Z55: =ROUNDDOWN(_xll.IMBC(U48,"세전수익률",W51,V55,"세전단가"),4) -> 2.104 | AA55: =(Z55-Z56)*100 -> 0.1 | AC55: -14.0 | AD55: =AD70+AC55 -> 8941 | AE55: =ROUNDDOWN(_xll.IMBC(AC48,"세전수익률",AE50,AD55,"세전단가"),4) -> 2.202 | AF55: =(AE55-AE56)*100 -> 0.1 | AG55: =AG70+AC55 -> 8946 | AH55: =ROUNDDOWN(_xll.IMBC(AC48,"세전수익률",AE51,AD55,"세전단가"),4) -> 2.203 | AI55: =(AH55-AH56)*100 -> 0.1
E56: -13.0 | F56: =F70+E56 -> 9949 | G56: =ROUNDDOWN(_xll.IMBC(E48,"세전수익률",G50,F56,"세전단가"),4) -> 1.155 | H56: =(G56-G57)*100 -> 0.6 | I56: =I70+E56 -> 9951 | J56: =ROUNDDOWN(_xll.IMBC(E48,"세전수익률",G51,F56,"세전단가"),4) -> 1.16 | K56: =(J56-J57)*100 -> 0.6 | M56: -13.0 | N56: =N70+M56 -> 9912 | O56: =ROUNDDOWN(_xll.IMBC(M48,"세전수익률",O50,N56,"세전단가"),4) -> 1.234 | P56: =(O56-O57)*100 -> 0.4 | Q56: =Q70+M56 -> 9913 | R56: =ROUNDDOWN(_xll.IMBC(M48,"세전수익률",O51,N56,"세전단가"),4) -> 1.239 | S56: =(R56-R57)*100 -> 0.5 | U56: -13.0 | V56: =V70+U56 -> 9485 | W56: =ROUNDDOWN(_xll.IMBC(U48,"세전수익률",W50,V56,"세전단가"),4) -> 2.101 | X56: =(W56-W57)*100 -> 0.1 | Y56: =Y70+U56 -> 9491 | Z56: =ROUNDDOWN(_xll.IMBC(U48,"세전수익률",W51,V56,"세전단가"),4) -> 2.103 | AA56: =(Z56-Z57)*100 -> 0.1 | AC56: -13.0 | AD56: =AD70+AC56 -> 8942 | AE56: =ROUNDDOWN(_xll.IMBC(AC48,"세전수익률",AE50,AD56,"세전단가"),4) -> 2.201 | AF56: =(AE56-AE57)*100 -> 0.1 | AG56: =AG70+AC56 -> 8947 | AH56: =ROUNDDOWN(_xll.IMBC(AC48,"세전수익률",AE51,AD56,"세전단가"),4) -> 2.202 | AI56: =(AH56-AH57)*100 -> 0.1
E57: -12.0 | F57: =F70+E57 -> 9950 | G57: =ROUNDDOWN(_xll.IMBC(E48,"세전수익률",G50,F57,"세전단가"),4) -> 1.149 | H57: =(G57-G58)*100 -> 0.6 | I57: =I70+E57 -> 9952 | J57: =ROUNDDOWN(_xll.IMBC(E48,"세전수익률",G51,F57,"세전단가"),4) -> 1.154 | K57: =(J57-J58)*100 -> 0.6 | M57: -12.0 | N57: =N70+M57 -> 9913 | O57: =ROUNDDOWN(_xll.IMBC(M48,"세전수익률",O50,N57,"세전단가"),4) -> 1.23 | P57: =(O57-O58)*100 -> 0.4 | Q57: =Q70+M57 -> 9914 | R57: =ROUNDDOWN(_xll.IMBC(M48,"세전수익률",O51,N57,"세전단가"),4) -> 1.234 | S57: =(R57-R58)*100 -> 0.4 | U57: -12.0 | V57: =V70+U57 -> 9486 | W57: =ROUNDDOWN(_xll.IMBC(U48,"세전수익률",W50,V57,"세전단가"),4) -> 2.1 | X57: =(W57-W58)*100 -> 0.1 | Y57: =Y70+U57 -> 9492 | Z57: =ROUNDDOWN(_xll.IMBC(U48,"세전수익률",W51,V57,"세전단가"),4) -> 2.102 | AA57: =(Z57-Z58)*100 -> 0.1 | AC57: -12.0 | AD57: =AD70+AC57 -> 8943 | AE57: =ROUNDDOWN(_xll.IMBC(AC48,"세전수익률",AE50,AD57,"세전단가"),4) -> 2.2 | AF57: =(AE57-AE58)*100 -> 0 | AG57: =AG70+AC57 -> 8948 | AH57: =ROUNDDOWN(_xll.IMBC(AC48,"세전수익률",AE51,AD57,"세전단가"),4) -> 2.201 | AI57: =(AH57-AH58)*100 -> 0
E58: -11.0 | F58: =F70+E58 -> 9951 | G58: =ROUNDDOWN(_xll.IMBC(E48,"세전수익률",G50,F58,"세전단가"),4) -> 1.143 | H58: =(G58-G59)*100 -> 0.6 | I58: =I70+E58 -> 9953 | J58: =ROUNDDOWN(_xll.IMBC(E48,"세전수익률",G51,F58,"세전단가"),4) -> 1.148 | K58: =(J58-J59)*100 -> 0.5 | M58: -11.0 | N58: =N70+M58 -> 9914 | O58: =ROUNDDOWN(_xll.IMBC(M48,"세전수익률",O50,N58,"세전단가"),4) -> 1.226 | P58: =(O58-O59)*100 -> 0.4 | Q58: =Q70+M58 -> 9915 | R58: =ROUNDDOWN(_xll.IMBC(M48,"세전수익률",O51,N58,"세전단가"),4) -> 1.23 | S58: =(R58-R59)*100 -> 0.4 | U58: -11.0 | V58: =V70+U58 -> 9487 | W58: =ROUNDDOWN(_xll.IMBC(U48,"세전수익률",W50,V58,"세전단가"),4) -> 2.099 | X58: =(W58-W59)*100 -> 0.2 | Y58: =Y70+U58 -> 9493 | Z58: =ROUNDDOWN(_xll.IMBC(U48,"세전수익률",W51,V58,"세전단가"),4) -> 2.101 | AA58: =(Z58-Z59)*100 -> 0.2 | AC58: -11.0 | AD58: =AD70+AC58 -> 8944 | AE58: =ROUNDDOWN(_xll.IMBC(AC48,"세전수익률",AE50,AD58,"세전단가"),4) -> 2.2 | AF58: =(AE58-AE59)*100 -> 0.1 | AG58: =AG70+AC58 -> 8949 | AH58: =ROUNDDOWN(_xll.IMBC(AC48,"세전수익률",AE51,AD58,"세전단가"),4) -> 2.201 | AI58: =(AH58-AH59)*100 -> 0.1
E59: -10.0 | F59: =F70+E59 -> 9952 | G59: =ROUNDDOWN(_xll.IMBC(E48,"세전수익률",G50,F59,"세전단가"),4) -> 1.137 | H59: =(G59-G60)*100 -> 0.6 | I59: =I70+E59 -> 9954 | J59: =ROUNDDOWN(_xll.IMBC(E48,"세전수익률",G51,F59,"세전단가"),4) -> 1.143 | K59: =(J59-J60)*100 -> 0.6 | M59: -10.0 | N59: =N70+M59 -> 9915 | O59: =ROUNDDOWN(_xll.IMBC(M48,"세전수익률",O50,N59,"세전단가"),4) -> 1.222 | P59: =(O59-O60)*100 -> 0.4 | Q59: =Q70+M59 -> 9916 | R59: =ROUNDDOWN(_xll.IMBC(M48,"세전수익률",O51,N59,"세전단가"),4) -> 1.226 | S59: =(R59-R60)*100 -> 0.4 | U59: -10.0 | V59: =V70+U59 -> 9488 | W59: =ROUNDDOWN(_xll.IMBC(U48,"세전수익률",W50,V59,"세전단가"),4) -> 2.097 | X59: =(W59-W60)*100 -> 0.1 | Y59: =Y70+U59 -> 9494 | Z59: =ROUNDDOWN(_xll.IMBC(U48,"세전수익률",W51,V59,"세전단가"),4) -> 2.099 | AA59: =(Z59-Z60)*100 -> 0.1 | AC59: -10.0 | AD59: =AD70+AC59 -> 8945 | AE59: =ROUNDDOWN(_xll.IMBC(AC48,"세전수익률",AE50,AD59,"세전단가"),4) -> 2.199 | AF59: =(AE59-AE60)*100 -> 0.1 | AG59: =AG70+AC59 -> 8950 | AH59: =ROUNDDOWN(_xll.IMBC(AC48,"세전수익률",AE51,AD59,"세전단가"),4) -> 2.2 | AI59: =(AH59-AH60)*100 -> 0.1
E60: -9.0 | F60: =F70+E60 -> 9953 | G60: =ROUNDDOWN(_xll.IMBC(E48,"세전수익률",G50,F60,"세전단가"),4) -> 1.131 | H60: =(G60-G61)*100 -> 0.5 | I60: =I70+E60 -> 9955 | J60: =ROUNDDOWN(_xll.IMBC(E48,"세전수익률",G51,F60,"세전단가"),4) -> 1.137 | K60: =(J60-J61)*100 -> 0.6 | M60: -9.0 | N60: =N70+M60 -> 9916 | O60: =ROUNDDOWN(_xll.IMBC(M48,"세전수익률",O50,N60,"세전단가"),4) -> 1.218 | P60: =(O60-O61)*100 -> 0.4 | Q60: =Q70+M60 -> 9917 | R60: =ROUNDDOWN(_xll.IMBC(M48,"세전수익률",O51,N60,"세전단가"),4) -> 1.222 | S60: =(R60-R61)*100 -> 0.4 | U60: -9.0 | V60: =V70+U60 -> 9489 | W60: =ROUNDDOWN(_xll.IMBC(U48,"세전수익률",W50,V60,"세전단가"),4) -> 2.096 | X60: =(W60-W61)*100 -> 0.1 | Y60: =Y70+U60 -> 9495 | Z60: =ROUNDDOWN(_xll.IMBC(U48,"세전수익률",W51,V60,"세전단가"),4) -> 2.098 | AA60: =(Z60-Z61)*100 -> 0.1 | AC60: -9.0 | AD60: =AD70+AC60 -> 8946 | AE60: =ROUNDDOWN(_xll.IMBC(AC48,"세전수익률",AE50,AD60,"세전단가"),4) -> 2.198 | AF60: =(AE60-AE61)*100 -> 0 | AG60: =AG70+AC60 -> 8951 | AH60: =ROUNDDOWN(_xll.IMBC(AC48,"세전수익률",AE51,AD60,"세전단가"),4) -> 2.199 | AI60: =(AH60-AH61)*100 -> 0
E61: -8.0 | F61: =F70+E61 -> 9954 | G61: =ROUNDDOWN(_xll.IMBC(E48,"세전수익률",G50,F61,"세전단가"),4) -> 1.126 | H61: =(G61-G62)*100 -> 0.6 | I61: =I70+E61 -> 9956 | J61: =ROUNDDOWN(_xll.IMBC(E48,"세전수익률",G51,F61,"세전단가"),4) -> 1.131 | K61: =(J61-J62)*100 -> 0.6 | M61: -8.0 | N61: =N70+M61 -> 9917 | O61: =ROUNDDOWN(_xll.IMBC(M48,"세전수익률",O50,N61,"세전단가"),4) -> 1.214 | P61: =(O61-O62)*100 -> 0.4 | Q61: =Q70+M61 -> 9918 | R61: =ROUNDDOWN(_xll.IMBC(M48,"세전수익률",O51,N61,"세전단가"),4) -> 1.218 | S61: =(R61-R62)*100 -> 0.4 | U61: -8.0 | V61: =V70+U61 -> 9490 | W61: =ROUNDDOWN(_xll.IMBC(U48,"세전수익률",W50,V61,"세전단가"),4) -> 2.095 | X61: =(W61-W62)*100 -> 0.1 | Y61: =Y70+U61 -> 9496 | Z61: =ROUNDDOWN(_xll.IMBC(U48,"세전수익률",W51,V61,"세전단가"),4) -> 2.097 | AA61: =(Z61-Z62)*100 -> 0.1 | AC61: -8.0 | AD61: =AD70+AC61 -> 8947 | AE61: =ROUNDDOWN(_xll.IMBC(AC48,"세전수익률",AE50,AD61,"세전단가"),4) -> 2.198 | AF61: =(AE61-AE62)*100 -> 0.1 | AG61: =AG70+AC61 -> 8952 | AH61: =ROUNDDOWN(_xll.IMBC(AC48,"세전수익률",AE51,AD61,"세전단가"),4) -> 2.199 | AI61: =(AH61-AH62)*100 -> 0.1
E62: -7.0 | F62: =F70+E62 -> 9955 | G62: =ROUNDDOWN(_xll.IMBC(E48,"세전수익률",G50,F62,"세전단가"),4) -> 1.12 | H62: =(G62-G63)*100 -> 0.6 | I62: =I70+E62 -> 9957 | J62: =ROUNDDOWN(_xll.IMBC(E48,"세전수익률",G51,F62,"세전단가"),4) -> 1.125 | K62: =(J62-J63)*100 -> 0.6 | M62: -7.0 | N62: =N70+M62 -> 9918 | O62: =ROUNDDOWN(_xll.IMBC(M48,"세전수익률",O50,N62,"세전단가"),4) -> 1.21 | P62: =(O62-O63)*100 -> 0.4 | Q62: =Q70+M62 -> 9919 | R62: =ROUNDDOWN(_xll.IMBC(M48,"세전수익률",O51,N62,"세전단가"),4) -> 1.214 | S62: =(R62-R63)*100 -> 0.4 | U62: -7.0 | V62: =V70+U62 -> 9491 | W62: =ROUNDDOWN(_xll.IMBC(U48,"세전수익률",W50,V62,"세전단가"),4) -> 2.094 | X62: =(W62-W63)*100 -> 0.1 | Y62: =Y70+U62 -> 9497 | Z62: =ROUNDDOWN(_xll.IMBC(U48,"세전수익률",W51,V62,"세전단가"),4) -> 2.096 | AA62: =(Z62-Z63)*100 -> 0.1 | AC62: -7.0 | AD62: =AD70+AC62 -> 8948 | AE62: =ROUNDDOWN(_xll.IMBC(AC48,"세전수익률",AE50,AD62,"세전단가"),4) -> 2.197 | AF62: =(AE62-AE63)*100 -> 0.1 | AG62: =AG70+AC62 -> 8953 | AH62: =ROUNDDOWN(_xll.IMBC(AC48,"세전수익률",AE51,AD62,"세전단가"),4) -> 2.198 | AI62: =(AH62-AH63)*100 -> 0.1
E63: -6.0 | F63: =F70+E63 -> 9956 | G63: =ROUNDDOWN(_xll.IMBC(E48,"세전수익률",G50,F63,"세전단가"),4) -> 1.114 | H63: =(G63-G64)*100 -> 0.6 | I63: =I70+E63 -> 9958 | J63: =ROUNDDOWN(_xll.IMBC(E48,"세전수익률",G51,F63,"세전단가"),4) -> 1.119 | K63: =(J63-J64)*100 -> 0.6 | M63: -6.0 | N63: =N70+M63 -> 9919 | O63: =ROUNDDOWN(_xll.IMBC(M48,"세전수익률",O50,N63,"세전단가"),4) -> 1.206 | P63: =(O63-O64)*100 -> 0.4 | Q63: =Q70+M63 -> 9920 | R63: =ROUNDDOWN(_xll.IMBC(M48,"세전수익률",O51,N63,"세전단가"),4) -> 1.21 | S63: =(R63-R64)*100 -> 0.4 | U63: -6.0 | V63: =V70+U63 -> 9492 | W63: =ROUNDDOWN(_xll.IMBC(U48,"세전수익률",W50,V63,"세전단가"),4) -> 2.093 | X63: =(W63-W64)*100 -> 0.2 | Y63: =Y70+U63 -> 9498 | Z63: =ROUNDDOWN(_xll.IMBC(U48,"세전수익률",W51,V63,"세전단가"),4) -> 2.095 | AA63: =(Z63-Z64)*100 -> 0.2 | AC63: -6.0 | AD63: =AD70+AC63 -> 8949 | AE63: =ROUNDDOWN(_xll.IMBC(AC48,"세전수익률",AE50,AD63,"세전단가"),4) -> 2.196 | AF63: =(AE63-AE64)*100 -> 0.1 | AG63: =AG70+AC63 -> 8954 | AH63: =ROUNDDOWN(_xll.IMBC(AC48,"세전수익률",AE51,AD63,"세전단가"),4) -> 2.197 | AI63: =(AH63-AH64)*100 -> 0
E64: -5.0 | F64: =F70+E64 -> 9957 | G64: =ROUNDDOWN(_xll.IMBC(E48,"세전수익률",G50,F64,"세전단가"),4) -> 1.108 | H64: =(G64-G65)*100 -> 0.6 | I64: =I70+E64 -> 9959 | J64: =ROUNDDOWN(_xll.IMBC(E48,"세전수익률",G51,F64,"세전단가"),4) -> 1.113 | K64: =(J64-J65)*100 -> 0.5 | M64: -5.0 | N64: =N70+M64 -> 9920 | O64: =ROUNDDOWN(_xll.IMBC(M48,"세전수익률",O50,N64,"세전단가"),4) -> 1.202 | P64: =(O64-O65)*100 -> 0.4 | Q64: =Q70+M64 -> 9921 | R64: =ROUNDDOWN(_xll.IMBC(M48,"세전수익률",O51,N64,"세전단가"),4) -> 1.206 | S64: =(R64-R65)*100 -> 0.5 | U64: -5.0 | V64: =V70+U64 -> 9493 | W64: =ROUNDDOWN(_xll.IMBC(U48,"세전수익률",W50,V64,"세전단가"),4) -> 2.091 | X64: =(W64-W65)*100 -> 0.1 | Y64: =Y70+U64 -> 9499 | Z64: =ROUNDDOWN(_xll.IMBC(U48,"세전수익률",W51,V64,"세전단가"),4) -> 2.093 | AA64: =(Z64-Z65)*100 -> 0.1 | AC64: -5.0 | AD64: =AD70+AC64 -> 8950 | AE64: =ROUNDDOWN(_xll.IMBC(AC48,"세전수익률",AE50,AD64,"세전단가"),4) -> 2.195 | AF64: =(AE64-AE65)*100 -> 0 | AG64: =AG70+AC64 -> 8955 | AH64: =ROUNDDOWN(_xll.IMBC(AC48,"세전수익률",AE51,AD64,"세전단가"),4) -> 2.197 | AI64: =(AH64-AH65)*100 -> 0.1
E65: -4.0 | F65: =F70+E65 -> 9958 | G65: =ROUNDDOWN(_xll.IMBC(E48,"세전수익률",G50,F65,"세전단가"),4) -> 1.102 | H65: =(G65-G66)*100 -> 0.5 | I65: =I70+E65 -> 9960 | J65: =ROUNDDOWN(_xll.IMBC(E48,"세전수익률",G51,F65,"세전단가"),4) -> 1.108 | K65: =(J65-J66)*100 -> 0.6 | M65: -4.0 | N65: =N70+M65 -> 9921 | O65: =ROUNDDOWN(_xll.IMBC(M48,"세전수익률",O50,N65,"세전단가"),4) -> 1.198 | P65: =(O65-O66)*100 -> 0.5 | Q65: =Q70+M65 -> 9922 | R65: =ROUNDDOWN(_xll.IMBC(M48,"세전수익률",O51,N65,"세전단가"),4) -> 1.201 | S65: =(R65-R66)*100 -> 0.4 | U65: -4.0 | V65: =V70+U65 -> 9494 | W65: =ROUNDDOWN(_xll.IMBC(U48,"세전수익률",W50,V65,"세전단가"),4) -> 2.09 | X65: =(W65-W66)*100 -> 0.1 | Y65: =Y70+U65 -> 9500 | Z65: =ROUNDDOWN(_xll.IMBC(U48,"세전수익률",W51,V65,"세전단가"),4) -> 2.092 | AA65: =(Z65-Z66)*100 -> 0.1 | AC65: -4.0 | AD65: =AD70+AC65 -> 8951 | AE65: =ROUNDDOWN(_xll.IMBC(AC48,"세전수익률",AE50,AD65,"세전단가"),4) -> 2.195 | AF65: =(AE65-AE66)*100 -> 0.1 | AG65: =AG70+AC65 -> 8956 | AH65: =ROUNDDOWN(_xll.IMBC(AC48,"세전수익률",AE51,AD65,"세전단가"),4) -> 2.196 | AI65: =(AH65-AH66)*100 -> 0.1
E66: -3.0 | F66: =F70+E66 -> 9959 | G66: =ROUNDDOWN(_xll.IMBC(E48,"세전수익률",G50,F66,"세전단가"),4) -> 1.097 | H66: =(G66-G67)*100 -> 0.6 | I66: =I70+E66 -> 9961 | J66: =ROUNDDOWN(_xll.IMBC(E48,"세전수익률",G51,F66,"세전단가"),4) -> 1.102 | K66: =(J66-J67)*100 -> 0.6 | M66: -3.0 | N66: =N70+M66 -> 9922 | O66: =ROUNDDOWN(_xll.IMBC(M48,"세전수익률",O50,N66,"세전단가"),4) -> 1.193 | P66: =(O66-O67)*100 -> 0.4 | Q66: =Q70+M66 -> 9923 | R66: =ROUNDDOWN(_xll.IMBC(M48,"세전수익률",O51,N66,"세전단가"),4) -> 1.197 | S66: =(R66-R67)*100 -> 0.4 | U66: -3.0 | V66: =V70+U66 -> 9495 | W66: =ROUNDDOWN(_xll.IMBC(U48,"세전수익률",W50,V66,"세전단가"),4) -> 2.089 | X66: =(W66-W67)*100 -> 0.1 | Y66: =Y70+U66 -> 9501 | Z66: =ROUNDDOWN(_xll.IMBC(U48,"세전수익률",W51,V66,"세전단가"),4) -> 2.091 | AA66: =(Z66-Z67)*100 -> 0.1 | AC66: -3.0 | AD66: =AD70+AC66 -> 8952 | AE66: =ROUNDDOWN(_xll.IMBC(AC48,"세전수익률",AE50,AD66,"세전단가"),4) -> 2.194 | AF66: =(AE66-AE67)*100 -> 0.1 | AG66: =AG70+AC66 -> 8957 | AH66: =ROUNDDOWN(_xll.IMBC(AC48,"세전수익률",AE51,AD66,"세전단가"),4) -> 2.195 | AI66: =(AH66-AH67)*100 -> 0
E67: -2.0 | F67: =F70+E67 -> 9960 | G67: =ROUNDDOWN(_xll.IMBC(E48,"세전수익률",G50,F67,"세전단가"),4) -> 1.091 | H67: =(G67-G68)*100 -> 0.6 | I67: =I70+E67 -> 9962 | J67: =ROUNDDOWN(_xll.IMBC(E48,"세전수익률",G51,F67,"세전단가"),4) -> 1.096 | K67: =(J67-J68)*100 -> 0.6 | M67: -2.0 | N67: =N70+M67 -> 9923 | O67: =ROUNDDOWN(_xll.IMBC(M48,"세전수익률",O50,N67,"세전단가"),4) -> 1.189 | P67: =(O67-O68)*100 -> 0.4 | Q67: =Q70+M67 -> 9924 | R67: =ROUNDDOWN(_xll.IMBC(M48,"세전수익률",O51,N67,"세전단가"),4) -> 1.193 | S67: =(R67-R68)*100 -> 0.4 | U67: -2.0 | V67: =V70+U67 -> 9496 | W67: =ROUNDDOWN(_xll.IMBC(U48,"세전수익률",W50,V67,"세전단가"),4) -> 2.088 | X67: =(W67-W68)*100 -> 0.1 | Y67: =Y70+U67 -> 9502 | Z67: =ROUNDDOWN(_xll.IMBC(U48,"세전수익률",W51,V67,"세전단가"),4) -> 2.09 | AA67: =(Z67-Z68)*100 -> 0.1 | AC67: -2.0 | AD67: =AD70+AC67 -> 8953 | AE67: =ROUNDDOWN(_xll.IMBC(AC48,"세전수익률",AE50,AD67,"세전단가"),4) -> 2.193 | AF67: =(AE67-AE68)*100 -> 0 | AG67: =AG70+AC67 -> 8958 | AH67: =ROUNDDOWN(_xll.IMBC(AC48,"세전수익률",AE51,AD67,"세전단가"),4) -> 2.195 | AI67: =(AH67-AH68)*100 -> 0.1
E68: -1.0 | F68: =F70+E68 -> 9961 | G68: =ROUNDDOWN(_xll.IMBC(E48,"세전수익률",G50,F68,"세전단가"),4) -> 1.085 | H68: =(G68-G69)*100 -> 0.3 | I68: =I70+E68 -> 9963 | J68: =ROUNDDOWN(_xll.IMBC(E48,"세전수익률",G51,F68,"세전단가"),4) -> 1.09 | K68: =(J68-J69)*100 -> 0.3 | M68: -1.0 | N68: =N70+M68 -> 9924 | O68: =ROUNDDOWN(_xll.IMBC(M48,"세전수익률",O50,N68,"세전단가"),4) -> 1.185 | P68: =(O68-O69)*100 -> 0.2 | Q68: =Q70+M68 -> 9925 | R68: =ROUNDDOWN(_xll.IMBC(M48,"세전수익률",O51,N68,"세전단가"),4) -> 1.189 | S68: =(R68-R69)*100 -> 0.2 | U68: -1.0 | V68: =V70+U68 -> 9497 | W68: =ROUNDDOWN(_xll.IMBC(U48,"세전수익률",W50,V68,"세전단가"),4) -> 2.087 | X68: =(W68-W69)*100 -> 0.1 | Y68: =Y70+U68 -> 9503 | Z68: =ROUNDDOWN(_xll.IMBC(U48,"세전수익률",W51,V68,"세전단가"),4) -> 2.089 | AA68: =(Z68-Z69)*100 -> 0.1 | AC68: -1.0 | AD68: =AD70+AC68 -> 8954 | AE68: =ROUNDDOWN(_xll.IMBC(AC48,"세전수익률",AE50,AD68,"세전단가"),4) -> 2.193 | AF68: =(AE68-AE69)*100 -> 0.1 | AG68: =AG70+AC68 -> 8959 | AH68: =ROUNDDOWN(_xll.IMBC(AC48,"세전수익률",AE51,AD68,"세전단가"),4) -> 2.194 | AI68: =(AH68-AH69)*100 -> 0.1
E69: -0.5 | F69: =F70+E69 -> 9961.5 | G69: =ROUNDDOWN(_xll.IMBC(E48,"세전수익률",G50,F69,"세전단가"),4) -> 1.082 | H69: =(G69-G70)*100 -> 0.3 | I69: =I70+E69 -> 9963.5 | J69: =ROUNDDOWN(_xll.IMBC(E48,"세전수익률",G51,F69,"세전단가"),4) -> 1.087 | K69: =(J69-J70)*100 -> 0.3 | M69: -0.5 | N69: =N70+M69 -> 9924.5 | O69: =ROUNDDOWN(_xll.IMBC(M48,"세전수익률",O50,N69,"세전단가"),4) -> 1.183 | P69: =(O69-O70)*100 -> 0.2 | Q69: =Q70+M69 -> 9925.5 | R69: =ROUNDDOWN(_xll.IMBC(M48,"세전수익률",O51,N69,"세전단가"),4) -> 1.187 | S69: =(R69-R70)*100 -> 0.2 | U69: -0.5 | V69: =V70+U69 -> 9497.5 | W69: =ROUNDDOWN(_xll.IMBC(U48,"세전수익률",W50,V69,"세전단가"),4) -> 2.086 | X69: =(W69-W70)*100 -> 0.1 | Y69: =Y70+U69 -> 9503.5 | Z69: =ROUNDDOWN(_xll.IMBC(U48,"세전수익률",W51,V69,"세전단가"),4) -> 2.088 | AA69: =(Z69-Z70)*100 -> 0.1 | AC69: -0.5 | AD69: =AD70+AC69 -> 8954.5 | AE69: =ROUNDDOWN(_xll.IMBC(AC48,"세전수익률",AE50,AD69,"세전단가"),4) -> 2.192 | AF69: =(AE69-AE70)*100 -> 0 | AG69: =AG70+AC69 -> 8959.5 | AH69: =ROUNDDOWN(_xll.IMBC(AC48,"세전수익률",AE51,AD69,"세전단가"),4) -> 2.193 | AI69: =(AH69-AH70)*100 -> 0
E70: 0 | F70: =ROUNDDOWN(_xll.IMBC(E48,"세전단가",G50,G52),0) -> 9962 | G70: =ROUNDDOWN(_xll.IMBC(E48,"세전수익률",G50,F70,"세전단가"),4) -> 1.079 | I70: =ROUNDDOWN(_xll.IMBC(E48,"세전단가",G51,J51),0) -> 9964 | J70: =ROUNDDOWN(_xll.IMBC(E48,"세전수익률",G51,F70,"세전단가"),4) -> 1.084 | M70: 0 | N70: =ROUNDDOWN(_xll.IMBC(M48,"세전단가",O50,O52),0) -> 9925 | O70: =ROUNDDOWN(_xll.IMBC(M48,"세전수익률",O50,N70,"세전단가"),4) -> 1.181 | Q70: =ROUNDDOWN(_xll.IMBC(M48,"세전단가",O51,R51),0) -> 9926 | R70: =ROUNDDOWN(_xll.IMBC(M48,"세전수익률",O51,N70,"세전단가"),4) -> 1.185 | U70: 0 | V70: =ROUNDDOWN(_xll.IMBC(U48,"세전단가",W50,W52),0) -> 9498 | W70: =ROUNDDOWN(_xll.IMBC(U48,"세전수익률",W50,V70,"세전단가"),4) -> 2.085 | Y70: =ROUNDDOWN(_xll.IMBC(U48,"세전단가",W51,Z51),0) -> 9504 | Z70: =ROUNDDOWN(_xll.IMBC(U48,"세전수익률",W51,V70,"세전단가"),4) -> 2.087 | AC70: 0 | AD70: =ROUNDDOWN(_xll.IMBC(AC48,"세전단가",AE50,AE52),0) -> 8955 | AE70: =ROUNDDOWN(_xll.IMBC(AC48,"세전수익률",AE50,AD70,"세전단가"),4) -> 2.192 | AG70: =ROUNDDOWN(_xll.IMBC(AC48,"세전단가",AE51,AH51),0) -> 8960 | AH70: =ROUNDDOWN(_xll.IMBC(AC48,"세전수익률",AE51,AD70,"세전단가"),4) -> 2.193
E71: +0.5 | F71: =F70+E71 -> 9962.5 | G71: =ROUNDDOWN(_xll.IMBC(E48,"세전수익률",G50,F71,"세전단가"),4) -> 1.076 | H71: =(G71-G70)*100 -> -0.3 | I71: =I70+E71 -> 9964.5 | J71: =ROUNDDOWN(_xll.IMBC(E48,"세전수익률",G51,F71,"세전단가"),4) -> 1.081 | K71: =J71-J70 -> -0.003 | M71: +0.5 | N71: =N70+M71 -> 9925.5 | O71: =ROUNDDOWN(_xll.IMBC(M48,"세전수익률",O50,N71,"세전단가"),4) -> 1.179 | P71: =(O71-O70)*100 -> -0.2 | Q71: =Q70+M71 -> 9926.5 | R71: =ROUNDDOWN(_xll.IMBC(M48,"세전수익률",O51,N71,"세전단가"),4) -> 1.183 | S71: =R71-R70 -> -0.002 | U71: +0.5 | V71: =V70+U71 -> 9498.5 | W71: =ROUNDDOWN(_xll.IMBC(U48,"세전수익률",W50,V71,"세전단가"),4) -> 2.085 | X71: =(W71-W70)*100 -> 0 | Y71: =Y70+U71 -> 9504.5 | Z71: =ROUNDDOWN(_xll.IMBC(U48,"세전수익률",W51,V71,"세전단가"),4) -> 2.087 | AA71: =Z71-Z70 -> 0 | AC71: +0.5 | AD71: =AD70+AC71 -> 8955.5 | AE71: =ROUNDDOWN(_xll.IMBC(AC48,"세전수익률",AE50,AD71,"세전단가"),4) -> 2.192 | AF71: =(AE71-AE70)*100 -> 0 | AG71: =AG70+AC71 -> 8960.5 | AH71: =ROUNDDOWN(_xll.IMBC(AC48,"세전수익률",AE51,AD71,"세전단가"),4) -> 2.193 | AI71: =AH71-AH70 -> 0
E72: +1.0 | F72: =F70+E72 -> 9963 | G72: =ROUNDDOWN(_xll.IMBC(E48,"세전수익률",G50,F72,"세전단가"),4) -> 1.073 | H72: =(G72-G71)*100 -> -0.3 | I72: =I70+E72 -> 9965 | J72: =ROUNDDOWN(_xll.IMBC(E48,"세전수익률",G51,F72,"세전단가"),4) -> 1.078 | K72: =J72-J71 -> -0.003 | M72: +1.0 | N72: =N70+M72 -> 9926 | O72: =ROUNDDOWN(_xll.IMBC(M48,"세전수익률",O50,N72,"세전단가"),4) -> 1.177 | P72: =(O72-O71)*100 -> -0.2 | Q72: =Q70+M72 -> 9927 | R72: =ROUNDDOWN(_xll.IMBC(M48,"세전수익률",O51,N72,"세전단가"),4) -> 1.181 | S72: =R72-R71 -> -0.002 | U72: +1.0 | V72: =V70+U72 -> 9499 | W72: =ROUNDDOWN(_xll.IMBC(U48,"세전수익률",W50,V72,"세전단가"),4) -> 2.084 | X72: =(W72-W71)*100 -> -0.1 | Y72: =Y70+U72 -> 9505 | Z72: =ROUNDDOWN(_xll.IMBC(U48,"세전수익률",W51,V72,"세전단가"),4) -> 2.086 | AA72: =Z72-Z71 -> -0.001 | AC72: +1.0 | AD72: =AD70+AC72 -> 8956 | AE72: =ROUNDDOWN(_xll.IMBC(AC48,"세전수익률",AE50,AD72,"세전단가"),4) -> 2.191 | AF72: =(AE72-AE71)*100 -> -0.1 | AG72: =AG70+AC72 -> 8961 | AH72: =ROUNDDOWN(_xll.IMBC(AC48,"세전수익률",AE51,AD72,"세전단가"),4) -> 2.192 | AI72: =AH72-AH71 -> -0.001
E73: +2.0 | F73: =F70+E73 -> 9964 | G73: =ROUNDDOWN(_xll.IMBC(E48,"세전수익률",G50,F73,"세전단가"),4) -> 1.067 | H73: =(G73-G72)*100 -> -0.6 | I73: =I70+E73 -> 9966 | J73: =ROUNDDOWN(_xll.IMBC(E48,"세전수익률",G51,F73,"세전단가"),4) -> 1.072 | K73: =J73-J72 -> -0.006 | M73: +2.0 | N73: =N70+M73 -> 9927 | O73: =ROUNDDOWN(_xll.IMBC(M48,"세전수익률",O50,N73,"세전단가"),4) -> 1.173 | P73: =(O73-O72)*100 -> -0.4 | Q73: =Q70+M73 -> 9928 | R73: =ROUNDDOWN(_xll.IMBC(M48,"세전수익률",O51,N73,"세전단가"),4) -> 1.177 | S73: =R73-R72 -> -0.004 | U73: +2.0 | V73: =V70+U73 -> 9500 | W73: =ROUNDDOWN(_xll.IMBC(U48,"세전수익률",W50,V73,"세전단가"),4) -> 2.083 | X73: =(W73-W72)*100 -> -0.1 | Y73: =Y70+U73 -> 9506 | Z73: =ROUNDDOWN(_xll.IMBC(U48,"세전수익률",W51,V73,"세전단가"),4) -> 2.085 | AA73: =Z73-Z72 -> -0.001 | AC73: +2.0 | AD73: =AD70+AC73 -> 8957 | AE73: =ROUNDDOWN(_xll.IMBC(AC48,"세전수익률",AE50,AD73,"세전단가"),4) -> 2.191 | AF73: =(AE73-AE72)*100 -> 0 | AG73: =AG70+AC73 -> 8962 | AH73: =ROUNDDOWN(_xll.IMBC(AC48,"세전수익률",AE51,AD73,"세전단가"),4) -> 2.192 | AI73: =AH73-AH72 -> 0
E74: +3.0 | F74: =F70+E74 -> 9965 | G74: =ROUNDDOWN(_xll.IMBC(E48,"세전수익률",G50,F74,"세전단가"),4) -> 1.062 | H74: =(G74-G73)*100 -> -0.5 | I74: =I70+E74 -> 9967 | J74: =ROUNDDOWN(_xll.IMBC(E48,"세전수익률",G51,F74,"세전단가"),4) -> 1.067 | K74: =J74-J73 -> -0.005 | M74: +3.0 | N74: =N70+M74 -> 9928 | O74: =ROUNDDOWN(_xll.IMBC(M48,"세전수익률",O50,N74,"세전단가"),4) -> 1.169 | P74: =(O74-O73)*100 -> -0.4 | Q74: =Q70+M74 -> 9929 | R74: =ROUNDDOWN(_xll.IMBC(M48,"세전수익률",O51,N74,"세전단가"),4) -> 1.173 | S74: =R74-R73 -> -0.004 | U74: +3.0 | V74: =V70+U74 -> 9501 | W74: =ROUNDDOWN(_xll.IMBC(U48,"세전수익률",W50,V74,"세전단가"),4) -> 2.082 | X74: =(W74-W73)*100 -> -0.1 | Y74: =Y70+U74 -> 9507 | Z74: =ROUNDDOWN(_xll.IMBC(U48,"세전수익률",W51,V74,"세전단가"),4) -> 2.084 | AA74: =Z74-Z73 -> -0.001 | AC74: +3.0 | AD74: =AD70+AC74 -> 8958 | AE74: =ROUNDDOWN(_xll.IMBC(AC48,"세전수익률",AE50,AD74,"세전단가"),4) -> 2.19 | AF74: =(AE74-AE73)*100 -> -0.1 | AG74: =AG70+AC74 -> 8963 | AH74: =ROUNDDOWN(_xll.IMBC(AC48,"세전수익률",AE51,AD74,"세전단가"),4) -> 2.191 | AI74: =AH74-AH73 -> -0.001
E75: +4.0 | F75: =F70+E75 -> 9966 | G75: =ROUNDDOWN(_xll.IMBC(E48,"세전수익률",G50,F75,"세전단가"),4) -> 1.056 | H75: =(G75-G74)*100 -> -0.6 | I75: =I70+E75 -> 9968 | J75: =ROUNDDOWN(_xll.IMBC(E48,"세전수익률",G51,F75,"세전단가"),4) -> 1.061 | K75: =J75-J74 -> -0.006 | M75: +4.0 | N75: =N70+M75 -> 9929 | O75: =ROUNDDOWN(_xll.IMBC(M48,"세전수익률",O50,N75,"세전단가"),4) -> 1.165 | P75: =(O75-O74)*100 -> -0.4 | Q75: =Q70+M75 -> 9930 | R75: =ROUNDDOWN(_xll.IMBC(M48,"세전수익률",O51,N75,"세전단가"),4) -> 1.169 | S75: =R75-R74 -> -0.004 | U75: +4.0 | V75: =V70+U75 -> 9502 | W75: =ROUNDDOWN(_xll.IMBC(U48,"세전수익률",W50,V75,"세전단가"),4) -> 2.081 | X75: =(W75-W74)*100 -> -0.1 | Y75: =Y70+U75 -> 9508 | Z75: =ROUNDDOWN(_xll.IMBC(U48,"세전수익률",W51,V75,"세전단가"),4) -> 2.082 | AA75: =Z75-Z74 -> -0.002 | AC75: +4.0 | AD75: =AD70+AC75 -> 8959 | AE75: =ROUNDDOWN(_xll.IMBC(AC48,"세전수익률",AE50,AD75,"세전단가"),4) -> 2.189 | AF75: =(AE75-AE74)*100 -> -0.1 | AG75: =AG70+AC75 -> 8964 | AH75: =ROUNDDOWN(_xll.IMBC(AC48,"세전수익률",AE51,AD75,"세전단가"),4) -> 2.19 | AI75: =AH75-AH74 -> -0.001
E76: +5.0 | F76: =F70+E76 -> 9967 | G76: =ROUNDDOWN(_xll.IMBC(E48,"세전수익률",G50,F76,"세전단가"),4) -> 1.05 | H76: =(G76-G75)*100 -> -0.6 | I76: =I70+E76 -> 9969 | J76: =ROUNDDOWN(_xll.IMBC(E48,"세전수익률",G51,F76,"세전단가"),4) -> 1.055 | K76: =J76-J75 -> -0.006 | M76: +5.0 | N76: =N70+M76 -> 9930 | O76: =ROUNDDOWN(_xll.IMBC(M48,"세전수익률",O50,N76,"세전단가"),4) -> 1.161 | P76: =(O76-O75)*100 -> -0.4 | Q76: =Q70+M76 -> 9931 | R76: =ROUNDDOWN(_xll.IMBC(M48,"세전수익률",O51,N76,"세전단가"),4) -> 1.165 | S76: =R76-R75 -> -0.004 | U76: +5.0 | V76: =V70+U76 -> 9503 | W76: =ROUNDDOWN(_xll.IMBC(U48,"세전수익률",W50,V76,"세전단가"),4) -> 2.079 | X76: =(W76-W75)*100 -> -0.2 | Y76: =Y70+U76 -> 9509 | Z76: =ROUNDDOWN(_xll.IMBC(U48,"세전수익률",W51,V76,"세전단가"),4) -> 2.081 | AA76: =Z76-Z75 -> -0.001 | AC76: +5.0 | AD76: =AD70+AC76 -> 8960 | AE76: =ROUNDDOWN(_xll.IMBC(AC48,"세전수익률",AE50,AD76,"세전단가"),4) -> 2.189 | AF76: =(AE76-AE75)*100 -> 0 | AG76: =AG70+AC76 -> 8965 | AH76: =ROUNDDOWN(_xll.IMBC(AC48,"세전수익률",AE51,AD76,"세전단가"),4) -> 2.19 | AI76: =AH76-AH75 -> 0
E77: +6.0 | F77: =F70+E77 -> 9968 | G77: =ROUNDDOWN(_xll.IMBC(E48,"세전수익률",G50,F77,"세전단가"),4) -> 1.044 | H77: =(G77-G76)*100 -> -0.6 | I77: =I70+E77 -> 9970 | J77: =ROUNDDOWN(_xll.IMBC(E48,"세전수익률",G51,F77,"세전단가"),4) -> 1.049 | K77: =J77-J76 -> -0.006 | M77: +6.0 | N77: =N70+M77 -> 9931 | O77: =ROUNDDOWN(_xll.IMBC(M48,"세전수익률",O50,N77,"세전단가"),4) -> 1.157 | P77: =(O77-O76)*100 -> -0.4 | Q77: =Q70+M77 -> 9932 | R77: =ROUNDDOWN(_xll.IMBC(M48,"세전수익률",O51,N77,"세전단가"),4) -> 1.16 | S77: =R77-R76 -> -0.005 | U77: +6.0 | V77: =V70+U77 -> 9504 | W77: =ROUNDDOWN(_xll.IMBC(U48,"세전수익률",W50,V77,"세전단가"),4) -> 2.078 | X77: =(W77-W76)*100 -> -0.1 | Y77: =Y70+U77 -> 9510 | Z77: =ROUNDDOWN(_xll.IMBC(U48,"세전수익률",W51,V77,"세전단가"),4) -> 2.08 | AA77: =Z77-Z76 -> -0.001 | AC77: +6.0 | AD77: =AD70+AC77 -> 8961 | AE77: =ROUNDDOWN(_xll.IMBC(AC48,"세전수익률",AE50,AD77,"세전단가"),4) -> 2.188 | AF77: =(AE77-AE76)*100 -> -0.1 | AG77: =AG70+AC77 -> 8966 | AH77: =ROUNDDOWN(_xll.IMBC(AC48,"세전수익률",AE51,AD77,"세전단가"),4) -> 2.189 | AI77: =AH77-AH76 -> -0.001
E78: +7.0 | F78: =F70+E78 -> 9969 | G78: =ROUNDDOWN(_xll.IMBC(E48,"세전수익률",G50,F78,"세전단가"),4) -> 1.038 | H78: =(G78-G77)*100 -> -0.6 | I78: =I70+E78 -> 9971 | J78: =ROUNDDOWN(_xll.IMBC(E48,"세전수익률",G51,F78,"세전단가"),4) -> 1.043 | K78: =J78-J77 -> -0.006 | M78: +7.0 | N78: =N70+M78 -> 9932 | O78: =ROUNDDOWN(_xll.IMBC(M48,"세전수익률",O50,N78,"세전단가"),4) -> 1.152 | P78: =(O78-O77)*100 -> -0.5 | Q78: =Q70+M78 -> 9933 | R78: =ROUNDDOWN(_xll.IMBC(M48,"세전수익률",O51,N78,"세전단가"),4) -> 1.156 | S78: =R78-R77 -> -0.004 | U78: +7.0 | V78: =V70+U78 -> 9505 | W78: =ROUNDDOWN(_xll.IMBC(U48,"세전수익률",W50,V78,"세전단가"),4) -> 2.077 | X78: =(W78-W77)*100 -> -0.1 | Y78: =Y70+U78 -> 9511 | Z78: =ROUNDDOWN(_xll.IMBC(U48,"세전수익률",W51,V78,"세전단가"),4) -> 2.079 | AA78: =Z78-Z77 -> -0.001 | AC78: +7.0 | AD78: =AD70+AC78 -> 8962 | AE78: =ROUNDDOWN(_xll.IMBC(AC48,"세전수익률",AE50,AD78,"세전단가"),4) -> 2.187 | AF78: =(AE78-AE77)*100 -> -0.1 | AG78: =AG70+AC78 -> 8967 | AH78: =ROUNDDOWN(_xll.IMBC(AC48,"세전수익률",AE51,AD78,"세전단가"),4) -> 2.188 | AI78: =AH78-AH77 -> -0.001
E79: +8.0 | F79: =F70+E79 -> 9970 | G79: =ROUNDDOWN(_xll.IMBC(E48,"세전수익률",G50,F79,"세전단가"),4) -> 1.033 | H79: =(G79-G78)*100 -> -0.5 | I79: =I70+E79 -> 9972 | J79: =ROUNDDOWN(_xll.IMBC(E48,"세전수익률",G51,F79,"세전단가"),4) -> 1.037 | K79: =J79-J78 -> -0.006 | M79: +8.0 | N79: =N70+M79 -> 9933 | O79: =ROUNDDOWN(_xll.IMBC(M48,"세전수익률",O50,N79,"세전단가"),4) -> 1.148 | P79: =(O79-O78)*100 -> -0.4 | Q79: =Q70+M79 -> 9934 | R79: =ROUNDDOWN(_xll.IMBC(M48,"세전수익률",O51,N79,"세전단가"),4) -> 1.152 | S79: =R79-R78 -> -0.004 | U79: +8.0 | V79: =V70+U79 -> 9506 | W79: =ROUNDDOWN(_xll.IMBC(U48,"세전수익률",W50,V79,"세전단가"),4) -> 2.076 | X79: =(W79-W78)*100 -> -0.1 | Y79: =Y70+U79 -> 9512 | Z79: =ROUNDDOWN(_xll.IMBC(U48,"세전수익률",W51,V79,"세전단가"),4) -> 2.078 | AA79: =Z79-Z78 -> -0.001 | AC79: +8.0 | AD79: =AD70+AC79 -> 8963 | AE79: =ROUNDDOWN(_xll.IMBC(AC48,"세전수익률",AE50,AD79,"세전단가"),4) -> 2.187 | AF79: =(AE79-AE78)*100 -> 0 | AG79: =AG70+AC79 -> 8968 | AH79: =ROUNDDOWN(_xll.IMBC(AC48,"세전수익률",AE51,AD79,"세전단가"),4) -> 2.188 | AI79: =AH79-AH78 -> 0
E80: +9.0 | F80: =F70+E80 -> 9971 | G80: =ROUNDDOWN(_xll.IMBC(E48,"세전수익률",G50,F80,"세전단가"),4) -> 1.027 | H80: =(G80-G79)*100 -> -0.6 | I80: =I70+E80 -> 9973 | J80: =ROUNDDOWN(_xll.IMBC(E48,"세전수익률",G51,F80,"세전단가"),4) -> 1.032 | K80: =J80-J79 -> -0.005 | M80: +9.0 | N80: =N70+M80 -> 9934 | O80: =ROUNDDOWN(_xll.IMBC(M48,"세전수익률",O50,N80,"세전단가"),4) -> 1.144 | P80: =(O80-O79)*100 -> -0.4 | Q80: =Q70+M80 -> 9935 | R80: =ROUNDDOWN(_xll.IMBC(M48,"세전수익률",O51,N80,"세전단가"),4) -> 1.148 | S80: =R80-R79 -> -0.004 | U80: +9.0 | V80: =V70+U80 -> 9507 | W80: =ROUNDDOWN(_xll.IMBC(U48,"세전수익률",W50,V80,"세전단가"),4) -> 2.075 | X80: =(W80-W79)*100 -> -0.1 | Y80: =Y70+U80 -> 9513 | Z80: =ROUNDDOWN(_xll.IMBC(U48,"세전수익률",W51,V80,"세전단가"),4) -> 2.076 | AA80: =Z80-Z79 -> -0.002 | AC80: +9.0 | AD80: =AD70+AC80 -> 8964 | AE80: =ROUNDDOWN(_xll.IMBC(AC48,"세전수익률",AE50,AD80,"세전단가"),4) -> 2.186 | AF80: =(AE80-AE79)*100 -> -0.1 | AG80: =AG70+AC80 -> 8969 | AH80: =ROUNDDOWN(_xll.IMBC(AC48,"세전수익률",AE51,AD80,"세전단가"),4) -> 2.187 | AI80: =AH80-AH79 -> -0.001
E81: +10.0 | F81: =F70+E81 -> 9972 | G81: =ROUNDDOWN(_xll.IMBC(E48,"세전수익률",G50,F81,"세전단가"),4) -> 1.021 | H81: =(G81-G80)*100 -> -0.6 | I81: =I70+E81 -> 9974 | J81: =ROUNDDOWN(_xll.IMBC(E48,"세전수익률",G51,F81,"세전단가"),4) -> 1.026 | K81: =J81-J80 -> -0.006 | M81: +10.0 | N81: =N70+M81 -> 9935 | O81: =ROUNDDOWN(_xll.IMBC(M48,"세전수익률",O50,N81,"세전단가"),4) -> 1.14 | P81: =(O81-O80)*100 -> -0.4 | Q81: =Q70+M81 -> 9936 | R81: =ROUNDDOWN(_xll.IMBC(M48,"세전수익률",O51,N81,"세전단가"),4) -> 1.144 | S81: =R81-R80 -> -0.004 | U81: +10.0 | V81: =V70+U81 -> 9508 | W81: =ROUNDDOWN(_xll.IMBC(U48,"세전수익률",W50,V81,"세전단가"),4) -> 2.073 | X81: =(W81-W80)*100 -> -0.2 | Y81: =Y70+U81 -> 9514 | Z81: =ROUNDDOWN(_xll.IMBC(U48,"세전수익률",W51,V81,"세전단가"),4) -> 2.075 | AA81: =Z81-Z80 -> -0.001 | AC81: +10.0 | AD81: =AD70+AC81 -> 8965 | AE81: =ROUNDDOWN(_xll.IMBC(AC48,"세전수익률",AE50,AD81,"세전단가"),4) -> 2.185 | AF81: =(AE81-AE80)*100 -> -0.1 | AG81: =AG70+AC81 -> 8970 | AH81: =ROUNDDOWN(_xll.IMBC(AC48,"세전수익률",AE51,AD81,"세전단가"),4) -> 2.186 | AI81: =AH81-AH80 -> -0.001
E82: +11.0 | F82: =F70+E82 -> 9973 | G82: =ROUNDDOWN(_xll.IMBC(E48,"세전수익률",G50,F82,"세전단가"),4) -> 1.015 | H82: =(G82-G81)*100 -> -0.6 | I82: =I70+E82 -> 9975 | J82: =ROUNDDOWN(_xll.IMBC(E48,"세전수익률",G51,F82,"세전단가"),4) -> 1.02 | K82: =J82-J81 -> -0.006 | M82: +11.0 | N82: =N70+M82 -> 9936 | O82: =ROUNDDOWN(_xll.IMBC(M48,"세전수익률",O50,N82,"세전단가"),4) -> 1.136 | P82: =(O82-O81)*100 -> -0.4 | Q82: =Q70+M82 -> 9937 | R82: =ROUNDDOWN(_xll.IMBC(M48,"세전수익률",O51,N82,"세전단가"),4) -> 1.14 | S82: =R82-R81 -> -0.004 | U82: +11.0 | V82: =V70+U82 -> 9509 | W82: =ROUNDDOWN(_xll.IMBC(U48,"세전수익률",W50,V82,"세전단가"),4) -> 2.072 | X82: =(W82-W81)*100 -> -0.1 | Y82: =Y70+U82 -> 9515 | Z82: =ROUNDDOWN(_xll.IMBC(U48,"세전수익률",W51,V82,"세전단가"),4) -> 2.074 | AA82: =Z82-Z81 -> -0.001 | AC82: +11.0 | AD82: =AD70+AC82 -> 8966 | AE82: =ROUNDDOWN(_xll.IMBC(AC48,"세전수익률",AE50,AD82,"세전단가"),4) -> 2.185 | AF82: =(AE82-AE81)*100 -> 0 | AG82: =AG70+AC82 -> 8971 | AH82: =ROUNDDOWN(_xll.IMBC(AC48,"세전수익률",AE51,AD82,"세전단가"),4) -> 2.186 | AI82: =AH82-AH81 -> 0
E83: +12.0 | F83: =F70+E83 -> 9974 | G83: =ROUNDDOWN(_xll.IMBC(E48,"세전수익률",G50,F83,"세전단가"),4) -> 1.009 | H83: =(G83-G82)*100 -> -0.6 | I83: =I70+E83 -> 9976 | J83: =ROUNDDOWN(_xll.IMBC(E48,"세전수익률",G51,F83,"세전단가"),4) -> 1.014 | K83: =J83-J82 -> -0.006 | M83: +12.0 | N83: =N70+M83 -> 9937 | O83: =ROUNDDOWN(_xll.IMBC(M48,"세전수익률",O50,N83,"세전단가"),4) -> 1.132 | P83: =(O83-O82)*100 -> -0.4 | Q83: =Q70+M83 -> 9938 | R83: =ROUNDDOWN(_xll.IMBC(M48,"세전수익률",O51,N83,"세전단가"),4) -> 1.136 | S83: =R83-R82 -> -0.004 | U83: +12.0 | V83: =V70+U83 -> 9510 | W83: =ROUNDDOWN(_xll.IMBC(U48,"세전수익률",W50,V83,"세전단가"),4) -> 2.071 | X83: =(W83-W82)*100 -> -0.1 | Y83: =Y70+U83 -> 9516 | Z83: =ROUNDDOWN(_xll.IMBC(U48,"세전수익률",W51,V83,"세전단가"),4) -> 2.073 | AA83: =Z83-Z82 -> -0.001 | AC83: +12.0 | AD83: =AD70+AC83 -> 8967 | AE83: =ROUNDDOWN(_xll.IMBC(AC48,"세전수익률",AE50,AD83,"세전단가"),4) -> 2.184 | AF83: =(AE83-AE82)*100 -> -0.1 | AG83: =AG70+AC83 -> 8972 | AH83: =ROUNDDOWN(_xll.IMBC(AC48,"세전수익률",AE51,AD83,"세전단가"),4) -> 2.185 | AI83: =AH83-AH82 -> -0.001
E84: +13.0 | F84: =F70+E84 -> 9975 | G84: =ROUNDDOWN(_xll.IMBC(E48,"세전수익률",G50,F84,"세전단가"),4) -> 1.004 | H84: =(G84-G83)*100 -> -0.5 | I84: =I70+E84 -> 9977 | J84: =ROUNDDOWN(_xll.IMBC(E48,"세전수익률",G51,F84,"세전단가"),4) -> 1.008 | K84: =J84-J83 -> -0.006 | M84: +13.0 | N84: =N70+M84 -> 9938 | O84: =ROUNDDOWN(_xll.IMBC(M48,"세전수익률",O50,N84,"세전단가"),4) -> 1.128 | P84: =(O84-O83)*100 -> -0.4 | Q84: =Q70+M84 -> 9939 | R84: =ROUNDDOWN(_xll.IMBC(M48,"세전수익률",O51,N84,"세전단가"),4) -> 1.132 | S84: =R84-R83 -> -0.004 | U84: +13.0 | V84: =V70+U84 -> 9511 | W84: =ROUNDDOWN(_xll.IMBC(U48,"세전수익률",W50,V84,"세전단가"),4) -> 2.07 | X84: =(W84-W83)*100 -> -0.1 | Y84: =Y70+U84 -> 9517 | Z84: =ROUNDDOWN(_xll.IMBC(U48,"세전수익률",W51,V84,"세전단가"),4) -> 2.072 | AA84: =Z84-Z83 -> -0.001 | AC84: +13.0 | AD84: =AD70+AC84 -> 8968 | AE84: =ROUNDDOWN(_xll.IMBC(AC48,"세전수익률",AE50,AD84,"세전단가"),4) -> 2.183 | AF84: =(AE84-AE83)*100 -> -0.1 | AG84: =AG70+AC84 -> 8973 | AH84: =ROUNDDOWN(_xll.IMBC(AC48,"세전수익률",AE51,AD84,"세전단가"),4) -> 2.184 | AI84: =AH84-AH83 -> -0.001
E85: +14.0 | F85: =F70+E85 -> 9976 | G85: =ROUNDDOWN(_xll.IMBC(E48,"세전수익률",G50,F85,"세전단가"),4) -> 0.998 | H85: =(G85-G84)*100 -> -0.6 | I85: =I70+E85 -> 9978 | J85: =ROUNDDOWN(_xll.IMBC(E48,"세전수익률",G51,F85,"세전단가"),4) -> 1.003 | K85: =J85-J84 -> -0.005 | M85: +14.0 | N85: =N70+M85 -> 9939 | O85: =ROUNDDOWN(_xll.IMBC(M48,"세전수익률",O50,N85,"세전단가"),4) -> 1.124 | P85: =(O85-O84)*100 -> -0.4 | Q85: =Q70+M85 -> 9940 | R85: =ROUNDDOWN(_xll.IMBC(M48,"세전수익률",O51,N85,"세전단가"),4) -> 1.128 | S85: =R85-R84 -> -0.004 | U85: +14.0 | V85: =V70+U85 -> 9512 | W85: =ROUNDDOWN(_xll.IMBC(U48,"세전수익률",W50,V85,"세전단가"),4) -> 2.069 | X85: =(W85-W84)*100 -> -0.1 | Y85: =Y70+U85 -> 9518 | Z85: =ROUNDDOWN(_xll.IMBC(U48,"세전수익률",W51,V85,"세전단가"),4) -> 2.071 | AA85: =Z85-Z84 -> -0.001 | AC85: +14.0 | AD85: =AD70+AC85 -> 8969 | AE85: =ROUNDDOWN(_xll.IMBC(AC48,"세전수익률",AE50,AD85,"세전단가"),4) -> 2.183 | AF85: =(AE85-AE84)*100 -> 0 | AG85: =AG70+AC85 -> 8974 | AH85: =ROUNDDOWN(_xll.IMBC(AC48,"세전수익률",AE51,AD85,"세전단가"),4) -> 2.184 | AI85: =AH85-AH84 -> 0
E86: +15.0 | F86: =F70+E86 -> 9977 | G86: =ROUNDDOWN(_xll.IMBC(E48,"세전수익률",G50,F86,"세전단가"),4) -> 0.992 | H86: =(G86-G85)*100 -> -0.6 | I86: =I70+E86 -> 9979 | J86: =ROUNDDOWN(_xll.IMBC(E48,"세전수익률",G51,F86,"세전단가"),4) -> 0.997 | K86: =J86-J85 -> -0.006 | M86: +15.0 | N86: =N70+M86 -> 9940 | O86: =ROUNDDOWN(_xll.IMBC(M48,"세전수익률",O50,N86,"세전단가"),4) -> 1.12 | P86: =(O86-O85)*100 -> -0.4 | Q86: =Q70+M86 -> 9941 | R86: =ROUNDDOWN(_xll.IMBC(M48,"세전수익률",O51,N86,"세전단가"),4) -> 1.124 | S86: =R86-R85 -> -0.004 | U86: +15.0 | V86: =V70+U86 -> 9513 | W86: =ROUNDDOWN(_xll.IMBC(U48,"세전수익률",W50,V86,"세전단가"),4) -> 2.067 | X86: =(W86-W85)*100 -> -0.2 | Y86: =Y70+U86 -> 9519 | Z86: =ROUNDDOWN(_xll.IMBC(U48,"세전수익률",W51,V86,"세전단가"),4) -> 2.069 | AA86: =Z86-Z85 -> -0.002 | AC86: +15.0 | AD86: =AD70+AC86 -> 8970 | AE86: =ROUNDDOWN(_xll.IMBC(AC48,"세전수익률",AE50,AD86,"세전단가"),4) -> 2.182 | AF86: =(AE86-AE85)*100 -> -0.1 | AG86: =AG70+AC86 -> 8975 | AH86: =ROUNDDOWN(_xll.IMBC(AC48,"세전수익률",AE51,AD86,"세전단가"),4) -> 2.183 | AI86: =AH86-AH85 -> -0.001

Sheet Help(추가)
B2: 단가계산 | T2: 계산표 복사

Sheet Sheet1
B2: 3사평균 | C2: 민평3사 수익률(산출일)
B3: 4사평균 | C3: 민평4사 수익률(산출일)
B4: KAP | C4: KBP 수익률(산출일)
B5: KIS | C5: KIS 수익률(산출일)
B6: NICE | C6: NIC 수익률(산출일)
B7: FN | C7: FNP 수익률(산출일)
B9: 3사평균 | C9: 민평3사 가격(산출일)
B10: 4사평균 | C10: 민평4사 가격(산출일)
B11: KAP | C11: KBP 가격(산출일)
B12: KIS | C12: KIS 가격(산출일)
B13: NICE | C13: NIC 가격(산출일)
B14: FN | C14: FNP 가격(산출일)
