Workbook

Sheet 대차거래
B2: [4560] 채권대차거래
B4: 일자
B5: =WORKDAY(TODAY(), -1) -> 45854
K6: 단위: 백만
B7: 표준코드 | C7: 한글종목명 | D7: 만기일 | E7: 전일잔량 | F7: 금일거래 | G7: 금일상환 | H7: 금일잔량 | I7: 상장구분
B8: 종목코드 | C8: 종목명 | D8: 만기일 | E8: 전일잔량 | F8: 금일거래 | G8: 금일상환 | H8: 금일잔량 | J8: 대차비율 | K8: 발행잔액
B9: =IFERROR(VLOOKUP( ROWS(대차거래!$B$9:B9), raw!$D:$E, 2, 0), "") -> KR103502G5C6 | C9: =IF($B9="", "", _xll.IMDP("BND", $B9, C$7)) -> 국고02250-2512(15-8) | D9: {=IF($B9="", "", _xll.IMDP("BND", $B9, D$7, $B$5, "DtFmt=1"))} -> 46001 | E9: {=IF($B9="", "", _xll.IMDP("BND", $B9, E$7, $B$5))} -> 2816560 | F9: {=IF($B9="", "", _xll.IMDP("BND", $B9, F$7, $B$5))} -> 54122 | G9: {=IF($B9="", "", _xll.IMDP("BND", $B9, G$7, $B$5))} -> 50000 | H9: {=IF($B9="", "", _xll.IMDP("BND", $B9, H$7, $B$5))} -> 2820682 | I9: {=IF($B9="", "", _xll.IMDP("BND", $B9, I$7, $B$5))} -> 상장 | J9: =IF($H9="","",$H9*100/$K9) -> 25.193631 | K9: {=IFERROR( _xll.IMDP("BND", $B9, IF($I9="상장", "상장잔액", "발행액"), $B$5, "fill=true")/100, "")} -> 11196012
B10: =IFERROR(VLOOKUP( ROWS(대차거래!$B$9:B10), raw!$D:$E, 2, 0), "") -> KR103502G669 | C10: =IF($B10="", "", _xll.IMDP("BND", $B10, C$7)) -> 국고01875-2606(16-3) | D10: {=IF($B10="", "", _xll.IMDP("BND", $B10, D$7, $B$5, "DtFmt=1"))} -> 46183 | E10: {=IF($B10="", "", _xll.IMDP("BND", $B10, E$7, $B$5))} -> 2513965 | F10: {=IF($B10="", "", _xll.IMDP("BND", $B10, F$7, $B$5))} -> 1816 | G10: {=IF($B10="", "", _xll.IMDP("BND", $B10, G$7, $B$5))} -> 0 | H10: {=IF($B10="", "", _xll.IMDP("BND", $B10, H$7, $B$5))} -> 2515781 | I10: {=IF($B10="", "", _xll.IMDP("BND", $B10, I$7, $B$5))} -> 상장 | J10: =IF($H10="","",$H10*100/$K10) -> 21.792975 | K10: {=IFERROR( _xll.IMDP("BND", $B10, IF($I10="상장", "상장잔액", "발행액"), $B$5, "fill=true")/100, "")} -> 11544000
B11: =IFERROR(VLOOKUP( ROWS(대차거래!$B$9:B11), raw!$D:$E, 2, 0), "") -> KR103502G6C4 | C11: =IF($B11="", "", _xll.IMDP("BND", $B11, C$7)) -> 국고01500-2612(16-8) | D11: {=IF($B11="", "", _xll.IMDP("BND", $B11, D$7, $B$5, "DtFmt=1"))} -> 46366 | E11: {=IF($B11="", "", _xll.IMDP("BND", $B11, E$7, $B$5))} -> 2310048 | F11: {=IF($B11="", "", _xll.IMDP("BND", $B11, F$7, $B$5))} -> 50500 | G11: {=IF($B11="", "", _xll.IMDP("BND", $B11, G$7, $B$5))} -> 50500 | H11: {=IF($B11="", "", _xll.IMDP("BND", $B11, H$7, $B$5))} -> 2310048 | I11: {=IF($B11="", "", _xll.IMDP("BND", $B11, I$7, $B$5))} -> 상장 | J11: =IF($H11="","",$H11*100/$K11) -> 17.924022 | K11: {=IFERROR( _xll.IMDP("BND", $B11, IF($I11="상장", "상장잔액", "발행액"), $B$5, "fill=true")/100, "")} -> 12888000
B12: =IFERROR(VLOOKUP( ROWS(대차거래!$B$9:B12), raw!$D:$E, 2, 0), "") -> KR103502G768 | C12: =IF($B12="", "", _xll.IMDP("BND", $B12, C$7)) -> 국고02125-2706(17-3) | D12: {=IF($B12="", "", _xll.IMDP("BND", $B12, D$7, $B$5, "DtFmt=1"))} -> 46548 | E12: {=IF($B12="", "", _xll.IMDP("BND", $B12, E$7, $B$5))} -> 1790498 | F12: {=IF($B12="", "", _xll.IMDP("BND", $B12, F$7, $B$5))} -> 15099 | G12: {=IF($B12="", "", _xll.IMDP("BND", $B12, G$7, $B$5))} -> 20000 | H12: {=IF($B12="", "", _xll.IMDP("BND", $B12, H$7, $B$5))} -> 1785597 | I12: {=IF($B12="", "", _xll.IMDP("BND", $B12, I$7, $B$5))} -> 상장 | J12: =IF($H12="","",$H12*100/$K12) -> 14.669709 | K12: {=IFERROR( _xll.IMDP("BND", $B12, IF($I12="상장", "상장잔액", "발행액"), $B$5, "fill=true")/100, "")} -> 12172000
B13: =IFERROR(VLOOKUP( ROWS(대차거래!$B$9:B13), raw!$D:$E, 2, 0), "") -> KR103502G7C2 | C13: =IF($B13="", "", _xll.IMDP("BND", $B13, C$7)) -> 국고02375-2712(17-7) | D13: {=IF($B13="", "", _xll.IMDP("BND", $B13, D$7, $B$5, "DtFmt=1"))} -> 46731 | E13: {=IF($B13="", "", _xll.IMDP("BND", $B13, E$7, $B$5))} -> 686501 | F13: {=IF($B13="", "", _xll.IMDP("BND", $B13, F$7, $B$5))} -> 0 | G13: {=IF($B13="", "", _xll.IMDP("BND", $B13, G$7, $B$5))} -> 0 | H13: {=IF($B13="", "", _xll.IMDP("BND", $B13, H$7, $B$5))} -> 686501 | I13: {=IF($B13="", "", _xll.IMDP("BND", $B13, I$7, $B$5))} -> 상장 | J13: =IF($H13="","",$H13*100/$K13) -> 5.767462 | K13: {=IFERROR( _xll.IMDP("BND", $B13, IF($I13="상장", "상장잔액", "발행액"), $B$5, "fill=true")/100, "")} -> 11903000
B14: =IFERROR(VLOOKUP( ROWS(대차거래!$B$9:B14), raw!$D:$E, 2, 0), "") -> KR103502G867 | C14: =IF($B14="", "", _xll.IMDP("BND", $B14, C$7)) -> 국고02625-2806(18-4) | D14: {=IF($B14="", "", _xll.IMDP("BND", $B14, D$7, $B$5, "DtFmt=1"))} -> 46914 | E14: {=IF($B14="", "", _xll.IMDP("BND", $B14, E$7, $B$5))} -> 604218 | F14: {=IF($B14="", "", _xll.IMDP("BND", $B14, F$7, $B$5))} -> 2063 | G14: {=IF($B14="", "", _xll.IMDP("BND", $B14, G$7, $B$5))} -> 0 | H14: {=IF($B14="", "", _xll.IMDP("BND", $B14, H$7, $B$5))} -> 606281 | I14: {=IF($B14="", "", _xll.IMDP("BND", $B14, I$7, $B$5))} -> 상장 | J14: =IF($H14="","",$H14*100/$K14) -> 5.4209675 | K14: {=IFERROR( _xll.IMDP("BND", $B14, IF($I14="상장", "상장잔액", "발행액"), $B$5, "fill=true")/100, "")} -> 11184000
B15: =IFERROR(VLOOKUP( ROWS(대차거래!$B$9:B15), raw!$D:$E, 2, 0), "") -> KR103502G8C0 | C15: =IF($B15="", "", _xll.IMDP("BND", $B15, C$7)) -> 국고02375-2812(18-10) | D15: {=IF($B15="", "", _xll.IMDP("BND", $B15, D$7, $B$5, "DtFmt=1"))} -> 47097 | E15: {=IF($B15="", "", _xll.IMDP("BND", $B15, E$7, $B$5))} -> 427268 | F15: {=IF($B15="", "", _xll.IMDP("BND", $B15, F$7, $B$5))} -> 0 | G15: {=IF($B15="", "", _xll.IMDP("BND", $B15, G$7, $B$5))} -> 0 | H15: {=IF($B15="", "", _xll.IMDP("BND", $B15, H$7, $B$5))} -> 427268 | I15: {=IF($B15="", "", _xll.IMDP("BND", $B15, I$7, $B$5))} -> 상장 | J15: =IF($H15="","",$H15*100/$K15) -> 3.9894304 | K15: {=IFERROR( _xll.IMDP("BND", $B15, IF($I15="상장", "상장잔액", "발행액"), $B$5, "fill=true")/100, "")} -> 10710000
B16: =IFERROR(VLOOKUP( ROWS(대차거래!$B$9:B16), raw!$D:$E, 2, 0), "") -> KR103502G966 | C16: =IF($B16="", "", _xll.IMDP("BND", $B16, C$7)) -> 국고01875-2906(19-4) | D16: {=IF($B16="", "", _xll.IMDP("BND", $B16, D$7, $B$5, "DtFmt=1"))} -> 47279 | E16: {=IF($B16="", "", _xll.IMDP("BND", $B16, E$7, $B$5))} -> 1076486 | F16: {=IF($B16="", "", _xll.IMDP("BND", $B16, F$7, $B$5))} -> 8328 | G16: {=IF($B16="", "", _xll.IMDP("BND", $B16, G$7, $B$5))} -> 0 | H16: {=IF($B16="", "", _xll.IMDP("BND", $B16, H$7, $B$5))} -> 1084814 | I16: {=IF($B16="", "", _xll.IMDP("BND", $B16, I$7, $B$5))} -> 상장 | J16: =IF($H16="","",$H16*100/$K16) -> 9.5059061 | K16: {=IFERROR( _xll.IMDP("BND", $B16, IF($I16="상장", "상장잔액", "발행액"), $B$5, "fill=true")/100, "")} -> 11412000
B17: =IFERROR(VLOOKUP( ROWS(대차거래!$B$9:B17), raw!$D:$E, 2, 0), "") -> KR103502G9C8 | C17: =IF($B17="", "", _xll.IMDP("BND", $B17, C$7)) -> 국고01375-2912(19-8) | D17: {=IF($B17="", "", _xll.IMDP("BND", $B17, D$7, $B$5, "DtFmt=1"))} -> 47462 | E17: {=IF($B17="", "", _xll.IMDP("BND", $B17, E$7, $B$5))} -> 1088898 | F17: {=IF($B17="", "", _xll.IMDP("BND", $B17, F$7, $B$5))} -> 0 | G17: {=IF($B17="", "", _xll.IMDP("BND", $B17, G$7, $B$5))} -> 10000 | H17: {=IF($B17="", "", _xll.IMDP("BND", $B17, H$7, $B$5))} -> 1078898 | I17: {=IF($B17="", "", _xll.IMDP("BND", $B17, I$7, $B$5))} -> 상장 | J17: =IF($H17="","",$H17*100/$K17) -> 6.3976399 | K17: {=IFERROR( _xll.IMDP("BND", $B17, IF($I17="상장", "상장잔액", "발행액"), $B$5, "fill=true")/100, "")} -> 16864000
B18: =IFERROR(VLOOKUP( ROWS(대차거래!$B$9:B18), raw!$D:$E, 2, 0), "") -> KR103502GA67 | C18: =IF($B18="", "", _xll.IMDP("BND", $B18, C$7)) -> 국고01375-3006(20-4) | D18: {=IF($B18="", "", _xll.IMDP("BND", $B18, D$7, $B$5, "DtFmt=1"))} -> 47644 | E18: {=IF($B18="", "", _xll.IMDP("BND", $B18, E$7, $B$5))} -> 2616350 | F18: {=IF($B18="", "", _xll.IMDP("BND", $B18, F$7, $B$5))} -> 10348 | G18: {=IF($B18="", "", _xll.IMDP("BND", $B18, G$7, $B$5))} -> 10000 | H18: {=IF($B18="", "", _xll.IMDP("BND", $B18, H$7, $B$5))} -> 2616698 | I18: {=IF($B18="", "", _xll.IMDP("BND", $B18, I$7, $B$5))} -> 상장 | J18: =IF($H18="","",$H18*100/$K18) -> 11.323285 | K18: {=IFERROR( _xll.IMDP("BND", $B18, IF($I18="상장", "상장잔액", "발행액"), $B$5, "fill=true")/100, "")} -> 23109000
B19: =IFERROR(VLOOKUP( ROWS(대차거래!$B$9:B19), raw!$D:$E, 2, 0), "") -> KR103502GAC2 | C19: =IF($B19="", "", _xll.IMDP("BND", $B19, C$7)) -> 국고01500-3012(20-9) | D19: {=IF($B19="", "", _xll.IMDP("BND", $B19, D$7, $B$5, "DtFmt=1"))} -> 47827 | E19: {=IF($B19="", "", _xll.IMDP("BND", $B19, E$7, $B$5))} -> 1110866 | F19: {=IF($B19="", "", _xll.IMDP("BND", $B19, F$7, $B$5))} -> 0 | G19: {=IF($B19="", "", _xll.IMDP("BND", $B19, G$7, $B$5))} -> 1130 | H19: {=IF($B19="", "", _xll.IMDP("BND", $B19, H$7, $B$5))} -> 1109736 | I19: {=IF($B19="", "", _xll.IMDP("BND", $B19, I$7, $B$5))} -> 상장 | J19: =IF($H19="","",$H19*100/$K19) -> 6.0608186 | K19: {=IFERROR( _xll.IMDP("BND", $B19, IF($I19="상장", "상장잔액", "발행액"), $B$5, "fill=true")/100, "")} -> 18310002
B20: =IFERROR(VLOOKUP( ROWS(대차거래!$B$9:B20), raw!$D:$E, 2, 0), "") -> KR103502GB66 | C20: =IF($B20="", "", _xll.IMDP("BND", $B20, C$7)) -> 국고02000-3106(21-5) | D20: {=IF($B20="", "", _xll.IMDP("BND", $B20, D$7, $B$5, "DtFmt=1"))} -> 48009 | E20: {=IF($B20="", "", _xll.IMDP("BND", $B20, E$7, $B$5))} -> 1563969 | F20: {=IF($B20="", "", _xll.IMDP("BND", $B20, F$7, $B$5))} -> 608 | G20: {=IF($B20="", "", _xll.IMDP("BND", $B20, G$7, $B$5))} -> 0 | H20: {=IF($B20="", "", _xll.IMDP("BND", $B20, H$7, $B$5))} -> 1564577 | I20: {=IF($B20="", "", _xll.IMDP("BND", $B20, I$7, $B$5))} -> 상장 | J20: =IF($H20="","",$H20*100/$K20) -> 8.8379201 | K20: {=IFERROR( _xll.IMDP("BND", $B20, IF($I20="상장", "상장잔액", "발행액"), $B$5, "fill=true")/100, "")} -> 17703000
... B214: =IFERROR(VLOOKUP( ROWS(대차거래!$B$9:B214), raw!$D:$E, 2, 0), "") | C214: =IF($B214="", "", _xll.IMDP("BND", $B214, C$7)) | D214: {=IF($B214="", "", _xll.IMDP("BND", $B214, D$7, $B$5, "DtFmt=1"))} | E214: {=IF($B214="", "", _xll.IMDP("BND", $B214, E$7, $B$5))} | F214: {=IF($B214="", "", _xll.IMDP("BND", $B214, F$7, $B$5))} | G214: {=IF($B214="", "", _xll.IMDP("BND", $B214, G$7, $B$5))} | H214: {=IF($B214="", "", _xll.IMDP("BND", $B214, H$7, $B$5))} | I214: {=IF($B214="", "", _xll.IMDP("BND", $B214, I$7, $B$5))} | J214: =IF($H214="","",$H214*100/$K214) | K214: {=IFERROR( _xll.IMDP("BND", $B214, IF($I214="상장", "상장잔액", "발행액"), $B$5, "fill=true")/100, "")}

Sheet raw
A1: {=INDEX(raw!$A$2:$A$12, raw!$B$1)} -> BNDSTA1200010 | B1: 4 | D1: =_xll.IMDT("채권발행", raw!$A$1, $E$1, 500, 대차거래!$B$5, "만기일", "만기일", "sort=A,DtFmt=1,TmFmt=1,Pos=11,Orient=V") -> 조회[BNDSTA1200010] | E1: 표준코드 | F1: 금일잔량
A2: BNDSTA1200002 | B2: 국고 2Y | D2: =IF(AND($F2<>"",$E2<>""), MAX(D$1:D1)+1, 0) -> 1 | E2: KR103502G5C6 | F2: {=_xll.IMDP("BND", $E2, F$1, 대차거래!$B$5)} -> 2820682
A3: BNDSTA1200003 | B3: 국고 3Y | D3: =IF(AND($F3<>"",$E3<>""), MAX(D$1:D2)+1, 0) -> 2 | E3: KR103502G669 | F3: {=_xll.IMDP("BND", $E3, F$1, 대차거래!$B$5)} -> 2515781
A4: BNDSTA1200005 | B4: 국고 5Y | D4: =IF(AND($F4<>"",$E4<>""), MAX(D$1:D3)+1, 0) -> 3 | E4: KR103502G6C4 | F4: {=_xll.IMDP("BND", $E4, F$1, 대차거래!$B$5)} -> 2310048
A5: BNDSTA1200010 | B5: 국고 10Y | D5: =IF(AND($F5<>"",$E5<>""), MAX(D$1:D4)+1, 0) -> 4 | E5: KR103502G768 | F5: {=_xll.IMDP("BND", $E5, F$1, 대차거래!$B$5)} -> 1785597
A6: BNDSTA1200020 | B6: 국고 20Y | D6: =IF(AND($F6<>"",$E6<>""), MAX(D$1:D5)+1, 0) -> 5 | E6: KR103502G7C2 | F6: {=_xll.IMDP("BND", $E6, F$1, 대차거래!$B$5)} -> 686501
A7: BNDSTA1200030 | B7: 국고 30Y | D7: =IF(AND($F7<>"",$E7<>""), MAX(D$1:D6)+1, 0) -> 6 | E7: KR103502G867 | F7: {=_xll.IMDP("BND", $E7, F$1, 대차거래!$B$5)} -> 606281
A8: BNDSTA1200050 | B8: 국고 50Y | D8: =IF(AND($F8<>"",$E8<>""), MAX(D$1:D7)+1, 0) -> 7 | E8: KR103502G8C0 | F8: {=_xll.IMDP("BND", $E8, F$1, 대차거래!$B$5)} -> 427268
A9: BNDSTA1200801 | B9: 물가 | D9: =IF(AND($F9<>"",$E9<>""), MAX(D$1:D8)+1, 0) -> 8 | E9: KR103502G966 | F9: {=_xll.IMDP("BND", $E9, F$1, 대차거래!$B$5)} -> 1084814
A10: BNDSTA1200901 | B10: 스트립 | D10: =IF(AND($F10<>"",$E10<>""), MAX(D$1:D9)+1, 0) -> 9 | E10: KR103502G9C8 | F10: {=_xll.IMDP("BND", $E10, F$1, 대차거래!$B$5)} -> 1078898
A11: BNDSTA1301015 | B11: 국주1종 | D11: =IF(AND($F11<>"",$E11<>""), MAX(D$1:D10)+1, 0) -> 10 | E11: KR103502GA67 | F11: {=_xll.IMDP("BND", $E11, F$1, 대차거래!$B$5)} -> 2616698
A12: BNDSTA4200000 | B12: 통안 | D12: =IF(AND($F12<>"",$E12<>""), MAX(D$1:D11)+1, 0) -> 11 | E12: KR103502GAC2 | F12: {=_xll.IMDP("BND", $E12, F$1, 대차거래!$B$5)} -> 1109736
D13: =IF(AND($F13<>"",$E13<>""), MAX(D$1:D12)+1, 0) -> 12 | E13: KR103502GB66 | F13: {=_xll.IMDP("BND", $E13, F$1, 대차거래!$B$5)} -> 1564577
D14: =IF(AND($F14<>"",$E14<>""), MAX(D$1:D13)+1, 0) -> 13 | E14: KR103502GBC0 | F14: {=_xll.IMDP("BND", $E14, F$1, 대차거래!$B$5)} -> 1999889
D15: =IF(AND($F15<>"",$E15<>""), MAX(D$1:D14)+1, 0) -> 14 | E15: KR103502GC65 | F15: {=_xll.IMDP("BND", $E15, F$1, 대차거래!$B$5)} -> 344706
D16: =IF(AND($F16<>"",$E16<>""), MAX(D$1:D15)+1, 0) -> 15 | E16: KR103502GCC8 | F16: {=_xll.IMDP("BND", $E16, F$1, 대차거래!$B$5)} -> 57682
D17: =IF(AND($F17<>"",$E17<>""), MAX(D$1:D16)+1, 0) -> 16 | E17: KR103502GD64 | F17: {=_xll.IMDP("BND", $E17, F$1, 대차거래!$B$5)} -> 378763
D18: =IF(AND($F18<>"",$E18<>""), MAX(D$1:D17)+1, 0) -> 17 | E18: KR103502GDC6 | F18: {=_xll.IMDP("BND", $E18, F$1, 대차거래!$B$5)} -> 755310
D19: =IF(AND($F19<>"",$E19<>""), MAX(D$1:D18)+1, 0) -> 18 | E19: KR103502GE63 | F19: {=_xll.IMDP("BND", $E19, F$1, 대차거래!$B$5)} -> 2080962
D20: =IF(AND($F20<>"",$E20<>""), MAX(D$1:D19)+1, 0) -> 19 | E20: KR103502GEC4 | F20: {=_xll.IMDP("BND", $E20, F$1, 대차거래!$B$5)} -> 3030200
D21: =IF(AND($F21<>"",$E21<>""), MAX(D$1:D20)+1, 0) -> 20 | E21: KR103502GF62 | F21: {=_xll.IMDP("BND", $E21, F$1, 대차거래!$B$5)} -> 543000
D22: =IF(AND($F22<>"",$E22<>""), MAX(D$1:D21)+1, 0) -> 0 | F22: {=_xll.IMDP("BND", $E22, F$1, 대차거래!$B$5)} -> 입력오류
D23: =IF(AND($F23<>"",$E23<>""), MAX(D$1:D22)+1, 0) -> 0 | F23: {=_xll.IMDP("BND", $E23, F$1, 대차거래!$B$5)} -> 입력오류
D24: =IF(AND($F24<>"",$E24<>""), MAX(D$1:D23)+1, 0) -> 0 | F24: {=_xll.IMDP("BND", $E24, F$1, 대차거래!$B$5)} -> 입력오류
D25: =IF(AND($F25<>"",$E25<>""), MAX(D$1:D24)+1, 0) -> 0 | F25: {=_xll.IMDP("BND", $E25, F$1, 대차거래!$B$5)} -> 입력오류
D26: =IF(AND($F26<>"",$E26<>""), MAX(D$1:D25)+1, 0) -> 0 | F26: {=_xll.IMDP("BND", $E26, F$1, 대차거래!$B$5)} -> 입력오류
D27: =IF(AND($F27<>"",$E27<>""), MAX(D$1:D26)+1, 0) -> 0 | F27: {=_xll.IMDP("BND", $E27, F$1, 대차거래!$B$5)} -> 입력오류
D28: =IF(AND($F28<>"",$E28<>""), MAX(D$1:D27)+1, 0) -> 0 | F28: {=_xll.IMDP("BND", $E28, F$1, 대차거래!$B$5)} -> 입력오류
D29: =IF(AND($F29<>"",$E29<>""), MAX(D$1:D28)+1, 0) -> 0 | F29: {=_xll.IMDP("BND", $E29, F$1, 대차거래!$B$5)} -> 입력오류
D30: =IF(AND($F30<>"",$E30<>""), MAX(D$1:D29)+1, 0) -> 0 | F30: {=_xll.IMDP("BND", $E30, F$1, 대차거래!$B$5)} -> 입력오류
D31: =IF(AND($F31<>"",$E31<>""), MAX(D$1:D30)+1, 0) -> 0 | F31: {=_xll.IMDP("BND", $E31, F$1, 대차거래!$B$5)} -> 입력오류
D32: =IF(AND($F32<>"",$E32<>""), MAX(D$1:D31)+1, 0) -> 0 | F32: {=_xll.IMDP("BND", $E32, F$1, 대차거래!$B$5)} -> 입력오류
D33: =IF(AND($F33<>"",$E33<>""), MAX(D$1:D32)+1, 0) -> 0 | F33: {=_xll.IMDP("BND", $E33, F$1, 대차거래!$B$5)} -> 입력오류
... D251: =IF(AND($F251<>"",$E251<>""), MAX(D$1:D250)+1, 0) -> 0 | F251: {=_xll.IMDP("BND", $E251, F$1, 대차거래!$B$5)} -> 입력오류
