Workbook

Sheet 시가평가Matrix
B2: 시가평가 Matrix
D3: 1 | E3: 3월이하(국고대비) | F3: 6월이하(국고대비) | G3: 9월이하(국고대비) | H3: 1년이하(국고대비) | I3: 1.5년이하(국고대비) | J3: 2년이하(국고대비) | K3: 2.5년이하(국고대비) | L3: 3년이하(국고대비) | M3: 4년이하(국고대비) | N3: 5년이하(국고대비) | O3: 7년이하(국고대비) | P3: 10년이하(국고대비) | Q3: 15년이하(국고대비) | R3: 20년이하(국고대비) | S3: 30년이하(국고대비) | T3: 50년이하(국고대비) | AA3: 1 | AB3: 3사평균 | AC3: 수익률
D4: 1 | E4: 3월이하(전일대비) | F4: 6월이하(전일대비) | G4: 9월이하(전일대비) | H4: 1년이하(전일대비) | I4: 1.5년이하(전일대비) | J4: 2년이하(전일대비) | K4: 2.5년이하(전일대비) | L4: 3년이하(전일대비) | M4: 4년이하(전일대비) | N4: 5년이하(전일대비) | O4: 7년이하(전일대비) | P4: 10년이하(전일대비) | Q4: 15년이하(전일대비) | R4: 20년이하(전일대비) | S4: 30년이하(전일대비) | T4: 50년이하(전일대비) | AA4: 2 | AB4: 4사평균 | AC4: 전일대비(bp)
E5: 3월이하(당일) | F5: 6월이하(당일) | G5: 9월이하(당일) | H5: 1년이하(당일) | I5: 1.5년이하(당일) | J5: 2년이하(당일) | K5: 2.5년이하(당일) | L5: 3년이하(당일) | M5: 4년이하(당일) | N5: 5년이하(당일) | O5: 7년이하(당일) | P5: 10년이하(당일) | Q5: 15년이하(당일) | R5: 20년이하(당일) | S5: 30년이하(당일) | T5: 50년이하(당일) | AA5: 3 | AB5: KAP | AC5: 국고대비(bp)
E6: =IF($D$4=1,E$5,IF($D$4=2,E$4,E$3)) -> 3월이하(당일) | F6: =IF($D$4=1,F$5,IF($D$4=2,F$4,F$3)) -> 6월이하(당일) | G6: =IF($D$4=1,G$5,IF($D$4=2,G$4,G$3)) -> 9월이하(당일) | H6: =IF($D$4=1,H$5,IF($D$4=2,H$4,H$3)) -> 1년이하(당일) | I6: =IF($D$4=1,I$5,IF($D$4=2,I$4,I$3)) -> 1.5년이하(당일) | J6: =IF($D$4=1,J$5,IF($D$4=2,J$4,J$3)) -> 2년이하(당일) | K6: =IF($D$4=1,K$5,IF($D$4=2,K$4,K$3)) -> 2.5년이하(당일) | L6: =IF($D$4=1,L$5,IF($D$4=2,L$4,L$3)) -> 3년이하(당일) | ... T6: =IF($D$4=1,T$5,IF($D$4=2,T$4,T$3)) -> 50년이하(당일) | AA6: 4 | AB6: KIS
AA7: 5 | AB7: NICE
B8: 일자 | C8: =WORKDAY(TODAY(),-1) -> 45520 | AA8: 6 | AB8: FN
AA9: 7 | AB9: KOFIA
B10: 대분류 | C10: 중분류 | D10: 소분류 | E10: 3M | F10: 6M | G10: 9M | H10: 1Y | I10: 1.5Y | J10: 2Y | K10: 2.5Y | L10: 3Y | M10: 4Y | N10: 5Y | O10: 7Y | P10: 10Y | Q10: 15Y | R10: 20Y | S10: 30Y | T10: 50Y | Z10: row | AB10: 3M | AC10: 6M | AD10: 9M | AE10: 1Y | AF10: 1.5Y | AG10: 2Y | AH10: 2.5Y | AI10: 3Y | AJ10: 4Y | AK10: 5Y | AL10: 7Y | AM10: 10Y | AN10: 15Y | AO10: 20Y | AP10: 30Y | AQ10: 50Y
B11: 국채 | C11: 국고채 | D11: 양곡,외평,재정 | E11: =IFERROR( IF( $D$4=2, AB11*100, AB11), "") -> 3.338 | F11: =IFERROR( IF( $D$4=2, AC11*100, AC11), "") -> 3.203 | G11: =IFERROR( IF( $D$4=2, AD11*100, AD11), "") -> 3.112 | H11: =IFERROR( IF( $D$4=2, AE11*100, AE11), "") -> 3.052 | I11: =IFERROR( IF( $D$4=2, AF11*100, AF11), "") -> 3.055 | J11: =IFERROR( IF( $D$4=2, AG11*100, AG11), "") -> 3.03 | K11: =IFERROR( IF( $D$4=2, AH11*100, AH11), "") -> 2.944 | L11: =IFERROR( IF( $D$4=2, AI11*100, AI11), "") -> 2.922 | ... T11: =IFERROR( IF( $D$4=2, AQ11*100, AQ11), "") -> 2.763 | Z11: =ROWS($Z$11:Z11) -> 1 | AA11: {=INDEX(code!$E$2:$K$72,시가평가Matrix!$Z11,$D$3)} -> BONDAVG01 | AB11: {=IF( OR($AA11=0,AS11=0), "", _xll.IMDP("IR",$AA11,E$6,$C$8) )} -> 3.338 | AC11: {=IF( OR($AA11=0,AT11=0), "", _xll.IMDP("IR",$AA11,F$6,$C$8) )} -> 3.203 | AD11: {=IF( OR($AA11=0,AU11=0), "", _xll.IMDP("IR",$AA11,G$6,$C$8) )} -> 3.112 | AE11: {=IF( OR($AA11=0,AV11=0), "", _xll.IMDP("IR",$AA11,H$6,$C$8) )} -> 3.052 | AF11: {=IF( OR($AA11=0,AW11=0), "", _xll.IMDP("IR",$AA11,I$6,$C$8) )} -> 3.055 | AG11: {=IF( OR($AA11=0,AX11=0), "", _xll.IMDP("IR",$AA11,J$6,$C$8) )} -> 3.03 | AH11: {=IF( OR($AA11=0,AY11=0), "", _xll.IMDP("IR",$AA11,K$6,$C$8) )} -> 2.944 | AI11: {=IF( OR($AA11=0,AZ11=0), "", _xll.IMDP("IR",$AA11,L$6,$C$8) )} -> 2.922 | ... AQ11: {=IF( OR($AA11=0,BH11=0), "", _xll.IMDP("IR",$AA11,T$6,$C$8) )} -> 2.763 | AS11: {=_xll.IMDP("IR",$AA11,E$5,$C$8)} -> 3.338 | AT11: {=_xll.IMDP("IR",$AA11,F$5,$C$8)} -> 3.203 | AU11: {=_xll.IMDP("IR",$AA11,G$5,$C$8)} -> 3.112 | AV11: {=_xll.IMDP("IR",$AA11,H$5,$C$8)} -> 3.052 | AW11: {=_xll.IMDP("IR",$AA11,I$5,$C$8)} -> 3.055 | AX11: {=_xll.IMDP("IR",$AA11,J$5,$C$8)} -> 3.03 | AY11: {=_xll.IMDP("IR",$AA11,K$5,$C$8)} -> 2.944 | AZ11: {=_xll.IMDP("IR",$AA11,L$5,$C$8)} -> 2.922 | ... BH11: {=_xll.IMDP("IR",$AA11,T$5,$C$8)} -> 2.763
C12: 국민주택1종 | D12: 복리채 | E12: =IFERROR( IF( $D$4=2, AB12*100, AB12), "") -> 3.346 | F12: =IFERROR( IF( $D$4=2, AC12*100, AC12), "") -> 3.254 | G12: =IFERROR( IF( $D$4=2, AD12*100, AD12), "") -> 3.172 | H12: =IFERROR( IF( $D$4=2, AE12*100, AE12), "") -> 3.089 | I12: =IFERROR( IF( $D$4=2, AF12*100, AF12), "") -> 3.077 | J12: =IFERROR( IF( $D$4=2, AG12*100, AG12), "") -> 3.054 | K12: =IFERROR( IF( $D$4=2, AH12*100, AH12), "") -> 3.012 | L12: =IFERROR( IF( $D$4=2, AI12*100, AI12), "") -> 3.01 | ... T12: =IFERROR( IF( $D$4=2, AQ12*100, AQ12), "") | Z12: =ROWS($Z$11:Z12) -> 2 | AA12: {=INDEX(code!$E$2:$K$72,시가평가Matrix!$Z12,$D$3)} -> BONDAVG02 | AB12: {=IF( OR($AA12=0,AS12=0), "", _xll.IMDP("IR",$AA12,E$6,$C$8) )} -> 3.346 | AC12: {=IF( OR($AA12=0,AT12=0), "", _xll.IMDP("IR",$AA12,F$6,$C$8) )} -> 3.254 | AD12: {=IF( OR($AA12=0,AU12=0), "", _xll.IMDP("IR",$AA12,G$6,$C$8) )} -> 3.172 | AE12: {=IF( OR($AA12=0,AV12=0), "", _xll.IMDP("IR",$AA12,H$6,$C$8) )} -> 3.089 | AF12: {=IF( OR($AA12=0,AW12=0), "", _xll.IMDP("IR",$AA12,I$6,$C$8) )} -> 3.077 | AG12: {=IF( OR($AA12=0,AX12=0), "", _xll.IMDP("IR",$AA12,J$6,$C$8) )} -> 3.054 | AH12: {=IF( OR($AA12=0,AY12=0), "", _xll.IMDP("IR",$AA12,K$6,$C$8) )} -> 3.012 | AI12: {=IF( OR($AA12=0,AZ12=0), "", _xll.IMDP("IR",$AA12,L$6,$C$8) )} -> 3.01 | ... AQ12: {=IF( OR($AA12=0,BH12=0), "", _xll.IMDP("IR",$AA12,T$6,$C$8) )} | AS12: {=_xll.IMDP("IR",$AA12,E$5,$C$8)} -> 3.346 | AT12: {=_xll.IMDP("IR",$AA12,F$5,$C$8)} -> 3.254 | AU12: {=_xll.IMDP("IR",$AA12,G$5,$C$8)} -> 3.172 | AV12: {=_xll.IMDP("IR",$AA12,H$5,$C$8)} -> 3.089 | AW12: {=_xll.IMDP("IR",$AA12,I$5,$C$8)} -> 3.077 | AX12: {=_xll.IMDP("IR",$AA12,J$5,$C$8)} -> 3.054 | AY12: {=_xll.IMDP("IR",$AA12,K$5,$C$8)} -> 3.012 | AZ12: {=_xll.IMDP("IR",$AA12,L$5,$C$8)} -> 3.01 | ... BH12: {=_xll.IMDP("IR",$AA12,T$5,$C$8)} -> 0
C13: 국민주택2종 | D13: 복리채 | E13: =IFERROR( IF( $D$4=2, AB13*100, AB13), "") -> 3.129 | F13: =IFERROR( IF( $D$4=2, AC13*100, AC13), "") -> 3.046 | G13: =IFERROR( IF( $D$4=2, AD13*100, AD13), "") -> 2.976 | H13: =IFERROR( IF( $D$4=2, AE13*100, AE13), "") -> 2.886 | I13: =IFERROR( IF( $D$4=2, AF13*100, AF13), "") -> 2.876 | J13: =IFERROR( IF( $D$4=2, AG13*100, AG13), "") -> 2.852 | K13: =IFERROR( IF( $D$4=2, AH13*100, AH13), "") -> 2.81 | L13: =IFERROR( IF( $D$4=2, AI13*100, AI13), "") -> 2.822 | ... T13: =IFERROR( IF( $D$4=2, AQ13*100, AQ13), "") | Z13: =ROWS($Z$11:Z13) -> 3 | AA13: {=INDEX(code!$E$2:$K$72,시가평가Matrix!$Z13,$D$3)} -> BONDAVG03 | AB13: {=IF( OR($AA13=0,AS13=0), "", _xll.IMDP("IR",$AA13,E$6,$C$8) )} -> 3.129 | AC13: {=IF( OR($AA13=0,AT13=0), "", _xll.IMDP("IR",$AA13,F$6,$C$8) )} -> 3.046 | AD13: {=IF( OR($AA13=0,AU13=0), "", _xll.IMDP("IR",$AA13,G$6,$C$8) )} -> 2.976 | AE13: {=IF( OR($AA13=0,AV13=0), "", _xll.IMDP("IR",$AA13,H$6,$C$8) )} -> 2.886 | AF13: {=IF( OR($AA13=0,AW13=0), "", _xll.IMDP("IR",$AA13,I$6,$C$8) )} -> 2.876 | AG13: {=IF( OR($AA13=0,AX13=0), "", _xll.IMDP("IR",$AA13,J$6,$C$8) )} -> 2.852 | AH13: {=IF( OR($AA13=0,AY13=0), "", _xll.IMDP("IR",$AA13,K$6,$C$8) )} -> 2.81 | AI13: {=IF( OR($AA13=0,AZ13=0), "", _xll.IMDP("IR",$AA13,L$6,$C$8) )} -> 2.822 | ... AQ13: {=IF( OR($AA13=0,BH13=0), "", _xll.IMDP("IR",$AA13,T$6,$C$8) )} | AS13: {=_xll.IMDP("IR",$AA13,E$5,$C$8)} -> 3.129 | AT13: {=_xll.IMDP("IR",$AA13,F$5,$C$8)} -> 3.046 | AU13: {=_xll.IMDP("IR",$AA13,G$5,$C$8)} -> 2.976 | AV13: {=_xll.IMDP("IR",$AA13,H$5,$C$8)} -> 2.886 | AW13: {=_xll.IMDP("IR",$AA13,I$5,$C$8)} -> 2.876 | AX13: {=_xll.IMDP("IR",$AA13,J$5,$C$8)} -> 2.852 | AY13: {=_xll.IMDP("IR",$AA13,K$5,$C$8)} -> 2.81 | AZ13: {=_xll.IMDP("IR",$AA13,L$5,$C$8)} -> 2.822 | ... BH13: {=_xll.IMDP("IR",$AA13,T$5,$C$8)} -> 0
C14: 국민주택3종 | D14: 복리채 | E14: =IFERROR( IF( $D$4=2, AB14*100, AB14), "") -> 2.875 | F14: =IFERROR( IF( $D$4=2, AC14*100, AC14), "") -> 2.785 | G14: =IFERROR( IF( $D$4=2, AD14*100, AD14), "") -> 2.695 | H14: =IFERROR( IF( $D$4=2, AE14*100, AE14), "") -> 2.597 | I14: =IFERROR( IF( $D$4=2, AF14*100, AF14), "") -> 2.607 | J14: =IFERROR( IF( $D$4=2, AG14*100, AG14), "") -> 2.577 | K14: =IFERROR( IF( $D$4=2, AH14*100, AH14), "") -> 2.517 | L14: =IFERROR( IF( $D$4=2, AI14*100, AI14), "") -> 2.54 | ... T14: =IFERROR( IF( $D$4=2, AQ14*100, AQ14), "") | Z14: =ROWS($Z$11:Z14) -> 4 | AA14: {=INDEX(code!$E$2:$K$72,시가평가Matrix!$Z14,$D$3)} -> BONDAVG04 | AB14: {=IF( OR($AA14=0,AS14=0), "", _xll.IMDP("IR",$AA14,E$6,$C$8) )} -> 2.875 | AC14: {=IF( OR($AA14=0,AT14=0), "", _xll.IMDP("IR",$AA14,F$6,$C$8) )} -> 2.785 | AD14: {=IF( OR($AA14=0,AU14=0), "", _xll.IMDP("IR",$AA14,G$6,$C$8) )} -> 2.695 | AE14: {=IF( OR($AA14=0,AV14=0), "", _xll.IMDP("IR",$AA14,H$6,$C$8) )} -> 2.597 | AF14: {=IF( OR($AA14=0,AW14=0), "", _xll.IMDP("IR",$AA14,I$6,$C$8) )} -> 2.607 | AG14: {=IF( OR($AA14=0,AX14=0), "", _xll.IMDP("IR",$AA14,J$6,$C$8) )} -> 2.577 | AH14: {=IF( OR($AA14=0,AY14=0), "", _xll.IMDP("IR",$AA14,K$6,$C$8) )} -> 2.517 | AI14: {=IF( OR($AA14=0,AZ14=0), "", _xll.IMDP("IR",$AA14,L$6,$C$8) )} -> 2.54 | ... AQ14: {=IF( OR($AA14=0,BH14=0), "", _xll.IMDP("IR",$AA14,T$6,$C$8) )} | AS14: {=_xll.IMDP("IR",$AA14,E$5,$C$8)} -> 2.875 | AT14: {=_xll.IMDP("IR",$AA14,F$5,$C$8)} -> 2.785 | AU14: {=_xll.IMDP("IR",$AA14,G$5,$C$8)} -> 2.695 | AV14: {=_xll.IMDP("IR",$AA14,H$5,$C$8)} -> 2.597 | AW14: {=_xll.IMDP("IR",$AA14,I$5,$C$8)} -> 2.607 | AX14: {=_xll.IMDP("IR",$AA14,J$5,$C$8)} -> 2.577 | AY14: {=_xll.IMDP("IR",$AA14,K$5,$C$8)} -> 2.517 | AZ14: {=_xll.IMDP("IR",$AA14,L$5,$C$8)} -> 2.54 | ... BH14: {=_xll.IMDP("IR",$AA14,T$5,$C$8)} -> 0
B15: 지방채 | C15: 서울도시철도 | D15: 분할거치 | E15: =IFERROR( IF( $D$4=2, AB15*100, AB15), "") -> 3.413 | F15: =IFERROR( IF( $D$4=2, AC15*100, AC15), "") -> 3.341 | G15: =IFERROR( IF( $D$4=2, AD15*100, AD15), "") -> 3.256 | H15: =IFERROR( IF( $D$4=2, AE15*100, AE15), "") -> 3.17 | I15: =IFERROR( IF( $D$4=2, AF15*100, AF15), "") -> 3.168 | J15: =IFERROR( IF( $D$4=2, AG15*100, AG15), "") -> 3.147 | K15: =IFERROR( IF( $D$4=2, AH15*100, AH15), "") -> 3.113 | L15: =IFERROR( IF( $D$4=2, AI15*100, AI15), "") -> 3.126 | ... T15: =IFERROR( IF( $D$4=2, AQ15*100, AQ15), "") | Z15: =ROWS($Z$11:Z15) -> 5 | AA15: {=INDEX(code!$E$2:$K$72,시가평가Matrix!$Z15,$D$3)} -> BONDAVG05 | AB15: {=IF( OR($AA15=0,AS15=0), "", _xll.IMDP("IR",$AA15,E$6,$C$8) )} -> 3.413 | AC15: {=IF( OR($AA15=0,AT15=0), "", _xll.IMDP("IR",$AA15,F$6,$C$8) )} -> 3.341 | AD15: {=IF( OR($AA15=0,AU15=0), "", _xll.IMDP("IR",$AA15,G$6,$C$8) )} -> 3.256 | AE15: {=IF( OR($AA15=0,AV15=0), "", _xll.IMDP("IR",$AA15,H$6,$C$8) )} -> 3.17 | AF15: {=IF( OR($AA15=0,AW15=0), "", _xll.IMDP("IR",$AA15,I$6,$C$8) )} -> 3.168 | AG15: {=IF( OR($AA15=0,AX15=0), "", _xll.IMDP("IR",$AA15,J$6,$C$8) )} -> 3.147 | AH15: {=IF( OR($AA15=0,AY15=0), "", _xll.IMDP("IR",$AA15,K$6,$C$8) )} -> 3.113 | AI15: {=IF( OR($AA15=0,AZ15=0), "", _xll.IMDP("IR",$AA15,L$6,$C$8) )} -> 3.126 | ... AQ15: {=IF( OR($AA15=0,BH15=0), "", _xll.IMDP("IR",$AA15,T$6,$C$8) )} | AS15: {=_xll.IMDP("IR",$AA15,E$5,$C$8)} -> 3.413 | AT15: {=_xll.IMDP("IR",$AA15,F$5,$C$8)} -> 3.341 | AU15: {=_xll.IMDP("IR",$AA15,G$5,$C$8)} -> 3.256 | AV15: {=_xll.IMDP("IR",$AA15,H$5,$C$8)} -> 3.17 | AW15: {=_xll.IMDP("IR",$AA15,I$5,$C$8)} -> 3.168 | AX15: {=_xll.IMDP("IR",$AA15,J$5,$C$8)} -> 3.147 | AY15: {=_xll.IMDP("IR",$AA15,K$5,$C$8)} -> 3.113 | AZ15: {=_xll.IMDP("IR",$AA15,L$5,$C$8)} -> 3.126 | ... BH15: {=_xll.IMDP("IR",$AA15,T$5,$C$8)} -> 0
C16: 지역개발채 | D16: 복리채 | E16: =IFERROR( IF( $D$4=2, AB16*100, AB16), "") -> 3.413 | F16: =IFERROR( IF( $D$4=2, AC16*100, AC16), "") -> 3.341 | G16: =IFERROR( IF( $D$4=2, AD16*100, AD16), "") -> 3.256 | H16: =IFERROR( IF( $D$4=2, AE16*100, AE16), "") -> 3.17 | I16: =IFERROR( IF( $D$4=2, AF16*100, AF16), "") -> 3.168 | J16: =IFERROR( IF( $D$4=2, AG16*100, AG16), "") -> 3.149 | K16: =IFERROR( IF( $D$4=2, AH16*100, AH16), "") -> 3.113 | L16: =IFERROR( IF( $D$4=2, AI16*100, AI16), "") -> 3.126 | ... T16: =IFERROR( IF( $D$4=2, AQ16*100, AQ16), "") | Z16: =ROWS($Z$11:Z16) -> 6 | AA16: {=INDEX(code!$E$2:$K$72,시가평가Matrix!$Z16,$D$3)} -> BONDAVG06 | AB16: {=IF( OR($AA16=0,AS16=0), "", _xll.IMDP("IR",$AA16,E$6,$C$8) )} -> 3.413 | AC16: {=IF( OR($AA16=0,AT16=0), "", _xll.IMDP("IR",$AA16,F$6,$C$8) )} -> 3.341 | AD16: {=IF( OR($AA16=0,AU16=0), "", _xll.IMDP("IR",$AA16,G$6,$C$8) )} -> 3.256 | AE16: {=IF( OR($AA16=0,AV16=0), "", _xll.IMDP("IR",$AA16,H$6,$C$8) )} -> 3.17 | AF16: {=IF( OR($AA16=0,AW16=0), "", _xll.IMDP("IR",$AA16,I$6,$C$8) )} -> 3.168 | AG16: {=IF( OR($AA16=0,AX16=0), "", _xll.IMDP("IR",$AA16,J$6,$C$8) )} -> 3.149 | AH16: {=IF( OR($AA16=0,AY16=0), "", _xll.IMDP("IR",$AA16,K$6,$C$8) )} -> 3.113 | AI16: {=IF( OR($AA16=0,AZ16=0), "", _xll.IMDP("IR",$AA16,L$6,$C$8) )} -> 3.126 | ... AQ16: {=IF( OR($AA16=0,BH16=0), "", _xll.IMDP("IR",$AA16,T$6,$C$8) )} | AS16: {=_xll.IMDP("IR",$AA16,E$5,$C$8)} -> 3.413 | AT16: {=_xll.IMDP("IR",$AA16,F$5,$C$8)} -> 3.341 | AU16: {=_xll.IMDP("IR",$AA16,G$5,$C$8)} -> 3.256 | AV16: {=_xll.IMDP("IR",$AA16,H$5,$C$8)} -> 3.17 | AW16: {=_xll.IMDP("IR",$AA16,I$5,$C$8)} -> 3.168 | AX16: {=_xll.IMDP("IR",$AA16,J$5,$C$8)} -> 3.149 | AY16: {=_xll.IMDP("IR",$AA16,K$5,$C$8)} -> 3.113 | AZ16: {=_xll.IMDP("IR",$AA16,L$5,$C$8)} -> 3.126 | ... BH16: {=_xll.IMDP("IR",$AA16,T$5,$C$8)} -> 0
B17: 공사/공단채 | C17: 공사/공단채 | D17: 정부보증 | E17: =IFERROR( IF( $D$4=2, AB17*100, AB17), "") -> 3.388 | F17: =IFERROR( IF( $D$4=2, AC17*100, AC17), "") -> 3.313 | G17: =IFERROR( IF( $D$4=2, AD17*100, AD17), "") -> 3.233 | H17: =IFERROR( IF( $D$4=2, AE17*100, AE17), "") -> 3.182 | I17: =IFERROR( IF( $D$4=2, AF17*100, AF17), "") -> 3.135 | J17: =IFERROR( IF( $D$4=2, AG17*100, AG17), "") -> 3.121 | K17: =IFERROR( IF( $D$4=2, AH17*100, AH17), "") -> 3.087 | L17: =IFERROR( IF( $D$4=2, AI17*100, AI17), "") -> 3.07 | ... T17: =IFERROR( IF( $D$4=2, AQ17*100, AQ17), "") | Z17: =ROWS($Z$11:Z17) -> 7 | AA17: {=INDEX(code!$E$2:$K$72,시가평가Matrix!$Z17,$D$3)} -> BONDAVG13 | AB17: {=IF( OR($AA17=0,AS17=0), "", _xll.IMDP("IR",$AA17,E$6,$C$8) )} -> 3.388 | AC17: {=IF( OR($AA17=0,AT17=0), "", _xll.IMDP("IR",$AA17,F$6,$C$8) )} -> 3.313 | AD17: {=IF( OR($AA17=0,AU17=0), "", _xll.IMDP("IR",$AA17,G$6,$C$8) )} -> 3.233 | AE17: {=IF( OR($AA17=0,AV17=0), "", _xll.IMDP("IR",$AA17,H$6,$C$8) )} -> 3.182 | AF17: {=IF( OR($AA17=0,AW17=0), "", _xll.IMDP("IR",$AA17,I$6,$C$8) )} -> 3.135 | AG17: {=IF( OR($AA17=0,AX17=0), "", _xll.IMDP("IR",$AA17,J$6,$C$8) )} -> 3.121 | AH17: {=IF( OR($AA17=0,AY17=0), "", _xll.IMDP("IR",$AA17,K$6,$C$8) )} -> 3.087 | AI17: {=IF( OR($AA17=0,AZ17=0), "", _xll.IMDP("IR",$AA17,L$6,$C$8) )} -> 3.07 | ... AQ17: {=IF( OR($AA17=0,BH17=0), "", _xll.IMDP("IR",$AA17,T$6,$C$8) )} | AS17: {=_xll.IMDP("IR",$AA17,E$5,$C$8)} -> 3.388 | AT17: {=_xll.IMDP("IR",$AA17,F$5,$C$8)} -> 3.313 | AU17: {=_xll.IMDP("IR",$AA17,G$5,$C$8)} -> 3.233 | AV17: {=_xll.IMDP("IR",$AA17,H$5,$C$8)} -> 3.182 | AW17: {=_xll.IMDP("IR",$AA17,I$5,$C$8)} -> 3.135 | AX17: {=_xll.IMDP("IR",$AA17,J$5,$C$8)} -> 3.121 | AY17: {=_xll.IMDP("IR",$AA17,K$5,$C$8)} -> 3.087 | AZ17: {=_xll.IMDP("IR",$AA17,L$5,$C$8)} -> 3.07 | ... BH17: {=_xll.IMDP("IR",$AA17,T$5,$C$8)} -> 0
D18: AAA | E18: =IFERROR( IF( $D$4=2, AB18*100, AB18), "") -> 3.393 | F18: =IFERROR( IF( $D$4=2, AC18*100, AC18), "") -> 3.361 | G18: =IFERROR( IF( $D$4=2, AD18*100, AD18), "") -> 3.298 | H18: =IFERROR( IF( $D$4=2, AE18*100, AE18), "") -> 3.259 | I18: =IFERROR( IF( $D$4=2, AF18*100, AF18), "") -> 3.197 | J18: =IFERROR( IF( $D$4=2, AG18*100, AG18), "") -> 3.186 | K18: =IFERROR( IF( $D$4=2, AH18*100, AH18), "") -> 3.156 | L18: =IFERROR( IF( $D$4=2, AI18*100, AI18), "") -> 3.154 | ... T18: =IFERROR( IF( $D$4=2, AQ18*100, AQ18), "") | Z18: =ROWS($Z$11:Z18) -> 8 | AA18: {=INDEX(code!$E$2:$K$72,시가평가Matrix!$Z18,$D$3)} -> BONDAVG09 | AB18: {=IF( OR($AA18=0,AS18=0), "", _xll.IMDP("IR",$AA18,E$6,$C$8) )} -> 3.393 | AC18: {=IF( OR($AA18=0,AT18=0), "", _xll.IMDP("IR",$AA18,F$6,$C$8) )} -> 3.361 | AD18: {=IF( OR($AA18=0,AU18=0), "", _xll.IMDP("IR",$AA18,G$6,$C$8) )} -> 3.298 | AE18: {=IF( OR($AA18=0,AV18=0), "", _xll.IMDP("IR",$AA18,H$6,$C$8) )} -> 3.259 | AF18: {=IF( OR($AA18=0,AW18=0), "", _xll.IMDP("IR",$AA18,I$6,$C$8) )} -> 3.197 | AG18: {=IF( OR($AA18=0,AX18=0), "", _xll.IMDP("IR",$AA18,J$6,$C$8) )} -> 3.186 | AH18: {=IF( OR($AA18=0,AY18=0), "", _xll.IMDP("IR",$AA18,K$6,$C$8) )} -> 3.156 | AI18: {=IF( OR($AA18=0,AZ18=0), "", _xll.IMDP("IR",$AA18,L$6,$C$8) )} -> 3.154 | ... AQ18: {=IF( OR($AA18=0,BH18=0), "", _xll.IMDP("IR",$AA18,T$6,$C$8) )} | AS18: {=_xll.IMDP("IR",$AA18,E$5,$C$8)} -> 3.393 | AT18: {=_xll.IMDP("IR",$AA18,F$5,$C$8)} -> 3.361 | AU18: {=_xll.IMDP("IR",$AA18,G$5,$C$8)} -> 3.298 | AV18: {=_xll.IMDP("IR",$AA18,H$5,$C$8)} -> 3.259 | AW18: {=_xll.IMDP("IR",$AA18,I$5,$C$8)} -> 3.197 | AX18: {=_xll.IMDP("IR",$AA18,J$5,$C$8)} -> 3.186 | AY18: {=_xll.IMDP("IR",$AA18,K$5,$C$8)} -> 3.156 | AZ18: {=_xll.IMDP("IR",$AA18,L$5,$C$8)} -> 3.154 | ... BH18: {=_xll.IMDP("IR",$AA18,T$5,$C$8)} -> 0
D19: AA+ | E19: =IFERROR( IF( $D$4=2, AB19*100, AB19), "") -> 3.418 | F19: =IFERROR( IF( $D$4=2, AC19*100, AC19), "") -> 3.408 | G19: =IFERROR( IF( $D$4=2, AD19*100, AD19), "") -> 3.356 | H19: =IFERROR( IF( $D$4=2, AE19*100, AE19), "") -> 3.309 | I19: =IFERROR( IF( $D$4=2, AF19*100, AF19), "") -> 3.279 | J19: =IFERROR( IF( $D$4=2, AG19*100, AG19), "") -> 3.287 | K19: =IFERROR( IF( $D$4=2, AH19*100, AH19), "") -> 3.255 | L19: =IFERROR( IF( $D$4=2, AI19*100, AI19), "") -> 3.246 | ... T19: =IFERROR( IF( $D$4=2, AQ19*100, AQ19), "") | Z19: =ROWS($Z$11:Z19) -> 9 | AA19: {=INDEX(code!$E$2:$K$72,시가평가Matrix!$Z19,$D$3)} -> BONDAVG10 | AB19: {=IF( OR($AA19=0,AS19=0), "", _xll.IMDP("IR",$AA19,E$6,$C$8) )} -> 3.418 | AC19: {=IF( OR($AA19=0,AT19=0), "", _xll.IMDP("IR",$AA19,F$6,$C$8) )} -> 3.408 | AD19: {=IF( OR($AA19=0,AU19=0), "", _xll.IMDP("IR",$AA19,G$6,$C$8) )} -> 3.356 | AE19: {=IF( OR($AA19=0,AV19=0), "", _xll.IMDP("IR",$AA19,H$6,$C$8) )} -> 3.309 | AF19: {=IF( OR($AA19=0,AW19=0), "", _xll.IMDP("IR",$AA19,I$6,$C$8) )} -> 3.279 | AG19: {=IF( OR($AA19=0,AX19=0), "", _xll.IMDP("IR",$AA19,J$6,$C$8) )} -> 3.287 | AH19: {=IF( OR($AA19=0,AY19=0), "", _xll.IMDP("IR",$AA19,K$6,$C$8) )} -> 3.255 | AI19: {=IF( OR($AA19=0,AZ19=0), "", _xll.IMDP("IR",$AA19,L$6,$C$8) )} -> 3.246 | ... AQ19: {=IF( OR($AA19=0,BH19=0), "", _xll.IMDP("IR",$AA19,T$6,$C$8) )} | AS19: {=_xll.IMDP("IR",$AA19,E$5,$C$8)} -> 3.418 | AT19: {=_xll.IMDP("IR",$AA19,F$5,$C$8)} -> 3.408 | AU19: {=_xll.IMDP("IR",$AA19,G$5,$C$8)} -> 3.356 | AV19: {=_xll.IMDP("IR",$AA19,H$5,$C$8)} -> 3.309 | AW19: {=_xll.IMDP("IR",$AA19,I$5,$C$8)} -> 3.279 | AX19: {=_xll.IMDP("IR",$AA19,J$5,$C$8)} -> 3.287 | AY19: {=_xll.IMDP("IR",$AA19,K$5,$C$8)} -> 3.255 | AZ19: {=_xll.IMDP("IR",$AA19,L$5,$C$8)} -> 3.246 | ... BH19: {=_xll.IMDP("IR",$AA19,T$5,$C$8)} -> 0
D20: AA0 | E20: =IFERROR( IF( $D$4=2, AB20*100, AB20), "") -> 3.467 | F20: =IFERROR( IF( $D$4=2, AC20*100, AC20), "") -> 3.477 | G20: =IFERROR( IF( $D$4=2, AD20*100, AD20), "") -> 3.441 | H20: =IFERROR( IF( $D$4=2, AE20*100, AE20), "") -> 3.41 | I20: =IFERROR( IF( $D$4=2, AF20*100, AF20), "") -> 3.404 | J20: =IFERROR( IF( $D$4=2, AG20*100, AG20), "") -> 3.412 | K20: =IFERROR( IF( $D$4=2, AH20*100, AH20), "") -> 3.389 | L20: =IFERROR( IF( $D$4=2, AI20*100, AI20), "") -> 3.398 | ... T20: =IFERROR( IF( $D$4=2, AQ20*100, AQ20), "") | Z20: =ROWS($Z$11:Z20) -> 10 | AA20: {=INDEX(code!$E$2:$K$72,시가평가Matrix!$Z20,$D$3)} -> BONDAVG11 | AB20: {=IF( OR($AA20=0,AS20=0), "", _xll.IMDP("IR",$AA20,E$6,$C$8) )} -> 3.467 | AC20: {=IF( OR($AA20=0,AT20=0), "", _xll.IMDP("IR",$AA20,F$6,$C$8) )} -> 3.477 | AD20: {=IF( OR($AA20=0,AU20=0), "", _xll.IMDP("IR",$AA20,G$6,$C$8) )} -> 3.441 | AE20: {=IF( OR($AA20=0,AV20=0), "", _xll.IMDP("IR",$AA20,H$6,$C$8) )} -> 3.41 | AF20: {=IF( OR($AA20=0,AW20=0), "", _xll.IMDP("IR",$AA20,I$6,$C$8) )} -> 3.404 | AG20: {=IF( OR($AA20=0,AX20=0), "", _xll.IMDP("IR",$AA20,J$6,$C$8) )} -> 3.412 | AH20: {=IF( OR($AA20=0,AY20=0), "", _xll.IMDP("IR",$AA20,K$6,$C$8) )} -> 3.389 | AI20: {=IF( OR($AA20=0,AZ20=0), "", _xll.IMDP("IR",$AA20,L$6,$C$8) )} -> 3.398 | ... AQ20: {=IF( OR($AA20=0,BH20=0), "", _xll.IMDP("IR",$AA20,T$6,$C$8) )} | AS20: {=_xll.IMDP("IR",$AA20,E$5,$C$8)} -> 3.467 | AT20: {=_xll.IMDP("IR",$AA20,F$5,$C$8)} -> 3.477 | AU20: {=_xll.IMDP("IR",$AA20,G$5,$C$8)} -> 3.441 | AV20: {=_xll.IMDP("IR",$AA20,H$5,$C$8)} -> 3.41 | AW20: {=_xll.IMDP("IR",$AA20,I$5,$C$8)} -> 3.404 | AX20: {=_xll.IMDP("IR",$AA20,J$5,$C$8)} -> 3.412 | AY20: {=_xll.IMDP("IR",$AA20,K$5,$C$8)} -> 3.389 | AZ20: {=_xll.IMDP("IR",$AA20,L$5,$C$8)} -> 3.398 | ... BH20: {=_xll.IMDP("IR",$AA20,T$5,$C$8)} -> 0
D21: AA- | E21: =IFERROR( IF( $D$4=2, AB21*100, AB21), "") -> 3.582 | F21: =IFERROR( IF( $D$4=2, AC21*100, AC21), "") -> 3.599 | G21: =IFERROR( IF( $D$4=2, AD21*100, AD21), "") -> 3.574 | H21: =IFERROR( IF( $D$4=2, AE21*100, AE21), "") -> 3.569 | I21: =IFERROR( IF( $D$4=2, AF21*100, AF21), "") -> 3.544 | J21: =IFERROR( IF( $D$4=2, AG21*100, AG21), "") -> 3.553 | K21: =IFERROR( IF( $D$4=2, AH21*100, AH21), "") -> 3.527 | L21: =IFERROR( IF( $D$4=2, AI21*100, AI21), "") -> 3.534 | ... T21: =IFERROR( IF( $D$4=2, AQ21*100, AQ21), "") | Z21: =ROWS($Z$11:Z21) -> 11 | AA21: {=INDEX(code!$E$2:$K$72,시가평가Matrix!$Z21,$D$3)} -> BONDAVG12 | AB21: {=IF( OR($AA21=0,AS21=0), "", _xll.IMDP("IR",$AA21,E$6,$C$8) )} -> 3.582 | AC21: {=IF( OR($AA21=0,AT21=0), "", _xll.IMDP("IR",$AA21,F$6,$C$8) )} -> 3.599 | AD21: {=IF( OR($AA21=0,AU21=0), "", _xll.IMDP("IR",$AA21,G$6,$C$8) )} -> 3.574 | AE21: {=IF( OR($AA21=0,AV21=0), "", _xll.IMDP("IR",$AA21,H$6,$C$8) )} -> 3.569 | AF21: {=IF( OR($AA21=0,AW21=0), "", _xll.IMDP("IR",$AA21,I$6,$C$8) )} -> 3.544 | AG21: {=IF( OR($AA21=0,AX21=0), "", _xll.IMDP("IR",$AA21,J$6,$C$8) )} -> 3.553 | AH21: {=IF( OR($AA21=0,AY21=0), "", _xll.IMDP("IR",$AA21,K$6,$C$8) )} -> 3.527 | AI21: {=IF( OR($AA21=0,AZ21=0), "", _xll.IMDP("IR",$AA21,L$6,$C$8) )} -> 3.534 | ... AQ21: {=IF( OR($AA21=0,BH21=0), "", _xll.IMDP("IR",$AA21,T$6,$C$8) )} | AS21: {=_xll.IMDP("IR",$AA21,E$5,$C$8)} -> 3.582 | AT21: {=_xll.IMDP("IR",$AA21,F$5,$C$8)} -> 3.599 | AU21: {=_xll.IMDP("IR",$AA21,G$5,$C$8)} -> 3.574 | AV21: {=_xll.IMDP("IR",$AA21,H$5,$C$8)} -> 3.569 | AW21: {=_xll.IMDP("IR",$AA21,I$5,$C$8)} -> 3.544 | AX21: {=_xll.IMDP("IR",$AA21,J$5,$C$8)} -> 3.553 | AY21: {=_xll.IMDP("IR",$AA21,K$5,$C$8)} -> 3.527 | AZ21: {=_xll.IMDP("IR",$AA21,L$5,$C$8)} -> 3.534 | ... BH21: {=_xll.IMDP("IR",$AA21,T$5,$C$8)} -> 0
B22: 통안증권 | C22: 통안증권 | D22: 이표채 | E22: =IFERROR( IF( $D$4=2, AB22*100, AB22), "") -> 3.271 | F22: =IFERROR( IF( $D$4=2, AC22*100, AC22), "") -> 3.169 | G22: =IFERROR( IF( $D$4=2, AD22*100, AD22), "") -> 3.097 | H22: =IFERROR( IF( $D$4=2, AE22*100, AE22), "") -> 3.025 | I22: =IFERROR( IF( $D$4=2, AF22*100, AF22), "") -> 3.043 | J22: =IFERROR( IF( $D$4=2, AG22*100, AG22), "") -> 2.987 | K22: =IFERROR( IF( $D$4=2, AH22*100, AH22), "") -> 2.993 | L22: =IFERROR( IF( $D$4=2, AI22*100, AI22), "") -> 2.994 | ... T22: =IFERROR( IF( $D$4=2, AQ22*100, AQ22), "") | Z22: =ROWS($Z$11:Z22) -> 12 | AA22: {=INDEX(code!$E$2:$K$72,시가평가Matrix!$Z22,$D$3)} -> BONDAVG14 | AB22: {=IF( OR($AA22=0,AS22=0), "", _xll.IMDP("IR",$AA22,E$6,$C$8) )} -> 3.271 | AC22: {=IF( OR($AA22=0,AT22=0), "", _xll.IMDP("IR",$AA22,F$6,$C$8) )} -> 3.169 | AD22: {=IF( OR($AA22=0,AU22=0), "", _xll.IMDP("IR",$AA22,G$6,$C$8) )} -> 3.097 | AE22: {=IF( OR($AA22=0,AV22=0), "", _xll.IMDP("IR",$AA22,H$6,$C$8) )} -> 3.025 | AF22: {=IF( OR($AA22=0,AW22=0), "", _xll.IMDP("IR",$AA22,I$6,$C$8) )} -> 3.043 | AG22: {=IF( OR($AA22=0,AX22=0), "", _xll.IMDP("IR",$AA22,J$6,$C$8) )} -> 2.987 | AH22: {=IF( OR($AA22=0,AY22=0), "", _xll.IMDP("IR",$AA22,K$6,$C$8) )} -> 2.993 | AI22: {=IF( OR($AA22=0,AZ22=0), "", _xll.IMDP("IR",$AA22,L$6,$C$8) )} -> 2.994 | ... AQ22: {=IF( OR($AA22=0,BH22=0), "", _xll.IMDP("IR",$AA22,T$6,$C$8) )} | AS22: {=_xll.IMDP("IR",$AA22,E$5,$C$8)} -> 3.271 | AT22: {=_xll.IMDP("IR",$AA22,F$5,$C$8)} -> 3.169 | AU22: {=_xll.IMDP("IR",$AA22,G$5,$C$8)} -> 3.097 | AV22: {=_xll.IMDP("IR",$AA22,H$5,$C$8)} -> 3.025 | AW22: {=_xll.IMDP("IR",$AA22,I$5,$C$8)} -> 3.043 | AX22: {=_xll.IMDP("IR",$AA22,J$5,$C$8)} -> 2.987 | AY22: {=_xll.IMDP("IR",$AA22,K$5,$C$8)} -> 2.993 | AZ22: {=_xll.IMDP("IR",$AA22,L$5,$C$8)} -> 2.994 | ... BH22: {=_xll.IMDP("IR",$AA22,T$5,$C$8)} -> 0
D23: 할인채 | E23: =IFERROR( IF( $D$4=2, AB23*100, AB23), "") -> 3.287 | F23: =IFERROR( IF( $D$4=2, AC23*100, AC23), "") -> 3.183 | G23: =IFERROR( IF( $D$4=2, AD23*100, AD23), "") -> 3.111 | H23: =IFERROR( IF( $D$4=2, AE23*100, AE23), "") -> 3.022 | I23: =IFERROR( IF( $D$4=2, AF23*100, AF23), "") -> 3.048 | J23: =IFERROR( IF( $D$4=2, AG23*100, AG23), "") -> 2.994 | K23: =IFERROR( IF( $D$4=2, AH23*100, AH23), "") -> 3.002 | L23: =IFERROR( IF( $D$4=2, AI23*100, AI23), "") -> 3.003 | ... T23: =IFERROR( IF( $D$4=2, AQ23*100, AQ23), "") | Z23: =ROWS($Z$11:Z23) -> 13 | AA23: {=INDEX(code!$E$2:$K$72,시가평가Matrix!$Z23,$D$3)} -> BONDAVG15 | AB23: {=IF( OR($AA23=0,AS23=0), "", _xll.IMDP("IR",$AA23,E$6,$C$8) )} -> 3.287 | AC23: {=IF( OR($AA23=0,AT23=0), "", _xll.IMDP("IR",$AA23,F$6,$C$8) )} -> 3.183 | AD23: {=IF( OR($AA23=0,AU23=0), "", _xll.IMDP("IR",$AA23,G$6,$C$8) )} -> 3.111 | AE23: {=IF( OR($AA23=0,AV23=0), "", _xll.IMDP("IR",$AA23,H$6,$C$8) )} -> 3.022 | AF23: {=IF( OR($AA23=0,AW23=0), "", _xll.IMDP("IR",$AA23,I$6,$C$8) )} -> 3.048 | AG23: {=IF( OR($AA23=0,AX23=0), "", _xll.IMDP("IR",$AA23,J$6,$C$8) )} -> 2.994 | AH23: {=IF( OR($AA23=0,AY23=0), "", _xll.IMDP("IR",$AA23,K$6,$C$8) )} -> 3.002 | AI23: {=IF( OR($AA23=0,AZ23=0), "", _xll.IMDP("IR",$AA23,L$6,$C$8) )} -> 3.003 | ... AQ23: {=IF( OR($AA23=0,BH23=0), "", _xll.IMDP("IR",$AA23,T$6,$C$8) )} | AS23: {=_xll.IMDP("IR",$AA23,E$5,$C$8)} -> 3.287 | AT23: {=_xll.IMDP("IR",$AA23,F$5,$C$8)} -> 3.183 | AU23: {=_xll.IMDP("IR",$AA23,G$5,$C$8)} -> 3.111 | AV23: {=_xll.IMDP("IR",$AA23,H$5,$C$8)} -> 3.022 | AW23: {=_xll.IMDP("IR",$AA23,I$5,$C$8)} -> 3.048 | AX23: {=_xll.IMDP("IR",$AA23,J$5,$C$8)} -> 2.994 | AY23: {=_xll.IMDP("IR",$AA23,K$5,$C$8)} -> 3.002 | AZ23: {=_xll.IMDP("IR",$AA23,L$5,$C$8)} -> 3.003 | ... BH23: {=_xll.IMDP("IR",$AA23,T$5,$C$8)} -> 0
B24: 커버드본드 | C24: 커버드본드 | D24: AAA | E24: =IFERROR( IF( $D$4=2, AB24*100, AB24), "") -> 3.425 | F24: =IFERROR( IF( $D$4=2, AC24*100, AC24), "") -> 3.406 | G24: =IFERROR( IF( $D$4=2, AD24*100, AD24), "") -> 3.335 | H24: =IFERROR( IF( $D$4=2, AE24*100, AE24), "") -> 3.294 | I24: =IFERROR( IF( $D$4=2, AF24*100, AF24), "") -> 3.252 | J24: =IFERROR( IF( $D$4=2, AG24*100, AG24), "") -> 3.213 | K24: =IFERROR( IF( $D$4=2, AH24*100, AH24), "") -> 3.186 | L24: =IFERROR( IF( $D$4=2, AI24*100, AI24), "") -> 3.165 | ... T24: =IFERROR( IF( $D$4=2, AQ24*100, AQ24), "") | Z24: =ROWS($Z$11:Z24) -> 14 | AA24: {=INDEX(code!$E$2:$K$72,시가평가Matrix!$Z24,$D$3)} -> BONDAVG84 | AB24: {=IF( OR($AA24=0,AS24=0), "", _xll.IMDP("IR",$AA24,E$6,$C$8) )} -> 3.425 | AC24: {=IF( OR($AA24=0,AT24=0), "", _xll.IMDP("IR",$AA24,F$6,$C$8) )} -> 3.406 | AD24: {=IF( OR($AA24=0,AU24=0), "", _xll.IMDP("IR",$AA24,G$6,$C$8) )} -> 3.335 | AE24: {=IF( OR($AA24=0,AV24=0), "", _xll.IMDP("IR",$AA24,H$6,$C$8) )} -> 3.294 | AF24: {=IF( OR($AA24=0,AW24=0), "", _xll.IMDP("IR",$AA24,I$6,$C$8) )} -> 3.252 | AG24: {=IF( OR($AA24=0,AX24=0), "", _xll.IMDP("IR",$AA24,J$6,$C$8) )} -> 3.213 | AH24: {=IF( OR($AA24=0,AY24=0), "", _xll.IMDP("IR",$AA24,K$6,$C$8) )} -> 3.186 | AI24: {=IF( OR($AA24=0,AZ24=0), "", _xll.IMDP("IR",$AA24,L$6,$C$8) )} -> 3.165 | ... AQ24: {=IF( OR($AA24=0,BH24=0), "", _xll.IMDP("IR",$AA24,T$6,$C$8) )} | AS24: {=_xll.IMDP("IR",$AA24,E$5,$C$8)} -> 3.425 | AT24: {=_xll.IMDP("IR",$AA24,F$5,$C$8)} -> 3.406 | AU24: {=_xll.IMDP("IR",$AA24,G$5,$C$8)} -> 3.335 | AV24: {=_xll.IMDP("IR",$AA24,H$5,$C$8)} -> 3.294 | AW24: {=_xll.IMDP("IR",$AA24,I$5,$C$8)} -> 3.252 | AX24: {=_xll.IMDP("IR",$AA24,J$5,$C$8)} -> 3.213 | AY24: {=_xll.IMDP("IR",$AA24,K$5,$C$8)} -> 3.186 | AZ24: {=_xll.IMDP("IR",$AA24,L$5,$C$8)} -> 3.165 | ... BH24: {=_xll.IMDP("IR",$AA24,T$5,$C$8)} -> 0
B25: 금융채 | C25: 은행채 | D25: AAA(산금-이표) | E25: =IFERROR( IF( $D$4=2, AB25*100, AB25), "") -> 3.418 | F25: =IFERROR( IF( $D$4=2, AC25*100, AC25), "") -> 3.393 | G25: =IFERROR( IF( $D$4=2, AD25*100, AD25), "") -> 3.323 | H25: =IFERROR( IF( $D$4=2, AE25*100, AE25), "") -> 3.284 | I25: =IFERROR( IF( $D$4=2, AF25*100, AF25), "") -> 3.236 | J25: =IFERROR( IF( $D$4=2, AG25*100, AG25), "") -> 3.185 | K25: =IFERROR( IF( $D$4=2, AH25*100, AH25), "") -> 3.127 | L25: =IFERROR( IF( $D$4=2, AI25*100, AI25), "") -> 3.093 | ... T25: =IFERROR( IF( $D$4=2, AQ25*100, AQ25), "") | Z25: =ROWS($Z$11:Z25) -> 15 | AA25: {=INDEX(code!$E$2:$K$72,시가평가Matrix!$Z25,$D$3)} -> BONDAVG16 | AB25: {=IF( OR($AA25=0,AS25=0), "", _xll.IMDP("IR",$AA25,E$6,$C$8) )} -> 3.418 | AC25: {=IF( OR($AA25=0,AT25=0), "", _xll.IMDP("IR",$AA25,F$6,$C$8) )} -> 3.393 | AD25: {=IF( OR($AA25=0,AU25=0), "", _xll.IMDP("IR",$AA25,G$6,$C$8) )} -> 3.323 | AE25: {=IF( OR($AA25=0,AV25=0), "", _xll.IMDP("IR",$AA25,H$6,$C$8) )} -> 3.284 | AF25: {=IF( OR($AA25=0,AW25=0), "", _xll.IMDP("IR",$AA25,I$6,$C$8) )} -> 3.236 | AG25: {=IF( OR($AA25=0,AX25=0), "", _xll.IMDP("IR",$AA25,J$6,$C$8) )} -> 3.185 | AH25: {=IF( OR($AA25=0,AY25=0), "", _xll.IMDP("IR",$AA25,K$6,$C$8) )} -> 3.127 | AI25: {=IF( OR($AA25=0,AZ25=0), "", _xll.IMDP("IR",$AA25,L$6,$C$8) )} -> 3.093 | ... AQ25: {=IF( OR($AA25=0,BH25=0), "", _xll.IMDP("IR",$AA25,T$6,$C$8) )} | AS25: {=_xll.IMDP("IR",$AA25,E$5,$C$8)} -> 3.418 | AT25: {=_xll.IMDP("IR",$AA25,F$5,$C$8)} -> 3.393 | AU25: {=_xll.IMDP("IR",$AA25,G$5,$C$8)} -> 3.323 | AV25: {=_xll.IMDP("IR",$AA25,H$5,$C$8)} -> 3.284 | AW25: {=_xll.IMDP("IR",$AA25,I$5,$C$8)} -> 3.236 | AX25: {=_xll.IMDP("IR",$AA25,J$5,$C$8)} -> 3.185 | AY25: {=_xll.IMDP("IR",$AA25,K$5,$C$8)} -> 3.127 | AZ25: {=_xll.IMDP("IR",$AA25,L$5,$C$8)} -> 3.093 | ... BH25: {=_xll.IMDP("IR",$AA25,T$5,$C$8)} -> 0
D26: AAA(산금-할인) | E26: =IFERROR( IF( $D$4=2, AB26*100, AB26), "") -> 3.411 | F26: =IFERROR( IF( $D$4=2, AC26*100, AC26), "") -> 3.394 | G26: =IFERROR( IF( $D$4=2, AD26*100, AD26), "") -> 3.316 | H26: =IFERROR( IF( $D$4=2, AE26*100, AE26), "") -> 3.274 | I26: =IFERROR( IF( $D$4=2, AF26*100, AF26), "") -> 3.24 | J26: =IFERROR( IF( $D$4=2, AG26*100, AG26), "") -> 3.198 | K26: =IFERROR( IF( $D$4=2, AH26*100, AH26), "") -> 3.152 | L26: =IFERROR( IF( $D$4=2, AI26*100, AI26), "") -> 3.128 | ... T26: =IFERROR( IF( $D$4=2, AQ26*100, AQ26), "") | Z26: =ROWS($Z$11:Z26) -> 16 | AA26: {=INDEX(code!$E$2:$K$72,시가평가Matrix!$Z26,$D$3)} -> BONDAVG17 | AB26: {=IF( OR($AA26=0,AS26=0), "", _xll.IMDP("IR",$AA26,E$6,$C$8) )} -> 3.411 | AC26: {=IF( OR($AA26=0,AT26=0), "", _xll.IMDP("IR",$AA26,F$6,$C$8) )} -> 3.394 | AD26: {=IF( OR($AA26=0,AU26=0), "", _xll.IMDP("IR",$AA26,G$6,$C$8) )} -> 3.316 | AE26: {=IF( OR($AA26=0,AV26=0), "", _xll.IMDP("IR",$AA26,H$6,$C$8) )} -> 3.274 | AF26: {=IF( OR($AA26=0,AW26=0), "", _xll.IMDP("IR",$AA26,I$6,$C$8) )} -> 3.24 | AG26: {=IF( OR($AA26=0,AX26=0), "", _xll.IMDP("IR",$AA26,J$6,$C$8) )} -> 3.198 | AH26: {=IF( OR($AA26=0,AY26=0), "", _xll.IMDP("IR",$AA26,K$6,$C$8) )} -> 3.152 | AI26: {=IF( OR($AA26=0,AZ26=0), "", _xll.IMDP("IR",$AA26,L$6,$C$8) )} -> 3.128 | ... AQ26: {=IF( OR($AA26=0,BH26=0), "", _xll.IMDP("IR",$AA26,T$6,$C$8) )} | AS26: {=_xll.IMDP("IR",$AA26,E$5,$C$8)} -> 3.411 | AT26: {=_xll.IMDP("IR",$AA26,F$5,$C$8)} -> 3.394 | AU26: {=_xll.IMDP("IR",$AA26,G$5,$C$8)} -> 3.316 | AV26: {=_xll.IMDP("IR",$AA26,H$5,$C$8)} -> 3.274 | AW26: {=_xll.IMDP("IR",$AA26,I$5,$C$8)} -> 3.24 | AX26: {=_xll.IMDP("IR",$AA26,J$5,$C$8)} -> 3.198 | AY26: {=_xll.IMDP("IR",$AA26,K$5,$C$8)} -> 3.152 | AZ26: {=_xll.IMDP("IR",$AA26,L$5,$C$8)} -> 3.128 | ... BH26: {=_xll.IMDP("IR",$AA26,T$5,$C$8)} -> 0
D27: AAA(중금_이표) | E27: =IFERROR( IF( $D$4=2, AB27*100, AB27), "") -> 3.418 | F27: =IFERROR( IF( $D$4=2, AC27*100, AC27), "") -> 3.393 | G27: =IFERROR( IF( $D$4=2, AD27*100, AD27), "") -> 3.323 | H27: =IFERROR( IF( $D$4=2, AE27*100, AE27), "") -> 3.284 | I27: =IFERROR( IF( $D$4=2, AF27*100, AF27), "") -> 3.236 | J27: =IFERROR( IF( $D$4=2, AG27*100, AG27), "") -> 3.185 | K27: =IFERROR( IF( $D$4=2, AH27*100, AH27), "") -> 3.127 | L27: =IFERROR( IF( $D$4=2, AI27*100, AI27), "") -> 3.093 | ... T27: =IFERROR( IF( $D$4=2, AQ27*100, AQ27), "") | Z27: =ROWS($Z$11:Z27) -> 17 | AA27: {=INDEX(code!$E$2:$K$72,시가평가Matrix!$Z27,$D$3)} -> BONDAVG18 | AB27: {=IF( OR($AA27=0,AS27=0), "", _xll.IMDP("IR",$AA27,E$6,$C$8) )} -> 3.418 | AC27: {=IF( OR($AA27=0,AT27=0), "", _xll.IMDP("IR",$AA27,F$6,$C$8) )} -> 3.393 | AD27: {=IF( OR($AA27=0,AU27=0), "", _xll.IMDP("IR",$AA27,G$6,$C$8) )} -> 3.323 | AE27: {=IF( OR($AA27=0,AV27=0), "", _xll.IMDP("IR",$AA27,H$6,$C$8) )} -> 3.284 | AF27: {=IF( OR($AA27=0,AW27=0), "", _xll.IMDP("IR",$AA27,I$6,$C$8) )} -> 3.236 | AG27: {=IF( OR($AA27=0,AX27=0), "", _xll.IMDP("IR",$AA27,J$6,$C$8) )} -> 3.185 | AH27: {=IF( OR($AA27=0,AY27=0), "", _xll.IMDP("IR",$AA27,K$6,$C$8) )} -> 3.127 | AI27: {=IF( OR($AA27=0,AZ27=0), "", _xll.IMDP("IR",$AA27,L$6,$C$8) )} -> 3.093 | ... AQ27: {=IF( OR($AA27=0,BH27=0), "", _xll.IMDP("IR",$AA27,T$6,$C$8) )} | AS27: {=_xll.IMDP("IR",$AA27,E$5,$C$8)} -> 3.418 | AT27: {=_xll.IMDP("IR",$AA27,F$5,$C$8)} -> 3.393 | AU27: {=_xll.IMDP("IR",$AA27,G$5,$C$8)} -> 3.323 | AV27: {=_xll.IMDP("IR",$AA27,H$5,$C$8)} -> 3.284 | AW27: {=_xll.IMDP("IR",$AA27,I$5,$C$8)} -> 3.236 | AX27: {=_xll.IMDP("IR",$AA27,J$5,$C$8)} -> 3.185 | AY27: {=_xll.IMDP("IR",$AA27,K$5,$C$8)} -> 3.127 | AZ27: {=_xll.IMDP("IR",$AA27,L$5,$C$8)} -> 3.093 | ... BH27: {=_xll.IMDP("IR",$AA27,T$5,$C$8)} -> 0
D28: AAA(중금-할인) | E28: =IFERROR( IF( $D$4=2, AB28*100, AB28), "") -> 3.411 | F28: =IFERROR( IF( $D$4=2, AC28*100, AC28), "") -> 3.394 | G28: =IFERROR( IF( $D$4=2, AD28*100, AD28), "") -> 3.316 | H28: =IFERROR( IF( $D$4=2, AE28*100, AE28), "") -> 3.274 | I28: =IFERROR( IF( $D$4=2, AF28*100, AF28), "") -> 3.24 | J28: =IFERROR( IF( $D$4=2, AG28*100, AG28), "") -> 3.198 | K28: =IFERROR( IF( $D$4=2, AH28*100, AH28), "") -> 3.152 | L28: =IFERROR( IF( $D$4=2, AI28*100, AI28), "") -> 3.128 | ... T28: =IFERROR( IF( $D$4=2, AQ28*100, AQ28), "") | Z28: =ROWS($Z$11:Z28) -> 18 | AA28: {=INDEX(code!$E$2:$K$72,시가평가Matrix!$Z28,$D$3)} -> BONDAVG19 | AB28: {=IF( OR($AA28=0,AS28=0), "", _xll.IMDP("IR",$AA28,E$6,$C$8) )} -> 3.411 | AC28: {=IF( OR($AA28=0,AT28=0), "", _xll.IMDP("IR",$AA28,F$6,$C$8) )} -> 3.394 | AD28: {=IF( OR($AA28=0,AU28=0), "", _xll.IMDP("IR",$AA28,G$6,$C$8) )} -> 3.316 | AE28: {=IF( OR($AA28=0,AV28=0), "", _xll.IMDP("IR",$AA28,H$6,$C$8) )} -> 3.274 | AF28: {=IF( OR($AA28=0,AW28=0), "", _xll.IMDP("IR",$AA28,I$6,$C$8) )} -> 3.24 | AG28: {=IF( OR($AA28=0,AX28=0), "", _xll.IMDP("IR",$AA28,J$6,$C$8) )} -> 3.198 | AH28: {=IF( OR($AA28=0,AY28=0), "", _xll.IMDP("IR",$AA28,K$6,$C$8) )} -> 3.152 | AI28: {=IF( OR($AA28=0,AZ28=0), "", _xll.IMDP("IR",$AA28,L$6,$C$8) )} -> 3.128 | ... AQ28: {=IF( OR($AA28=0,BH28=0), "", _xll.IMDP("IR",$AA28,T$6,$C$8) )} | AS28: {=_xll.IMDP("IR",$AA28,E$5,$C$8)} -> 3.411 | AT28: {=_xll.IMDP("IR",$AA28,F$5,$C$8)} -> 3.394 | AU28: {=_xll.IMDP("IR",$AA28,G$5,$C$8)} -> 3.316 | AV28: {=_xll.IMDP("IR",$AA28,H$5,$C$8)} -> 3.274 | AW28: {=_xll.IMDP("IR",$AA28,I$5,$C$8)} -> 3.24 | AX28: {=_xll.IMDP("IR",$AA28,J$5,$C$8)} -> 3.198 | AY28: {=_xll.IMDP("IR",$AA28,K$5,$C$8)} -> 3.152 | AZ28: {=_xll.IMDP("IR",$AA28,L$5,$C$8)} -> 3.128 | ... BH28: {=_xll.IMDP("IR",$AA28,T$5,$C$8)} -> 0
D29: AAA | E29: =IFERROR( IF( $D$4=2, AB29*100, AB29), "") -> 3.436 | F29: =IFERROR( IF( $D$4=2, AC29*100, AC29), "") -> 3.42 | G29: =IFERROR( IF( $D$4=2, AD29*100, AD29), "") -> 3.35 | H29: =IFERROR( IF( $D$4=2, AE29*100, AE29), "") -> 3.311 | I29: =IFERROR( IF( $D$4=2, AF29*100, AF29), "") -> 3.259 | J29: =IFERROR( IF( $D$4=2, AG29*100, AG29), "") -> 3.227 | K29: =IFERROR( IF( $D$4=2, AH29*100, AH29), "") -> 3.211 | L29: =IFERROR( IF( $D$4=2, AI29*100, AI29), "") -> 3.211 | ... T29: =IFERROR( IF( $D$4=2, AQ29*100, AQ29), "") | Z29: =ROWS($Z$11:Z29) -> 19 | AA29: {=INDEX(code!$E$2:$K$72,시가평가Matrix!$Z29,$D$3)} -> BONDAVG20 | AB29: {=IF( OR($AA29=0,AS29=0), "", _xll.IMDP("IR",$AA29,E$6,$C$8) )} -> 3.436 | AC29: {=IF( OR($AA29=0,AT29=0), "", _xll.IMDP("IR",$AA29,F$6,$C$8) )} -> 3.42 | AD29: {=IF( OR($AA29=0,AU29=0), "", _xll.IMDP("IR",$AA29,G$6,$C$8) )} -> 3.35 | AE29: {=IF( OR($AA29=0,AV29=0), "", _xll.IMDP("IR",$AA29,H$6,$C$8) )} -> 3.311 | AF29: {=IF( OR($AA29=0,AW29=0), "", _xll.IMDP("IR",$AA29,I$6,$C$8) )} -> 3.259 | AG29: {=IF( OR($AA29=0,AX29=0), "", _xll.IMDP("IR",$AA29,J$6,$C$8) )} -> 3.227 | AH29: {=IF( OR($AA29=0,AY29=0), "", _xll.IMDP("IR",$AA29,K$6,$C$8) )} -> 3.211 | AI29: {=IF( OR($AA29=0,AZ29=0), "", _xll.IMDP("IR",$AA29,L$6,$C$8) )} -> 3.211 | ... AQ29: {=IF( OR($AA29=0,BH29=0), "", _xll.IMDP("IR",$AA29,T$6,$C$8) )} | AS29: {=_xll.IMDP("IR",$AA29,E$5,$C$8)} -> 3.436 | AT29: {=_xll.IMDP("IR",$AA29,F$5,$C$8)} -> 3.42 | AU29: {=_xll.IMDP("IR",$AA29,G$5,$C$8)} -> 3.35 | AV29: {=_xll.IMDP("IR",$AA29,H$5,$C$8)} -> 3.311 | AW29: {=_xll.IMDP("IR",$AA29,I$5,$C$8)} -> 3.259 | AX29: {=_xll.IMDP("IR",$AA29,J$5,$C$8)} -> 3.227 | AY29: {=_xll.IMDP("IR",$AA29,K$5,$C$8)} -> 3.211 | AZ29: {=_xll.IMDP("IR",$AA29,L$5,$C$8)} -> 3.211 | ... BH29: {=_xll.IMDP("IR",$AA29,T$5,$C$8)} -> 0
D30: AA+ | E30: =IFERROR( IF( $D$4=2, AB30*100, AB30), "") -> 3.452 | F30: =IFERROR( IF( $D$4=2, AC30*100, AC30), "") -> 3.439 | G30: =IFERROR( IF( $D$4=2, AD30*100, AD30), "") -> 3.392 | H30: =IFERROR( IF( $D$4=2, AE30*100, AE30), "") -> 3.374 | I30: =IFERROR( IF( $D$4=2, AF30*100, AF30), "") -> 3.36 | J30: =IFERROR( IF( $D$4=2, AG30*100, AG30), "") -> 3.328 | K30: =IFERROR( IF( $D$4=2, AH30*100, AH30), "") -> 3.31 | L30: =IFERROR( IF( $D$4=2, AI30*100, AI30), "") -> 3.303 | ... T30: =IFERROR( IF( $D$4=2, AQ30*100, AQ30), "") | Z30: =ROWS($Z$11:Z30) -> 20 | AA30: {=INDEX(code!$E$2:$K$72,시가평가Matrix!$Z30,$D$3)} -> BONDAVG21 | AB30: {=IF( OR($AA30=0,AS30=0), "", _xll.IMDP("IR",$AA30,E$6,$C$8) )} -> 3.452 | AC30: {=IF( OR($AA30=0,AT30=0), "", _xll.IMDP("IR",$AA30,F$6,$C$8) )} -> 3.439 | AD30: {=IF( OR($AA30=0,AU30=0), "", _xll.IMDP("IR",$AA30,G$6,$C$8) )} -> 3.392 | AE30: {=IF( OR($AA30=0,AV30=0), "", _xll.IMDP("IR",$AA30,H$6,$C$8) )} -> 3.374 | AF30: {=IF( OR($AA30=0,AW30=0), "", _xll.IMDP("IR",$AA30,I$6,$C$8) )} -> 3.36 | AG30: {=IF( OR($AA30=0,AX30=0), "", _xll.IMDP("IR",$AA30,J$6,$C$8) )} -> 3.328 | AH30: {=IF( OR($AA30=0,AY30=0), "", _xll.IMDP("IR",$AA30,K$6,$C$8) )} -> 3.31 | AI30: {=IF( OR($AA30=0,AZ30=0), "", _xll.IMDP("IR",$AA30,L$6,$C$8) )} -> 3.303 | ... AQ30: {=IF( OR($AA30=0,BH30=0), "", _xll.IMDP("IR",$AA30,T$6,$C$8) )} | AS30: {=_xll.IMDP("IR",$AA30,E$5,$C$8)} -> 3.452 | AT30: {=_xll.IMDP("IR",$AA30,F$5,$C$8)} -> 3.439 | AU30: {=_xll.IMDP("IR",$AA30,G$5,$C$8)} -> 3.392 | AV30: {=_xll.IMDP("IR",$AA30,H$5,$C$8)} -> 3.374 | AW30: {=_xll.IMDP("IR",$AA30,I$5,$C$8)} -> 3.36 | AX30: {=_xll.IMDP("IR",$AA30,J$5,$C$8)} -> 3.328 | AY30: {=_xll.IMDP("IR",$AA30,K$5,$C$8)} -> 3.31 | AZ30: {=_xll.IMDP("IR",$AA30,L$5,$C$8)} -> 3.303 | ... BH30: {=_xll.IMDP("IR",$AA30,T$5,$C$8)} -> 0
D31: AA0 | E31: =IFERROR( IF( $D$4=2, AB31*100, AB31), "") -> 3.624 | F31: =IFERROR( IF( $D$4=2, AC31*100, AC31), "") -> 3.621 | G31: =IFERROR( IF( $D$4=2, AD31*100, AD31), "") -> 3.567 | H31: =IFERROR( IF( $D$4=2, AE31*100, AE31), "") -> 3.56 | I31: =IFERROR( IF( $D$4=2, AF31*100, AF31), "") -> 3.555 | J31: =IFERROR( IF( $D$4=2, AG31*100, AG31), "") -> 3.553 | K31: =IFERROR( IF( $D$4=2, AH31*100, AH31), "") -> 3.557 | L31: =IFERROR( IF( $D$4=2, AI31*100, AI31), "") -> 3.552 | ... T31: =IFERROR( IF( $D$4=2, AQ31*100, AQ31), "") | Z31: =ROWS($Z$11:Z31) -> 21 | AA31: {=INDEX(code!$E$2:$K$72,시가평가Matrix!$Z31,$D$3)} -> BONDAVG22 | AB31: {=IF( OR($AA31=0,AS31=0), "", _xll.IMDP("IR",$AA31,E$6,$C$8) )} -> 3.624 | AC31: {=IF( OR($AA31=0,AT31=0), "", _xll.IMDP("IR",$AA31,F$6,$C$8) )} -> 3.621 | AD31: {=IF( OR($AA31=0,AU31=0), "", _xll.IMDP("IR",$AA31,G$6,$C$8) )} -> 3.567 | AE31: {=IF( OR($AA31=0,AV31=0), "", _xll.IMDP("IR",$AA31,H$6,$C$8) )} -> 3.56 | AF31: {=IF( OR($AA31=0,AW31=0), "", _xll.IMDP("IR",$AA31,I$6,$C$8) )} -> 3.555 | AG31: {=IF( OR($AA31=0,AX31=0), "", _xll.IMDP("IR",$AA31,J$6,$C$8) )} -> 3.553 | AH31: {=IF( OR($AA31=0,AY31=0), "", _xll.IMDP("IR",$AA31,K$6,$C$8) )} -> 3.557 | AI31: {=IF( OR($AA31=0,AZ31=0), "", _xll.IMDP("IR",$AA31,L$6,$C$8) )} -> 3.552 | ... AQ31: {=IF( OR($AA31=0,BH31=0), "", _xll.IMDP("IR",$AA31,T$6,$C$8) )} | AS31: {=_xll.IMDP("IR",$AA31,E$5,$C$8)} -> 3.624 | AT31: {=_xll.IMDP("IR",$AA31,F$5,$C$8)} -> 3.621 | AU31: {=_xll.IMDP("IR",$AA31,G$5,$C$8)} -> 3.567 | AV31: {=_xll.IMDP("IR",$AA31,H$5,$C$8)} -> 3.56 | AW31: {=_xll.IMDP("IR",$AA31,I$5,$C$8)} -> 3.555 | AX31: {=_xll.IMDP("IR",$AA31,J$5,$C$8)} -> 3.553 | AY31: {=_xll.IMDP("IR",$AA31,K$5,$C$8)} -> 3.557 | AZ31: {=_xll.IMDP("IR",$AA31,L$5,$C$8)} -> 3.552 | ... BH31: {=_xll.IMDP("IR",$AA31,T$5,$C$8)} -> 0
D32: AA- | E32: =IFERROR( IF( $D$4=2, AB32*100, AB32), "") -> 3.747 | F32: =IFERROR( IF( $D$4=2, AC32*100, AC32), "") -> 3.828 | G32: =IFERROR( IF( $D$4=2, AD32*100, AD32), "") -> 3.812 | H32: =IFERROR( IF( $D$4=2, AE32*100, AE32), "") -> 3.818 | I32: =IFERROR( IF( $D$4=2, AF32*100, AF32), "") -> 3.811 | J32: =IFERROR( IF( $D$4=2, AG32*100, AG32), "") -> 3.805 | K32: =IFERROR( IF( $D$4=2, AH32*100, AH32), "") -> 3.799 | L32: =IFERROR( IF( $D$4=2, AI32*100, AI32), "") -> 3.793 | ... T32: =IFERROR( IF( $D$4=2, AQ32*100, AQ32), "") | Z32: =ROWS($Z$11:Z32) -> 22 | AA32: {=INDEX(code!$E$2:$K$72,시가평가Matrix!$Z32,$D$3)} -> BONDAVG23 | AB32: {=IF( OR($AA32=0,AS32=0), "", _xll.IMDP("IR",$AA32,E$6,$C$8) )} -> 3.747 | AC32: {=IF( OR($AA32=0,AT32=0), "", _xll.IMDP("IR",$AA32,F$6,$C$8) )} -> 3.828 | AD32: {=IF( OR($AA32=0,AU32=0), "", _xll.IMDP("IR",$AA32,G$6,$C$8) )} -> 3.812 | AE32: {=IF( OR($AA32=0,AV32=0), "", _xll.IMDP("IR",$AA32,H$6,$C$8) )} -> 3.818 | AF32: {=IF( OR($AA32=0,AW32=0), "", _xll.IMDP("IR",$AA32,I$6,$C$8) )} -> 3.811 | AG32: {=IF( OR($AA32=0,AX32=0), "", _xll.IMDP("IR",$AA32,J$6,$C$8) )} -> 3.805 | AH32: {=IF( OR($AA32=0,AY32=0), "", _xll.IMDP("IR",$AA32,K$6,$C$8) )} -> 3.799 | AI32: {=IF( OR($AA32=0,AZ32=0), "", _xll.IMDP("IR",$AA32,L$6,$C$8) )} -> 3.793 | ... AQ32: {=IF( OR($AA32=0,BH32=0), "", _xll.IMDP("IR",$AA32,T$6,$C$8) )} | AS32: {=_xll.IMDP("IR",$AA32,E$5,$C$8)} -> 3.747 | AT32: {=_xll.IMDP("IR",$AA32,F$5,$C$8)} -> 3.828 | AU32: {=_xll.IMDP("IR",$AA32,G$5,$C$8)} -> 3.812 | AV32: {=_xll.IMDP("IR",$AA32,H$5,$C$8)} -> 3.818 | AW32: {=_xll.IMDP("IR",$AA32,I$5,$C$8)} -> 3.811 | AX32: {=_xll.IMDP("IR",$AA32,J$5,$C$8)} -> 3.805 | AY32: {=_xll.IMDP("IR",$AA32,K$5,$C$8)} -> 3.799 | AZ32: {=_xll.IMDP("IR",$AA32,L$5,$C$8)} -> 3.793 | ... BH32: {=_xll.IMDP("IR",$AA32,T$5,$C$8)} -> 0
D33: A+ | E33: =IFERROR( IF( $D$4=2, AB33*100, AB33), "") -> 3.864 | F33: =IFERROR( IF( $D$4=2, AC33*100, AC33), "") -> 3.919 | G33: =IFERROR( IF( $D$4=2, AD33*100, AD33), "") -> 3.903 | H33: =IFERROR( IF( $D$4=2, AE33*100, AE33), "") -> 3.914 | I33: =IFERROR( IF( $D$4=2, AF33*100, AF33), "") -> 3.922 | J33: =IFERROR( IF( $D$4=2, AG33*100, AG33), "") -> 3.922 | K33: =IFERROR( IF( $D$4=2, AH33*100, AH33), "") -> 3.92 | L33: =IFERROR( IF( $D$4=2, AI33*100, AI33), "") -> 3.917 | ... T33: =IFERROR( IF( $D$4=2, AQ33*100, AQ33), "") | Z33: =ROWS($Z$11:Z33) -> 23 | AA33: {=INDEX(code!$E$2:$K$72,시가평가Matrix!$Z33,$D$3)} -> BONDAVG24 | AB33: {=IF( OR($AA33=0,AS33=0), "", _xll.IMDP("IR",$AA33,E$6,$C$8) )} -> 3.864 | AC33: {=IF( OR($AA33=0,AT33=0), "", _xll.IMDP("IR",$AA33,F$6,$C$8) )} -> 3.919 | AD33: {=IF( OR($AA33=0,AU33=0), "", _xll.IMDP("IR",$AA33,G$6,$C$8) )} -> 3.903 | AE33: {=IF( OR($AA33=0,AV33=0), "", _xll.IMDP("IR",$AA33,H$6,$C$8) )} -> 3.914 | AF33: {=IF( OR($AA33=0,AW33=0), "", _xll.IMDP("IR",$AA33,I$6,$C$8) )} -> 3.922 | AG33: {=IF( OR($AA33=0,AX33=0), "", _xll.IMDP("IR",$AA33,J$6,$C$8) )} -> 3.922 | AH33: {=IF( OR($AA33=0,AY33=0), "", _xll.IMDP("IR",$AA33,K$6,$C$8) )} -> 3.92 | AI33: {=IF( OR($AA33=0,AZ33=0), "", _xll.IMDP("IR",$AA33,L$6,$C$8) )} -> 3.917 | ... AQ33: {=IF( OR($AA33=0,BH33=0), "", _xll.IMDP("IR",$AA33,T$6,$C$8) )} | AS33: {=_xll.IMDP("IR",$AA33,E$5,$C$8)} -> 3.864 | AT33: {=_xll.IMDP("IR",$AA33,F$5,$C$8)} -> 3.919 | AU33: {=_xll.IMDP("IR",$AA33,G$5,$C$8)} -> 3.903 | AV33: {=_xll.IMDP("IR",$AA33,H$5,$C$8)} -> 3.914 | AW33: {=_xll.IMDP("IR",$AA33,I$5,$C$8)} -> 3.922 | AX33: {=_xll.IMDP("IR",$AA33,J$5,$C$8)} -> 3.922 | AY33: {=_xll.IMDP("IR",$AA33,K$5,$C$8)} -> 3.92 | AZ33: {=_xll.IMDP("IR",$AA33,L$5,$C$8)} -> 3.917 | ... BH33: {=_xll.IMDP("IR",$AA33,T$5,$C$8)} -> 0
D34: A0 | E34: =IFERROR( IF( $D$4=2, AB34*100, AB34), "") -> 3.952 | F34: =IFERROR( IF( $D$4=2, AC34*100, AC34), "") -> 3.99 | G34: =IFERROR( IF( $D$4=2, AD34*100, AD34), "") -> 3.991 | H34: =IFERROR( IF( $D$4=2, AE34*100, AE34), "") -> 4.005 | I34: =IFERROR( IF( $D$4=2, AF34*100, AF34), "") -> 4.012 | J34: =IFERROR( IF( $D$4=2, AG34*100, AG34), "") -> 4.021 | K34: =IFERROR( IF( $D$4=2, AH34*100, AH34), "") -> 4.02 | L34: =IFERROR( IF( $D$4=2, AI34*100, AI34), "") -> 4.019 | ... T34: =IFERROR( IF( $D$4=2, AQ34*100, AQ34), "") | Z34: =ROWS($Z$11:Z34) -> 24 | AA34: {=INDEX(code!$E$2:$K$72,시가평가Matrix!$Z34,$D$3)} -> BONDAVG25 | AB34: {=IF( OR($AA34=0,AS34=0), "", _xll.IMDP("IR",$AA34,E$6,$C$8) )} -> 3.952 | AC34: {=IF( OR($AA34=0,AT34=0), "", _xll.IMDP("IR",$AA34,F$6,$C$8) )} -> 3.99 | AD34: {=IF( OR($AA34=0,AU34=0), "", _xll.IMDP("IR",$AA34,G$6,$C$8) )} -> 3.991 | AE34: {=IF( OR($AA34=0,AV34=0), "", _xll.IMDP("IR",$AA34,H$6,$C$8) )} -> 4.005 | AF34: {=IF( OR($AA34=0,AW34=0), "", _xll.IMDP("IR",$AA34,I$6,$C$8) )} -> 4.012 | AG34: {=IF( OR($AA34=0,AX34=0), "", _xll.IMDP("IR",$AA34,J$6,$C$8) )} -> 4.021 | AH34: {=IF( OR($AA34=0,AY34=0), "", _xll.IMDP("IR",$AA34,K$6,$C$8) )} -> 4.02 | AI34: {=IF( OR($AA34=0,AZ34=0), "", _xll.IMDP("IR",$AA34,L$6,$C$8) )} -> 4.019 | ... AQ34: {=IF( OR($AA34=0,BH34=0), "", _xll.IMDP("IR",$AA34,T$6,$C$8) )} | AS34: {=_xll.IMDP("IR",$AA34,E$5,$C$8)} -> 3.952 | AT34: {=_xll.IMDP("IR",$AA34,F$5,$C$8)} -> 3.99 | AU34: {=_xll.IMDP("IR",$AA34,G$5,$C$8)} -> 3.991 | AV34: {=_xll.IMDP("IR",$AA34,H$5,$C$8)} -> 4.005 | AW34: {=_xll.IMDP("IR",$AA34,I$5,$C$8)} -> 4.012 | AX34: {=_xll.IMDP("IR",$AA34,J$5,$C$8)} -> 4.021 | AY34: {=_xll.IMDP("IR",$AA34,K$5,$C$8)} -> 4.02 | AZ34: {=_xll.IMDP("IR",$AA34,L$5,$C$8)} -> 4.019 | ... BH34: {=_xll.IMDP("IR",$AA34,T$5,$C$8)} -> 0
D35: A- | E35: =IFERROR( IF( $D$4=2, AB35*100, AB35), "") -> 4.037 | F35: =IFERROR( IF( $D$4=2, AC35*100, AC35), "") -> 4.079 | G35: =IFERROR( IF( $D$4=2, AD35*100, AD35), "") -> 4.079 | H35: =IFERROR( IF( $D$4=2, AE35*100, AE35), "") -> 4.095 | I35: =IFERROR( IF( $D$4=2, AF35*100, AF35), "") -> 4.099 | J35: =IFERROR( IF( $D$4=2, AG35*100, AG35), "") -> 4.111 | K35: =IFERROR( IF( $D$4=2, AH35*100, AH35), "") -> 4.113 | L35: =IFERROR( IF( $D$4=2, AI35*100, AI35), "") -> 4.111 | ... T35: =IFERROR( IF( $D$4=2, AQ35*100, AQ35), "") | Z35: =ROWS($Z$11:Z35) -> 25 | AA35: {=INDEX(code!$E$2:$K$72,시가평가Matrix!$Z35,$D$3)} -> BONDAVG26 | AB35: {=IF( OR($AA35=0,AS35=0), "", _xll.IMDP("IR",$AA35,E$6,$C$8) )} -> 4.037 | AC35: {=IF( OR($AA35=0,AT35=0), "", _xll.IMDP("IR",$AA35,F$6,$C$8) )} -> 4.079 | AD35: {=IF( OR($AA35=0,AU35=0), "", _xll.IMDP("IR",$AA35,G$6,$C$8) )} -> 4.079 | AE35: {=IF( OR($AA35=0,AV35=0), "", _xll.IMDP("IR",$AA35,H$6,$C$8) )} -> 4.095 | AF35: {=IF( OR($AA35=0,AW35=0), "", _xll.IMDP("IR",$AA35,I$6,$C$8) )} -> 4.099 | AG35: {=IF( OR($AA35=0,AX35=0), "", _xll.IMDP("IR",$AA35,J$6,$C$8) )} -> 4.111 | AH35: {=IF( OR($AA35=0,AY35=0), "", _xll.IMDP("IR",$AA35,K$6,$C$8) )} -> 4.113 | AI35: {=IF( OR($AA35=0,AZ35=0), "", _xll.IMDP("IR",$AA35,L$6,$C$8) )} -> 4.111 | ... AQ35: {=IF( OR($AA35=0,BH35=0), "", _xll.IMDP("IR",$AA35,T$6,$C$8) )} | AS35: {=_xll.IMDP("IR",$AA35,E$5,$C$8)} -> 4.037 | AT35: {=_xll.IMDP("IR",$AA35,F$5,$C$8)} -> 4.079 | AU35: {=_xll.IMDP("IR",$AA35,G$5,$C$8)} -> 4.079 | AV35: {=_xll.IMDP("IR",$AA35,H$5,$C$8)} -> 4.095 | AW35: {=_xll.IMDP("IR",$AA35,I$5,$C$8)} -> 4.099 | AX35: {=_xll.IMDP("IR",$AA35,J$5,$C$8)} -> 4.111 | AY35: {=_xll.IMDP("IR",$AA35,K$5,$C$8)} -> 4.113 | AZ35: {=_xll.IMDP("IR",$AA35,L$5,$C$8)} -> 4.111 | ... BH35: {=_xll.IMDP("IR",$AA35,T$5,$C$8)} -> 0
C36: 카드채 | D36: AA+ | E36: =IFERROR( IF( $D$4=2, AB36*100, AB36), "") -> 3.433 | F36: =IFERROR( IF( $D$4=2, AC36*100, AC36), "") -> 3.42 | G36: =IFERROR( IF( $D$4=2, AD36*100, AD36), "") -> 3.386 | H36: =IFERROR( IF( $D$4=2, AE36*100, AE36), "") -> 3.396 | I36: =IFERROR( IF( $D$4=2, AF36*100, AF36), "") -> 3.447 | J36: =IFERROR( IF( $D$4=2, AG36*100, AG36), "") -> 3.418 | K36: =IFERROR( IF( $D$4=2, AH36*100, AH36), "") -> 3.375 | L36: =IFERROR( IF( $D$4=2, AI36*100, AI36), "") -> 3.361 | ... T36: =IFERROR( IF( $D$4=2, AQ36*100, AQ36), "") | Z36: =ROWS($Z$11:Z36) -> 26 | AA36: {=INDEX(code!$E$2:$K$72,시가평가Matrix!$Z36,$D$3)} -> BONDAVG81 | AB36: {=IF( OR($AA36=0,AS36=0), "", _xll.IMDP("IR",$AA36,E$6,$C$8) )} -> 3.433 | AC36: {=IF( OR($AA36=0,AT36=0), "", _xll.IMDP("IR",$AA36,F$6,$C$8) )} -> 3.42 | AD36: {=IF( OR($AA36=0,AU36=0), "", _xll.IMDP("IR",$AA36,G$6,$C$8) )} -> 3.386 | AE36: {=IF( OR($AA36=0,AV36=0), "", _xll.IMDP("IR",$AA36,H$6,$C$8) )} -> 3.396 | AF36: {=IF( OR($AA36=0,AW36=0), "", _xll.IMDP("IR",$AA36,I$6,$C$8) )} -> 3.447 | AG36: {=IF( OR($AA36=0,AX36=0), "", _xll.IMDP("IR",$AA36,J$6,$C$8) )} -> 3.418 | AH36: {=IF( OR($AA36=0,AY36=0), "", _xll.IMDP("IR",$AA36,K$6,$C$8) )} -> 3.375 | AI36: {=IF( OR($AA36=0,AZ36=0), "", _xll.IMDP("IR",$AA36,L$6,$C$8) )} -> 3.361 | ... AQ36: {=IF( OR($AA36=0,BH36=0), "", _xll.IMDP("IR",$AA36,T$6,$C$8) )} | AS36: {=_xll.IMDP("IR",$AA36,E$5,$C$8)} -> 3.433 | AT36: {=_xll.IMDP("IR",$AA36,F$5,$C$8)} -> 3.42 | AU36: {=_xll.IMDP("IR",$AA36,G$5,$C$8)} -> 3.386 | AV36: {=_xll.IMDP("IR",$AA36,H$5,$C$8)} -> 3.396 | AW36: {=_xll.IMDP("IR",$AA36,I$5,$C$8)} -> 3.447 | AX36: {=_xll.IMDP("IR",$AA36,J$5,$C$8)} -> 3.418 | AY36: {=_xll.IMDP("IR",$AA36,K$5,$C$8)} -> 3.375 | AZ36: {=_xll.IMDP("IR",$AA36,L$5,$C$8)} -> 3.361 | ... BH36: {=_xll.IMDP("IR",$AA36,T$5,$C$8)} -> 0
D37: AA0 | E37: =IFERROR( IF( $D$4=2, AB37*100, AB37), "") -> 3.462 | F37: =IFERROR( IF( $D$4=2, AC37*100, AC37), "") -> 3.445 | G37: =IFERROR( IF( $D$4=2, AD37*100, AD37), "") -> 3.413 | H37: =IFERROR( IF( $D$4=2, AE37*100, AE37), "") -> 3.429 | I37: =IFERROR( IF( $D$4=2, AF37*100, AF37), "") -> 3.488 | J37: =IFERROR( IF( $D$4=2, AG37*100, AG37), "") -> 3.461 | K37: =IFERROR( IF( $D$4=2, AH37*100, AH37), "") -> 3.43 | L37: =IFERROR( IF( $D$4=2, AI37*100, AI37), "") -> 3.426 | ... T37: =IFERROR( IF( $D$4=2, AQ37*100, AQ37), "") | Z37: =ROWS($Z$11:Z37) -> 27 | AA37: {=INDEX(code!$E$2:$K$72,시가평가Matrix!$Z37,$D$3)} -> BONDAVG27 | AB37: {=IF( OR($AA37=0,AS37=0), "", _xll.IMDP("IR",$AA37,E$6,$C$8) )} -> 3.462 | AC37: {=IF( OR($AA37=0,AT37=0), "", _xll.IMDP("IR",$AA37,F$6,$C$8) )} -> 3.445 | AD37: {=IF( OR($AA37=0,AU37=0), "", _xll.IMDP("IR",$AA37,G$6,$C$8) )} -> 3.413 | AE37: {=IF( OR($AA37=0,AV37=0), "", _xll.IMDP("IR",$AA37,H$6,$C$8) )} -> 3.429 | AF37: {=IF( OR($AA37=0,AW37=0), "", _xll.IMDP("IR",$AA37,I$6,$C$8) )} -> 3.488 | AG37: {=IF( OR($AA37=0,AX37=0), "", _xll.IMDP("IR",$AA37,J$6,$C$8) )} -> 3.461 | AH37: {=IF( OR($AA37=0,AY37=0), "", _xll.IMDP("IR",$AA37,K$6,$C$8) )} -> 3.43 | AI37: {=IF( OR($AA37=0,AZ37=0), "", _xll.IMDP("IR",$AA37,L$6,$C$8) )} -> 3.426 | ... AQ37: {=IF( OR($AA37=0,BH37=0), "", _xll.IMDP("IR",$AA37,T$6,$C$8) )} | AS37: {=_xll.IMDP("IR",$AA37,E$5,$C$8)} -> 3.462 | AT37: {=_xll.IMDP("IR",$AA37,F$5,$C$8)} -> 3.445 | AU37: {=_xll.IMDP("IR",$AA37,G$5,$C$8)} -> 3.413 | AV37: {=_xll.IMDP("IR",$AA37,H$5,$C$8)} -> 3.429 | AW37: {=_xll.IMDP("IR",$AA37,I$5,$C$8)} -> 3.488 | AX37: {=_xll.IMDP("IR",$AA37,J$5,$C$8)} -> 3.461 | AY37: {=_xll.IMDP("IR",$AA37,K$5,$C$8)} -> 3.43 | AZ37: {=_xll.IMDP("IR",$AA37,L$5,$C$8)} -> 3.426 | ... BH37: {=_xll.IMDP("IR",$AA37,T$5,$C$8)} -> 0
D38: AA- | E38: =IFERROR( IF( $D$4=2, AB38*100, AB38), "") -> 3.486 | F38: =IFERROR( IF( $D$4=2, AC38*100, AC38), "") -> 3.476 | G38: =IFERROR( IF( $D$4=2, AD38*100, AD38), "") -> 3.468 | H38: =IFERROR( IF( $D$4=2, AE38*100, AE38), "") -> 3.5 | I38: =IFERROR( IF( $D$4=2, AF38*100, AF38), "") -> 3.554 | J38: =IFERROR( IF( $D$4=2, AG38*100, AG38), "") -> 3.555 | K38: =IFERROR( IF( $D$4=2, AH38*100, AH38), "") -> 3.546 | L38: =IFERROR( IF( $D$4=2, AI38*100, AI38), "") -> 3.544 | ... T38: =IFERROR( IF( $D$4=2, AQ38*100, AQ38), "") | Z38: =ROWS($Z$11:Z38) -> 28 | AA38: {=INDEX(code!$E$2:$K$72,시가평가Matrix!$Z38,$D$3)} -> BONDAVG28 | AB38: {=IF( OR($AA38=0,AS38=0), "", _xll.IMDP("IR",$AA38,E$6,$C$8) )} -> 3.486 | AC38: {=IF( OR($AA38=0,AT38=0), "", _xll.IMDP("IR",$AA38,F$6,$C$8) )} -> 3.476 | AD38: {=IF( OR($AA38=0,AU38=0), "", _xll.IMDP("IR",$AA38,G$6,$C$8) )} -> 3.468 | AE38: {=IF( OR($AA38=0,AV38=0), "", _xll.IMDP("IR",$AA38,H$6,$C$8) )} -> 3.5 | AF38: {=IF( OR($AA38=0,AW38=0), "", _xll.IMDP("IR",$AA38,I$6,$C$8) )} -> 3.554 | AG38: {=IF( OR($AA38=0,AX38=0), "", _xll.IMDP("IR",$AA38,J$6,$C$8) )} -> 3.555 | AH38: {=IF( OR($AA38=0,AY38=0), "", _xll.IMDP("IR",$AA38,K$6,$C$8) )} -> 3.546 | AI38: {=IF( OR($AA38=0,AZ38=0), "", _xll.IMDP("IR",$AA38,L$6,$C$8) )} -> 3.544 | ... AQ38: {=IF( OR($AA38=0,BH38=0), "", _xll.IMDP("IR",$AA38,T$6,$C$8) )} | AS38: {=_xll.IMDP("IR",$AA38,E$5,$C$8)} -> 3.486 | AT38: {=_xll.IMDP("IR",$AA38,F$5,$C$8)} -> 3.476 | AU38: {=_xll.IMDP("IR",$AA38,G$5,$C$8)} -> 3.468 | AV38: {=_xll.IMDP("IR",$AA38,H$5,$C$8)} -> 3.5 | AW38: {=_xll.IMDP("IR",$AA38,I$5,$C$8)} -> 3.554 | AX38: {=_xll.IMDP("IR",$AA38,J$5,$C$8)} -> 3.555 | AY38: {=_xll.IMDP("IR",$AA38,K$5,$C$8)} -> 3.546 | AZ38: {=_xll.IMDP("IR",$AA38,L$5,$C$8)} -> 3.544 | ... BH38: {=_xll.IMDP("IR",$AA38,T$5,$C$8)} -> 0
D39: A+ | E39: =IFERROR( IF( $D$4=2, AB39*100, AB39), "") -> 4.008 | F39: =IFERROR( IF( $D$4=2, AC39*100, AC39), "") -> 4.276 | G39: =IFERROR( IF( $D$4=2, AD39*100, AD39), "") -> 4.364 | H39: =IFERROR( IF( $D$4=2, AE39*100, AE39), "") -> 4.389 | I39: =IFERROR( IF( $D$4=2, AF39*100, AF39), "") -> 4.427 | J39: =IFERROR( IF( $D$4=2, AG39*100, AG39), "") -> 4.434 | K39: =IFERROR( IF( $D$4=2, AH39*100, AH39), "") -> 4.493 | L39: =IFERROR( IF( $D$4=2, AI39*100, AI39), "") -> 4.566 | ... T39: =IFERROR( IF( $D$4=2, AQ39*100, AQ39), "") | Z39: =ROWS($Z$11:Z39) -> 29 | AA39: {=INDEX(code!$E$2:$K$72,시가평가Matrix!$Z39,$D$3)} -> BONDAVG29 | AB39: {=IF( OR($AA39=0,AS39=0), "", _xll.IMDP("IR",$AA39,E$6,$C$8) )} -> 4.008 | AC39: {=IF( OR($AA39=0,AT39=0), "", _xll.IMDP("IR",$AA39,F$6,$C$8) )} -> 4.276 | AD39: {=IF( OR($AA39=0,AU39=0), "", _xll.IMDP("IR",$AA39,G$6,$C$8) )} -> 4.364 | AE39: {=IF( OR($AA39=0,AV39=0), "", _xll.IMDP("IR",$AA39,H$6,$C$8) )} -> 4.389 | AF39: {=IF( OR($AA39=0,AW39=0), "", _xll.IMDP("IR",$AA39,I$6,$C$8) )} -> 4.427 | AG39: {=IF( OR($AA39=0,AX39=0), "", _xll.IMDP("IR",$AA39,J$6,$C$8) )} -> 4.434 | AH39: {=IF( OR($AA39=0,AY39=0), "", _xll.IMDP("IR",$AA39,K$6,$C$8) )} -> 4.493 | AI39: {=IF( OR($AA39=0,AZ39=0), "", _xll.IMDP("IR",$AA39,L$6,$C$8) )} -> 4.566 | ... AQ39: {=IF( OR($AA39=0,BH39=0), "", _xll.IMDP("IR",$AA39,T$6,$C$8) )} | AS39: {=_xll.IMDP("IR",$AA39,E$5,$C$8)} -> 4.008 | AT39: {=_xll.IMDP("IR",$AA39,F$5,$C$8)} -> 4.276 | AU39: {=_xll.IMDP("IR",$AA39,G$5,$C$8)} -> 4.364 | AV39: {=_xll.IMDP("IR",$AA39,H$5,$C$8)} -> 4.389 | AW39: {=_xll.IMDP("IR",$AA39,I$5,$C$8)} -> 4.427 | AX39: {=_xll.IMDP("IR",$AA39,J$5,$C$8)} -> 4.434 | AY39: {=_xll.IMDP("IR",$AA39,K$5,$C$8)} -> 4.493 | AZ39: {=_xll.IMDP("IR",$AA39,L$5,$C$8)} -> 4.566 | ... BH39: {=_xll.IMDP("IR",$AA39,T$5,$C$8)} -> 0
D40: A0 | E40: =IFERROR( IF( $D$4=2, AB40*100, AB40), "") -> 4.567 | F40: =IFERROR( IF( $D$4=2, AC40*100, AC40), "") -> 4.888 | G40: =IFERROR( IF( $D$4=2, AD40*100, AD40), "") -> 5.031 | H40: =IFERROR( IF( $D$4=2, AE40*100, AE40), "") -> 5.133 | I40: =IFERROR( IF( $D$4=2, AF40*100, AF40), "") -> 5.21 | J40: =IFERROR( IF( $D$4=2, AG40*100, AG40), "") -> 5.259 | K40: =IFERROR( IF( $D$4=2, AH40*100, AH40), "") -> 5.279 | L40: =IFERROR( IF( $D$4=2, AI40*100, AI40), "") -> 5.347 | ... T40: =IFERROR( IF( $D$4=2, AQ40*100, AQ40), "") | Z40: =ROWS($Z$11:Z40) -> 30 | AA40: {=INDEX(code!$E$2:$K$72,시가평가Matrix!$Z40,$D$3)} -> BONDAVG30 | AB40: {=IF( OR($AA40=0,AS40=0), "", _xll.IMDP("IR",$AA40,E$6,$C$8) )} -> 4.567 | AC40: {=IF( OR($AA40=0,AT40=0), "", _xll.IMDP("IR",$AA40,F$6,$C$8) )} -> 4.888 | AD40: {=IF( OR($AA40=0,AU40=0), "", _xll.IMDP("IR",$AA40,G$6,$C$8) )} -> 5.031 | AE40: {=IF( OR($AA40=0,AV40=0), "", _xll.IMDP("IR",$AA40,H$6,$C$8) )} -> 5.133 | AF40: {=IF( OR($AA40=0,AW40=0), "", _xll.IMDP("IR",$AA40,I$6,$C$8) )} -> 5.21 | AG40: {=IF( OR($AA40=0,AX40=0), "", _xll.IMDP("IR",$AA40,J$6,$C$8) )} -> 5.259 | AH40: {=IF( OR($AA40=0,AY40=0), "", _xll.IMDP("IR",$AA40,K$6,$C$8) )} -> 5.279 | AI40: {=IF( OR($AA40=0,AZ40=0), "", _xll.IMDP("IR",$AA40,L$6,$C$8) )} -> 5.347 | ... AQ40: {=IF( OR($AA40=0,BH40=0), "", _xll.IMDP("IR",$AA40,T$6,$C$8) )} | AS40: {=_xll.IMDP("IR",$AA40,E$5,$C$8)} -> 4.567 | AT40: {=_xll.IMDP("IR",$AA40,F$5,$C$8)} -> 4.888 | AU40: {=_xll.IMDP("IR",$AA40,G$5,$C$8)} -> 5.031 | AV40: {=_xll.IMDP("IR",$AA40,H$5,$C$8)} -> 5.133 | AW40: {=_xll.IMDP("IR",$AA40,I$5,$C$8)} -> 5.21 | AX40: {=_xll.IMDP("IR",$AA40,J$5,$C$8)} -> 5.259 | AY40: {=_xll.IMDP("IR",$AA40,K$5,$C$8)} -> 5.279 | AZ40: {=_xll.IMDP("IR",$AA40,L$5,$C$8)} -> 5.347 | ... BH40: {=_xll.IMDP("IR",$AA40,T$5,$C$8)} -> 0
D41: A- | E41: =IFERROR( IF( $D$4=2, AB41*100, AB41), "") -> 5.09 | F41: =IFERROR( IF( $D$4=2, AC41*100, AC41), "") -> 5.521 | G41: =IFERROR( IF( $D$4=2, AD41*100, AD41), "") -> 5.647 | H41: =IFERROR( IF( $D$4=2, AE41*100, AE41), "") -> 5.69 | I41: =IFERROR( IF( $D$4=2, AF41*100, AF41), "") -> 5.763 | J41: =IFERROR( IF( $D$4=2, AG41*100, AG41), "") -> 5.843 | K41: =IFERROR( IF( $D$4=2, AH41*100, AH41), "") -> 5.936 | L41: =IFERROR( IF( $D$4=2, AI41*100, AI41), "") -> 6.024 | ... T41: =IFERROR( IF( $D$4=2, AQ41*100, AQ41), "") | Z41: =ROWS($Z$11:Z41) -> 31 | AA41: {=INDEX(code!$E$2:$K$72,시가평가Matrix!$Z41,$D$3)} -> BONDAVG31 | AB41: {=IF( OR($AA41=0,AS41=0), "", _xll.IMDP("IR",$AA41,E$6,$C$8) )} -> 5.09 | AC41: {=IF( OR($AA41=0,AT41=0), "", _xll.IMDP("IR",$AA41,F$6,$C$8) )} -> 5.521 | AD41: {=IF( OR($AA41=0,AU41=0), "", _xll.IMDP("IR",$AA41,G$6,$C$8) )} -> 5.647 | AE41: {=IF( OR($AA41=0,AV41=0), "", _xll.IMDP("IR",$AA41,H$6,$C$8) )} -> 5.69 | AF41: {=IF( OR($AA41=0,AW41=0), "", _xll.IMDP("IR",$AA41,I$6,$C$8) )} -> 5.763 | AG41: {=IF( OR($AA41=0,AX41=0), "", _xll.IMDP("IR",$AA41,J$6,$C$8) )} -> 5.843 | AH41: {=IF( OR($AA41=0,AY41=0), "", _xll.IMDP("IR",$AA41,K$6,$C$8) )} -> 5.936 | AI41: {=IF( OR($AA41=0,AZ41=0), "", _xll.IMDP("IR",$AA41,L$6,$C$8) )} -> 6.024 | ... AQ41: {=IF( OR($AA41=0,BH41=0), "", _xll.IMDP("IR",$AA41,T$6,$C$8) )} | AS41: {=_xll.IMDP("IR",$AA41,E$5,$C$8)} -> 5.09 | AT41: {=_xll.IMDP("IR",$AA41,F$5,$C$8)} -> 5.521 | AU41: {=_xll.IMDP("IR",$AA41,G$5,$C$8)} -> 5.647 | AV41: {=_xll.IMDP("IR",$AA41,H$5,$C$8)} -> 5.69 | AW41: {=_xll.IMDP("IR",$AA41,I$5,$C$8)} -> 5.763 | AX41: {=_xll.IMDP("IR",$AA41,J$5,$C$8)} -> 5.843 | AY41: {=_xll.IMDP("IR",$AA41,K$5,$C$8)} -> 5.936 | AZ41: {=_xll.IMDP("IR",$AA41,L$5,$C$8)} -> 6.024 | ... BH41: {=_xll.IMDP("IR",$AA41,T$5,$C$8)} -> 0
D42: BBB+ | E42: =IFERROR( IF( $D$4=2, AB42*100, AB42), "") -> 5.933 | F42: =IFERROR( IF( $D$4=2, AC42*100, AC42), "") -> 6.583 | G42: =IFERROR( IF( $D$4=2, AD42*100, AD42), "") -> 6.834 | H42: =IFERROR( IF( $D$4=2, AE42*100, AE42), "") -> 6.886 | I42: =IFERROR( IF( $D$4=2, AF42*100, AF42), "") -> 6.956 | J42: =IFERROR( IF( $D$4=2, AG42*100, AG42), "") -> 7.26 | K42: =IFERROR( IF( $D$4=2, AH42*100, AH42), "") -> 7.363 | L42: =IFERROR( IF( $D$4=2, AI42*100, AI42), "") -> 7.404 | ... T42: =IFERROR( IF( $D$4=2, AQ42*100, AQ42), "") | Z42: =ROWS($Z$11:Z42) -> 32 | AA42: {=INDEX(code!$E$2:$K$72,시가평가Matrix!$Z42,$D$3)} -> BONDAVG32 | AB42: {=IF( OR($AA42=0,AS42=0), "", _xll.IMDP("IR",$AA42,E$6,$C$8) )} -> 5.933 | AC42: {=IF( OR($AA42=0,AT42=0), "", _xll.IMDP("IR",$AA42,F$6,$C$8) )} -> 6.583 | AD42: {=IF( OR($AA42=0,AU42=0), "", _xll.IMDP("IR",$AA42,G$6,$C$8) )} -> 6.834 | AE42: {=IF( OR($AA42=0,AV42=0), "", _xll.IMDP("IR",$AA42,H$6,$C$8) )} -> 6.886 | AF42: {=IF( OR($AA42=0,AW42=0), "", _xll.IMDP("IR",$AA42,I$6,$C$8) )} -> 6.956 | AG42: {=IF( OR($AA42=0,AX42=0), "", _xll.IMDP("IR",$AA42,J$6,$C$8) )} -> 7.26 | AH42: {=IF( OR($AA42=0,AY42=0), "", _xll.IMDP("IR",$AA42,K$6,$C$8) )} -> 7.363 | AI42: {=IF( OR($AA42=0,AZ42=0), "", _xll.IMDP("IR",$AA42,L$6,$C$8) )} -> 7.404 | ... AQ42: {=IF( OR($AA42=0,BH42=0), "", _xll.IMDP("IR",$AA42,T$6,$C$8) )} | AS42: {=_xll.IMDP("IR",$AA42,E$5,$C$8)} -> 5.933 | AT42: {=_xll.IMDP("IR",$AA42,F$5,$C$8)} -> 6.583 | AU42: {=_xll.IMDP("IR",$AA42,G$5,$C$8)} -> 6.834 | AV42: {=_xll.IMDP("IR",$AA42,H$5,$C$8)} -> 6.886 | AW42: {=_xll.IMDP("IR",$AA42,I$5,$C$8)} -> 6.956 | AX42: {=_xll.IMDP("IR",$AA42,J$5,$C$8)} -> 7.26 | AY42: {=_xll.IMDP("IR",$AA42,K$5,$C$8)} -> 7.363 | AZ42: {=_xll.IMDP("IR",$AA42,L$5,$C$8)} -> 7.404 | ... BH42: {=_xll.IMDP("IR",$AA42,T$5,$C$8)} -> 0
D43: BBB0 | E43: =IFERROR( IF( $D$4=2, AB43*100, AB43), "") -> 6.58 | F43: =IFERROR( IF( $D$4=2, AC43*100, AC43), "") -> 7.307 | G43: =IFERROR( IF( $D$4=2, AD43*100, AD43), "") -> 7.574 | H43: =IFERROR( IF( $D$4=2, AE43*100, AE43), "") -> 7.684 | I43: =IFERROR( IF( $D$4=2, AF43*100, AF43), "") -> 7.756 | J43: =IFERROR( IF( $D$4=2, AG43*100, AG43), "") -> 8.108 | K43: =IFERROR( IF( $D$4=2, AH43*100, AH43), "") -> 8.265 | L43: =IFERROR( IF( $D$4=2, AI43*100, AI43), "") -> 8.308 | ... T43: =IFERROR( IF( $D$4=2, AQ43*100, AQ43), "") | Z43: =ROWS($Z$11:Z43) -> 33 | AA43: {=INDEX(code!$E$2:$K$72,시가평가Matrix!$Z43,$D$3)} -> BONDAVG33 | AB43: {=IF( OR($AA43=0,AS43=0), "", _xll.IMDP("IR",$AA43,E$6,$C$8) )} -> 6.58 | AC43: {=IF( OR($AA43=0,AT43=0), "", _xll.IMDP("IR",$AA43,F$6,$C$8) )} -> 7.307 | AD43: {=IF( OR($AA43=0,AU43=0), "", _xll.IMDP("IR",$AA43,G$6,$C$8) )} -> 7.574 | AE43: {=IF( OR($AA43=0,AV43=0), "", _xll.IMDP("IR",$AA43,H$6,$C$8) )} -> 7.684 | AF43: {=IF( OR($AA43=0,AW43=0), "", _xll.IMDP("IR",$AA43,I$6,$C$8) )} -> 7.756 | AG43: {=IF( OR($AA43=0,AX43=0), "", _xll.IMDP("IR",$AA43,J$6,$C$8) )} -> 8.108 | AH43: {=IF( OR($AA43=0,AY43=0), "", _xll.IMDP("IR",$AA43,K$6,$C$8) )} -> 8.265 | AI43: {=IF( OR($AA43=0,AZ43=0), "", _xll.IMDP("IR",$AA43,L$6,$C$8) )} -> 8.308 | ... AQ43: {=IF( OR($AA43=0,BH43=0), "", _xll.IMDP("IR",$AA43,T$6,$C$8) )} | AS43: {=_xll.IMDP("IR",$AA43,E$5,$C$8)} -> 6.58 | AT43: {=_xll.IMDP("IR",$AA43,F$5,$C$8)} -> 7.307 | AU43: {=_xll.IMDP("IR",$AA43,G$5,$C$8)} -> 7.574 | AV43: {=_xll.IMDP("IR",$AA43,H$5,$C$8)} -> 7.684 | AW43: {=_xll.IMDP("IR",$AA43,I$5,$C$8)} -> 7.756 | AX43: {=_xll.IMDP("IR",$AA43,J$5,$C$8)} -> 8.108 | AY43: {=_xll.IMDP("IR",$AA43,K$5,$C$8)} -> 8.265 | AZ43: {=_xll.IMDP("IR",$AA43,L$5,$C$8)} -> 8.308 | ... BH43: {=_xll.IMDP("IR",$AA43,T$5,$C$8)} -> 0
D44: BBB- | E44: =IFERROR( IF( $D$4=2, AB44*100, AB44), "") -> 7.958 | F44: =IFERROR( IF( $D$4=2, AC44*100, AC44), "") -> 8.652 | G44: =IFERROR( IF( $D$4=2, AD44*100, AD44), "") -> 8.953 | H44: =IFERROR( IF( $D$4=2, AE44*100, AE44), "") -> 9.019 | I44: =IFERROR( IF( $D$4=2, AF44*100, AF44), "") -> 9.1 | J44: =IFERROR( IF( $D$4=2, AG44*100, AG44), "") -> 9.488 | K44: =IFERROR( IF( $D$4=2, AH44*100, AH44), "") -> 9.665 | L44: =IFERROR( IF( $D$4=2, AI44*100, AI44), "") -> 9.715 | ... T44: =IFERROR( IF( $D$4=2, AQ44*100, AQ44), "") | Z44: =ROWS($Z$11:Z44) -> 34 | AA44: {=INDEX(code!$E$2:$K$72,시가평가Matrix!$Z44,$D$3)} -> BONDAVG34 | AB44: {=IF( OR($AA44=0,AS44=0), "", _xll.IMDP("IR",$AA44,E$6,$C$8) )} -> 7.958 | AC44: {=IF( OR($AA44=0,AT44=0), "", _xll.IMDP("IR",$AA44,F$6,$C$8) )} -> 8.652 | AD44: {=IF( OR($AA44=0,AU44=0), "", _xll.IMDP("IR",$AA44,G$6,$C$8) )} -> 8.953 | AE44: {=IF( OR($AA44=0,AV44=0), "", _xll.IMDP("IR",$AA44,H$6,$C$8) )} -> 9.019 | AF44: {=IF( OR($AA44=0,AW44=0), "", _xll.IMDP("IR",$AA44,I$6,$C$8) )} -> 9.1 | AG44: {=IF( OR($AA44=0,AX44=0), "", _xll.IMDP("IR",$AA44,J$6,$C$8) )} -> 9.488 | AH44: {=IF( OR($AA44=0,AY44=0), "", _xll.IMDP("IR",$AA44,K$6,$C$8) )} -> 9.665 | AI44: {=IF( OR($AA44=0,AZ44=0), "", _xll.IMDP("IR",$AA44,L$6,$C$8) )} -> 9.715 | ... AQ44: {=IF( OR($AA44=0,BH44=0), "", _xll.IMDP("IR",$AA44,T$6,$C$8) )} | AS44: {=_xll.IMDP("IR",$AA44,E$5,$C$8)} -> 7.958 | AT44: {=_xll.IMDP("IR",$AA44,F$5,$C$8)} -> 8.652 | AU44: {=_xll.IMDP("IR",$AA44,G$5,$C$8)} -> 8.953 | AV44: {=_xll.IMDP("IR",$AA44,H$5,$C$8)} -> 9.019 | AW44: {=_xll.IMDP("IR",$AA44,I$5,$C$8)} -> 9.1 | AX44: {=_xll.IMDP("IR",$AA44,J$5,$C$8)} -> 9.488 | AY44: {=_xll.IMDP("IR",$AA44,K$5,$C$8)} -> 9.665 | AZ44: {=_xll.IMDP("IR",$AA44,L$5,$C$8)} -> 9.715 | ... BH44: {=_xll.IMDP("IR",$AA44,T$5,$C$8)} -> 0
C45: 기타금융채 | D45: AA+ | E45: =IFERROR( IF( $D$4=2, AB45*100, AB45), "") -> 3.433 | F45: =IFERROR( IF( $D$4=2, AC45*100, AC45), "") -> 3.42 | G45: =IFERROR( IF( $D$4=2, AD45*100, AD45), "") -> 3.386 | H45: =IFERROR( IF( $D$4=2, AE45*100, AE45), "") -> 3.396 | I45: =IFERROR( IF( $D$4=2, AF45*100, AF45), "") -> 3.447 | J45: =IFERROR( IF( $D$4=2, AG45*100, AG45), "") -> 3.418 | K45: =IFERROR( IF( $D$4=2, AH45*100, AH45), "") -> 3.375 | L45: =IFERROR( IF( $D$4=2, AI45*100, AI45), "") -> 3.361 | ... T45: =IFERROR( IF( $D$4=2, AQ45*100, AQ45), "") | Z45: =ROWS($Z$11:Z45) -> 35 | AA45: {=INDEX(code!$E$2:$K$72,시가평가Matrix!$Z45,$D$3)} -> BONDAVG82 | AB45: {=IF( OR($AA45=0,AS45=0), "", _xll.IMDP("IR",$AA45,E$6,$C$8) )} -> 3.433 | AC45: {=IF( OR($AA45=0,AT45=0), "", _xll.IMDP("IR",$AA45,F$6,$C$8) )} -> 3.42 | AD45: {=IF( OR($AA45=0,AU45=0), "", _xll.IMDP("IR",$AA45,G$6,$C$8) )} -> 3.386 | AE45: {=IF( OR($AA45=0,AV45=0), "", _xll.IMDP("IR",$AA45,H$6,$C$8) )} -> 3.396 | AF45: {=IF( OR($AA45=0,AW45=0), "", _xll.IMDP("IR",$AA45,I$6,$C$8) )} -> 3.447 | AG45: {=IF( OR($AA45=0,AX45=0), "", _xll.IMDP("IR",$AA45,J$6,$C$8) )} -> 3.418 | AH45: {=IF( OR($AA45=0,AY45=0), "", _xll.IMDP("IR",$AA45,K$6,$C$8) )} -> 3.375 | AI45: {=IF( OR($AA45=0,AZ45=0), "", _xll.IMDP("IR",$AA45,L$6,$C$8) )} -> 3.361 | ... AQ45: {=IF( OR($AA45=0,BH45=0), "", _xll.IMDP("IR",$AA45,T$6,$C$8) )} | AS45: {=_xll.IMDP("IR",$AA45,E$5,$C$8)} -> 3.433 | AT45: {=_xll.IMDP("IR",$AA45,F$5,$C$8)} -> 3.42 | AU45: {=_xll.IMDP("IR",$AA45,G$5,$C$8)} -> 3.386 | AV45: {=_xll.IMDP("IR",$AA45,H$5,$C$8)} -> 3.396 | AW45: {=_xll.IMDP("IR",$AA45,I$5,$C$8)} -> 3.447 | AX45: {=_xll.IMDP("IR",$AA45,J$5,$C$8)} -> 3.418 | AY45: {=_xll.IMDP("IR",$AA45,K$5,$C$8)} -> 3.375 | AZ45: {=_xll.IMDP("IR",$AA45,L$5,$C$8)} -> 3.361 | ... BH45: {=_xll.IMDP("IR",$AA45,T$5,$C$8)} -> 0
D46: AA0 | E46: =IFERROR( IF( $D$4=2, AB46*100, AB46), "") -> 3.462 | F46: =IFERROR( IF( $D$4=2, AC46*100, AC46), "") -> 3.445 | G46: =IFERROR( IF( $D$4=2, AD46*100, AD46), "") -> 3.413 | H46: =IFERROR( IF( $D$4=2, AE46*100, AE46), "") -> 3.429 | I46: =IFERROR( IF( $D$4=2, AF46*100, AF46), "") -> 3.488 | J46: =IFERROR( IF( $D$4=2, AG46*100, AG46), "") -> 3.461 | K46: =IFERROR( IF( $D$4=2, AH46*100, AH46), "") -> 3.43 | L46: =IFERROR( IF( $D$4=2, AI46*100, AI46), "") -> 3.426 | ... T46: =IFERROR( IF( $D$4=2, AQ46*100, AQ46), "") | Z46: =ROWS($Z$11:Z46) -> 36 | AA46: {=INDEX(code!$E$2:$K$72,시가평가Matrix!$Z46,$D$3)} -> BONDAVG36 | AB46: {=IF( OR($AA46=0,AS46=0), "", _xll.IMDP("IR",$AA46,E$6,$C$8) )} -> 3.462 | AC46: {=IF( OR($AA46=0,AT46=0), "", _xll.IMDP("IR",$AA46,F$6,$C$8) )} -> 3.445 | AD46: {=IF( OR($AA46=0,AU46=0), "", _xll.IMDP("IR",$AA46,G$6,$C$8) )} -> 3.413 | AE46: {=IF( OR($AA46=0,AV46=0), "", _xll.IMDP("IR",$AA46,H$6,$C$8) )} -> 3.429 | AF46: {=IF( OR($AA46=0,AW46=0), "", _xll.IMDP("IR",$AA46,I$6,$C$8) )} -> 3.488 | AG46: {=IF( OR($AA46=0,AX46=0), "", _xll.IMDP("IR",$AA46,J$6,$C$8) )} -> 3.461 | AH46: {=IF( OR($AA46=0,AY46=0), "", _xll.IMDP("IR",$AA46,K$6,$C$8) )} -> 3.43 | AI46: {=IF( OR($AA46=0,AZ46=0), "", _xll.IMDP("IR",$AA46,L$6,$C$8) )} -> 3.426 | ... AQ46: {=IF( OR($AA46=0,BH46=0), "", _xll.IMDP("IR",$AA46,T$6,$C$8) )} | AS46: {=_xll.IMDP("IR",$AA46,E$5,$C$8)} -> 3.462 | AT46: {=_xll.IMDP("IR",$AA46,F$5,$C$8)} -> 3.445 | AU46: {=_xll.IMDP("IR",$AA46,G$5,$C$8)} -> 3.413 | AV46: {=_xll.IMDP("IR",$AA46,H$5,$C$8)} -> 3.429 | AW46: {=_xll.IMDP("IR",$AA46,I$5,$C$8)} -> 3.488 | AX46: {=_xll.IMDP("IR",$AA46,J$5,$C$8)} -> 3.461 | AY46: {=_xll.IMDP("IR",$AA46,K$5,$C$8)} -> 3.43 | AZ46: {=_xll.IMDP("IR",$AA46,L$5,$C$8)} -> 3.426 | ... BH46: {=_xll.IMDP("IR",$AA46,T$5,$C$8)} -> 0
D47: AA- | E47: =IFERROR( IF( $D$4=2, AB47*100, AB47), "") -> 3.486 | F47: =IFERROR( IF( $D$4=2, AC47*100, AC47), "") -> 3.476 | G47: =IFERROR( IF( $D$4=2, AD47*100, AD47), "") -> 3.468 | H47: =IFERROR( IF( $D$4=2, AE47*100, AE47), "") -> 3.5 | I47: =IFERROR( IF( $D$4=2, AF47*100, AF47), "") -> 3.554 | J47: =IFERROR( IF( $D$4=2, AG47*100, AG47), "") -> 3.555 | K47: =IFERROR( IF( $D$4=2, AH47*100, AH47), "") -> 3.546 | L47: =IFERROR( IF( $D$4=2, AI47*100, AI47), "") -> 3.544 | ... T47: =IFERROR( IF( $D$4=2, AQ47*100, AQ47), "") | Z47: =ROWS($Z$11:Z47) -> 37 | AA47: {=INDEX(code!$E$2:$K$72,시가평가Matrix!$Z47,$D$3)} -> BONDAVG37 | AB47: {=IF( OR($AA47=0,AS47=0), "", _xll.IMDP("IR",$AA47,E$6,$C$8) )} -> 3.486 | AC47: {=IF( OR($AA47=0,AT47=0), "", _xll.IMDP("IR",$AA47,F$6,$C$8) )} -> 3.476 | AD47: {=IF( OR($AA47=0,AU47=0), "", _xll.IMDP("IR",$AA47,G$6,$C$8) )} -> 3.468 | AE47: {=IF( OR($AA47=0,AV47=0), "", _xll.IMDP("IR",$AA47,H$6,$C$8) )} -> 3.5 | AF47: {=IF( OR($AA47=0,AW47=0), "", _xll.IMDP("IR",$AA47,I$6,$C$8) )} -> 3.554 | AG47: {=IF( OR($AA47=0,AX47=0), "", _xll.IMDP("IR",$AA47,J$6,$C$8) )} -> 3.555 | AH47: {=IF( OR($AA47=0,AY47=0), "", _xll.IMDP("IR",$AA47,K$6,$C$8) )} -> 3.546 | AI47: {=IF( OR($AA47=0,AZ47=0), "", _xll.IMDP("IR",$AA47,L$6,$C$8) )} -> 3.544 | ... AQ47: {=IF( OR($AA47=0,BH47=0), "", _xll.IMDP("IR",$AA47,T$6,$C$8) )} | AS47: {=_xll.IMDP("IR",$AA47,E$5,$C$8)} -> 3.486 | AT47: {=_xll.IMDP("IR",$AA47,F$5,$C$8)} -> 3.476 | AU47: {=_xll.IMDP("IR",$AA47,G$5,$C$8)} -> 3.468 | AV47: {=_xll.IMDP("IR",$AA47,H$5,$C$8)} -> 3.5 | AW47: {=_xll.IMDP("IR",$AA47,I$5,$C$8)} -> 3.554 | AX47: {=_xll.IMDP("IR",$AA47,J$5,$C$8)} -> 3.555 | AY47: {=_xll.IMDP("IR",$AA47,K$5,$C$8)} -> 3.546 | AZ47: {=_xll.IMDP("IR",$AA47,L$5,$C$8)} -> 3.544 | ... BH47: {=_xll.IMDP("IR",$AA47,T$5,$C$8)} -> 0
D48: A+ | E48: =IFERROR( IF( $D$4=2, AB48*100, AB48), "") -> 4.008 | F48: =IFERROR( IF( $D$4=2, AC48*100, AC48), "") -> 4.276 | G48: =IFERROR( IF( $D$4=2, AD48*100, AD48), "") -> 4.364 | H48: =IFERROR( IF( $D$4=2, AE48*100, AE48), "") -> 4.389 | I48: =IFERROR( IF( $D$4=2, AF48*100, AF48), "") -> 4.427 | J48: =IFERROR( IF( $D$4=2, AG48*100, AG48), "") -> 4.434 | K48: =IFERROR( IF( $D$4=2, AH48*100, AH48), "") -> 4.493 | L48: =IFERROR( IF( $D$4=2, AI48*100, AI48), "") -> 4.566 | ... T48: =IFERROR( IF( $D$4=2, AQ48*100, AQ48), "") | Z48: =ROWS($Z$11:Z48) -> 38 | AA48: {=INDEX(code!$E$2:$K$72,시가평가Matrix!$Z48,$D$3)} -> BONDAVG38 | AB48: {=IF( OR($AA48=0,AS48=0), "", _xll.IMDP("IR",$AA48,E$6,$C$8) )} -> 4.008 | AC48: {=IF( OR($AA48=0,AT48=0), "", _xll.IMDP("IR",$AA48,F$6,$C$8) )} -> 4.276 | AD48: {=IF( OR($AA48=0,AU48=0), "", _xll.IMDP("IR",$AA48,G$6,$C$8) )} -> 4.364 | AE48: {=IF( OR($AA48=0,AV48=0), "", _xll.IMDP("IR",$AA48,H$6,$C$8) )} -> 4.389 | AF48: {=IF( OR($AA48=0,AW48=0), "", _xll.IMDP("IR",$AA48,I$6,$C$8) )} -> 4.427 | AG48: {=IF( OR($AA48=0,AX48=0), "", _xll.IMDP("IR",$AA48,J$6,$C$8) )} -> 4.434 | AH48: {=IF( OR($AA48=0,AY48=0), "", _xll.IMDP("IR",$AA48,K$6,$C$8) )} -> 4.493 | AI48: {=IF( OR($AA48=0,AZ48=0), "", _xll.IMDP("IR",$AA48,L$6,$C$8) )} -> 4.566 | ... AQ48: {=IF( OR($AA48=0,BH48=0), "", _xll.IMDP("IR",$AA48,T$6,$C$8) )} | AS48: {=_xll.IMDP("IR",$AA48,E$5,$C$8)} -> 4.008 | AT48: {=_xll.IMDP("IR",$AA48,F$5,$C$8)} -> 4.276 | AU48: {=_xll.IMDP("IR",$AA48,G$5,$C$8)} -> 4.364 | AV48: {=_xll.IMDP("IR",$AA48,H$5,$C$8)} -> 4.389 | AW48: {=_xll.IMDP("IR",$AA48,I$5,$C$8)} -> 4.427 | AX48: {=_xll.IMDP("IR",$AA48,J$5,$C$8)} -> 4.434 | AY48: {=_xll.IMDP("IR",$AA48,K$5,$C$8)} -> 4.493 | AZ48: {=_xll.IMDP("IR",$AA48,L$5,$C$8)} -> 4.566 | ... BH48: {=_xll.IMDP("IR",$AA48,T$5,$C$8)} -> 0
D49: A0 | E49: =IFERROR( IF( $D$4=2, AB49*100, AB49), "") -> 4.567 | F49: =IFERROR( IF( $D$4=2, AC49*100, AC49), "") -> 4.888 | G49: =IFERROR( IF( $D$4=2, AD49*100, AD49), "") -> 5.031 | H49: =IFERROR( IF( $D$4=2, AE49*100, AE49), "") -> 5.133 | I49: =IFERROR( IF( $D$4=2, AF49*100, AF49), "") -> 5.21 | J49: =IFERROR( IF( $D$4=2, AG49*100, AG49), "") -> 5.259 | K49: =IFERROR( IF( $D$4=2, AH49*100, AH49), "") -> 5.279 | L49: =IFERROR( IF( $D$4=2, AI49*100, AI49), "") -> 5.347 | ... T49: =IFERROR( IF( $D$4=2, AQ49*100, AQ49), "") | Z49: =ROWS($Z$11:Z49) -> 39 | AA49: {=INDEX(code!$E$2:$K$72,시가평가Matrix!$Z49,$D$3)} -> BONDAVG39 | AB49: {=IF( OR($AA49=0,AS49=0), "", _xll.IMDP("IR",$AA49,E$6,$C$8) )} -> 4.567 | AC49: {=IF( OR($AA49=0,AT49=0), "", _xll.IMDP("IR",$AA49,F$6,$C$8) )} -> 4.888 | AD49: {=IF( OR($AA49=0,AU49=0), "", _xll.IMDP("IR",$AA49,G$6,$C$8) )} -> 5.031 | AE49: {=IF( OR($AA49=0,AV49=0), "", _xll.IMDP("IR",$AA49,H$6,$C$8) )} -> 5.133 | AF49: {=IF( OR($AA49=0,AW49=0), "", _xll.IMDP("IR",$AA49,I$6,$C$8) )} -> 5.21 | AG49: {=IF( OR($AA49=0,AX49=0), "", _xll.IMDP("IR",$AA49,J$6,$C$8) )} -> 5.259 | AH49: {=IF( OR($AA49=0,AY49=0), "", _xll.IMDP("IR",$AA49,K$6,$C$8) )} -> 5.279 | AI49: {=IF( OR($AA49=0,AZ49=0), "", _xll.IMDP("IR",$AA49,L$6,$C$8) )} -> 5.347 | ... AQ49: {=IF( OR($AA49=0,BH49=0), "", _xll.IMDP("IR",$AA49,T$6,$C$8) )} | AS49: {=_xll.IMDP("IR",$AA49,E$5,$C$8)} -> 4.567 | AT49: {=_xll.IMDP("IR",$AA49,F$5,$C$8)} -> 4.888 | AU49: {=_xll.IMDP("IR",$AA49,G$5,$C$8)} -> 5.031 | AV49: {=_xll.IMDP("IR",$AA49,H$5,$C$8)} -> 5.133 | AW49: {=_xll.IMDP("IR",$AA49,I$5,$C$8)} -> 5.21 | AX49: {=_xll.IMDP("IR",$AA49,J$5,$C$8)} -> 5.259 | AY49: {=_xll.IMDP("IR",$AA49,K$5,$C$8)} -> 5.279 | AZ49: {=_xll.IMDP("IR",$AA49,L$5,$C$8)} -> 5.347 | ... BH49: {=_xll.IMDP("IR",$AA49,T$5,$C$8)} -> 0
D50: A- | E50: =IFERROR( IF( $D$4=2, AB50*100, AB50), "") -> 5.09 | F50: =IFERROR( IF( $D$4=2, AC50*100, AC50), "") -> 5.521 | G50: =IFERROR( IF( $D$4=2, AD50*100, AD50), "") -> 5.647 | H50: =IFERROR( IF( $D$4=2, AE50*100, AE50), "") -> 5.69 | I50: =IFERROR( IF( $D$4=2, AF50*100, AF50), "") -> 5.763 | J50: =IFERROR( IF( $D$4=2, AG50*100, AG50), "") -> 5.843 | K50: =IFERROR( IF( $D$4=2, AH50*100, AH50), "") -> 5.936 | L50: =IFERROR( IF( $D$4=2, AI50*100, AI50), "") -> 6.024 | ... T50: =IFERROR( IF( $D$4=2, AQ50*100, AQ50), "") | Z50: =ROWS($Z$11:Z50) -> 40 | AA50: {=INDEX(code!$E$2:$K$72,시가평가Matrix!$Z50,$D$3)} -> BONDAVG40 | AB50: {=IF( OR($AA50=0,AS50=0), "", _xll.IMDP("IR",$AA50,E$6,$C$8) )} -> 5.09 | AC50: {=IF( OR($AA50=0,AT50=0), "", _xll.IMDP("IR",$AA50,F$6,$C$8) )} -> 5.521 | AD50: {=IF( OR($AA50=0,AU50=0), "", _xll.IMDP("IR",$AA50,G$6,$C$8) )} -> 5.647 | AE50: {=IF( OR($AA50=0,AV50=0), "", _xll.IMDP("IR",$AA50,H$6,$C$8) )} -> 5.69 | AF50: {=IF( OR($AA50=0,AW50=0), "", _xll.IMDP("IR",$AA50,I$6,$C$8) )} -> 5.763 | AG50: {=IF( OR($AA50=0,AX50=0), "", _xll.IMDP("IR",$AA50,J$6,$C$8) )} -> 5.843 | AH50: {=IF( OR($AA50=0,AY50=0), "", _xll.IMDP("IR",$AA50,K$6,$C$8) )} -> 5.936 | AI50: {=IF( OR($AA50=0,AZ50=0), "", _xll.IMDP("IR",$AA50,L$6,$C$8) )} -> 6.024 | ... AQ50: {=IF( OR($AA50=0,BH50=0), "", _xll.IMDP("IR",$AA50,T$6,$C$8) )} | AS50: {=_xll.IMDP("IR",$AA50,E$5,$C$8)} -> 5.09 | AT50: {=_xll.IMDP("IR",$AA50,F$5,$C$8)} -> 5.521 | AU50: {=_xll.IMDP("IR",$AA50,G$5,$C$8)} -> 5.647 | AV50: {=_xll.IMDP("IR",$AA50,H$5,$C$8)} -> 5.69 | AW50: {=_xll.IMDP("IR",$AA50,I$5,$C$8)} -> 5.763 | AX50: {=_xll.IMDP("IR",$AA50,J$5,$C$8)} -> 5.843 | AY50: {=_xll.IMDP("IR",$AA50,K$5,$C$8)} -> 5.936 | AZ50: {=_xll.IMDP("IR",$AA50,L$5,$C$8)} -> 6.024 | ... BH50: {=_xll.IMDP("IR",$AA50,T$5,$C$8)} -> 0
D51: BBB+ | E51: =IFERROR( IF( $D$4=2, AB51*100, AB51), "") -> 5.875 | F51: =IFERROR( IF( $D$4=2, AC51*100, AC51), "") -> 6.511 | G51: =IFERROR( IF( $D$4=2, AD51*100, AD51), "") -> 6.751 | H51: =IFERROR( IF( $D$4=2, AE51*100, AE51), "") -> 6.847 | I51: =IFERROR( IF( $D$4=2, AF51*100, AF51), "") -> 6.916 | J51: =IFERROR( IF( $D$4=2, AG51*100, AG51), "") -> 7.209 | K51: =IFERROR( IF( $D$4=2, AH51*100, AH51), "") -> 7.325 | L51: =IFERROR( IF( $D$4=2, AI51*100, AI51), "") -> 7.383 | ... T51: =IFERROR( IF( $D$4=2, AQ51*100, AQ51), "") | Z51: =ROWS($Z$11:Z51) -> 41 | AA51: {=INDEX(code!$E$2:$K$72,시가평가Matrix!$Z51,$D$3)} -> BONDAVG41 | AB51: {=IF( OR($AA51=0,AS51=0), "", _xll.IMDP("IR",$AA51,E$6,$C$8) )} -> 5.875 | AC51: {=IF( OR($AA51=0,AT51=0), "", _xll.IMDP("IR",$AA51,F$6,$C$8) )} -> 6.511 | AD51: {=IF( OR($AA51=0,AU51=0), "", _xll.IMDP("IR",$AA51,G$6,$C$8) )} -> 6.751 | AE51: {=IF( OR($AA51=0,AV51=0), "", _xll.IMDP("IR",$AA51,H$6,$C$8) )} -> 6.847 | AF51: {=IF( OR($AA51=0,AW51=0), "", _xll.IMDP("IR",$AA51,I$6,$C$8) )} -> 6.916 | AG51: {=IF( OR($AA51=0,AX51=0), "", _xll.IMDP("IR",$AA51,J$6,$C$8) )} -> 7.209 | AH51: {=IF( OR($AA51=0,AY51=0), "", _xll.IMDP("IR",$AA51,K$6,$C$8) )} -> 7.325 | AI51: {=IF( OR($AA51=0,AZ51=0), "", _xll.IMDP("IR",$AA51,L$6,$C$8) )} -> 7.383 | ... AQ51: {=IF( OR($AA51=0,BH51=0), "", _xll.IMDP("IR",$AA51,T$6,$C$8) )} | AS51: {=_xll.IMDP("IR",$AA51,E$5,$C$8)} -> 5.875 | AT51: {=_xll.IMDP("IR",$AA51,F$5,$C$8)} -> 6.511 | AU51: {=_xll.IMDP("IR",$AA51,G$5,$C$8)} -> 6.751 | AV51: {=_xll.IMDP("IR",$AA51,H$5,$C$8)} -> 6.847 | AW51: {=_xll.IMDP("IR",$AA51,I$5,$C$8)} -> 6.916 | AX51: {=_xll.IMDP("IR",$AA51,J$5,$C$8)} -> 7.209 | AY51: {=_xll.IMDP("IR",$AA51,K$5,$C$8)} -> 7.325 | AZ51: {=_xll.IMDP("IR",$AA51,L$5,$C$8)} -> 7.383 | ... BH51: {=_xll.IMDP("IR",$AA51,T$5,$C$8)} -> 0
D52: BBB0 | E52: =IFERROR( IF( $D$4=2, AB52*100, AB52), "") -> 6.528 | F52: =IFERROR( IF( $D$4=2, AC52*100, AC52), "") -> 7.227 | G52: =IFERROR( IF( $D$4=2, AD52*100, AD52), "") -> 7.483 | H52: =IFERROR( IF( $D$4=2, AE52*100, AE52), "") -> 7.634 | I52: =IFERROR( IF( $D$4=2, AF52*100, AF52), "") -> 7.724 | J52: =IFERROR( IF( $D$4=2, AG52*100, AG52), "") -> 8.049 | K52: =IFERROR( IF( $D$4=2, AH52*100, AH52), "") -> 8.222 | L52: =IFERROR( IF( $D$4=2, AI52*100, AI52), "") -> 8.289 | ... T52: =IFERROR( IF( $D$4=2, AQ52*100, AQ52), "") | Z52: =ROWS($Z$11:Z52) -> 42 | AA52: {=INDEX(code!$E$2:$K$72,시가평가Matrix!$Z52,$D$3)} -> BONDAVG42 | AB52: {=IF( OR($AA52=0,AS52=0), "", _xll.IMDP("IR",$AA52,E$6,$C$8) )} -> 6.528 | AC52: {=IF( OR($AA52=0,AT52=0), "", _xll.IMDP("IR",$AA52,F$6,$C$8) )} -> 7.227 | AD52: {=IF( OR($AA52=0,AU52=0), "", _xll.IMDP("IR",$AA52,G$6,$C$8) )} -> 7.483 | AE52: {=IF( OR($AA52=0,AV52=0), "", _xll.IMDP("IR",$AA52,H$6,$C$8) )} -> 7.634 | AF52: {=IF( OR($AA52=0,AW52=0), "", _xll.IMDP("IR",$AA52,I$6,$C$8) )} -> 7.724 | AG52: {=IF( OR($AA52=0,AX52=0), "", _xll.IMDP("IR",$AA52,J$6,$C$8) )} -> 8.049 | AH52: {=IF( OR($AA52=0,AY52=0), "", _xll.IMDP("IR",$AA52,K$6,$C$8) )} -> 8.222 | AI52: {=IF( OR($AA52=0,AZ52=0), "", _xll.IMDP("IR",$AA52,L$6,$C$8) )} -> 8.289 | ... AQ52: {=IF( OR($AA52=0,BH52=0), "", _xll.IMDP("IR",$AA52,T$6,$C$8) )} | AS52: {=_xll.IMDP("IR",$AA52,E$5,$C$8)} -> 6.528 | AT52: {=_xll.IMDP("IR",$AA52,F$5,$C$8)} -> 7.227 | AU52: {=_xll.IMDP("IR",$AA52,G$5,$C$8)} -> 7.483 | AV52: {=_xll.IMDP("IR",$AA52,H$5,$C$8)} -> 7.634 | AW52: {=_xll.IMDP("IR",$AA52,I$5,$C$8)} -> 7.724 | AX52: {=_xll.IMDP("IR",$AA52,J$5,$C$8)} -> 8.049 | AY52: {=_xll.IMDP("IR",$AA52,K$5,$C$8)} -> 8.222 | AZ52: {=_xll.IMDP("IR",$AA52,L$5,$C$8)} -> 8.289 | ... BH52: {=_xll.IMDP("IR",$AA52,T$5,$C$8)} -> 0
D53: BBB- | E53: =IFERROR( IF( $D$4=2, AB53*100, AB53), "") -> 7.814 | F53: =IFERROR( IF( $D$4=2, AC53*100, AC53), "") -> 8.541 | G53: =IFERROR( IF( $D$4=2, AD53*100, AD53), "") -> 8.818 | H53: =IFERROR( IF( $D$4=2, AE53*100, AE53), "") -> 8.941 | I53: =IFERROR( IF( $D$4=2, AF53*100, AF53), "") -> 9.037 | J53: =IFERROR( IF( $D$4=2, AG53*100, AG53), "") -> 9.386 | K53: =IFERROR( IF( $D$4=2, AH53*100, AH53), "") -> 9.572 | L53: =IFERROR( IF( $D$4=2, AI53*100, AI53), "") -> 9.643 | ... T53: =IFERROR( IF( $D$4=2, AQ53*100, AQ53), "") | Z53: =ROWS($Z$11:Z53) -> 43 | AA53: {=INDEX(code!$E$2:$K$72,시가평가Matrix!$Z53,$D$3)} -> BONDAVG43 | AB53: {=IF( OR($AA53=0,AS53=0), "", _xll.IMDP("IR",$AA53,E$6,$C$8) )} -> 7.814 | AC53: {=IF( OR($AA53=0,AT53=0), "", _xll.IMDP("IR",$AA53,F$6,$C$8) )} -> 8.541 | AD53: {=IF( OR($AA53=0,AU53=0), "", _xll.IMDP("IR",$AA53,G$6,$C$8) )} -> 8.818 | AE53: {=IF( OR($AA53=0,AV53=0), "", _xll.IMDP("IR",$AA53,H$6,$C$8) )} -> 8.941 | AF53: {=IF( OR($AA53=0,AW53=0), "", _xll.IMDP("IR",$AA53,I$6,$C$8) )} -> 9.037 | AG53: {=IF( OR($AA53=0,AX53=0), "", _xll.IMDP("IR",$AA53,J$6,$C$8) )} -> 9.386 | AH53: {=IF( OR($AA53=0,AY53=0), "", _xll.IMDP("IR",$AA53,K$6,$C$8) )} -> 9.572 | AI53: {=IF( OR($AA53=0,AZ53=0), "", _xll.IMDP("IR",$AA53,L$6,$C$8) )} -> 9.643 | ... AQ53: {=IF( OR($AA53=0,BH53=0), "", _xll.IMDP("IR",$AA53,T$6,$C$8) )} | AS53: {=_xll.IMDP("IR",$AA53,E$5,$C$8)} -> 7.814 | AT53: {=_xll.IMDP("IR",$AA53,F$5,$C$8)} -> 8.541 | AU53: {=_xll.IMDP("IR",$AA53,G$5,$C$8)} -> 8.818 | AV53: {=_xll.IMDP("IR",$AA53,H$5,$C$8)} -> 8.941 | AW53: {=_xll.IMDP("IR",$AA53,I$5,$C$8)} -> 9.037 | AX53: {=_xll.IMDP("IR",$AA53,J$5,$C$8)} -> 9.386 | AY53: {=_xll.IMDP("IR",$AA53,K$5,$C$8)} -> 9.572 | AZ53: {=_xll.IMDP("IR",$AA53,L$5,$C$8)} -> 9.643 | ... BH53: {=_xll.IMDP("IR",$AA53,T$5,$C$8)} -> 0
B54: 회사채 | C54: 공모/보증 | D54: 특수,우량시중은행 | E54: =IFERROR( IF( $D$4=2, AB54*100, AB54), "") -> 3.421 | F54: =IFERROR( IF( $D$4=2, AC54*100, AC54), "") -> 3.404 | G54: =IFERROR( IF( $D$4=2, AD54*100, AD54), "") -> 3.343 | H54: =IFERROR( IF( $D$4=2, AE54*100, AE54), "") -> 3.303 | I54: =IFERROR( IF( $D$4=2, AF54*100, AF54), "") -> 3.289 | J54: =IFERROR( IF( $D$4=2, AG54*100, AG54), "") -> 3.264 | K54: =IFERROR( IF( $D$4=2, AH54*100, AH54), "") -> 3.251 | L54: =IFERROR( IF( $D$4=2, AI54*100, AI54), "") -> 3.245 | ... T54: =IFERROR( IF( $D$4=2, AQ54*100, AQ54), "") | Z54: =ROWS($Z$11:Z54) -> 44 | AA54: {=INDEX(code!$E$2:$K$72,시가평가Matrix!$Z54,$D$3)} -> BONDAVG44 | AB54: {=IF( OR($AA54=0,AS54=0), "", _xll.IMDP("IR",$AA54,E$6,$C$8) )} -> 3.421 | AC54: {=IF( OR($AA54=0,AT54=0), "", _xll.IMDP("IR",$AA54,F$6,$C$8) )} -> 3.404 | AD54: {=IF( OR($AA54=0,AU54=0), "", _xll.IMDP("IR",$AA54,G$6,$C$8) )} -> 3.343 | AE54: {=IF( OR($AA54=0,AV54=0), "", _xll.IMDP("IR",$AA54,H$6,$C$8) )} -> 3.303 | AF54: {=IF( OR($AA54=0,AW54=0), "", _xll.IMDP("IR",$AA54,I$6,$C$8) )} -> 3.289 | AG54: {=IF( OR($AA54=0,AX54=0), "", _xll.IMDP("IR",$AA54,J$6,$C$8) )} -> 3.264 | AH54: {=IF( OR($AA54=0,AY54=0), "", _xll.IMDP("IR",$AA54,K$6,$C$8) )} -> 3.251 | AI54: {=IF( OR($AA54=0,AZ54=0), "", _xll.IMDP("IR",$AA54,L$6,$C$8) )} -> 3.245 | ... AQ54: {=IF( OR($AA54=0,BH54=0), "", _xll.IMDP("IR",$AA54,T$6,$C$8) )} | AS54: {=_xll.IMDP("IR",$AA54,E$5,$C$8)} -> 3.421 | AT54: {=_xll.IMDP("IR",$AA54,F$5,$C$8)} -> 3.404 | AU54: {=_xll.IMDP("IR",$AA54,G$5,$C$8)} -> 3.343 | AV54: {=_xll.IMDP("IR",$AA54,H$5,$C$8)} -> 3.303 | AW54: {=_xll.IMDP("IR",$AA54,I$5,$C$8)} -> 3.289 | AX54: {=_xll.IMDP("IR",$AA54,J$5,$C$8)} -> 3.264 | AY54: {=_xll.IMDP("IR",$AA54,K$5,$C$8)} -> 3.251 | AZ54: {=_xll.IMDP("IR",$AA54,L$5,$C$8)} -> 3.245 | ... BH54: {=_xll.IMDP("IR",$AA54,T$5,$C$8)} -> 0
D55: 시중은행 | E55: =IFERROR( IF( $D$4=2, AB55*100, AB55), "") -> 3.437 | F55: =IFERROR( IF( $D$4=2, AC55*100, AC55), "") -> 3.426 | G55: =IFERROR( IF( $D$4=2, AD55*100, AD55), "") -> 3.379 | H55: =IFERROR( IF( $D$4=2, AE55*100, AE55), "") -> 3.344 | I55: =IFERROR( IF( $D$4=2, AF55*100, AF55), "") -> 3.355 | J55: =IFERROR( IF( $D$4=2, AG55*100, AG55), "") -> 3.365 | K55: =IFERROR( IF( $D$4=2, AH55*100, AH55), "") -> 3.382 | L55: =IFERROR( IF( $D$4=2, AI55*100, AI55), "") -> 3.401 | ... T55: =IFERROR( IF( $D$4=2, AQ55*100, AQ55), "") | Z55: =ROWS($Z$11:Z55) -> 45 | AA55: {=INDEX(code!$E$2:$K$72,시가평가Matrix!$Z55,$D$3)} -> BONDAVG45 | AB55: {=IF( OR($AA55=0,AS55=0), "", _xll.IMDP("IR",$AA55,E$6,$C$8) )} -> 3.437 | AC55: {=IF( OR($AA55=0,AT55=0), "", _xll.IMDP("IR",$AA55,F$6,$C$8) )} -> 3.426 | AD55: {=IF( OR($AA55=0,AU55=0), "", _xll.IMDP("IR",$AA55,G$6,$C$8) )} -> 3.379 | AE55: {=IF( OR($AA55=0,AV55=0), "", _xll.IMDP("IR",$AA55,H$6,$C$8) )} -> 3.344 | AF55: {=IF( OR($AA55=0,AW55=0), "", _xll.IMDP("IR",$AA55,I$6,$C$8) )} -> 3.355 | AG55: {=IF( OR($AA55=0,AX55=0), "", _xll.IMDP("IR",$AA55,J$6,$C$8) )} -> 3.365 | AH55: {=IF( OR($AA55=0,AY55=0), "", _xll.IMDP("IR",$AA55,K$6,$C$8) )} -> 3.382 | AI55: {=IF( OR($AA55=0,AZ55=0), "", _xll.IMDP("IR",$AA55,L$6,$C$8) )} -> 3.401 | ... AQ55: {=IF( OR($AA55=0,BH55=0), "", _xll.IMDP("IR",$AA55,T$6,$C$8) )} | AS55: {=_xll.IMDP("IR",$AA55,E$5,$C$8)} -> 3.437 | AT55: {=_xll.IMDP("IR",$AA55,F$5,$C$8)} -> 3.426 | AU55: {=_xll.IMDP("IR",$AA55,G$5,$C$8)} -> 3.379 | AV55: {=_xll.IMDP("IR",$AA55,H$5,$C$8)} -> 3.344 | AW55: {=_xll.IMDP("IR",$AA55,I$5,$C$8)} -> 3.355 | AX55: {=_xll.IMDP("IR",$AA55,J$5,$C$8)} -> 3.365 | AY55: {=_xll.IMDP("IR",$AA55,K$5,$C$8)} -> 3.382 | AZ55: {=_xll.IMDP("IR",$AA55,L$5,$C$8)} -> 3.401 | ... BH55: {=_xll.IMDP("IR",$AA55,T$5,$C$8)} -> 0
D56: 우량지방은행 | E56: =IFERROR( IF( $D$4=2, AB56*100, AB56), "") -> 3.534 | F56: =IFERROR( IF( $D$4=2, AC56*100, AC56), "") -> 3.542 | G56: =IFERROR( IF( $D$4=2, AD56*100, AD56), "") -> 3.524 | H56: =IFERROR( IF( $D$4=2, AE56*100, AE56), "") -> 3.52 | I56: =IFERROR( IF( $D$4=2, AF56*100, AF56), "") -> 3.569 | J56: =IFERROR( IF( $D$4=2, AG56*100, AG56), "") -> 3.58 | K56: =IFERROR( IF( $D$4=2, AH56*100, AH56), "") -> 3.611 | L56: =IFERROR( IF( $D$4=2, AI56*100, AI56), "") -> 3.643 | ... T56: =IFERROR( IF( $D$4=2, AQ56*100, AQ56), "") | Z56: =ROWS($Z$11:Z56) -> 46 | AA56: {=INDEX(code!$E$2:$K$72,시가평가Matrix!$Z56,$D$3)} -> BONDAVG46 | AB56: {=IF( OR($AA56=0,AS56=0), "", _xll.IMDP("IR",$AA56,E$6,$C$8) )} -> 3.534 | AC56: {=IF( OR($AA56=0,AT56=0), "", _xll.IMDP("IR",$AA56,F$6,$C$8) )} -> 3.542 | AD56: {=IF( OR($AA56=0,AU56=0), "", _xll.IMDP("IR",$AA56,G$6,$C$8) )} -> 3.524 | AE56: {=IF( OR($AA56=0,AV56=0), "", _xll.IMDP("IR",$AA56,H$6,$C$8) )} -> 3.52 | AF56: {=IF( OR($AA56=0,AW56=0), "", _xll.IMDP("IR",$AA56,I$6,$C$8) )} -> 3.569 | AG56: {=IF( OR($AA56=0,AX56=0), "", _xll.IMDP("IR",$AA56,J$6,$C$8) )} -> 3.58 | AH56: {=IF( OR($AA56=0,AY56=0), "", _xll.IMDP("IR",$AA56,K$6,$C$8) )} -> 3.611 | AI56: {=IF( OR($AA56=0,AZ56=0), "", _xll.IMDP("IR",$AA56,L$6,$C$8) )} -> 3.643 | ... AQ56: {=IF( OR($AA56=0,BH56=0), "", _xll.IMDP("IR",$AA56,T$6,$C$8) )} | AS56: {=_xll.IMDP("IR",$AA56,E$5,$C$8)} -> 3.534 | AT56: {=_xll.IMDP("IR",$AA56,F$5,$C$8)} -> 3.542 | AU56: {=_xll.IMDP("IR",$AA56,G$5,$C$8)} -> 3.524 | AV56: {=_xll.IMDP("IR",$AA56,H$5,$C$8)} -> 3.52 | AW56: {=_xll.IMDP("IR",$AA56,I$5,$C$8)} -> 3.569 | AX56: {=_xll.IMDP("IR",$AA56,J$5,$C$8)} -> 3.58 | AY56: {=_xll.IMDP("IR",$AA56,K$5,$C$8)} -> 3.611 | AZ56: {=_xll.IMDP("IR",$AA56,L$5,$C$8)} -> 3.643 | ... BH56: {=_xll.IMDP("IR",$AA56,T$5,$C$8)} -> 0
D57: 기타금융기관 | E57: =IFERROR( IF( $D$4=2, AB57*100, AB57), "") -> 3.683 | F57: =IFERROR( IF( $D$4=2, AC57*100, AC57), "") -> 3.825 | G57: =IFERROR( IF( $D$4=2, AD57*100, AD57), "") -> 3.935 | H57: =IFERROR( IF( $D$4=2, AE57*100, AE57), "") -> 3.989 | I57: =IFERROR( IF( $D$4=2, AF57*100, AF57), "") -> 4.157 | J57: =IFERROR( IF( $D$4=2, AG57*100, AG57), "") -> 4.342 | K57: =IFERROR( IF( $D$4=2, AH57*100, AH57), "") -> 4.472 | L57: =IFERROR( IF( $D$4=2, AI57*100, AI57), "") -> 4.621 | ... T57: =IFERROR( IF( $D$4=2, AQ57*100, AQ57), "") | Z57: =ROWS($Z$11:Z57) -> 47 | AA57: {=INDEX(code!$E$2:$K$72,시가평가Matrix!$Z57,$D$3)} -> BONDAVG47 | AB57: {=IF( OR($AA57=0,AS57=0), "", _xll.IMDP("IR",$AA57,E$6,$C$8) )} -> 3.683 | AC57: {=IF( OR($AA57=0,AT57=0), "", _xll.IMDP("IR",$AA57,F$6,$C$8) )} -> 3.825 | AD57: {=IF( OR($AA57=0,AU57=0), "", _xll.IMDP("IR",$AA57,G$6,$C$8) )} -> 3.935 | AE57: {=IF( OR($AA57=0,AV57=0), "", _xll.IMDP("IR",$AA57,H$6,$C$8) )} -> 3.989 | AF57: {=IF( OR($AA57=0,AW57=0), "", _xll.IMDP("IR",$AA57,I$6,$C$8) )} -> 4.157 | AG57: {=IF( OR($AA57=0,AX57=0), "", _xll.IMDP("IR",$AA57,J$6,$C$8) )} -> 4.342 | AH57: {=IF( OR($AA57=0,AY57=0), "", _xll.IMDP("IR",$AA57,K$6,$C$8) )} -> 4.472 | AI57: {=IF( OR($AA57=0,AZ57=0), "", _xll.IMDP("IR",$AA57,L$6,$C$8) )} -> 4.621 | ... AQ57: {=IF( OR($AA57=0,BH57=0), "", _xll.IMDP("IR",$AA57,T$6,$C$8) )} | AS57: {=_xll.IMDP("IR",$AA57,E$5,$C$8)} -> 3.683 | AT57: {=_xll.IMDP("IR",$AA57,F$5,$C$8)} -> 3.825 | AU57: {=_xll.IMDP("IR",$AA57,G$5,$C$8)} -> 3.935 | AV57: {=_xll.IMDP("IR",$AA57,H$5,$C$8)} -> 3.989 | AW57: {=_xll.IMDP("IR",$AA57,I$5,$C$8)} -> 4.157 | AX57: {=_xll.IMDP("IR",$AA57,J$5,$C$8)} -> 4.342 | AY57: {=_xll.IMDP("IR",$AA57,K$5,$C$8)} -> 4.472 | AZ57: {=_xll.IMDP("IR",$AA57,L$5,$C$8)} -> 4.621 | ... BH57: {=_xll.IMDP("IR",$AA57,T$5,$C$8)} -> 0
D58: AA+ | E58: =IFERROR( IF( $D$4=2, AB58*100, AB58), "") -> 3.433 | F58: =IFERROR( IF( $D$4=2, AC58*100, AC58), "") -> 3.425 | G58: =IFERROR( IF( $D$4=2, AD58*100, AD58), "") -> 3.377 | H58: =IFERROR( IF( $D$4=2, AE58*100, AE58), "") -> 3.338 | I58: =IFERROR( IF( $D$4=2, AF58*100, AF58), "") -> 3.34 | J58: =IFERROR( IF( $D$4=2, AG58*100, AG58), "") -> 3.303 | K58: =IFERROR( IF( $D$4=2, AH58*100, AH58), "") -> 3.325 | L58: =IFERROR( IF( $D$4=2, AI58*100, AI58), "") -> 3.332 | ... T58: =IFERROR( IF( $D$4=2, AQ58*100, AQ58), "") | Z58: =ROWS($Z$11:Z58) -> 48 | AA58: {=INDEX(code!$E$2:$K$72,시가평가Matrix!$Z58,$D$3)} -> BONDAVG49 | AB58: {=IF( OR($AA58=0,AS58=0), "", _xll.IMDP("IR",$AA58,E$6,$C$8) )} -> 3.433 | AC58: {=IF( OR($AA58=0,AT58=0), "", _xll.IMDP("IR",$AA58,F$6,$C$8) )} -> 3.425 | AD58: {=IF( OR($AA58=0,AU58=0), "", _xll.IMDP("IR",$AA58,G$6,$C$8) )} -> 3.377 | AE58: {=IF( OR($AA58=0,AV58=0), "", _xll.IMDP("IR",$AA58,H$6,$C$8) )} -> 3.338 | AF58: {=IF( OR($AA58=0,AW58=0), "", _xll.IMDP("IR",$AA58,I$6,$C$8) )} -> 3.34 | AG58: {=IF( OR($AA58=0,AX58=0), "", _xll.IMDP("IR",$AA58,J$6,$C$8) )} -> 3.303 | AH58: {=IF( OR($AA58=0,AY58=0), "", _xll.IMDP("IR",$AA58,K$6,$C$8) )} -> 3.325 | AI58: {=IF( OR($AA58=0,AZ58=0), "", _xll.IMDP("IR",$AA58,L$6,$C$8) )} -> 3.332 | ... AQ58: {=IF( OR($AA58=0,BH58=0), "", _xll.IMDP("IR",$AA58,T$6,$C$8) )} | AS58: {=_xll.IMDP("IR",$AA58,E$5,$C$8)} -> 3.433 | AT58: {=_xll.IMDP("IR",$AA58,F$5,$C$8)} -> 3.425 | AU58: {=_xll.IMDP("IR",$AA58,G$5,$C$8)} -> 3.377 | AV58: {=_xll.IMDP("IR",$AA58,H$5,$C$8)} -> 3.338 | AW58: {=_xll.IMDP("IR",$AA58,I$5,$C$8)} -> 3.34 | AX58: {=_xll.IMDP("IR",$AA58,J$5,$C$8)} -> 3.303 | AY58: {=_xll.IMDP("IR",$AA58,K$5,$C$8)} -> 3.325 | AZ58: {=_xll.IMDP("IR",$AA58,L$5,$C$8)} -> 3.332 | ... BH58: {=_xll.IMDP("IR",$AA58,T$5,$C$8)} -> 0
D59: AA- | E59: =IFERROR( IF( $D$4=2, AB59*100, AB59), "") -> 3.467 | F59: =IFERROR( IF( $D$4=2, AC59*100, AC59), "") -> 3.466 | G59: =IFERROR( IF( $D$4=2, AD59*100, AD59), "") -> 3.421 | H59: =IFERROR( IF( $D$4=2, AE59*100, AE59), "") -> 3.391 | I59: =IFERROR( IF( $D$4=2, AF59*100, AF59), "") -> 3.397 | J59: =IFERROR( IF( $D$4=2, AG59*100, AG59), "") -> 3.373 | K59: =IFERROR( IF( $D$4=2, AH59*100, AH59), "") -> 3.4 | L59: =IFERROR( IF( $D$4=2, AI59*100, AI59), "") -> 3.413 | ... T59: =IFERROR( IF( $D$4=2, AQ59*100, AQ59), "") | Z59: =ROWS($Z$11:Z59) -> 49 | AA59: {=INDEX(code!$E$2:$K$72,시가평가Matrix!$Z59,$D$3)} -> BONDAVG51 | AB59: {=IF( OR($AA59=0,AS59=0), "", _xll.IMDP("IR",$AA59,E$6,$C$8) )} -> 3.467 | AC59: {=IF( OR($AA59=0,AT59=0), "", _xll.IMDP("IR",$AA59,F$6,$C$8) )} -> 3.466 | AD59: {=IF( OR($AA59=0,AU59=0), "", _xll.IMDP("IR",$AA59,G$6,$C$8) )} -> 3.421 | AE59: {=IF( OR($AA59=0,AV59=0), "", _xll.IMDP("IR",$AA59,H$6,$C$8) )} -> 3.391 | AF59: {=IF( OR($AA59=0,AW59=0), "", _xll.IMDP("IR",$AA59,I$6,$C$8) )} -> 3.397 | AG59: {=IF( OR($AA59=0,AX59=0), "", _xll.IMDP("IR",$AA59,J$6,$C$8) )} -> 3.373 | AH59: {=IF( OR($AA59=0,AY59=0), "", _xll.IMDP("IR",$AA59,K$6,$C$8) )} -> 3.4 | AI59: {=IF( OR($AA59=0,AZ59=0), "", _xll.IMDP("IR",$AA59,L$6,$C$8) )} -> 3.413 | ... AQ59: {=IF( OR($AA59=0,BH59=0), "", _xll.IMDP("IR",$AA59,T$6,$C$8) )} | AS59: {=_xll.IMDP("IR",$AA59,E$5,$C$8)} -> 3.467 | AT59: {=_xll.IMDP("IR",$AA59,F$5,$C$8)} -> 3.466 | AU59: {=_xll.IMDP("IR",$AA59,G$5,$C$8)} -> 3.421 | AV59: {=_xll.IMDP("IR",$AA59,H$5,$C$8)} -> 3.391 | AW59: {=_xll.IMDP("IR",$AA59,I$5,$C$8)} -> 3.397 | AX59: {=_xll.IMDP("IR",$AA59,J$5,$C$8)} -> 3.373 | AY59: {=_xll.IMDP("IR",$AA59,K$5,$C$8)} -> 3.4 | AZ59: {=_xll.IMDP("IR",$AA59,L$5,$C$8)} -> 3.413 | ... BH59: {=_xll.IMDP("IR",$AA59,T$5,$C$8)} -> 0
D60: A0 | E60: =IFERROR( IF( $D$4=2, AB60*100, AB60), "") -> 3.631 | F60: =IFERROR( IF( $D$4=2, AC60*100, AC60), "") -> 3.684 | G60: =IFERROR( IF( $D$4=2, AD60*100, AD60), "") -> 3.707 | H60: =IFERROR( IF( $D$4=2, AE60*100, AE60), "") -> 3.76 | I60: =IFERROR( IF( $D$4=2, AF60*100, AF60), "") -> 3.844 | J60: =IFERROR( IF( $D$4=2, AG60*100, AG60), "") -> 3.88 | K60: =IFERROR( IF( $D$4=2, AH60*100, AH60), "") -> 3.942 | L60: =IFERROR( IF( $D$4=2, AI60*100, AI60), "") -> 4.055 | ... T60: =IFERROR( IF( $D$4=2, AQ60*100, AQ60), "") | Z60: =ROWS($Z$11:Z60) -> 50 | AA60: {=INDEX(code!$E$2:$K$72,시가평가Matrix!$Z60,$D$3)} -> BONDAVG53 | AB60: {=IF( OR($AA60=0,AS60=0), "", _xll.IMDP("IR",$AA60,E$6,$C$8) )} -> 3.631 | AC60: {=IF( OR($AA60=0,AT60=0), "", _xll.IMDP("IR",$AA60,F$6,$C$8) )} -> 3.684 | AD60: {=IF( OR($AA60=0,AU60=0), "", _xll.IMDP("IR",$AA60,G$6,$C$8) )} -> 3.707 | AE60: {=IF( OR($AA60=0,AV60=0), "", _xll.IMDP("IR",$AA60,H$6,$C$8) )} -> 3.76 | AF60: {=IF( OR($AA60=0,AW60=0), "", _xll.IMDP("IR",$AA60,I$6,$C$8) )} -> 3.844 | AG60: {=IF( OR($AA60=0,AX60=0), "", _xll.IMDP("IR",$AA60,J$6,$C$8) )} -> 3.88 | AH60: {=IF( OR($AA60=0,AY60=0), "", _xll.IMDP("IR",$AA60,K$6,$C$8) )} -> 3.942 | AI60: {=IF( OR($AA60=0,AZ60=0), "", _xll.IMDP("IR",$AA60,L$6,$C$8) )} -> 4.055 | ... AQ60: {=IF( OR($AA60=0,BH60=0), "", _xll.IMDP("IR",$AA60,T$6,$C$8) )} | AS60: {=_xll.IMDP("IR",$AA60,E$5,$C$8)} -> 3.631 | AT60: {=_xll.IMDP("IR",$AA60,F$5,$C$8)} -> 3.684 | AU60: {=_xll.IMDP("IR",$AA60,G$5,$C$8)} -> 3.707 | AV60: {=_xll.IMDP("IR",$AA60,H$5,$C$8)} -> 3.76 | AW60: {=_xll.IMDP("IR",$AA60,I$5,$C$8)} -> 3.844 | AX60: {=_xll.IMDP("IR",$AA60,J$5,$C$8)} -> 3.88 | AY60: {=_xll.IMDP("IR",$AA60,K$5,$C$8)} -> 3.942 | AZ60: {=_xll.IMDP("IR",$AA60,L$5,$C$8)} -> 4.055 | ... BH60: {=_xll.IMDP("IR",$AA60,T$5,$C$8)} -> 0
C61: 공모/무보증 | D61: AAA | E61: =IFERROR( IF( $D$4=2, AB61*100, AB61), "") -> 3.397 | F61: =IFERROR( IF( $D$4=2, AC61*100, AC61), "") -> 3.385 | G61: =IFERROR( IF( $D$4=2, AD61*100, AD61), "") -> 3.334 | H61: =IFERROR( IF( $D$4=2, AE61*100, AE61), "") -> 3.289 | I61: =IFERROR( IF( $D$4=2, AF61*100, AF61), "") -> 3.296 | J61: =IFERROR( IF( $D$4=2, AG61*100, AG61), "") -> 3.284 | K61: =IFERROR( IF( $D$4=2, AH61*100, AH61), "") -> 3.284 | L61: =IFERROR( IF( $D$4=2, AI61*100, AI61), "") -> 3.285 | ... T61: =IFERROR( IF( $D$4=2, AQ61*100, AQ61), "") | Z61: =ROWS($Z$11:Z61) -> 51 | AA61: {=INDEX(code!$E$2:$K$72,시가평가Matrix!$Z61,$D$3)} -> BONDAVG55 | AB61: {=IF( OR($AA61=0,AS61=0), "", _xll.IMDP("IR",$AA61,E$6,$C$8) )} -> 3.397 | AC61: {=IF( OR($AA61=0,AT61=0), "", _xll.IMDP("IR",$AA61,F$6,$C$8) )} -> 3.385 | AD61: {=IF( OR($AA61=0,AU61=0), "", _xll.IMDP("IR",$AA61,G$6,$C$8) )} -> 3.334 | AE61: {=IF( OR($AA61=0,AV61=0), "", _xll.IMDP("IR",$AA61,H$6,$C$8) )} -> 3.289 | AF61: {=IF( OR($AA61=0,AW61=0), "", _xll.IMDP("IR",$AA61,I$6,$C$8) )} -> 3.296 | AG61: {=IF( OR($AA61=0,AX61=0), "", _xll.IMDP("IR",$AA61,J$6,$C$8) )} -> 3.284 | AH61: {=IF( OR($AA61=0,AY61=0), "", _xll.IMDP("IR",$AA61,K$6,$C$8) )} -> 3.284 | AI61: {=IF( OR($AA61=0,AZ61=0), "", _xll.IMDP("IR",$AA61,L$6,$C$8) )} -> 3.285 | ... AQ61: {=IF( OR($AA61=0,BH61=0), "", _xll.IMDP("IR",$AA61,T$6,$C$8) )} | AS61: {=_xll.IMDP("IR",$AA61,E$5,$C$8)} -> 3.397 | AT61: {=_xll.IMDP("IR",$AA61,F$5,$C$8)} -> 3.385 | AU61: {=_xll.IMDP("IR",$AA61,G$5,$C$8)} -> 3.334 | AV61: {=_xll.IMDP("IR",$AA61,H$5,$C$8)} -> 3.289 | AW61: {=_xll.IMDP("IR",$AA61,I$5,$C$8)} -> 3.296 | AX61: {=_xll.IMDP("IR",$AA61,J$5,$C$8)} -> 3.284 | AY61: {=_xll.IMDP("IR",$AA61,K$5,$C$8)} -> 3.284 | AZ61: {=_xll.IMDP("IR",$AA61,L$5,$C$8)} -> 3.285 | ... BH61: {=_xll.IMDP("IR",$AA61,T$5,$C$8)} -> 0
D62: AA+ | E62: =IFERROR( IF( $D$4=2, AB62*100, AB62), "") -> 3.415 | F62: =IFERROR( IF( $D$4=2, AC62*100, AC62), "") -> 3.404 | G62: =IFERROR( IF( $D$4=2, AD62*100, AD62), "") -> 3.349 | H62: =IFERROR( IF( $D$4=2, AE62*100, AE62), "") -> 3.307 | I62: =IFERROR( IF( $D$4=2, AF62*100, AF62), "") -> 3.33 | J62: =IFERROR( IF( $D$4=2, AG62*100, AG62), "") -> 3.322 | K62: =IFERROR( IF( $D$4=2, AH62*100, AH62), "") -> 3.336 | L62: =IFERROR( IF( $D$4=2, AI62*100, AI62), "") -> 3.345 | ... T62: =IFERROR( IF( $D$4=2, AQ62*100, AQ62), "") | Z62: =ROWS($Z$11:Z62) -> 52 | AA62: {=INDEX(code!$E$2:$K$72,시가평가Matrix!$Z62,$D$3)} -> BONDAVG56 | AB62: {=IF( OR($AA62=0,AS62=0), "", _xll.IMDP("IR",$AA62,E$6,$C$8) )} -> 3.415 | AC62: {=IF( OR($AA62=0,AT62=0), "", _xll.IMDP("IR",$AA62,F$6,$C$8) )} -> 3.404 | AD62: {=IF( OR($AA62=0,AU62=0), "", _xll.IMDP("IR",$AA62,G$6,$C$8) )} -> 3.349 | AE62: {=IF( OR($AA62=0,AV62=0), "", _xll.IMDP("IR",$AA62,H$6,$C$8) )} -> 3.307 | AF62: {=IF( OR($AA62=0,AW62=0), "", _xll.IMDP("IR",$AA62,I$6,$C$8) )} -> 3.33 | AG62: {=IF( OR($AA62=0,AX62=0), "", _xll.IMDP("IR",$AA62,J$6,$C$8) )} -> 3.322 | AH62: {=IF( OR($AA62=0,AY62=0), "", _xll.IMDP("IR",$AA62,K$6,$C$8) )} -> 3.336 | AI62: {=IF( OR($AA62=0,AZ62=0), "", _xll.IMDP("IR",$AA62,L$6,$C$8) )} -> 3.345 | ... AQ62: {=IF( OR($AA62=0,BH62=0), "", _xll.IMDP("IR",$AA62,T$6,$C$8) )} | AS62: {=_xll.IMDP("IR",$AA62,E$5,$C$8)} -> 3.415 | AT62: {=_xll.IMDP("IR",$AA62,F$5,$C$8)} -> 3.404 | AU62: {=_xll.IMDP("IR",$AA62,G$5,$C$8)} -> 3.349 | AV62: {=_xll.IMDP("IR",$AA62,H$5,$C$8)} -> 3.307 | AW62: {=_xll.IMDP("IR",$AA62,I$5,$C$8)} -> 3.33 | AX62: {=_xll.IMDP("IR",$AA62,J$5,$C$8)} -> 3.322 | AY62: {=_xll.IMDP("IR",$AA62,K$5,$C$8)} -> 3.336 | AZ62: {=_xll.IMDP("IR",$AA62,L$5,$C$8)} -> 3.345 | ... BH62: {=_xll.IMDP("IR",$AA62,T$5,$C$8)} -> 0
D63: AA0 | E63: =IFERROR( IF( $D$4=2, AB63*100, AB63), "") -> 3.429 | F63: =IFERROR( IF( $D$4=2, AC63*100, AC63), "") -> 3.419 | G63: =IFERROR( IF( $D$4=2, AD63*100, AD63), "") -> 3.367 | H63: =IFERROR( IF( $D$4=2, AE63*100, AE63), "") -> 3.327 | I63: =IFERROR( IF( $D$4=2, AF63*100, AF63), "") -> 3.357 | J63: =IFERROR( IF( $D$4=2, AG63*100, AG63), "") -> 3.35 | K63: =IFERROR( IF( $D$4=2, AH63*100, AH63), "") -> 3.368 | L63: =IFERROR( IF( $D$4=2, AI63*100, AI63), "") -> 3.383 | ... T63: =IFERROR( IF( $D$4=2, AQ63*100, AQ63), "") | Z63: =ROWS($Z$11:Z63) -> 53 | AA63: {=INDEX(code!$E$2:$K$72,시가평가Matrix!$Z63,$D$3)} -> BONDAVG57 | AB63: {=IF( OR($AA63=0,AS63=0), "", _xll.IMDP("IR",$AA63,E$6,$C$8) )} -> 3.429 | AC63: {=IF( OR($AA63=0,AT63=0), "", _xll.IMDP("IR",$AA63,F$6,$C$8) )} -> 3.419 | AD63: {=IF( OR($AA63=0,AU63=0), "", _xll.IMDP("IR",$AA63,G$6,$C$8) )} -> 3.367 | AE63: {=IF( OR($AA63=0,AV63=0), "", _xll.IMDP("IR",$AA63,H$6,$C$8) )} -> 3.327 | AF63: {=IF( OR($AA63=0,AW63=0), "", _xll.IMDP("IR",$AA63,I$6,$C$8) )} -> 3.357 | AG63: {=IF( OR($AA63=0,AX63=0), "", _xll.IMDP("IR",$AA63,J$6,$C$8) )} -> 3.35 | AH63: {=IF( OR($AA63=0,AY63=0), "", _xll.IMDP("IR",$AA63,K$6,$C$8) )} -> 3.368 | AI63: {=IF( OR($AA63=0,AZ63=0), "", _xll.IMDP("IR",$AA63,L$6,$C$8) )} -> 3.383 | ... AQ63: {=IF( OR($AA63=0,BH63=0), "", _xll.IMDP("IR",$AA63,T$6,$C$8) )} | AS63: {=_xll.IMDP("IR",$AA63,E$5,$C$8)} -> 3.429 | AT63: {=_xll.IMDP("IR",$AA63,F$5,$C$8)} -> 3.419 | AU63: {=_xll.IMDP("IR",$AA63,G$5,$C$8)} -> 3.367 | AV63: {=_xll.IMDP("IR",$AA63,H$5,$C$8)} -> 3.327 | AW63: {=_xll.IMDP("IR",$AA63,I$5,$C$8)} -> 3.357 | AX63: {=_xll.IMDP("IR",$AA63,J$5,$C$8)} -> 3.35 | AY63: {=_xll.IMDP("IR",$AA63,K$5,$C$8)} -> 3.368 | AZ63: {=_xll.IMDP("IR",$AA63,L$5,$C$8)} -> 3.383 | ... BH63: {=_xll.IMDP("IR",$AA63,T$5,$C$8)} -> 0
D64: AA- | E64: =IFERROR( IF( $D$4=2, AB64*100, AB64), "") -> 3.452 | F64: =IFERROR( IF( $D$4=2, AC64*100, AC64), "") -> 3.444 | G64: =IFERROR( IF( $D$4=2, AD64*100, AD64), "") -> 3.393 | H64: =IFERROR( IF( $D$4=2, AE64*100, AE64), "") -> 3.357 | I64: =IFERROR( IF( $D$4=2, AF64*100, AF64), "") -> 3.382 | J64: =IFERROR( IF( $D$4=2, AG64*100, AG64), "") -> 3.382 | K64: =IFERROR( IF( $D$4=2, AH64*100, AH64), "") -> 3.403 | L64: =IFERROR( IF( $D$4=2, AI64*100, AI64), "") -> 3.428 | ... T64: =IFERROR( IF( $D$4=2, AQ64*100, AQ64), "") | Z64: =ROWS($Z$11:Z64) -> 54 | AA64: {=INDEX(code!$E$2:$K$72,시가평가Matrix!$Z64,$D$3)} -> BONDAVG58 | AB64: {=IF( OR($AA64=0,AS64=0), "", _xll.IMDP("IR",$AA64,E$6,$C$8) )} -> 3.452 | AC64: {=IF( OR($AA64=0,AT64=0), "", _xll.IMDP("IR",$AA64,F$6,$C$8) )} -> 3.444 | AD64: {=IF( OR($AA64=0,AU64=0), "", _xll.IMDP("IR",$AA64,G$6,$C$8) )} -> 3.393 | AE64: {=IF( OR($AA64=0,AV64=0), "", _xll.IMDP("IR",$AA64,H$6,$C$8) )} -> 3.357 | AF64: {=IF( OR($AA64=0,AW64=0), "", _xll.IMDP("IR",$AA64,I$6,$C$8) )} -> 3.382 | AG64: {=IF( OR($AA64=0,AX64=0), "", _xll.IMDP("IR",$AA64,J$6,$C$8) )} -> 3.382 | AH64: {=IF( OR($AA64=0,AY64=0), "", _xll.IMDP("IR",$AA64,K$6,$C$8) )} -> 3.403 | AI64: {=IF( OR($AA64=0,AZ64=0), "", _xll.IMDP("IR",$AA64,L$6,$C$8) )} -> 3.428 | ... AQ64: {=IF( OR($AA64=0,BH64=0), "", _xll.IMDP("IR",$AA64,T$6,$C$8) )} | AS64: {=_xll.IMDP("IR",$AA64,E$5,$C$8)} -> 3.452 | AT64: {=_xll.IMDP("IR",$AA64,F$5,$C$8)} -> 3.444 | AU64: {=_xll.IMDP("IR",$AA64,G$5,$C$8)} -> 3.393 | AV64: {=_xll.IMDP("IR",$AA64,H$5,$C$8)} -> 3.357 | AW64: {=_xll.IMDP("IR",$AA64,I$5,$C$8)} -> 3.382 | AX64: {=_xll.IMDP("IR",$AA64,J$5,$C$8)} -> 3.382 | AY64: {=_xll.IMDP("IR",$AA64,K$5,$C$8)} -> 3.403 | AZ64: {=_xll.IMDP("IR",$AA64,L$5,$C$8)} -> 3.428 | ... BH64: {=_xll.IMDP("IR",$AA64,T$5,$C$8)} -> 0
D65: A+ | E65: =IFERROR( IF( $D$4=2, AB65*100, AB65), "") -> 3.494 | F65: =IFERROR( IF( $D$4=2, AC65*100, AC65), "") -> 3.559 | G65: =IFERROR( IF( $D$4=2, AD65*100, AD65), "") -> 3.569 | H65: =IFERROR( IF( $D$4=2, AE65*100, AE65), "") -> 3.584 | I65: =IFERROR( IF( $D$4=2, AF65*100, AF65), "") -> 3.658 | J65: =IFERROR( IF( $D$4=2, AG65*100, AG65), "") -> 3.695 | K65: =IFERROR( IF( $D$4=2, AH65*100, AH65), "") -> 3.767 | L65: =IFERROR( IF( $D$4=2, AI65*100, AI65), "") -> 3.815 | ... T65: =IFERROR( IF( $D$4=2, AQ65*100, AQ65), "") | Z65: =ROWS($Z$11:Z65) -> 55 | AA65: {=INDEX(code!$E$2:$K$72,시가평가Matrix!$Z65,$D$3)} -> BONDAVG59 | AB65: {=IF( OR($AA65=0,AS65=0), "", _xll.IMDP("IR",$AA65,E$6,$C$8) )} -> 3.494 | AC65: {=IF( OR($AA65=0,AT65=0), "", _xll.IMDP("IR",$AA65,F$6,$C$8) )} -> 3.559 | AD65: {=IF( OR($AA65=0,AU65=0), "", _xll.IMDP("IR",$AA65,G$6,$C$8) )} -> 3.569 | AE65: {=IF( OR($AA65=0,AV65=0), "", _xll.IMDP("IR",$AA65,H$6,$C$8) )} -> 3.584 | AF65: {=IF( OR($AA65=0,AW65=0), "", _xll.IMDP("IR",$AA65,I$6,$C$8) )} -> 3.658 | AG65: {=IF( OR($AA65=0,AX65=0), "", _xll.IMDP("IR",$AA65,J$6,$C$8) )} -> 3.695 | AH65: {=IF( OR($AA65=0,AY65=0), "", _xll.IMDP("IR",$AA65,K$6,$C$8) )} -> 3.767 | AI65: {=IF( OR($AA65=0,AZ65=0), "", _xll.IMDP("IR",$AA65,L$6,$C$8) )} -> 3.815 | ... AQ65: {=IF( OR($AA65=0,BH65=0), "", _xll.IMDP("IR",$AA65,T$6,$C$8) )} | AS65: {=_xll.IMDP("IR",$AA65,E$5,$C$8)} -> 3.494 | AT65: {=_xll.IMDP("IR",$AA65,F$5,$C$8)} -> 3.559 | AU65: {=_xll.IMDP("IR",$AA65,G$5,$C$8)} -> 3.569 | AV65: {=_xll.IMDP("IR",$AA65,H$5,$C$8)} -> 3.584 | AW65: {=_xll.IMDP("IR",$AA65,I$5,$C$8)} -> 3.658 | AX65: {=_xll.IMDP("IR",$AA65,J$5,$C$8)} -> 3.695 | AY65: {=_xll.IMDP("IR",$AA65,K$5,$C$8)} -> 3.767 | AZ65: {=_xll.IMDP("IR",$AA65,L$5,$C$8)} -> 3.815 | ... BH65: {=_xll.IMDP("IR",$AA65,T$5,$C$8)} -> 0
D66: A0 | E66: =IFERROR( IF( $D$4=2, AB66*100, AB66), "") -> 3.635 | F66: =IFERROR( IF( $D$4=2, AC66*100, AC66), "") -> 3.713 | G66: =IFERROR( IF( $D$4=2, AD66*100, AD66), "") -> 3.735 | H66: =IFERROR( IF( $D$4=2, AE66*100, AE66), "") -> 3.761 | I66: =IFERROR( IF( $D$4=2, AF66*100, AF66), "") -> 3.831 | J66: =IFERROR( IF( $D$4=2, AG66*100, AG66), "") -> 3.87 | K66: =IFERROR( IF( $D$4=2, AH66*100, AH66), "") -> 3.958 | L66: =IFERROR( IF( $D$4=2, AI66*100, AI66), "") -> 4.076 | ... T66: =IFERROR( IF( $D$4=2, AQ66*100, AQ66), "") | Z66: =ROWS($Z$11:Z66) -> 56 | AA66: {=INDEX(code!$E$2:$K$72,시가평가Matrix!$Z66,$D$3)} -> BONDAVG60 | AB66: {=IF( OR($AA66=0,AS66=0), "", _xll.IMDP("IR",$AA66,E$6,$C$8) )} -> 3.635 | AC66: {=IF( OR($AA66=0,AT66=0), "", _xll.IMDP("IR",$AA66,F$6,$C$8) )} -> 3.713 | AD66: {=IF( OR($AA66=0,AU66=0), "", _xll.IMDP("IR",$AA66,G$6,$C$8) )} -> 3.735 | AE66: {=IF( OR($AA66=0,AV66=0), "", _xll.IMDP("IR",$AA66,H$6,$C$8) )} -> 3.761 | AF66: {=IF( OR($AA66=0,AW66=0), "", _xll.IMDP("IR",$AA66,I$6,$C$8) )} -> 3.831 | AG66: {=IF( OR($AA66=0,AX66=0), "", _xll.IMDP("IR",$AA66,J$6,$C$8) )} -> 3.87 | AH66: {=IF( OR($AA66=0,AY66=0), "", _xll.IMDP("IR",$AA66,K$6,$C$8) )} -> 3.958 | AI66: {=IF( OR($AA66=0,AZ66=0), "", _xll.IMDP("IR",$AA66,L$6,$C$8) )} -> 4.076 | ... AQ66: {=IF( OR($AA66=0,BH66=0), "", _xll.IMDP("IR",$AA66,T$6,$C$8) )} | AS66: {=_xll.IMDP("IR",$AA66,E$5,$C$8)} -> 3.635 | AT66: {=_xll.IMDP("IR",$AA66,F$5,$C$8)} -> 3.713 | AU66: {=_xll.IMDP("IR",$AA66,G$5,$C$8)} -> 3.735 | AV66: {=_xll.IMDP("IR",$AA66,H$5,$C$8)} -> 3.761 | AW66: {=_xll.IMDP("IR",$AA66,I$5,$C$8)} -> 3.831 | AX66: {=_xll.IMDP("IR",$AA66,J$5,$C$8)} -> 3.87 | AY66: {=_xll.IMDP("IR",$AA66,K$5,$C$8)} -> 3.958 | AZ66: {=_xll.IMDP("IR",$AA66,L$5,$C$8)} -> 4.076 | ... BH66: {=_xll.IMDP("IR",$AA66,T$5,$C$8)} -> 0
D67: A- | E67: =IFERROR( IF( $D$4=2, AB67*100, AB67), "") -> 3.862 | F67: =IFERROR( IF( $D$4=2, AC67*100, AC67), "") -> 3.956 | G67: =IFERROR( IF( $D$4=2, AD67*100, AD67), "") -> 3.997 | H67: =IFERROR( IF( $D$4=2, AE67*100, AE67), "") -> 4.026 | I67: =IFERROR( IF( $D$4=2, AF67*100, AF67), "") -> 4.126 | J67: =IFERROR( IF( $D$4=2, AG67*100, AG67), "") -> 4.195 | K67: =IFERROR( IF( $D$4=2, AH67*100, AH67), "") -> 4.345 | L67: =IFERROR( IF( $D$4=2, AI67*100, AI67), "") -> 4.523 | ... T67: =IFERROR( IF( $D$4=2, AQ67*100, AQ67), "") | Z67: =ROWS($Z$11:Z67) -> 57 | AA67: {=INDEX(code!$E$2:$K$72,시가평가Matrix!$Z67,$D$3)} -> BONDAVG61 | AB67: {=IF( OR($AA67=0,AS67=0), "", _xll.IMDP("IR",$AA67,E$6,$C$8) )} -> 3.862 | AC67: {=IF( OR($AA67=0,AT67=0), "", _xll.IMDP("IR",$AA67,F$6,$C$8) )} -> 3.956 | AD67: {=IF( OR($AA67=0,AU67=0), "", _xll.IMDP("IR",$AA67,G$6,$C$8) )} -> 3.997 | AE67: {=IF( OR($AA67=0,AV67=0), "", _xll.IMDP("IR",$AA67,H$6,$C$8) )} -> 4.026 | AF67: {=IF( OR($AA67=0,AW67=0), "", _xll.IMDP("IR",$AA67,I$6,$C$8) )} -> 4.126 | AG67: {=IF( OR($AA67=0,AX67=0), "", _xll.IMDP("IR",$AA67,J$6,$C$8) )} -> 4.195 | AH67: {=IF( OR($AA67=0,AY67=0), "", _xll.IMDP("IR",$AA67,K$6,$C$8) )} -> 4.345 | AI67: {=IF( OR($AA67=0,AZ67=0), "", _xll.IMDP("IR",$AA67,L$6,$C$8) )} -> 4.523 | ... AQ67: {=IF( OR($AA67=0,BH67=0), "", _xll.IMDP("IR",$AA67,T$6,$C$8) )} | AS67: {=_xll.IMDP("IR",$AA67,E$5,$C$8)} -> 3.862 | AT67: {=_xll.IMDP("IR",$AA67,F$5,$C$8)} -> 3.956 | AU67: {=_xll.IMDP("IR",$AA67,G$5,$C$8)} -> 3.997 | AV67: {=_xll.IMDP("IR",$AA67,H$5,$C$8)} -> 4.026 | AW67: {=_xll.IMDP("IR",$AA67,I$5,$C$8)} -> 4.126 | AX67: {=_xll.IMDP("IR",$AA67,J$5,$C$8)} -> 4.195 | AY67: {=_xll.IMDP("IR",$AA67,K$5,$C$8)} -> 4.345 | AZ67: {=_xll.IMDP("IR",$AA67,L$5,$C$8)} -> 4.523 | ... BH67: {=_xll.IMDP("IR",$AA67,T$5,$C$8)} -> 0
D68: BBB+ | E68: =IFERROR( IF( $D$4=2, AB68*100, AB68), "") -> 4.455 | F68: =IFERROR( IF( $D$4=2, AC68*100, AC68), "") -> 4.845 | G68: =IFERROR( IF( $D$4=2, AD68*100, AD68), "") -> 5.204 | H68: =IFERROR( IF( $D$4=2, AE68*100, AE68), "") -> 5.387 | I68: =IFERROR( IF( $D$4=2, AF68*100, AF68), "") -> 5.799 | J68: =IFERROR( IF( $D$4=2, AG68*100, AG68), "") -> 6.345 | K68: =IFERROR( IF( $D$4=2, AH68*100, AH68), "") -> 6.705 | L68: =IFERROR( IF( $D$4=2, AI68*100, AI68), "") -> 6.976 | ... T68: =IFERROR( IF( $D$4=2, AQ68*100, AQ68), "") | Z68: =ROWS($Z$11:Z68) -> 58 | AA68: {=INDEX(code!$E$2:$K$72,시가평가Matrix!$Z68,$D$3)} -> BONDAVG62 | AB68: {=IF( OR($AA68=0,AS68=0), "", _xll.IMDP("IR",$AA68,E$6,$C$8) )} -> 4.455 | AC68: {=IF( OR($AA68=0,AT68=0), "", _xll.IMDP("IR",$AA68,F$6,$C$8) )} -> 4.845 | AD68: {=IF( OR($AA68=0,AU68=0), "", _xll.IMDP("IR",$AA68,G$6,$C$8) )} -> 5.204 | AE68: {=IF( OR($AA68=0,AV68=0), "", _xll.IMDP("IR",$AA68,H$6,$C$8) )} -> 5.387 | AF68: {=IF( OR($AA68=0,AW68=0), "", _xll.IMDP("IR",$AA68,I$6,$C$8) )} -> 5.799 | AG68: {=IF( OR($AA68=0,AX68=0), "", _xll.IMDP("IR",$AA68,J$6,$C$8) )} -> 6.345 | AH68: {=IF( OR($AA68=0,AY68=0), "", _xll.IMDP("IR",$AA68,K$6,$C$8) )} -> 6.705 | AI68: {=IF( OR($AA68=0,AZ68=0), "", _xll.IMDP("IR",$AA68,L$6,$C$8) )} -> 6.976 | ... AQ68: {=IF( OR($AA68=0,BH68=0), "", _xll.IMDP("IR",$AA68,T$6,$C$8) )} | AS68: {=_xll.IMDP("IR",$AA68,E$5,$C$8)} -> 4.455 | AT68: {=_xll.IMDP("IR",$AA68,F$5,$C$8)} -> 4.845 | AU68: {=_xll.IMDP("IR",$AA68,G$5,$C$8)} -> 5.204 | AV68: {=_xll.IMDP("IR",$AA68,H$5,$C$8)} -> 5.387 | AW68: {=_xll.IMDP("IR",$AA68,I$5,$C$8)} -> 5.799 | AX68: {=_xll.IMDP("IR",$AA68,J$5,$C$8)} -> 6.345 | AY68: {=_xll.IMDP("IR",$AA68,K$5,$C$8)} -> 6.705 | AZ68: {=_xll.IMDP("IR",$AA68,L$5,$C$8)} -> 6.976 | ... BH68: {=_xll.IMDP("IR",$AA68,T$5,$C$8)} -> 0
D69: BBB0 | E69: =IFERROR( IF( $D$4=2, AB69*100, AB69), "") -> 4.831 | F69: =IFERROR( IF( $D$4=2, AC69*100, AC69), "") -> 5.355 | G69: =IFERROR( IF( $D$4=2, AD69*100, AD69), "") -> 5.79 | H69: =IFERROR( IF( $D$4=2, AE69*100, AE69), "") -> 6.073 | I69: =IFERROR( IF( $D$4=2, AF69*100, AF69), "") -> 6.608 | J69: =IFERROR( IF( $D$4=2, AG69*100, AG69), "") -> 7.292 | K69: =IFERROR( IF( $D$4=2, AH69*100, AH69), "") -> 7.738 | L69: =IFERROR( IF( $D$4=2, AI69*100, AI69), "") -> 8.019 | ... T69: =IFERROR( IF( $D$4=2, AQ69*100, AQ69), "") | Z69: =ROWS($Z$11:Z69) -> 59 | AA69: {=INDEX(code!$E$2:$K$72,시가평가Matrix!$Z69,$D$3)} -> BONDAVG63 | AB69: {=IF( OR($AA69=0,AS69=0), "", _xll.IMDP("IR",$AA69,E$6,$C$8) )} -> 4.831 | AC69: {=IF( OR($AA69=0,AT69=0), "", _xll.IMDP("IR",$AA69,F$6,$C$8) )} -> 5.355 | AD69: {=IF( OR($AA69=0,AU69=0), "", _xll.IMDP("IR",$AA69,G$6,$C$8) )} -> 5.79 | AE69: {=IF( OR($AA69=0,AV69=0), "", _xll.IMDP("IR",$AA69,H$6,$C$8) )} -> 6.073 | AF69: {=IF( OR($AA69=0,AW69=0), "", _xll.IMDP("IR",$AA69,I$6,$C$8) )} -> 6.608 | AG69: {=IF( OR($AA69=0,AX69=0), "", _xll.IMDP("IR",$AA69,J$6,$C$8) )} -> 7.292 | AH69: {=IF( OR($AA69=0,AY69=0), "", _xll.IMDP("IR",$AA69,K$6,$C$8) )} -> 7.738 | AI69: {=IF( OR($AA69=0,AZ69=0), "", _xll.IMDP("IR",$AA69,L$6,$C$8) )} -> 8.019 | ... AQ69: {=IF( OR($AA69=0,BH69=0), "", _xll.IMDP("IR",$AA69,T$6,$C$8) )} | AS69: {=_xll.IMDP("IR",$AA69,E$5,$C$8)} -> 4.831 | AT69: {=_xll.IMDP("IR",$AA69,F$5,$C$8)} -> 5.355 | AU69: {=_xll.IMDP("IR",$AA69,G$5,$C$8)} -> 5.79 | AV69: {=_xll.IMDP("IR",$AA69,H$5,$C$8)} -> 6.073 | AW69: {=_xll.IMDP("IR",$AA69,I$5,$C$8)} -> 6.608 | AX69: {=_xll.IMDP("IR",$AA69,J$5,$C$8)} -> 7.292 | AY69: {=_xll.IMDP("IR",$AA69,K$5,$C$8)} -> 7.738 | AZ69: {=_xll.IMDP("IR",$AA69,L$5,$C$8)} -> 8.019 | ... BH69: {=_xll.IMDP("IR",$AA69,T$5,$C$8)} -> 0
D70: BBB- | E70: =IFERROR( IF( $D$4=2, AB70*100, AB70), "") -> 5.51 | F70: =IFERROR( IF( $D$4=2, AC70*100, AC70), "") -> 6.157 | G70: =IFERROR( IF( $D$4=2, AD70*100, AD70), "") -> 6.725 | H70: =IFERROR( IF( $D$4=2, AE70*100, AE70), "") -> 7.071 | I70: =IFERROR( IF( $D$4=2, AF70*100, AF70), "") -> 7.732 | J70: =IFERROR( IF( $D$4=2, AG70*100, AG70), "") -> 8.458 | K70: =IFERROR( IF( $D$4=2, AH70*100, AH70), "") -> 8.981 | L70: =IFERROR( IF( $D$4=2, AI70*100, AI70), "") -> 9.393 | ... T70: =IFERROR( IF( $D$4=2, AQ70*100, AQ70), "") | Z70: =ROWS($Z$11:Z70) -> 60 | AA70: {=INDEX(code!$E$2:$K$72,시가평가Matrix!$Z70,$D$3)} -> BONDAVG64 | AB70: {=IF( OR($AA70=0,AS70=0), "", _xll.IMDP("IR",$AA70,E$6,$C$8) )} -> 5.51 | AC70: {=IF( OR($AA70=0,AT70=0), "", _xll.IMDP("IR",$AA70,F$6,$C$8) )} -> 6.157 | AD70: {=IF( OR($AA70=0,AU70=0), "", _xll.IMDP("IR",$AA70,G$6,$C$8) )} -> 6.725 | AE70: {=IF( OR($AA70=0,AV70=0), "", _xll.IMDP("IR",$AA70,H$6,$C$8) )} -> 7.071 | AF70: {=IF( OR($AA70=0,AW70=0), "", _xll.IMDP("IR",$AA70,I$6,$C$8) )} -> 7.732 | AG70: {=IF( OR($AA70=0,AX70=0), "", _xll.IMDP("IR",$AA70,J$6,$C$8) )} -> 8.458 | AH70: {=IF( OR($AA70=0,AY70=0), "", _xll.IMDP("IR",$AA70,K$6,$C$8) )} -> 8.981 | AI70: {=IF( OR($AA70=0,AZ70=0), "", _xll.IMDP("IR",$AA70,L$6,$C$8) )} -> 9.393 | ... AQ70: {=IF( OR($AA70=0,BH70=0), "", _xll.IMDP("IR",$AA70,T$6,$C$8) )} | AS70: {=_xll.IMDP("IR",$AA70,E$5,$C$8)} -> 5.51 | AT70: {=_xll.IMDP("IR",$AA70,F$5,$C$8)} -> 6.157 | AU70: {=_xll.IMDP("IR",$AA70,G$5,$C$8)} -> 6.725 | AV70: {=_xll.IMDP("IR",$AA70,H$5,$C$8)} -> 7.071 | AW70: {=_xll.IMDP("IR",$AA70,I$5,$C$8)} -> 7.732 | AX70: {=_xll.IMDP("IR",$AA70,J$5,$C$8)} -> 8.458 | AY70: {=_xll.IMDP("IR",$AA70,K$5,$C$8)} -> 8.981 | AZ70: {=_xll.IMDP("IR",$AA70,L$5,$C$8)} -> 9.393 | ... BH70: {=_xll.IMDP("IR",$AA70,T$5,$C$8)} -> 0
C71: 사모/무보증 | D71: AAA | E71: =IFERROR( IF( $D$4=2, AB71*100, AB71), "") -> 3.465 | F71: =IFERROR( IF( $D$4=2, AC71*100, AC71), "") -> 3.497 | G71: =IFERROR( IF( $D$4=2, AD71*100, AD71), "") -> 3.457 | H71: =IFERROR( IF( $D$4=2, AE71*100, AE71), "") -> 3.426 | I71: =IFERROR( IF( $D$4=2, AF71*100, AF71), "") -> 3.45 | J71: =IFERROR( IF( $D$4=2, AG71*100, AG71), "") -> 3.451 | K71: =IFERROR( IF( $D$4=2, AH71*100, AH71), "") -> 3.463 | L71: =IFERROR( IF( $D$4=2, AI71*100, AI71), "") -> 3.471 | ... T71: =IFERROR( IF( $D$4=2, AQ71*100, AQ71), "") | Z71: =ROWS($Z$11:Z71) -> 61 | AA71: {=INDEX(code!$E$2:$K$72,시가평가Matrix!$Z71,$D$3)} -> BONDAVG69 | AB71: {=IF( OR($AA71=0,AS71=0), "", _xll.IMDP("IR",$AA71,E$6,$C$8) )} -> 3.465 | AC71: {=IF( OR($AA71=0,AT71=0), "", _xll.IMDP("IR",$AA71,F$6,$C$8) )} -> 3.497 | AD71: {=IF( OR($AA71=0,AU71=0), "", _xll.IMDP("IR",$AA71,G$6,$C$8) )} -> 3.457 | AE71: {=IF( OR($AA71=0,AV71=0), "", _xll.IMDP("IR",$AA71,H$6,$C$8) )} -> 3.426 | AF71: {=IF( OR($AA71=0,AW71=0), "", _xll.IMDP("IR",$AA71,I$6,$C$8) )} -> 3.45 | AG71: {=IF( OR($AA71=0,AX71=0), "", _xll.IMDP("IR",$AA71,J$6,$C$8) )} -> 3.451 | AH71: {=IF( OR($AA71=0,AY71=0), "", _xll.IMDP("IR",$AA71,K$6,$C$8) )} -> 3.463 | AI71: {=IF( OR($AA71=0,AZ71=0), "", _xll.IMDP("IR",$AA71,L$6,$C$8) )} -> 3.471 | ... AQ71: {=IF( OR($AA71=0,BH71=0), "", _xll.IMDP("IR",$AA71,T$6,$C$8) )} | AS71: {=_xll.IMDP("IR",$AA71,E$5,$C$8)} -> 3.465 | AT71: {=_xll.IMDP("IR",$AA71,F$5,$C$8)} -> 3.497 | AU71: {=_xll.IMDP("IR",$AA71,G$5,$C$8)} -> 3.457 | AV71: {=_xll.IMDP("IR",$AA71,H$5,$C$8)} -> 3.426 | AW71: {=_xll.IMDP("IR",$AA71,I$5,$C$8)} -> 3.45 | AX71: {=_xll.IMDP("IR",$AA71,J$5,$C$8)} -> 3.451 | AY71: {=_xll.IMDP("IR",$AA71,K$5,$C$8)} -> 3.463 | AZ71: {=_xll.IMDP("IR",$AA71,L$5,$C$8)} -> 3.471 | ... BH71: {=_xll.IMDP("IR",$AA71,T$5,$C$8)} -> 0
D72: AA+ | E72: =IFERROR( IF( $D$4=2, AB72*100, AB72), "") -> 3.496 | F72: =IFERROR( IF( $D$4=2, AC72*100, AC72), "") -> 3.539 | G72: =IFERROR( IF( $D$4=2, AD72*100, AD72), "") -> 3.504 | H72: =IFERROR( IF( $D$4=2, AE72*100, AE72), "") -> 3.472 | I72: =IFERROR( IF( $D$4=2, AF72*100, AF72), "") -> 3.511 | J72: =IFERROR( IF( $D$4=2, AG72*100, AG72), "") -> 3.517 | K72: =IFERROR( IF( $D$4=2, AH72*100, AH72), "") -> 3.545 | L72: =IFERROR( IF( $D$4=2, AI72*100, AI72), "") -> 3.559 | ... T72: =IFERROR( IF( $D$4=2, AQ72*100, AQ72), "") | Z72: =ROWS($Z$11:Z72) -> 62 | AA72: {=INDEX(code!$E$2:$K$72,시가평가Matrix!$Z72,$D$3)} -> BONDAVG70 | AB72: {=IF( OR($AA72=0,AS72=0), "", _xll.IMDP("IR",$AA72,E$6,$C$8) )} -> 3.496 | AC72: {=IF( OR($AA72=0,AT72=0), "", _xll.IMDP("IR",$AA72,F$6,$C$8) )} -> 3.539 | AD72: {=IF( OR($AA72=0,AU72=0), "", _xll.IMDP("IR",$AA72,G$6,$C$8) )} -> 3.504 | AE72: {=IF( OR($AA72=0,AV72=0), "", _xll.IMDP("IR",$AA72,H$6,$C$8) )} -> 3.472 | AF72: {=IF( OR($AA72=0,AW72=0), "", _xll.IMDP("IR",$AA72,I$6,$C$8) )} -> 3.511 | AG72: {=IF( OR($AA72=0,AX72=0), "", _xll.IMDP("IR",$AA72,J$6,$C$8) )} -> 3.517 | AH72: {=IF( OR($AA72=0,AY72=0), "", _xll.IMDP("IR",$AA72,K$6,$C$8) )} -> 3.545 | AI72: {=IF( OR($AA72=0,AZ72=0), "", _xll.IMDP("IR",$AA72,L$6,$C$8) )} -> 3.559 | ... AQ72: {=IF( OR($AA72=0,BH72=0), "", _xll.IMDP("IR",$AA72,T$6,$C$8) )} | AS72: {=_xll.IMDP("IR",$AA72,E$5,$C$8)} -> 3.496 | AT72: {=_xll.IMDP("IR",$AA72,F$5,$C$8)} -> 3.539 | AU72: {=_xll.IMDP("IR",$AA72,G$5,$C$8)} -> 3.504 | AV72: {=_xll.IMDP("IR",$AA72,H$5,$C$8)} -> 3.472 | AW72: {=_xll.IMDP("IR",$AA72,I$5,$C$8)} -> 3.511 | AX72: {=_xll.IMDP("IR",$AA72,J$5,$C$8)} -> 3.517 | AY72: {=_xll.IMDP("IR",$AA72,K$5,$C$8)} -> 3.545 | AZ72: {=_xll.IMDP("IR",$AA72,L$5,$C$8)} -> 3.559 | ... BH72: {=_xll.IMDP("IR",$AA72,T$5,$C$8)} -> 0
D73: AA0 | E73: =IFERROR( IF( $D$4=2, AB73*100, AB73), "") -> 3.522 | F73: =IFERROR( IF( $D$4=2, AC73*100, AC73), "") -> 3.575 | G73: =IFERROR( IF( $D$4=2, AD73*100, AD73), "") -> 3.538 | H73: =IFERROR( IF( $D$4=2, AE73*100, AE73), "") -> 3.509 | I73: =IFERROR( IF( $D$4=2, AF73*100, AF73), "") -> 3.559 | J73: =IFERROR( IF( $D$4=2, AG73*100, AG73), "") -> 3.565 | K73: =IFERROR( IF( $D$4=2, AH73*100, AH73), "") -> 3.593 | L73: =IFERROR( IF( $D$4=2, AI73*100, AI73), "") -> 3.623 | ... T73: =IFERROR( IF( $D$4=2, AQ73*100, AQ73), "") | Z73: =ROWS($Z$11:Z73) -> 63 | AA73: {=INDEX(code!$E$2:$K$72,시가평가Matrix!$Z73,$D$3)} -> BONDAVG71 | AB73: {=IF( OR($AA73=0,AS73=0), "", _xll.IMDP("IR",$AA73,E$6,$C$8) )} -> 3.522 | AC73: {=IF( OR($AA73=0,AT73=0), "", _xll.IMDP("IR",$AA73,F$6,$C$8) )} -> 3.575 | AD73: {=IF( OR($AA73=0,AU73=0), "", _xll.IMDP("IR",$AA73,G$6,$C$8) )} -> 3.538 | AE73: {=IF( OR($AA73=0,AV73=0), "", _xll.IMDP("IR",$AA73,H$6,$C$8) )} -> 3.509 | AF73: {=IF( OR($AA73=0,AW73=0), "", _xll.IMDP("IR",$AA73,I$6,$C$8) )} -> 3.559 | AG73: {=IF( OR($AA73=0,AX73=0), "", _xll.IMDP("IR",$AA73,J$6,$C$8) )} -> 3.565 | AH73: {=IF( OR($AA73=0,AY73=0), "", _xll.IMDP("IR",$AA73,K$6,$C$8) )} -> 3.593 | AI73: {=IF( OR($AA73=0,AZ73=0), "", _xll.IMDP("IR",$AA73,L$6,$C$8) )} -> 3.623 | ... AQ73: {=IF( OR($AA73=0,BH73=0), "", _xll.IMDP("IR",$AA73,T$6,$C$8) )} | AS73: {=_xll.IMDP("IR",$AA73,E$5,$C$8)} -> 3.522 | AT73: {=_xll.IMDP("IR",$AA73,F$5,$C$8)} -> 3.575 | AU73: {=_xll.IMDP("IR",$AA73,G$5,$C$8)} -> 3.538 | AV73: {=_xll.IMDP("IR",$AA73,H$5,$C$8)} -> 3.509 | AW73: {=_xll.IMDP("IR",$AA73,I$5,$C$8)} -> 3.559 | AX73: {=_xll.IMDP("IR",$AA73,J$5,$C$8)} -> 3.565 | AY73: {=_xll.IMDP("IR",$AA73,K$5,$C$8)} -> 3.593 | AZ73: {=_xll.IMDP("IR",$AA73,L$5,$C$8)} -> 3.623 | ... BH73: {=_xll.IMDP("IR",$AA73,T$5,$C$8)} -> 0
D74: AA- | E74: =IFERROR( IF( $D$4=2, AB74*100, AB74), "") -> 3.566 | F74: =IFERROR( IF( $D$4=2, AC74*100, AC74), "") -> 3.613 | G74: =IFERROR( IF( $D$4=2, AD74*100, AD74), "") -> 3.579 | H74: =IFERROR( IF( $D$4=2, AE74*100, AE74), "") -> 3.558 | I74: =IFERROR( IF( $D$4=2, AF74*100, AF74), "") -> 3.604 | J74: =IFERROR( IF( $D$4=2, AG74*100, AG74), "") -> 3.621 | K74: =IFERROR( IF( $D$4=2, AH74*100, AH74), "") -> 3.659 | L74: =IFERROR( IF( $D$4=2, AI74*100, AI74), "") -> 3.7 | ... T74: =IFERROR( IF( $D$4=2, AQ74*100, AQ74), "") | Z74: =ROWS($Z$11:Z74) -> 64 | AA74: {=INDEX(code!$E$2:$K$72,시가평가Matrix!$Z74,$D$3)} -> BONDAVG72 | AB74: {=IF( OR($AA74=0,AS74=0), "", _xll.IMDP("IR",$AA74,E$6,$C$8) )} -> 3.566 | AC74: {=IF( OR($AA74=0,AT74=0), "", _xll.IMDP("IR",$AA74,F$6,$C$8) )} -> 3.613 | AD74: {=IF( OR($AA74=0,AU74=0), "", _xll.IMDP("IR",$AA74,G$6,$C$8) )} -> 3.579 | AE74: {=IF( OR($AA74=0,AV74=0), "", _xll.IMDP("IR",$AA74,H$6,$C$8) )} -> 3.558 | AF74: {=IF( OR($AA74=0,AW74=0), "", _xll.IMDP("IR",$AA74,I$6,$C$8) )} -> 3.604 | AG74: {=IF( OR($AA74=0,AX74=0), "", _xll.IMDP("IR",$AA74,J$6,$C$8) )} -> 3.621 | AH74: {=IF( OR($AA74=0,AY74=0), "", _xll.IMDP("IR",$AA74,K$6,$C$8) )} -> 3.659 | AI74: {=IF( OR($AA74=0,AZ74=0), "", _xll.IMDP("IR",$AA74,L$6,$C$8) )} -> 3.7 | ... AQ74: {=IF( OR($AA74=0,BH74=0), "", _xll.IMDP("IR",$AA74,T$6,$C$8) )} | AS74: {=_xll.IMDP("IR",$AA74,E$5,$C$8)} -> 3.566 | AT74: {=_xll.IMDP("IR",$AA74,F$5,$C$8)} -> 3.613 | AU74: {=_xll.IMDP("IR",$AA74,G$5,$C$8)} -> 3.579 | AV74: {=_xll.IMDP("IR",$AA74,H$5,$C$8)} -> 3.558 | AW74: {=_xll.IMDP("IR",$AA74,I$5,$C$8)} -> 3.604 | AX74: {=_xll.IMDP("IR",$AA74,J$5,$C$8)} -> 3.621 | AY74: {=_xll.IMDP("IR",$AA74,K$5,$C$8)} -> 3.659 | AZ74: {=_xll.IMDP("IR",$AA74,L$5,$C$8)} -> 3.7 | ... BH74: {=_xll.IMDP("IR",$AA74,T$5,$C$8)} -> 0
D75: A+ | E75: =IFERROR( IF( $D$4=2, AB75*100, AB75), "") -> 3.691 | F75: =IFERROR( IF( $D$4=2, AC75*100, AC75), "") -> 3.8 | G75: =IFERROR( IF( $D$4=2, AD75*100, AD75), "") -> 3.832 | H75: =IFERROR( IF( $D$4=2, AE75*100, AE75), "") -> 3.861 | I75: =IFERROR( IF( $D$4=2, AF75*100, AF75), "") -> 3.957 | J75: =IFERROR( IF( $D$4=2, AG75*100, AG75), "") -> 4.014 | K75: =IFERROR( IF( $D$4=2, AH75*100, AH75), "") -> 4.122 | L75: =IFERROR( IF( $D$4=2, AI75*100, AI75), "") -> 4.183 | ... T75: =IFERROR( IF( $D$4=2, AQ75*100, AQ75), "") | Z75: =ROWS($Z$11:Z75) -> 65 | AA75: {=INDEX(code!$E$2:$K$72,시가평가Matrix!$Z75,$D$3)} -> BONDAVG73 | AB75: {=IF( OR($AA75=0,AS75=0), "", _xll.IMDP("IR",$AA75,E$6,$C$8) )} -> 3.691 | AC75: {=IF( OR($AA75=0,AT75=0), "", _xll.IMDP("IR",$AA75,F$6,$C$8) )} -> 3.8 | AD75: {=IF( OR($AA75=0,AU75=0), "", _xll.IMDP("IR",$AA75,G$6,$C$8) )} -> 3.832 | AE75: {=IF( OR($AA75=0,AV75=0), "", _xll.IMDP("IR",$AA75,H$6,$C$8) )} -> 3.861 | AF75: {=IF( OR($AA75=0,AW75=0), "", _xll.IMDP("IR",$AA75,I$6,$C$8) )} -> 3.957 | AG75: {=IF( OR($AA75=0,AX75=0), "", _xll.IMDP("IR",$AA75,J$6,$C$8) )} -> 4.014 | AH75: {=IF( OR($AA75=0,AY75=0), "", _xll.IMDP("IR",$AA75,K$6,$C$8) )} -> 4.122 | AI75: {=IF( OR($AA75=0,AZ75=0), "", _xll.IMDP("IR",$AA75,L$6,$C$8) )} -> 4.183 | ... AQ75: {=IF( OR($AA75=0,BH75=0), "", _xll.IMDP("IR",$AA75,T$6,$C$8) )} | AS75: {=_xll.IMDP("IR",$AA75,E$5,$C$8)} -> 3.691 | AT75: {=_xll.IMDP("IR",$AA75,F$5,$C$8)} -> 3.8 | AU75: {=_xll.IMDP("IR",$AA75,G$5,$C$8)} -> 3.832 | AV75: {=_xll.IMDP("IR",$AA75,H$5,$C$8)} -> 3.861 | AW75: {=_xll.IMDP("IR",$AA75,I$5,$C$8)} -> 3.957 | AX75: {=_xll.IMDP("IR",$AA75,J$5,$C$8)} -> 4.014 | AY75: {=_xll.IMDP("IR",$AA75,K$5,$C$8)} -> 4.122 | AZ75: {=_xll.IMDP("IR",$AA75,L$5,$C$8)} -> 4.183 | ... BH75: {=_xll.IMDP("IR",$AA75,T$5,$C$8)} -> 0
D76: A0 | E76: =IFERROR( IF( $D$4=2, AB76*100, AB76), "") -> 3.852 | F76: =IFERROR( IF( $D$4=2, AC76*100, AC76), "") -> 3.987 | G76: =IFERROR( IF( $D$4=2, AD76*100, AD76), "") -> 4.028 | H76: =IFERROR( IF( $D$4=2, AE76*100, AE76), "") -> 4.067 | I76: =IFERROR( IF( $D$4=2, AF76*100, AF76), "") -> 4.156 | J76: =IFERROR( IF( $D$4=2, AG76*100, AG76), "") -> 4.224 | K76: =IFERROR( IF( $D$4=2, AH76*100, AH76), "") -> 4.345 | L76: =IFERROR( IF( $D$4=2, AI76*100, AI76), "") -> 4.474 | ... T76: =IFERROR( IF( $D$4=2, AQ76*100, AQ76), "") | Z76: =ROWS($Z$11:Z76) -> 66 | AA76: {=INDEX(code!$E$2:$K$72,시가평가Matrix!$Z76,$D$3)} -> BONDAVG74 | AB76: {=IF( OR($AA76=0,AS76=0), "", _xll.IMDP("IR",$AA76,E$6,$C$8) )} -> 3.852 | AC76: {=IF( OR($AA76=0,AT76=0), "", _xll.IMDP("IR",$AA76,F$6,$C$8) )} -> 3.987 | AD76: {=IF( OR($AA76=0,AU76=0), "", _xll.IMDP("IR",$AA76,G$6,$C$8) )} -> 4.028 | AE76: {=IF( OR($AA76=0,AV76=0), "", _xll.IMDP("IR",$AA76,H$6,$C$8) )} -> 4.067 | AF76: {=IF( OR($AA76=0,AW76=0), "", _xll.IMDP("IR",$AA76,I$6,$C$8) )} -> 4.156 | AG76: {=IF( OR($AA76=0,AX76=0), "", _xll.IMDP("IR",$AA76,J$6,$C$8) )} -> 4.224 | AH76: {=IF( OR($AA76=0,AY76=0), "", _xll.IMDP("IR",$AA76,K$6,$C$8) )} -> 4.345 | AI76: {=IF( OR($AA76=0,AZ76=0), "", _xll.IMDP("IR",$AA76,L$6,$C$8) )} -> 4.474 | ... AQ76: {=IF( OR($AA76=0,BH76=0), "", _xll.IMDP("IR",$AA76,T$6,$C$8) )} | AS76: {=_xll.IMDP("IR",$AA76,E$5,$C$8)} -> 3.852 | AT76: {=_xll.IMDP("IR",$AA76,F$5,$C$8)} -> 3.987 | AU76: {=_xll.IMDP("IR",$AA76,G$5,$C$8)} -> 4.028 | AV76: {=_xll.IMDP("IR",$AA76,H$5,$C$8)} -> 4.067 | AW76: {=_xll.IMDP("IR",$AA76,I$5,$C$8)} -> 4.156 | AX76: {=_xll.IMDP("IR",$AA76,J$5,$C$8)} -> 4.224 | AY76: {=_xll.IMDP("IR",$AA76,K$5,$C$8)} -> 4.345 | AZ76: {=_xll.IMDP("IR",$AA76,L$5,$C$8)} -> 4.474 | ... BH76: {=_xll.IMDP("IR",$AA76,T$5,$C$8)} -> 0
D77: A- | E77: =IFERROR( IF( $D$4=2, AB77*100, AB77), "") -> 4.115 | F77: =IFERROR( IF( $D$4=2, AC77*100, AC77), "") -> 4.268 | G77: =IFERROR( IF( $D$4=2, AD77*100, AD77), "") -> 4.335 | H77: =IFERROR( IF( $D$4=2, AE77*100, AE77), "") -> 4.378 | I77: =IFERROR( IF( $D$4=2, AF77*100, AF77), "") -> 4.498 | J77: =IFERROR( IF( $D$4=2, AG77*100, AG77), "") -> 4.589 | K77: =IFERROR( IF( $D$4=2, AH77*100, AH77), "") -> 4.762 | L77: =IFERROR( IF( $D$4=2, AI77*100, AI77), "") -> 4.965 | ... T77: =IFERROR( IF( $D$4=2, AQ77*100, AQ77), "") | Z77: =ROWS($Z$11:Z77) -> 67 | AA77: {=INDEX(code!$E$2:$K$72,시가평가Matrix!$Z77,$D$3)} -> BONDAVG75 | AB77: {=IF( OR($AA77=0,AS77=0), "", _xll.IMDP("IR",$AA77,E$6,$C$8) )} -> 4.115 | AC77: {=IF( OR($AA77=0,AT77=0), "", _xll.IMDP("IR",$AA77,F$6,$C$8) )} -> 4.268 | AD77: {=IF( OR($AA77=0,AU77=0), "", _xll.IMDP("IR",$AA77,G$6,$C$8) )} -> 4.335 | AE77: {=IF( OR($AA77=0,AV77=0), "", _xll.IMDP("IR",$AA77,H$6,$C$8) )} -> 4.378 | AF77: {=IF( OR($AA77=0,AW77=0), "", _xll.IMDP("IR",$AA77,I$6,$C$8) )} -> 4.498 | AG77: {=IF( OR($AA77=0,AX77=0), "", _xll.IMDP("IR",$AA77,J$6,$C$8) )} -> 4.589 | AH77: {=IF( OR($AA77=0,AY77=0), "", _xll.IMDP("IR",$AA77,K$6,$C$8) )} -> 4.762 | AI77: {=IF( OR($AA77=0,AZ77=0), "", _xll.IMDP("IR",$AA77,L$6,$C$8) )} -> 4.965 | ... AQ77: {=IF( OR($AA77=0,BH77=0), "", _xll.IMDP("IR",$AA77,T$6,$C$8) )} | AS77: {=_xll.IMDP("IR",$AA77,E$5,$C$8)} -> 4.115 | AT77: {=_xll.IMDP("IR",$AA77,F$5,$C$8)} -> 4.268 | AU77: {=_xll.IMDP("IR",$AA77,G$5,$C$8)} -> 4.335 | AV77: {=_xll.IMDP("IR",$AA77,H$5,$C$8)} -> 4.378 | AW77: {=_xll.IMDP("IR",$AA77,I$5,$C$8)} -> 4.498 | AX77: {=_xll.IMDP("IR",$AA77,J$5,$C$8)} -> 4.589 | AY77: {=_xll.IMDP("IR",$AA77,K$5,$C$8)} -> 4.762 | AZ77: {=_xll.IMDP("IR",$AA77,L$5,$C$8)} -> 4.965 | ... BH77: {=_xll.IMDP("IR",$AA77,T$5,$C$8)} -> 0
D78: BBB+ | E78: =IFERROR( IF( $D$4=2, AB78*100, AB78), "") -> 4.729 | F78: =IFERROR( IF( $D$4=2, AC78*100, AC78), "") -> 5.193 | G78: =IFERROR( IF( $D$4=2, AD78*100, AD78), "") -> 5.637 | H78: =IFERROR( IF( $D$4=2, AE78*100, AE78), "") -> 5.853 | I78: =IFERROR( IF( $D$4=2, AF78*100, AF78), "") -> 6.286 | J78: =IFERROR( IF( $D$4=2, AG78*100, AG78), "") -> 6.833 | K78: =IFERROR( IF( $D$4=2, AH78*100, AH78), "") -> 7.225 | L78: =IFERROR( IF( $D$4=2, AI78*100, AI78), "") -> 7.527 | ... T78: =IFERROR( IF( $D$4=2, AQ78*100, AQ78), "") | Z78: =ROWS($Z$11:Z78) -> 68 | AA78: {=INDEX(code!$E$2:$K$72,시가평가Matrix!$Z78,$D$3)} -> BONDAVG76 | AB78: {=IF( OR($AA78=0,AS78=0), "", _xll.IMDP("IR",$AA78,E$6,$C$8) )} -> 4.729 | AC78: {=IF( OR($AA78=0,AT78=0), "", _xll.IMDP("IR",$AA78,F$6,$C$8) )} -> 5.193 | AD78: {=IF( OR($AA78=0,AU78=0), "", _xll.IMDP("IR",$AA78,G$6,$C$8) )} -> 5.637 | AE78: {=IF( OR($AA78=0,AV78=0), "", _xll.IMDP("IR",$AA78,H$6,$C$8) )} -> 5.853 | AF78: {=IF( OR($AA78=0,AW78=0), "", _xll.IMDP("IR",$AA78,I$6,$C$8) )} -> 6.286 | AG78: {=IF( OR($AA78=0,AX78=0), "", _xll.IMDP("IR",$AA78,J$6,$C$8) )} -> 6.833 | AH78: {=IF( OR($AA78=0,AY78=0), "", _xll.IMDP("IR",$AA78,K$6,$C$8) )} -> 7.225 | AI78: {=IF( OR($AA78=0,AZ78=0), "", _xll.IMDP("IR",$AA78,L$6,$C$8) )} -> 7.527 | ... AQ78: {=IF( OR($AA78=0,BH78=0), "", _xll.IMDP("IR",$AA78,T$6,$C$8) )} | AS78: {=_xll.IMDP("IR",$AA78,E$5,$C$8)} -> 4.729 | AT78: {=_xll.IMDP("IR",$AA78,F$5,$C$8)} -> 5.193 | AU78: {=_xll.IMDP("IR",$AA78,G$5,$C$8)} -> 5.637 | AV78: {=_xll.IMDP("IR",$AA78,H$5,$C$8)} -> 5.853 | AW78: {=_xll.IMDP("IR",$AA78,I$5,$C$8)} -> 6.286 | AX78: {=_xll.IMDP("IR",$AA78,J$5,$C$8)} -> 6.833 | AY78: {=_xll.IMDP("IR",$AA78,K$5,$C$8)} -> 7.225 | AZ78: {=_xll.IMDP("IR",$AA78,L$5,$C$8)} -> 7.527 | ... BH78: {=_xll.IMDP("IR",$AA78,T$5,$C$8)} -> 0
D79: BBB0 | E79: =IFERROR( IF( $D$4=2, AB79*100, AB79), "") -> 5.123 | F79: =IFERROR( IF( $D$4=2, AC79*100, AC79), "") -> 5.733 | G79: =IFERROR( IF( $D$4=2, AD79*100, AD79), "") -> 6.243 | H79: =IFERROR( IF( $D$4=2, AE79*100, AE79), "") -> 6.594 | I79: =IFERROR( IF( $D$4=2, AF79*100, AF79), "") -> 7.14 | J79: =IFERROR( IF( $D$4=2, AG79*100, AG79), "") -> 7.843 | K79: =IFERROR( IF( $D$4=2, AH79*100, AH79), "") -> 8.319 | L79: =IFERROR( IF( $D$4=2, AI79*100, AI79), "") -> 8.637 | ... T79: =IFERROR( IF( $D$4=2, AQ79*100, AQ79), "") | Z79: =ROWS($Z$11:Z79) -> 69 | AA79: {=INDEX(code!$E$2:$K$72,시가평가Matrix!$Z79,$D$3)} -> BONDAVG77 | AB79: {=IF( OR($AA79=0,AS79=0), "", _xll.IMDP("IR",$AA79,E$6,$C$8) )} -> 5.123 | AC79: {=IF( OR($AA79=0,AT79=0), "", _xll.IMDP("IR",$AA79,F$6,$C$8) )} -> 5.733 | AD79: {=IF( OR($AA79=0,AU79=0), "", _xll.IMDP("IR",$AA79,G$6,$C$8) )} -> 6.243 | AE79: {=IF( OR($AA79=0,AV79=0), "", _xll.IMDP("IR",$AA79,H$6,$C$8) )} -> 6.594 | AF79: {=IF( OR($AA79=0,AW79=0), "", _xll.IMDP("IR",$AA79,I$6,$C$8) )} -> 7.14 | AG79: {=IF( OR($AA79=0,AX79=0), "", _xll.IMDP("IR",$AA79,J$6,$C$8) )} -> 7.843 | AH79: {=IF( OR($AA79=0,AY79=0), "", _xll.IMDP("IR",$AA79,K$6,$C$8) )} -> 8.319 | AI79: {=IF( OR($AA79=0,AZ79=0), "", _xll.IMDP("IR",$AA79,L$6,$C$8) )} -> 8.637 | ... AQ79: {=IF( OR($AA79=0,BH79=0), "", _xll.IMDP("IR",$AA79,T$6,$C$8) )} | AS79: {=_xll.IMDP("IR",$AA79,E$5,$C$8)} -> 5.123 | AT79: {=_xll.IMDP("IR",$AA79,F$5,$C$8)} -> 5.733 | AU79: {=_xll.IMDP("IR",$AA79,G$5,$C$8)} -> 6.243 | AV79: {=_xll.IMDP("IR",$AA79,H$5,$C$8)} -> 6.594 | AW79: {=_xll.IMDP("IR",$AA79,I$5,$C$8)} -> 7.14 | AX79: {=_xll.IMDP("IR",$AA79,J$5,$C$8)} -> 7.843 | AY79: {=_xll.IMDP("IR",$AA79,K$5,$C$8)} -> 8.319 | AZ79: {=_xll.IMDP("IR",$AA79,L$5,$C$8)} -> 8.637 | ... BH79: {=_xll.IMDP("IR",$AA79,T$5,$C$8)} -> 0
D80: BBB- | E80: =IFERROR( IF( $D$4=2, AB80*100, AB80), "") -> 6.104 | F80: =IFERROR( IF( $D$4=2, AC80*100, AC80), "") -> 6.812 | G80: =IFERROR( IF( $D$4=2, AD80*100, AD80), "") -> 7.456 | H80: =IFERROR( IF( $D$4=2, AE80*100, AE80), "") -> 7.856 | I80: =IFERROR( IF( $D$4=2, AF80*100, AF80), "") -> 8.567 | J80: =IFERROR( IF( $D$4=2, AG80*100, AG80), "") -> 9.311 | K80: =IFERROR( IF( $D$4=2, AH80*100, AH80), "") -> 9.866 | L80: =IFERROR( IF( $D$4=2, AI80*100, AI80), "") -> 10.313 | ... T80: =IFERROR( IF( $D$4=2, AQ80*100, AQ80), "") | Z80: =ROWS($Z$11:Z80) -> 70 | AA80: {=INDEX(code!$E$2:$K$72,시가평가Matrix!$Z80,$D$3)} -> BONDAVG78 | AB80: {=IF( OR($AA80=0,AS80=0), "", _xll.IMDP("IR",$AA80,E$6,$C$8) )} -> 6.104 | AC80: {=IF( OR($AA80=0,AT80=0), "", _xll.IMDP("IR",$AA80,F$6,$C$8) )} -> 6.812 | AD80: {=IF( OR($AA80=0,AU80=0), "", _xll.IMDP("IR",$AA80,G$6,$C$8) )} -> 7.456 | AE80: {=IF( OR($AA80=0,AV80=0), "", _xll.IMDP("IR",$AA80,H$6,$C$8) )} -> 7.856 | AF80: {=IF( OR($AA80=0,AW80=0), "", _xll.IMDP("IR",$AA80,I$6,$C$8) )} -> 8.567 | AG80: {=IF( OR($AA80=0,AX80=0), "", _xll.IMDP("IR",$AA80,J$6,$C$8) )} -> 9.311 | AH80: {=IF( OR($AA80=0,AY80=0), "", _xll.IMDP("IR",$AA80,K$6,$C$8) )} -> 9.866 | AI80: {=IF( OR($AA80=0,AZ80=0), "", _xll.IMDP("IR",$AA80,L$6,$C$8) )} -> 10.313 | ... AQ80: {=IF( OR($AA80=0,BH80=0), "", _xll.IMDP("IR",$AA80,T$6,$C$8) )} | AS80: {=_xll.IMDP("IR",$AA80,E$5,$C$8)} -> 6.104 | AT80: {=_xll.IMDP("IR",$AA80,F$5,$C$8)} -> 6.812 | AU80: {=_xll.IMDP("IR",$AA80,G$5,$C$8)} -> 7.456 | AV80: {=_xll.IMDP("IR",$AA80,H$5,$C$8)} -> 7.856 | AW80: {=_xll.IMDP("IR",$AA80,I$5,$C$8)} -> 8.567 | AX80: {=_xll.IMDP("IR",$AA80,J$5,$C$8)} -> 9.311 | AY80: {=_xll.IMDP("IR",$AA80,K$5,$C$8)} -> 9.866 | AZ80: {=_xll.IMDP("IR",$AA80,L$5,$C$8)} -> 10.313 | ... BH80: {=_xll.IMDP("IR",$AA80,T$5,$C$8)} -> 0
B81: 유동화증권 | C81: KHFC MBS/SLBS | D81: AAA | E81: =IFERROR( IF( $D$4=2, AB81*100, AB81), "") -> 3.377 | F81: =IFERROR( IF( $D$4=2, AC81*100, AC81), "") -> 3.364 | G81: =IFERROR( IF( $D$4=2, AD81*100, AD81), "") -> 3.307 | H81: =IFERROR( IF( $D$4=2, AE81*100, AE81), "") -> 3.284 | I81: =IFERROR( IF( $D$4=2, AF81*100, AF81), "") -> 3.227 | J81: =IFERROR( IF( $D$4=2, AG81*100, AG81), "") -> 3.216 | K81: =IFERROR( IF( $D$4=2, AH81*100, AH81), "") -> 3.195 | L81: =IFERROR( IF( $D$4=2, AI81*100, AI81), "") -> 3.197 | ... T81: =IFERROR( IF( $D$4=2, AQ81*100, AQ81), "") | Z81: =ROWS($Z$11:Z81) -> 71 | AA81: {=INDEX(code!$E$2:$K$72,시가평가Matrix!$Z81,$D$3)} -> BONDAVG79 | AB81: {=IF( OR($AA81=0,AS81=0), "", _xll.IMDP("IR",$AA81,E$6,$C$8) )} -> 3.377 | AC81: {=IF( OR($AA81=0,AT81=0), "", _xll.IMDP("IR",$AA81,F$6,$C$8) )} -> 3.364 | AD81: {=IF( OR($AA81=0,AU81=0), "", _xll.IMDP("IR",$AA81,G$6,$C$8) )} -> 3.307 | AE81: {=IF( OR($AA81=0,AV81=0), "", _xll.IMDP("IR",$AA81,H$6,$C$8) )} -> 3.284 | AF81: {=IF( OR($AA81=0,AW81=0), "", _xll.IMDP("IR",$AA81,I$6,$C$8) )} -> 3.227 | AG81: {=IF( OR($AA81=0,AX81=0), "", _xll.IMDP("IR",$AA81,J$6,$C$8) )} -> 3.216 | AH81: {=IF( OR($AA81=0,AY81=0), "", _xll.IMDP("IR",$AA81,K$6,$C$8) )} -> 3.195 | AI81: {=IF( OR($AA81=0,AZ81=0), "", _xll.IMDP("IR",$AA81,L$6,$C$8) )} -> 3.197 | ... AQ81: {=IF( OR($AA81=0,BH81=0), "", _xll.IMDP("IR",$AA81,T$6,$C$8) )} | AS81: {=_xll.IMDP("IR",$AA81,E$5,$C$8)} -> 3.377 | AT81: {=_xll.IMDP("IR",$AA81,F$5,$C$8)} -> 3.364 | AU81: {=_xll.IMDP("IR",$AA81,G$5,$C$8)} -> 3.307 | AV81: {=_xll.IMDP("IR",$AA81,H$5,$C$8)} -> 3.284 | AW81: {=_xll.IMDP("IR",$AA81,I$5,$C$8)} -> 3.227 | AX81: {=_xll.IMDP("IR",$AA81,J$5,$C$8)} -> 3.216 | AY81: {=_xll.IMDP("IR",$AA81,K$5,$C$8)} -> 3.195 | AZ81: {=_xll.IMDP("IR",$AA81,L$5,$C$8)} -> 3.197 | ... BH81: {=_xll.IMDP("IR",$AA81,T$5,$C$8)} -> 0

Sheet Yield Curve
B2: Yield Curve
B4: 일자 | C4: =WORKDAY(TODAY(),-1) -> 45520 | D4: 1
C6: 기준 | I6: 상대 | V6: 기준 | AB6: 상대
C7: 3M | D7: 6M | E7: 9M | F7: 1Y | G7: 1.5Y | H7: 2Y | I7: 2.5Y | J7: 3Y | K7: 4Y | L7: 5Y | M7: 7Y | N7: 10Y | O7: 15Y | P7: 20Y | Q7: 30Y | R7: 50Y | V7: 3M | W7: 6M | X7: 9M | Y7: 1Y | Z7: 1.5Y | AA7: 2Y | AB7: 2.5Y | AC7: 3Y | AD7: 4Y | AE7: 5Y | AF7: 7Y | AG7: 10Y | AH7: 15Y | AI7: 20Y | AJ7: 30Y | AK7: 50Y
B8: 기준 | C8: {=IFERROR( ROUNDDOWN(IF( _xll.IMDP("IR",$AP$10,AN$8,$B$4)=0, NA(), _xll.IMDP("IR",$AP$10,AN$8,$B$4)),3), NA())} -> 3.338 | D8: {=IFERROR( ROUNDDOWN(IF( _xll.IMDP("IR",$AP$10,AO$8,$B$4)=0, NA(), _xll.IMDP("IR",$AP$10,AO$8,$B$4)),3), NA())} -> 3.203 | E8: {=IFERROR( ROUNDDOWN(IF( _xll.IMDP("IR",$AP$10,AP$8,$B$4)=0, NA(), _xll.IMDP("IR",$AP$10,AP$8,$B$4)),3), NA())} -> 3.112 | F8: {=IFERROR( ROUNDDOWN(IF( _xll.IMDP("IR",$AP$10,AQ$8,$B$4)=0, NA(), _xll.IMDP("IR",$AP$10,AQ$8,$B$4)),3), NA())} -> 3.052 | G8: {=IFERROR( ROUNDDOWN(IF( _xll.IMDP("IR",$AP$10,AR$8,$B$4)=0, NA(), _xll.IMDP("IR",$AP$10,AR$8,$B$4)),3), NA())} -> 3.055 | H8: {=IFERROR( ROUNDDOWN(IF( _xll.IMDP("IR",$AP$10,AS$8,$B$4)=0, NA(), _xll.IMDP("IR",$AP$10,AS$8,$B$4)),3), NA())} -> 3.03 | I8: {=IFERROR( ROUNDDOWN(IF( _xll.IMDP("IR",$AP$10,AT$8,$B$4)=0, NA(), _xll.IMDP("IR",$AP$10,AT$8,$B$4)),3), NA())} -> 2.944 | J8: {=IFERROR( ROUNDDOWN(IF( _xll.IMDP("IR",$AP$10,AU$8,$B$4)=0, NA(), _xll.IMDP("IR",$AP$10,AU$8,$B$4)),3), NA())} -> 2.922 | ... R8: {=IFERROR( ROUNDDOWN(IF( _xll.IMDP("IR",$AP$10,BC$8,$B$4)=0, NA(), _xll.IMDP("IR",$AP$10,BC$8,$B$4)),3), NA())} -> 2.763 | S8: 기준 | U8: 기준 | V8: {=IFERROR( ROUNDDOWN( IF(_xll.IMDP("IR",$AP$12,AN$8,$B$4)=0,NA(), _xll.IMDP("IR",$AP$12,AN$8,$B$4)),3), NA())} -> 3.338 | W8: {=IFERROR( ROUNDDOWN( IF(_xll.IMDP("IR",$AP$12,AO$8,$B$4)=0,NA(), _xll.IMDP("IR",$AP$12,AO$8,$B$4)),3), NA())} -> 3.203 | X8: {=IFERROR( ROUNDDOWN( IF(_xll.IMDP("IR",$AP$12,AP$8,$B$4)=0,NA(), _xll.IMDP("IR",$AP$12,AP$8,$B$4)),3), NA())} -> 3.112 | Y8: {=IFERROR( ROUNDDOWN( IF(_xll.IMDP("IR",$AP$12,AQ$8,$B$4)=0,NA(), _xll.IMDP("IR",$AP$12,AQ$8,$B$4)),3), NA())} -> 3.052 | Z8: {=IFERROR( ROUNDDOWN( IF(_xll.IMDP("IR",$AP$12,AR$8,$B$4)=0,NA(), _xll.IMDP("IR",$AP$12,AR$8,$B$4)),3), NA())} -> 3.055 | AA8: {=IFERROR( ROUNDDOWN( IF(_xll.IMDP("IR",$AP$12,AS$8,$B$4)=0,NA(), _xll.IMDP("IR",$AP$12,AS$8,$B$4)),3), NA())} -> 3.03 | AB8: {=IFERROR( ROUNDDOWN( IF(_xll.IMDP("IR",$AP$12,AT$8,$B$4)=0,NA(), _xll.IMDP("IR",$AP$12,AT$8,$B$4)),3), NA())} -> 2.944 | AC8: {=IFERROR( ROUNDDOWN( IF(_xll.IMDP("IR",$AP$12,AU$8,$B$4)=0,NA(), _xll.IMDP("IR",$AP$12,AU$8,$B$4)),3), NA())} -> 2.922 | ... AF8: {=IFERROR( ROUNDDOWN( IF(_xll.IMDP("IR",$AP$12,AX$8,$B$4)=0,NA(), _xll.IMDP("IR",$AP$12,AX$8,$B$4)),3), NA())} -> 2.981 | AG8: {=IFERROR( ROUNDDOWN( IF( _xll.IMDP("IR",$AP$12,AY$8,$B$4)=0,NA(), _xll.IMDP("IR",$AP$12,AY$8,$B$4)),3), NA())} -> 2.975 | AH8: {=IFERROR( ROUNDDOWN( IF( _xll.IMDP("IR",$AP$12,AZ$8,$B$4)=0,NA(), _xll.IMDP("IR",$AP$12,AZ$8,$B$4)),3), NA())} -> 2.982 | AI8: {=IFERROR( ROUNDDOWN( IF(_xll.IMDP("IR",$AP$12,BA$8,$B$4)=0,NA(), _xll.IMDP("IR",$AP$12,BA$8,$B$4)),3), NA())} -> 2.952 | AJ8: {=IFERROR( ROUNDDOWN( IF(_xll.IMDP("IR",$AP$12,BB$8,$B$4)=0,NA(), _xll.IMDP("IR",$AP$12,BB$8,$B$4)),3), NA())} -> 2.852 | AK8: {=IFERROR( ROUNDDOWN( IF(_xll.IMDP("IR",$AP$12,BC$8,$B$4)=0,NA(), _xll.IMDP("IR",$AP$12,BC$8,$B$4)),3), NA())} -> 2.763 | AL8: 기준 | AN8: =시가평가Matrix!E5 -> 3월이하(당일) | AO8: =시가평가Matrix!F5 -> 6월이하(당일) | AP8: =시가평가Matrix!G5 -> 9월이하(당일) | AQ8: =시가평가Matrix!H5 -> 1년이하(당일) | AR8: =시가평가Matrix!I5 -> 1.5년이하(당일) | AS8: =시가평가Matrix!J5 -> 2년이하(당일) | AT8: =시가평가Matrix!K5 -> 2.5년이하(당일) | AU8: =시가평가Matrix!L5 -> 3년이하(당일) | ... BC8: =시가평가Matrix!T5 -> 50년이하(당일)
B9: 상대 | C9: {=IFERROR( ROUNDDOWN( IF( _xll.IMDP("IR",$AP$11,AN$8,$B$4)=0, NA(), _xll.IMDP("IR",$AP$11,AN$8,$B$4) ),3), NA())} -> 3.346 | D9: {=IFERROR( ROUNDDOWN( IF( _xll.IMDP("IR",$AP$11,AO$8,$B$4)=0, NA(), _xll.IMDP("IR",$AP$11,AO$8,$B$4) ),3), NA())} -> 3.254 | E9: {=IFERROR( ROUNDDOWN( IF( _xll.IMDP("IR",$AP$11,AP$8,$B$4)=0, NA(), _xll.IMDP("IR",$AP$11,AP$8,$B$4) ),3), NA())} -> 3.172 | F9: {=IFERROR( ROUNDDOWN( IF( _xll.IMDP("IR",$AP$11,AQ$8,$B$4)=0, NA(), _xll.IMDP("IR",$AP$11,AQ$8,$B$4) ),3), NA())} -> 3.089 | G9: {=IFERROR( ROUNDDOWN( IF( _xll.IMDP("IR",$AP$11,AR$8,$B$4)=0, NA(), _xll.IMDP("IR",$AP$11,AR$8,$B$4) ),3), NA())} -> 3.077 | H9: {=IFERROR( ROUNDDOWN( IF( _xll.IMDP("IR",$AP$11,AS$8,$B$4)=0, NA(), _xll.IMDP("IR",$AP$11,AS$8,$B$4) ),3), NA())} -> 3.054 | I9: {=IFERROR( ROUNDDOWN( IF( _xll.IMDP("IR",$AP$11,AT$8,$B$4)=0, NA(), _xll.IMDP("IR",$AP$11,AT$8,$B$4) ),3), NA())} -> 3.012 | J9: {=IFERROR( ROUNDDOWN( IF( _xll.IMDP("IR",$AP$11,AU$8,$B$4)=0, NA(), _xll.IMDP("IR",$AP$11,AU$8,$B$4) ),3), NA())} -> 3.01 | ... R9: {=IFERROR( ROUNDDOWN( IF( _xll.IMDP("IR",$AP$11,BC$8,$B$4)=0, NA(), _xll.IMDP("IR",$AP$11,BC$8,$B$4) ),3), NA())} -> #N/A | S9: 상대 | U9: 상대 | V9: {=IFERROR( ROUNDDOWN( IF(_xll.IMDP("IR",$AP$13,AN$8,$B$4)=0, NA(), _xll.IMDP("IR",$AP$13,AN$8,$B$4)),3), NA())} -> 3.393 | W9: {=IFERROR( ROUNDDOWN( IF(_xll.IMDP("IR",$AP$13,AO$8,$B$4)=0, NA(), _xll.IMDP("IR",$AP$13,AO$8,$B$4)),3), NA())} -> 3.361 | X9: {=IFERROR( ROUNDDOWN( IF(_xll.IMDP("IR",$AP$13,AP$8,$B$4)=0, NA(), _xll.IMDP("IR",$AP$13,AP$8,$B$4)),3), NA())} -> 3.298 | Y9: {=IFERROR( ROUNDDOWN( IF(_xll.IMDP("IR",$AP$13,AQ$8,$B$4)=0, NA(), _xll.IMDP("IR",$AP$13,AQ$8,$B$4)),3), NA())} -> 3.259 | Z9: {=IFERROR( ROUNDDOWN( IF(_xll.IMDP("IR",$AP$13,AR$8,$B$4)=0, NA(), _xll.IMDP("IR",$AP$13,AR$8,$B$4)),3), NA())} -> 3.197 | AA9: {=IFERROR( ROUNDDOWN( IF(_xll.IMDP("IR",$AP$13,AS$8,$B$4)=0, NA(), _xll.IMDP("IR",$AP$13,AS$8,$B$4)),3), NA())} -> 3.186 | AB9: {=IFERROR( ROUNDDOWN( IF(_xll.IMDP("IR",$AP$13,AT$8,$B$4)=0, NA(), _xll.IMDP("IR",$AP$13,AT$8,$B$4)),3), NA())} -> 3.156 | AC9: {=IFERROR( ROUNDDOWN( IF(_xll.IMDP("IR",$AP$13,AU$8,$B$4)=0, NA(), _xll.IMDP("IR",$AP$13,AU$8,$B$4)),3), NA())} -> 3.154 | ... AK9: {=IFERROR( ROUNDDOWN( IF(_xll.IMDP("IR",$AP$13,BC$8,$B$4)=0, NA(), _xll.IMDP("IR",$AP$13,BC$8,$B$4)),3), NA())} -> #N/A | AL9: 상대 | AN9: 1
B10: 대비 | C10: =(C9-C8)*100 -> 0.8 | D10: =(D9-D8)*100 -> 5.1 | E10: =(E9-E8)*100 -> 6 | F10: =(F9-F8)*100 -> 3.7 | G10: =(G9-G8)*100 -> 2.2 | H10: =(H9-H8)*100 -> 2.4 | I10: =(I9-I8)*100 -> 6.8 | J10: =(J9-J8)*100 -> 8.8 | ... R10: =(R9-R8)*100 -> #N/A | S10: 대비 | U10: 대비 | V10: =(V9-V8)*100 -> 5.5 | W10: =(W9-W8)*100 -> 15.8 | X10: =(X9-X8)*100 -> 18.6 | Y10: =(Y9-Y8)*100 -> 20.7 | Z10: =(Z9-Z8)*100 -> 14.2 | AA10: =(AA9-AA8)*100 -> 15.6 | AB10: =(AB9-AB8)*100 -> 21.2 | AC10: =(AC9-AC8)*100 -> 23.2 | ... AK10: =(AK9-AK8)*100 -> #N/A | AL10: 대비 | AN10: 기준1 | AO10: 1 | AP10: {=INDEX(code!$E$2:$K$72, $AO10, $AN$9)} -> BONDAVG01 | AV10: {=_xll.IMDP("IR",$AP$12,AZ$8,$B$4)} -> 2.982
AN11: 상대1 | AO11: 2 | AP11: {=INDEX(code!$E$2:$K$72, $AO11, $AN$9)} -> BONDAVG02
AN12: 기준2 | AO12: 1 | AP12: {=INDEX(code!$E$2:$K$72, $AO12, $AN$9)} -> BONDAVG01
AN13: 상대2 | AO13: 8 | AP13: {=INDEX(code!$E$2:$K$72, $AO13, $AN$9)} -> BONDAVG09
AN14: 기준3 | AO14: 1 | AP14: {=INDEX(code!$E$2:$K$72, $AO14, $AN$9)} -> BONDAVG01
AN15: 상대3 | AO15: 44 | AP15: {=INDEX(code!$E$2:$K$72, $AO15, $AN$9)} -> BONDAVG44
AN16: 기준4 | AO16: 1 | AP16: {=INDEX(code!$E$2:$K$72, $AO16, $AN$9)} -> BONDAVG01
AN17: 상대4 | AO17: 60 | AP17: {=INDEX(code!$E$2:$K$72, $AO17, $AN$9)} -> BONDAVG64
C33: 기준 | I33: 상대 | V33: 기준 | AB33: 상대
C34: 3M | D34: 6M | E34: 9M | F34: 1Y | G34: 1.5Y | H34: 2Y | I34: 2.5Y | J34: 3Y | K34: 4Y | L34: 5Y | M34: 7Y | N34: 10Y | O34: 15Y | P34: 20Y | Q34: 30Y | R34: 50Y | V34: 3M | W34: 6M | X34: 9M | Y34: 1Y | Z34: 1.5Y | AA34: 2Y | AB34: 2.5Y | AC34: 3Y | AD34: 4Y | AE34: 5Y | AF34: 7Y | AG34: 10Y | AH34: 15Y | AI34: 20Y | AJ34: 30Y | AK34: 50Y
B35: 기준 | C35: {=IFERROR( ROUNDDOWN( IF(_xll.IMDP("IR",$AP$14,AN$8,$B$4)=0, NA(), _xll.IMDP("IR",$AP$14,AN$8,$B$4)),3), NA())} -> 3.338 | D35: {=IFERROR( ROUNDDOWN( IF(_xll.IMDP("IR",$AP$14,AO$8,$B$4)=0, NA(), _xll.IMDP("IR",$AP$14,AO$8,$B$4)),3), NA())} -> 3.203 | E35: {=IFERROR( ROUNDDOWN( IF(_xll.IMDP("IR",$AP$14,AP$8,$B$4)=0, NA(), _xll.IMDP("IR",$AP$14,AP$8,$B$4)),3), NA())} -> 3.112 | F35: {=IFERROR( ROUNDDOWN( IF(_xll.IMDP("IR",$AP$14,AQ$8,$B$4)=0, NA(), _xll.IMDP("IR",$AP$14,AQ$8,$B$4)),3), NA())} -> 3.052 | G35: {=IFERROR( ROUNDDOWN( IF(_xll.IMDP("IR",$AP$14,AR$8,$B$4)=0, NA(), _xll.IMDP("IR",$AP$14,AR$8,$B$4)),3), NA())} -> 3.055 | H35: {=IFERROR( ROUNDDOWN( IF(_xll.IMDP("IR",$AP$14,AS$8,$B$4)=0, NA(), _xll.IMDP("IR",$AP$14,AS$8,$B$4)),3), NA())} -> 3.03 | I35: {=IFERROR( ROUNDDOWN( IF(_xll.IMDP("IR",$AP$14,AT$8,$B$4)=0, NA(), _xll.IMDP("IR",$AP$14,AT$8,$B$4)),3), NA())} -> 2.944 | J35: {=IFERROR( ROUNDDOWN( IF(_xll.IMDP("IR",$AP$14,AU$8,$B$4)=0, NA(), _xll.IMDP("IR",$AP$14,AU$8,$B$4)),3), NA())} -> 2.922 | ... R35: {=IFERROR( ROUNDDOWN( IF(_xll.IMDP("IR",$AP$14,BC$8,$B$4)=0, NA(), _xll.IMDP("IR",$AP$14,BC$8,$B$4)),3), NA())} -> 2.763 | S35: 기준 | U35: 기준 | V35: {=IFERROR( ROUNDDOWN( IF(_xll.IMDP("IR",$AP$16,AN$8,$B$4)=0, NA(), _xll.IMDP("IR",$AP$16,AN$8,$B$4)),3), NA())} -> 3.338 | W35: {=IFERROR( ROUNDDOWN( IF(_xll.IMDP("IR",$AP$16,AO$8,$B$4)=0, NA(), _xll.IMDP("IR",$AP$16,AO$8,$B$4)),3), NA())} -> 3.203 | X35: {=IFERROR( ROUNDDOWN( IF(_xll.IMDP("IR",$AP$16,AP$8,$B$4)=0, NA(), _xll.IMDP("IR",$AP$16,AP$8,$B$4)),3), NA())} -> 3.112 | Y35: {=IFERROR( ROUNDDOWN( IF(_xll.IMDP("IR",$AP$16,AQ$8,$B$4)=0, NA(), _xll.IMDP("IR",$AP$16,AQ$8,$B$4)),3), NA())} -> 3.052 | Z35: {=IFERROR( ROUNDDOWN( IF(_xll.IMDP("IR",$AP$16,AR$8,$B$4)=0, NA(), _xll.IMDP("IR",$AP$16,AR$8,$B$4)),3), NA())} -> 3.055 | AA35: {=IFERROR( ROUNDDOWN( IF(_xll.IMDP("IR",$AP$16,AS$8,$B$4)=0, NA(), _xll.IMDP("IR",$AP$16,AS$8,$B$4)),3), NA())} -> 3.03 | AB35: {=IFERROR( ROUNDDOWN( IF(_xll.IMDP("IR",$AP$16,AT$8,$B$4)=0, NA(), _xll.IMDP("IR",$AP$16,AT$8,$B$4)),3), NA())} -> 2.944 | AC35: {=IFERROR( ROUNDDOWN( IF(_xll.IMDP("IR",$AP$16,AU$8,$B$4)=0, NA(), _xll.IMDP("IR",$AP$16,AU$8,$B$4)),3), NA())} -> 2.922 | ... AK35: {=IFERROR( ROUNDDOWN( IF(_xll.IMDP("IR",$AP$16,BC$8,$B$4)=0, NA(), _xll.IMDP("IR",$AP$16,BC$8,$B$4)),3), NA())} -> 2.763 | AL35: 기준
B36: 상대 | C36: {=IFERROR(ROUNDDOWN( IF(_xll.IMDP("IR",$AP$15,AN$8,$B$4)=0, NA(), _xll.IMDP("IR",$AP$15,AN$8,$B$4)),3), NA())} -> 3.421 | D36: {=IFERROR(ROUNDDOWN( IF(_xll.IMDP("IR",$AP$15,AO$8,$B$4)=0, NA(), _xll.IMDP("IR",$AP$15,AO$8,$B$4)),3), NA())} -> 3.404 | E36: {=IFERROR(ROUNDDOWN( IF(_xll.IMDP("IR",$AP$15,AP$8,$B$4)=0, NA(), _xll.IMDP("IR",$AP$15,AP$8,$B$4)),3), NA())} -> 3.343 | F36: {=IFERROR(ROUNDDOWN( IF(_xll.IMDP("IR",$AP$15,AQ$8,$B$4)=0, NA(), _xll.IMDP("IR",$AP$15,AQ$8,$B$4)),3), NA())} -> 3.303 | G36: {=IFERROR(ROUNDDOWN( IF(_xll.IMDP("IR",$AP$15,AR$8,$B$4)=0, NA(), _xll.IMDP("IR",$AP$15,AR$8,$B$4)),3), NA())} -> 3.289 | H36: {=IFERROR(ROUNDDOWN( IF(_xll.IMDP("IR",$AP$15,AS$8,$B$4)=0, NA(), _xll.IMDP("IR",$AP$15,AS$8,$B$4)),3), NA())} -> 3.264 | I36: {=IFERROR(ROUNDDOWN( IF(_xll.IMDP("IR",$AP$15,AT$8,$B$4)=0, NA(), _xll.IMDP("IR",$AP$15,AT$8,$B$4)),3), NA())} -> 3.251 | J36: {=IFERROR(ROUNDDOWN( IF(_xll.IMDP("IR",$AP$15,AU$8,$B$4)=0, NA(), _xll.IMDP("IR",$AP$15,AU$8,$B$4)),3), NA())} -> 3.245 | ... R36: {=IFERROR(ROUNDDOWN( IF(_xll.IMDP("IR",$AP$15,BC$8,$B$4)=0, NA(), _xll.IMDP("IR",$AP$15,BC$8,$B$4)),3), NA())} -> #N/A | S36: 상대 | U36: 상대 | V36: {=IFERROR( ROUNDDOWN( IF(_xll.IMDP("IR",$AP$17,AN$8,$B$4)=0, NA(), _xll.IMDP("IR",$AP$17,AN$8,$B$4)),3), NA())} -> 5.51 | W36: {=IFERROR( ROUNDDOWN( IF(_xll.IMDP("IR",$AP$17,AO$8,$B$4)=0, NA(), _xll.IMDP("IR",$AP$17,AO$8,$B$4)),3), NA())} -> 6.157 | X36: {=IFERROR( ROUNDDOWN( IF(_xll.IMDP("IR",$AP$17,AP$8,$B$4)=0, NA(), _xll.IMDP("IR",$AP$17,AP$8,$B$4)),3), NA())} -> 6.725 | Y36: {=IFERROR( ROUNDDOWN( IF(_xll.IMDP("IR",$AP$17,AQ$8,$B$4)=0, NA(), _xll.IMDP("IR",$AP$17,AQ$8,$B$4)),3), NA())} -> 7.071 | Z36: {=IFERROR( ROUNDDOWN( IF(_xll.IMDP("IR",$AP$17,AR$8,$B$4)=0, NA(), _xll.IMDP("IR",$AP$17,AR$8,$B$4)),3), NA())} -> 7.732 | AA36: {=IFERROR( ROUNDDOWN( IF(_xll.IMDP("IR",$AP$17,AS$8,$B$4)=0, NA(), _xll.IMDP("IR",$AP$17,AS$8,$B$4)),3), NA())} -> 8.458 | AB36: {=IFERROR( ROUNDDOWN( IF(_xll.IMDP("IR",$AP$17,AT$8,$B$4)=0, NA(), _xll.IMDP("IR",$AP$17,AT$8,$B$4)),3), NA())} -> 8.981 | AC36: {=IFERROR( ROUNDDOWN( IF(_xll.IMDP("IR",$AP$17,AU$8,$B$4)=0, NA(), _xll.IMDP("IR",$AP$17,AU$8,$B$4)),3), NA())} -> 9.393 | ... AK36: {=IFERROR( ROUNDDOWN( IF(_xll.IMDP("IR",$AP$17,BC$8,$B$4)=0, NA(), _xll.IMDP("IR",$AP$17,BC$8,$B$4)),3), NA())} -> #N/A | AL36: 상대
B37: 대비 | C37: =(C36-C35)*100 -> 8.3 | D37: =(D36-D35)*100 -> 20.1 | E37: =(E36-E35)*100 -> 23.1 | F37: =(F36-F35)*100 -> 25.1 | G37: =(G36-G35)*100 -> 23.4 | H37: =(H36-H35)*100 -> 23.4 | I37: =(I36-I35)*100 -> 30.7 | J37: =(J36-J35)*100 -> 32.3 | ... R37: =(R36-R35)*100 -> #N/A | S37: 대비 | U37: 대비 | V37: =(V36-V35)*100 -> 217.2 | W37: =(W36-W35)*100 -> 295.4 | X37: =(X36-X35)*100 -> 361.3 | Y37: =(Y36-Y35)*100 -> 401.9 | Z37: =(Z36-Z35)*100 -> 467.7 | AA37: =(AA36-AA35)*100 -> 542.8 | AB37: =(AB36-AB35)*100 -> 603.7 | AC37: =(AC36-AC35)*100 -> 647.1 | ... AK37: =(AK36-AK35)*100 -> #N/A | AL37: 대비

Sheet code
E1: 3사평균 | F1: 4사평균 | G1: KAP | H1: KIS | I1: NICE | J1: FN | K1: KOFIA
A2: 국채 | B2: 국고채 | C2: 양곡,외평,재정 | D2: 국고채권 | E2: BONDAVG01 | F2: BONDAV401 | G2: BONDKBPA100 | H2: BONDKIS1013000 | I2: BONDNIC1010000 | J2: BONDFNP1010000 | K2: BONDKSD1010000
B3: 국민주택1종 | C3: 복리채 | D3: 국민주택1종 | E3: BONDAVG02 | F3: BONDAV402 | G3: BONDKBPA300 | H3: BONDKIS1030000 | I3: BONDNIC1030000 | J3: BONDFNP1030000 | K3: BONDKSD1030000
B4: 국민주택2종 | C4: 복리채 | D4: 국민주택2종 | E4: BONDAVG03 | F4: BONDAV403 | G4: BONDKBPA200 | H4: BONDKIS1020000 | I4: BONDNIC1020000 | J4: BONDFNP1020000 | K4: BONDKSD1020000
B5: 국민주택3종 | C5: 복리채 | D5: 국민주택3종 | E5: BONDAVG04 | F5: BONDAV404 | G5: BONDKBPA400 | I5: BONDNIC1015000
A6: 지방채 | B6: 서울도시철도 | C6: 분할거치 | D6: 서울도시철도 | E6: BONDAVG05 | F6: BONDAV405 | G6: BONDKBPB100 | H6: BONDKIS2010000 | I6: BONDNIC2010000 | J6: BONDFNP2010000 | K6: BONDKSD2010000
B7: 지역개발채 | C7: 복리채 | D7: 지역개발채 | E7: BONDAVG06 | F7: BONDAV406 | G7: BONDKBPB200 | H7: BONDKIS2020000 | I7: BONDNIC2020000 | J7: BONDFNP2020000 | K7: BONDKSD2020000
A8: 공사/공단채 | B8: 공사/공단채 | C8: 정부보증 | D8: 공사채(정부보증) | E8: BONDAVG13 | F8: BONDAV409 | G8: BONDKBPC500 | H8: BONDKIS3050000 | I8: BONDNIC3050000 | J8: BONDFNP3050000 | K8: BONDKSD3030110
C9: AAA | D9: 공사/공단채 AAA | E9: BONDAVG09 | F9: BONDAV410 | G9: BONDKBPC300 | H9: BONDKIS3033110 | I9: BONDNIC3030110 | J9: BONDFNP3030110 | K9: BONDKSD3040121
C10: AA+ | D10: 공사/공단채 AA+ | E10: BONDAVG10 | F10: BONDAV411 | G10: BONDKBPC401 | H10: BONDKIS3043121 | I10: BONDNIC3040111 | J10: BONDFNP3040121 | K10: BONDKSD3040120
C11: AA0 | D11: 공사/공단채 AA | E11: BONDAVG11 | F11: BONDAV412 | G11: BONDKBPC400 | H11: BONDKIS3043122 | I11: BONDNIC3040112 | J11: BONDFNP3040122
C12: AA- | D12: 공사/공단채 AA- | E12: BONDAVG12 | F12: BONDAV413 | G12: BONDKBPC402 | H12: BONDKIS3043123 | I12: BONDNIC3040113 | J12: BONDFNP3040123 | K12: BONDKSD3070000
A13: 통안증권 | B13: 통안증권 | C13: 이표채 | D13: 통안증권 | E13: BONDAVG14 | F13: BONDAV414 | G13: BONDKBPD000 | H13: BONDKIS4003000 | I13: BONDNIC4000000 | J13: BONDFNP4000000 | K13: BONDKSD4000000
C14: 할인채 | D14: 이표채외통안채 | E14: BONDAVG15 | F14: BONDAV415 | G14: BONDKBPD001
A15: 커버드본드 | B15: 커버드본드 | C15: AAA | D15: 커버드본드 | E15: BONDAVG84 | F15: BONDAV484 | G15: BONDKBPE13C | H15: BONDKIS4050000 | I15: BONDNIC4050000 | J15: BONDFNP4050000 | K15: BONDKSD4050000
A16: 금융채 | B16: 은행채 | C16: AAA(산금-이표) | D16: 금융채 산금채 AAA | E16: BONDAVG16 | F16: BONDAV416 | G16: BONDKBPE110 | H16: BONDKIS5013110 | I16: BONDNIC5010110 | J16: BONDFNP5010110 | K16: BONDKSD5010110
C17: AAA(산금-할인) | D17: 금융채I-이표채외산금채 | E17: BONDAVG17 | F17: BONDAV417 | G17: BONDKBPE111
C18: AAA(중금_이표) | D18: 금융채 중금채 AAA | E18: BONDAVG18 | F18: BONDAV418 | G18: BONDKBPE120 | H18: BONDKIS5023110 | I18: BONDNIC5020110 | J18: BONDFNP5020110 | K18: BONDKSD5020110
C19: AAA(중금-할인) | D19: 금융채I-이표채외중기채 | E19: BONDAVG19 | F19: BONDAV419 | G19: BONDKBPE121
C20: AAA | D20: 금융채 은행채 AAA | E20: BONDAVG20 | F20: BONDAV420 | G20: BONDKBPE130 | H20: BONDKIS5033110 | I20: BONDNIC5030110 | J20: BONDFNP5030110 | K20: BONDKSD5030110
C21: AA+ | D21: 금융채 은행채 AA+ | E21: BONDAVG21 | F21: BONDAV421 | G21: BONDKBPE144 | H21: BONDKIS5043121 | I21: BONDNIC5040111 | J21: BONDFNP5040121
C22: AA0 | D22: 금융채 은행채 AA | E22: BONDAVG22 | F22: BONDAV422 | G22: BONDKBPE140 | H22: BONDKIS5043122 | I22: BONDNIC5040112 | J22: BONDFNP5040122 | K22: BONDKSD5040120
C23: AA- | D23: 금융채 은행채 AA- | E23: BONDAVG23 | F23: BONDAV423 | G23: BONDKBPE142 | H23: BONDKIS5043123 | I23: BONDNIC5040113 | J23: BONDFNP5040123
C24: A+ | D24: 금융채 은행채 A+ | E24: BONDAVG24 | F24: BONDAV424 | G24: BONDKBPE150 | H24: BONDKIS5053131 | I24: BONDNIC5050111 | J24: BONDFNP5050131 | K24: BONDKSD5050131
C25: A0 | D25: 금융채 은행채 A | E25: BONDAVG25 | F25: BONDAV425 | H25: BONDKIS5053132 | I25: BONDNIC5050112 | J25: BONDFNP5050132
C26: A- | D26: 금융채 은행채 A- | E26: BONDAVG26 | F26: BONDAV426 | H26: BONDKIS5053133 | I26: BONDNIC5050113 | J26: BONDFNP5050133
B27: 카드채 | C27: AA+ | D27: 금융채 카드채 AA+ | E27: BONDAVG81 | F27: BONDAV481 | G27: BONDKBPE204 | H27: BONDKIS9999119 | I27: BONDNIC6040111 | J27: BONDFNP6010121 | K27: BONDKSD6010121
C28: AA0 | D28: 금융채 카드채 AA | E28: BONDAVG27 | F28: BONDAV427 | G28: BONDKBPE202 | H28: BONDKIS9999111 | I28: BONDNIC6040112 | J28: BONDFNP6010122 | K28: BONDKSD6010122
C29: AA- | D29: 금융채 카드채 AA- | E29: BONDAVG28 | F29: BONDAV428 | G29: BONDKBPE200 | H29: BONDKIS9999112 | I29: BONDNIC6040113 | J29: BONDFNP6010123 | K29: BONDKSD6010123
C30: A+ | D30: 금융채 카드채 A+ | E30: BONDAVG29 | F30: BONDAV429 | G30: BONDKBPE210 | H30: BONDKIS9999113 | I30: BONDNIC6050111 | J30: BONDFNP6010131 | K30: BONDKSD6010131
C31: A0 | D31: 금융채 카드채 A | E31: BONDAVG30 | F31: BONDAV430 | G31: BONDKBPE220 | H31: BONDKIS9999114 | I31: BONDNIC6050112 | J31: BONDFNP6010132 | K31: BONDKSD6010132
C32: A- | D32: 금융채 카드채 A- | E32: BONDAVG31 | F32: BONDAV431 | G32: BONDKBPE230 | H32: BONDKIS9999115 | I32: BONDNIC6050113 | J32: BONDFNP6010133 | K32: BONDKSD6010133
C33: BBB+ | D33: 금융채 카드채 BBB+ | E33: BONDAVG32 | F33: BONDAV432 | H33: BONDKIS9999116 | I33: BONDNIC6060111 | J33: BONDFNP6010211
C34: BBB0 | D34: 금융채 카드채 BBB0 | E34: BONDAVG33 | F34: BONDAV433 | H34: BONDKIS9999117 | I34: BONDNIC6060112 | J34: BONDFNP6010212 | K34: BONDKSD6010210
C35: BBB- | D35: 금융채 카드채 BBB- | E35: BONDAVG34 | F35: BONDAV434 | H35: BONDKIS9999118 | I35: BONDNIC6060113 | J35: BONDFNP6010213
B36: 기타금융채 | C36: AA+ | D36: 기타금융채AA+(3개월이표) | E36: BONDAVG82 | F36: BONDAV482 | G36: BONDKBPE304 | H36: BONDKIS6013121 | I36: BONDNIC9999118 | J36: BONDFNP9999118
C37: AA0 | D37: 기타금융채AA0(3개월이표) | E37: BONDAVG36 | F37: BONDAV436 | G37: BONDKBPE302 | H37: BONDKIS6013122 | I37: BONDNIC9999110 | J37: BONDFNP9999110
C38: AA- | D38: 기타금융채AA-(3개월이표) | E38: BONDAVG37 | F38: BONDAV437 | G38: BONDKBPE300 | H38: BONDKIS6013123 | I38: BONDNIC9999111 | J38: BONDFNP9999111
C39: A+ | D39: 기타금융채A+(3개월이표) | E39: BONDAVG38 | F39: BONDAV438 | G39: BONDKBPE310 | H39: BONDKIS6013131 | I39: BONDNIC9999112 | J39: BONDFNP9999112
C40: A0 | D40: 기타금융채A0(3개월이표) | E40: BONDAVG39 | F40: BONDAV439 | G40: BONDKBPE320 | H40: BONDKIS6013132 | I40: BONDNIC9999113 | J40: BONDFNP9999113
C41: A- | D41: 기타금융채A-(3개월이표) | E41: BONDAVG40 | F41: BONDAV440 | G41: BONDKBPE330 | H41: BONDKIS6013133 | I41: BONDNIC9999114 | J41: BONDFNP9999114
C42: BBB+ | D42: 기타금융채BBB+(3개월이표) | E42: BONDAVG41 | F42: BONDAV441 | G42: BONDKBPE342 | H42: BONDKIS6013211 | I42: BONDNIC9999115 | J42: BONDFNP9999115
C43: BBB0 | D43: 기타금융채BBB0(3개월이표) | E43: BONDAVG42 | F43: BONDAV442 | G43: BONDKBPE340 | H43: BONDKIS6013212 | I43: BONDNIC9999116 | J43: BONDFNP9999116
C44: BBB- | D44: 기타금융채BBB-(3개월이표) | E44: BONDAVG43 | F44: BONDAV443 | G44: BONDKBPE350 | H44: BONDKIS6013213 | I44: BONDNIC9999117 | J44: BONDFNP9999117
A45: 회사채 | B45: 공모/보증 | C45: 특수,우량시중은행 | D45: 회사채 공모/보증 특수은행보증 | E45: BONDAVG44 | F45: BONDAV444 | G45: BONDKBPF114 | I45: BONDNIC7130110 | J45: BONDFNP7020110 | K45: BONDKSD7020110
C46: 시중은행 | D46: 회사채 공모/보증 시중은행보증 | E46: BONDAVG45 | F46: BONDAV445 | G46: BONDKBPF124 | I46: BONDNIC7140112 | J46: BONDFNP7020120 | K46: BONDKSD7020120
C47: 우량지방은행 | D47: 회사채 공모/보증 우량지방은행보증 | E47: BONDAVG46 | F47: BONDAV446 | G47: BONDKBPF134 | I47: BONDNIC7150111 | J47: BONDFNP7020130 | K47: BONDKSD7020130
C48: 기타금융기관 | D48: 회사채 공모/보증 기타금융기관보증 | E48: BONDAVG47 | F48: BONDAV447 | G48: BONDKBPF144 | I48: BONDNIC7150113 | J48: BONDFNP7020210 | K48: BONDKSD7020210
C49: AA+ | D49: 회사채 공모/보증 AA+ | E49: BONDAVG49 | F49: BONDAV449 | I49: BONDNIC7140111
C50: AA- | D50: 회사채 공모/보증 AA- | E50: BONDAVG51 | F50: BONDAV451 | I50: BONDNIC7140113
C51: A0 | D51: 회사채 공모/보증 A | E51: BONDAVG53 | F51: BONDAV453 | I51: BONDNIC7150112
B52: 공모/무보증 | C52: AAA | D52: 회사채AAA(공모/무보증) | E52: BONDAVG55 | F52: BONDAV455 | G52: BONDKBPF212 | H52: BONDKIS7010110 | I52: BONDNIC7030110 | J52: BONDFNP7010110 | K52: BONDKSD7010110
C53: AA+ | D53: 회사채AA+(공모/무보증) | E53: BONDAVG56 | F53: BONDAV456 | G53: BONDKBPF221 | H53: BONDKIS7010121 | I53: BONDNIC7040111 | J53: BONDFNP7010121 | K53: BONDKSD7010121
C54: AA0 | D54: 회사채AA0(공모/무보증) | E54: BONDAVG57 | F54: BONDAV457 | G54: BONDKBPF222 | H54: BONDKIS7010122 | I54: BONDNIC7040112 | J54: BONDFNP7010122 | K54: BONDKSD7010122
C55: AA- | D55: 회사채AA-(공모/무보증) | E55: BONDAVG58 | F55: BONDAV458 | G55: BONDKBPF223 | H55: BONDKIS7010123 | I55: BONDNIC7040113 | J55: BONDFNP7010123 | K55: BONDKSD7010123
C56: A+ | D56: 회사채A+(공모/무보증) | E56: BONDAVG59 | F56: BONDAV459 | G56: BONDKBPF231 | H56: BONDKIS7010131 | I56: BONDNIC7050111 | J56: BONDFNP7010131 | K56: BONDKSD7010131
C57: A0 | D57: 회사채A0(공모/무보증) | E57: BONDAVG60 | F57: BONDAV460 | G57: BONDKBPF232 | H57: BONDKIS7010132 | I57: BONDNIC7050112 | J57: BONDFNP7010132 | K57: BONDKSD7010132
C58: A- | D58: 회사채A-(공모/무보증) | E58: BONDAVG61 | F58: BONDAV461 | G58: BONDKBPF233 | H58: BONDKIS7010133 | I58: BONDNIC7050113 | J58: BONDFNP7010133 | K58: BONDKSD7010133
C59: BBB+ | D59: 회사채BBB+(공모/무보증) | E59: BONDAVG62 | F59: BONDAV462 | G59: BONDKBPF241 | H59: BONDKIS7010211 | I59: BONDNIC7060111 | J59: BONDFNP7010211 | K59: BONDKSD7010211
C60: BBB0 | D60: 회사채BBB0(공모/무보증) | E60: BONDAVG63 | F60: BONDAV463 | G60: BONDKBPF242 | H60: BONDKIS7010212 | I60: BONDNIC7060112 | J60: BONDFNP7010212 | K60: BONDKSD7010212
C61: BBB- | D61: 회사채BBB-(공모/무보증) | E61: BONDAVG64 | F61: BONDAV464 | G61: BONDKBPF243 | H61: BONDKIS7010213 | I61: BONDNIC7060113 | J61: BONDFNP7010213 | K61: BONDKSD7010213
B62: 사모/무보증 | C62: AAA | D62: 회사채AAA(사모/무) | E62: BONDAVG69 | F62: BONDAV469 | G62: BONDKBPF312 | H62: BONDKIS8010110 | I62: BONDNIC8030110 | J62: BONDFNP8010110 | K62: BONDKSD8010110
C63: AA+ | D63: 회사채AA+(사모/무) | E63: BONDAVG70 | F63: BONDAV470 | G63: BONDKBPF321 | H63: BONDKIS8010121 | I63: BONDNIC8040111 | J63: BONDFNP8010121
C64: AA0 | D64: 회사채AA0(사모/무) | E64: BONDAVG71 | F64: BONDAV471 | G64: BONDKBPF322 | H64: BONDKIS8010122 | I64: BONDNIC8040112 | J64: BONDFNP8010122 | K64: BONDKSD8010120
C65: AA- | D65: 회사채AA-(사모/무) | E65: BONDAVG72 | F65: BONDAV472 | G65: BONDKBPF323 | H65: BONDKIS8010123 | I65: BONDNIC8040113 | J65: BONDFNP8010123
C66: A+ | D66: 회사채A+(사모/무) | E66: BONDAVG73 | F66: BONDAV473 | G66: BONDKBPF331 | H66: BONDKIS8010131 | I66: BONDNIC8050111 | J66: BONDFNP8010131 | K66: BONDKSD8010131
C67: A0 | D67: 회사채A0(사모/무) | E67: BONDAVG74 | F67: BONDAV474 | G67: BONDKBPF332 | H67: BONDKIS8010132 | I67: BONDNIC8050112 | J67: BONDFNP8010132 | K67: BONDKSD8010132
C68: A- | D68: 회사채A-(사모/무) | E68: BONDAVG75 | F68: BONDAV475 | G68: BONDKBPF333 | H68: BONDKIS8010133 | I68: BONDNIC8050113 | J68: BONDFNP8010133 | K68: BONDKSD8010133
C69: BBB+ | D69: 회사채BBB+(사모/무) | E69: BONDAVG76 | F69: BONDAV476 | G69: BONDKBPF341 | H69: BONDKIS8010211 | I69: BONDNIC8060111 | J69: BONDFNP8110211
C70: BBB0 | D70: 회사채BBB0(사모/무) | E70: BONDAVG77 | F70: BONDAV477 | G70: BONDKBPF342 | H70: BONDKIS8010212 | I70: BONDNIC8060112 | J70: BONDFNP8110212
C71: BBB- | D71: 회사채BBB-(사모/무) | E71: BONDAVG78 | F71: BONDAV478 | G71: BONDKBPF343 | H71: BONDKIS8010213 | I71: BONDNIC8060113 | J71: BONDFNP8110213
A72: 유동화증권 | B72: KHFC MBS/SLBS | C72: AAA | D72: 유동화증권 KHFC MBS/SLBS AAA | E72: BONDAVG79 | F72: BONDAV479 | G72: BONDKBPZ001 | H72: BONDKIS3060000 | I72: BONDNIC7430110 | J72: BONDFNP3060000 | K72: BONDKSD3060000
