Workbook

Sheet Hist
C2: 시가평가 Spread 분석
J5: =IF( hist_data!$B$4="#N/A", " 없는 그룹입니다. 다른 채권이나 중개사를 선택하세요", IF(OFFSET(hist_data!$B$7, 0, hist_data!$D$3)=0, " 없는 기물입니다. 다른 기물을 선택하세요", ""))
J10: =IF( hist_data!$S$4="#N/A", " 없는 그룹입니다. 다른 채권이나 중개사를 선택하세요", "" )
E13: =hist_data!$B7 -> 45520 | F13: =hist_data!$B8 -> 45518 | G13: =hist_data!$B9 -> 45517 | H13: =hist_data!$B10 -> 45516 | I13: =hist_data!$B11 -> 45513 | J13: =hist_data!$B12 -> 45512 | K13: =hist_data!$B13 -> 45511 | L13: =hist_data!$B14 -> 45510 | M13: =hist_data!$B15 -> 45509 | N13: =hist_data!$B16 -> 45506 | O13: =hist_data!$B17 -> 45505 | P13: =hist_data!$B18 -> 45504 | R13: 20 | S13: 20 | T13: 20 | U13: 60 | V13: 60 | W13: 60 | X13: 120 | Y13: 120 | Z13: 120 | AA13: 250 | AB13: 250 | AC13: 250
C14: 기준 - 비교 | E14: =TEXT(E$13, "YYYY") -> 2024 | F14: =TEXT(F$13, "YYYY") -> 2024 | G14: =TEXT(G$13, "YYYY") -> 2024 | H14: =TEXT(H$13, "YYYY") -> 2024 | I14: =TEXT(I$13, "YYYY") -> 2024 | J14: =TEXT(J$13, "YYYY") -> 2024 | K14: =TEXT(K$13, "YYYY") -> 2024 | L14: =TEXT(L$13, "YYYY") -> 2024 | ... P14: =TEXT(P$13, "YYYY") -> 2024 | R14: 20D | U14: 60D | X14: 120D | AA14: 250D
E15: =TEXT(E$13, "MM-DD") -> 08-16 | F15: =TEXT(F$13, "MM-DD") -> 08-14 | G15: =TEXT(G$13, "MM-DD") -> 08-13 | H15: =TEXT(H$13, "MM-DD") -> 08-12 | I15: =TEXT(I$13, "MM-DD") -> 08-09 | J15: =TEXT(J$13, "MM-DD") -> 08-08 | K15: =TEXT(K$13, "MM-DD") -> 08-07 | L15: =TEXT(L$13, "MM-DD") -> 08-06 | ... P15: =TEXT(P$13, "MM-DD") -> 07-31 | R15: Avg. | S15: Max. | T15: Min. | U15: Avg. | V15: Max. | W15: Min. | X15: Avg. | Y15: Max. | Z15: Min. | AA15: Avg. | AB15: Max. | AC15: Min.
C16: 비교 | D16: 기준 | E16: {=IF( INDEX( hist_data!$B$6:$R$256, MATCH(E$13, hist_data!$B$6:$B$256, 0), hist_data!$D$3+1)=0, "", INDEX( hist_data!$B$6:$R$256, MATCH(E$13, hist_data!$B$6:$B$256, 0), hist_data!$D$3+1))} -> 2.922 | F16: {=IF( INDEX( hist_data!$B$6:$R$256, MATCH(F$13, hist_data!$B$6:$B$256, 0), hist_data!$D$3+1)=0, "", INDEX( hist_data!$B$6:$R$256, MATCH(F$13, hist_data!$B$6:$B$256, 0), hist_data!$D$3+1))} -> 2.887 | G16: {=IF( INDEX( hist_data!$B$6:$R$256, MATCH(G$13, hist_data!$B$6:$B$256, 0), hist_data!$D$3+1)=0, "", INDEX( hist_data!$B$6:$R$256, MATCH(G$13, hist_data!$B$6:$B$256, 0), hist_data!$D$3+1))} -> 2.915 | H16: {=IF( INDEX( hist_data!$B$6:$R$256, MATCH(H$13, hist_data!$B$6:$B$256, 0), hist_data!$D$3+1)=0, "", INDEX( hist_data!$B$6:$R$256, MATCH(H$13, hist_data!$B$6:$B$256, 0), hist_data!$D$3+1))} -> 2.945 | I16: {=IF( INDEX( hist_data!$B$6:$R$256, MATCH(I$13, hist_data!$B$6:$B$256, 0), hist_data!$D$3+1)=0, "", INDEX( hist_data!$B$6:$R$256, MATCH(I$13, hist_data!$B$6:$B$256, 0), hist_data!$D$3+1))} -> 2.94 | J16: {=IF( INDEX( hist_data!$B$6:$R$256, MATCH(J$13, hist_data!$B$6:$B$256, 0), hist_data!$D$3+1)=0, "", INDEX( hist_data!$B$6:$R$256, MATCH(J$13, hist_data!$B$6:$B$256, 0), hist_data!$D$3+1))} -> 2.919 | K16: {=IF( INDEX( hist_data!$B$6:$R$256, MATCH(K$13, hist_data!$B$6:$B$256, 0), hist_data!$D$3+1)=0, "", INDEX( hist_data!$B$6:$R$256, MATCH(K$13, hist_data!$B$6:$B$256, 0), hist_data!$D$3+1))} -> 2.931 | L16: {=IF( INDEX( hist_data!$B$6:$R$256, MATCH(L$13, hist_data!$B$6:$B$256, 0), hist_data!$D$3+1)=0, "", INDEX( hist_data!$B$6:$R$256, MATCH(L$13, hist_data!$B$6:$B$256, 0), hist_data!$D$3+1))} -> 2.94 | ... P16: {=IF( INDEX( hist_data!$B$6:$R$256, MATCH(P$13, hist_data!$B$6:$B$256, 0), hist_data!$D$3+1)=0, "", INDEX( hist_data!$B$6:$R$256, MATCH(P$13, hist_data!$B$6:$B$256, 0), hist_data!$D$3+1))} -> 3 | R16: =IF( $E16="", "", AVERAGE( OFFSET( hist_data!$B$7, 0, hist_data!$D$3, R$13) ) ) -> 2.97005 | S16: =IF( $E16="", "", MAX( OFFSET( hist_data!$B$7, 0, hist_data!$D$3, S$13) ) ) -> 3.087 | T16: =IF( $E16="", "", MIN( OFFSET( hist_data!$B$7, 0, hist_data!$D$3, T$13) ) ) -> 2.815 | U16: =IF( $E16="", "", AVERAGE( OFFSET( hist_data!$B$7, 0, hist_data!$D$3, U$13) ) ) -> 3.1466333 | V16: =IF( $E16="", "", MAX( OFFSET( hist_data!$B$7, 0, hist_data!$D$3, V$13) ) ) -> 3.452 | W16: =IF( $E16="", "", MIN( OFFSET( hist_data!$B$7, 0, hist_data!$D$3, W$13) ) ) -> 2.815 | X16: =IF( $E16="", "", AVERAGE( OFFSET( hist_data!$B$7, 0, hist_data!$D$3, X$13) ) ) -> 3.2661917 | Y16: =IF( $E16="", "", MAX( OFFSET( hist_data!$B$7, 0, hist_data!$D$3, Y$13) ) ) -> 3.54 | Z16: =IF( $E16="", "", MIN( OFFSET( hist_data!$B$7, 0, hist_data!$D$3, Z$13) ) ) -> 2.815 | AA16: =IF( $E16="", "", AVERAGE( OFFSET( hist_data!$B$7, 0, hist_data!$D$3, AA$13) ) ) -> 3.450952 | AB16: =IF( $E16="", "", MAX( OFFSET( hist_data!$B$7, 0, hist_data!$D$3, AB$13) ) ) -> 4.14 | AC16: =IF( $E16="", "", MIN( OFFSET( hist_data!$B$7, 0, hist_data!$D$3, AC$13) ) ) -> 2.815
A17: 1 | C17: {=INDEX(hist_data!$A$6:$A$21, Hist!$A17)} -> 03M | E17: {=IF( INDEX(hist_data!$S$6:$AI$256, MATCH(E$13, hist_data!$S$6:$S$256, 0), MATCH($C17, hist_data!$A$6:$A$21, 0)+1)=0, "", INDEX(hist_data!$S$6:$AI$256, MATCH(E$13, hist_data!$S$6:$S$256, 0), MATCH($C17, hist_data!$A$6:$A$21, 0)+1) )} -> 3.393 | F17: {=IF( INDEX(hist_data!$S$6:$AI$256, MATCH(F$13, hist_data!$S$6:$S$256, 0), MATCH($C17, hist_data!$A$6:$A$21, 0)+1)=0, "", INDEX(hist_data!$S$6:$AI$256, MATCH(F$13, hist_data!$S$6:$S$256, 0), MATCH($C17, hist_data!$A$6:$A$21, 0)+1) )} -> 3.388 | G17: {=IF( INDEX(hist_data!$S$6:$AI$256, MATCH(G$13, hist_data!$S$6:$S$256, 0), MATCH($C17, hist_data!$A$6:$A$21, 0)+1)=0, "", INDEX(hist_data!$S$6:$AI$256, MATCH(G$13, hist_data!$S$6:$S$256, 0), MATCH($C17, hist_data!$A$6:$A$21, 0)+1) )} -> 3.386 | H17: {=IF( INDEX(hist_data!$S$6:$AI$256, MATCH(H$13, hist_data!$S$6:$S$256, 0), MATCH($C17, hist_data!$A$6:$A$21, 0)+1)=0, "", INDEX(hist_data!$S$6:$AI$256, MATCH(H$13, hist_data!$S$6:$S$256, 0), MATCH($C17, hist_data!$A$6:$A$21, 0)+1) )} -> 3.386 | I17: {=IF( INDEX(hist_data!$S$6:$AI$256, MATCH(I$13, hist_data!$S$6:$S$256, 0), MATCH($C17, hist_data!$A$6:$A$21, 0)+1)=0, "", INDEX(hist_data!$S$6:$AI$256, MATCH(I$13, hist_data!$S$6:$S$256, 0), MATCH($C17, hist_data!$A$6:$A$21, 0)+1) )} -> 3.383 | J17: {=IF( INDEX(hist_data!$S$6:$AI$256, MATCH(J$13, hist_data!$S$6:$S$256, 0), MATCH($C17, hist_data!$A$6:$A$21, 0)+1)=0, "", INDEX(hist_data!$S$6:$AI$256, MATCH(J$13, hist_data!$S$6:$S$256, 0), MATCH($C17, hist_data!$A$6:$A$21, 0)+1) )} -> 3.38 | K17: {=IF( INDEX(hist_data!$S$6:$AI$256, MATCH(K$13, hist_data!$S$6:$S$256, 0), MATCH($C17, hist_data!$A$6:$A$21, 0)+1)=0, "", INDEX(hist_data!$S$6:$AI$256, MATCH(K$13, hist_data!$S$6:$S$256, 0), MATCH($C17, hist_data!$A$6:$A$21, 0)+1) )} -> 3.376 | L17: {=IF( INDEX(hist_data!$S$6:$AI$256, MATCH(L$13, hist_data!$S$6:$S$256, 0), MATCH($C17, hist_data!$A$6:$A$21, 0)+1)=0, "", INDEX(hist_data!$S$6:$AI$256, MATCH(L$13, hist_data!$S$6:$S$256, 0), MATCH($C17, hist_data!$A$6:$A$21, 0)+1) )} -> 3.361 | ... P17: {=IF( INDEX(hist_data!$S$6:$AI$256, MATCH(P$13, hist_data!$S$6:$S$256, 0), MATCH($C17, hist_data!$A$6:$A$21, 0)+1)=0, "", INDEX(hist_data!$S$6:$AI$256, MATCH(P$13, hist_data!$S$6:$S$256, 0), MATCH($C17, hist_data!$A$6:$A$21, 0)+1) )} -> 3.393 | R17: =IF($E17="", "", AVERAGE( OFFSET( hist_data!$S$7, 0, MATCH($C17, hist_data!$A$6:$A$21, 0), R$13 ) )) -> 3.3868 | S17: =IF($E17="","",MAX(OFFSET(hist_data!$S$7,0,MATCH($C17,hist_data!$A$6:$A$21,0),S$13))) -> 3.398 | T17: =IF($E17="","",MIN(OFFSET(hist_data!$S$7,0,MATCH($C17,hist_data!$A$6:$A$21,0),T$13))) -> 3.351 | U17: =IF($E17="", "", AVERAGE( OFFSET( hist_data!$S$7, 0, MATCH($C17, hist_data!$A$6:$A$21, 0), U$13 ) )) -> 3.4558333 | V17: =IF($E17="","",MAX(OFFSET(hist_data!$S$7,0,MATCH($C17,hist_data!$A$6:$A$21,0),V$13))) -> 3.534 | W17: =IF($E17="","",MIN(OFFSET(hist_data!$S$7,0,MATCH($C17,hist_data!$A$6:$A$21,0),W$13))) -> 3.351 | X17: =IF($E17="", "", AVERAGE( OFFSET( hist_data!$S$7, 0, MATCH($C17, hist_data!$A$6:$A$21, 0), X$13 ) )) -> 3.5080167 | Y17: =IF($E17="","",MAX(OFFSET(hist_data!$S$7,0,MATCH($C17,hist_data!$A$6:$A$21,0),Y$13))) -> 3.634 | Z17: =IF($E17="","",MIN(OFFSET(hist_data!$S$7,0,MATCH($C17,hist_data!$A$6:$A$21,0),Z$13))) -> 3.351 | AA17: =IF($E17="", "", AVERAGE( OFFSET( hist_data!$S$7, 0, MATCH($C17, hist_data!$A$6:$A$21, 0), AA$13 ) )) -> 3.641748 | AB17: =IF($E17="","",MAX(OFFSET(hist_data!$S$7,0,MATCH($C17,hist_data!$A$6:$A$21,0),AB$13))) -> 3.912 | AC17: =IF($E17="","",MIN(OFFSET(hist_data!$S$7,0,MATCH($C17,hist_data!$A$6:$A$21,0),AC$13))) -> 3.351
C18: SP(bp) | E18: =IFERROR( (E$16-E17)*100, "") -> -47.1 | F18: =IFERROR( (F$16-F17)*100, "") -> -50.1 | G18: =IFERROR( (G$16-G17)*100, "") -> -47.1 | H18: =IFERROR( (H$16-H17)*100, "") -> -44.1 | I18: =IFERROR( (I$16-I17)*100, "") -> -44.3 | J18: =IFERROR( (J$16-J17)*100, "") -> -46.1 | K18: =IFERROR( (K$16-K17)*100, "") -> -44.5 | L18: =IFERROR( (L$16-L17)*100, "") -> -42.1 | ... P18: =IFERROR( (P$16-P17)*100, "") -> -39.3 | R18: =IFERROR( (R$16-R17)*100, "") -> -41.675 | S18: =IFERROR( (S$16-S17)*100, "") -> -31.1 | T18: =IFERROR( (T$16-T17)*100, "") -> -53.6 | U18: =IFERROR( (U$16-U17)*100, "") -> -30.92 | V18: =IFERROR( (V$16-V17)*100, "") -> -8.2 | W18: =IFERROR( (W$16-W17)*100, "") -> -53.6 | X18: =IFERROR( (X$16-X17)*100, "") -> -24.1825 | Y18: =IFERROR( (Y$16-Y17)*100, "") -> -9.4 | ... AC18: =IFERROR( (AC$16-AC17)*100, "") -> -53.6
A19: 2 | C19: {=INDEX(hist_data!$A$6:$A$21, Hist!$A19)} -> 06M | E19: {=IF( INDEX(hist_data!$S$6:$AI$256, MATCH(E$13, hist_data!$S$6:$S$256, 0), MATCH($C19, hist_data!$A$6:$A$21, 0)+1)=0, "", INDEX(hist_data!$S$6:$AI$256, MATCH(E$13, hist_data!$S$6:$S$256, 0), MATCH($C19, hist_data!$A$6:$A$21, 0)+1) )} -> 3.361 | F19: {=IF( INDEX(hist_data!$S$6:$AI$256, MATCH(F$13, hist_data!$S$6:$S$256, 0), MATCH($C19, hist_data!$A$6:$A$21, 0)+1)=0, "", INDEX(hist_data!$S$6:$AI$256, MATCH(F$13, hist_data!$S$6:$S$256, 0), MATCH($C19, hist_data!$A$6:$A$21, 0)+1) )} -> 3.348 | G19: {=IF( INDEX(hist_data!$S$6:$AI$256, MATCH(G$13, hist_data!$S$6:$S$256, 0), MATCH($C19, hist_data!$A$6:$A$21, 0)+1)=0, "", INDEX(hist_data!$S$6:$AI$256, MATCH(G$13, hist_data!$S$6:$S$256, 0), MATCH($C19, hist_data!$A$6:$A$21, 0)+1) )} -> 3.348 | H19: {=IF( INDEX(hist_data!$S$6:$AI$256, MATCH(H$13, hist_data!$S$6:$S$256, 0), MATCH($C19, hist_data!$A$6:$A$21, 0)+1)=0, "", INDEX(hist_data!$S$6:$AI$256, MATCH(H$13, hist_data!$S$6:$S$256, 0), MATCH($C19, hist_data!$A$6:$A$21, 0)+1) )} -> 3.348 | I19: {=IF( INDEX(hist_data!$S$6:$AI$256, MATCH(I$13, hist_data!$S$6:$S$256, 0), MATCH($C19, hist_data!$A$6:$A$21, 0)+1)=0, "", INDEX(hist_data!$S$6:$AI$256, MATCH(I$13, hist_data!$S$6:$S$256, 0), MATCH($C19, hist_data!$A$6:$A$21, 0)+1) )} -> 3.342 | J19: {=IF( INDEX(hist_data!$S$6:$AI$256, MATCH(J$13, hist_data!$S$6:$S$256, 0), MATCH($C19, hist_data!$A$6:$A$21, 0)+1)=0, "", INDEX(hist_data!$S$6:$AI$256, MATCH(J$13, hist_data!$S$6:$S$256, 0), MATCH($C19, hist_data!$A$6:$A$21, 0)+1) )} -> 3.342 | K19: {=IF( INDEX(hist_data!$S$6:$AI$256, MATCH(K$13, hist_data!$S$6:$S$256, 0), MATCH($C19, hist_data!$A$6:$A$21, 0)+1)=0, "", INDEX(hist_data!$S$6:$AI$256, MATCH(K$13, hist_data!$S$6:$S$256, 0), MATCH($C19, hist_data!$A$6:$A$21, 0)+1) )} -> 3.343 | L19: {=IF( INDEX(hist_data!$S$6:$AI$256, MATCH(L$13, hist_data!$S$6:$S$256, 0), MATCH($C19, hist_data!$A$6:$A$21, 0)+1)=0, "", INDEX(hist_data!$S$6:$AI$256, MATCH(L$13, hist_data!$S$6:$S$256, 0), MATCH($C19, hist_data!$A$6:$A$21, 0)+1) )} -> 3.344 | ... P19: {=IF( INDEX(hist_data!$S$6:$AI$256, MATCH(P$13, hist_data!$S$6:$S$256, 0), MATCH($C19, hist_data!$A$6:$A$21, 0)+1)=0, "", INDEX(hist_data!$S$6:$AI$256, MATCH(P$13, hist_data!$S$6:$S$256, 0), MATCH($C19, hist_data!$A$6:$A$21, 0)+1) )} -> 3.391 | R19: =IF($E19="", "", AVERAGE( OFFSET( hist_data!$S$7, 0, MATCH($C19, hist_data!$A$6:$A$21, 0), R$13 ) )) -> 3.37225 | S19: =IF($E19="","",MAX(OFFSET(hist_data!$S$7,0,MATCH($C19,hist_data!$A$6:$A$21,0),S$13))) -> 3.411 | T19: =IF($E19="","",MIN(OFFSET(hist_data!$S$7,0,MATCH($C19,hist_data!$A$6:$A$21,0),T$13))) -> 3.328 | U19: =IF($E19="", "", AVERAGE( OFFSET( hist_data!$S$7, 0, MATCH($C19, hist_data!$A$6:$A$21, 0), U$13 ) )) -> 3.4641167 | V19: =IF($E19="","",MAX(OFFSET(hist_data!$S$7,0,MATCH($C19,hist_data!$A$6:$A$21,0),V$13))) -> 3.583 | W19: =IF($E19="","",MIN(OFFSET(hist_data!$S$7,0,MATCH($C19,hist_data!$A$6:$A$21,0),W$13))) -> 3.328 | X19: =IF($E19="", "", AVERAGE( OFFSET( hist_data!$S$7, 0, MATCH($C19, hist_data!$A$6:$A$21, 0), X$13 ) )) -> 3.522125 | Y19: =IF($E19="","",MAX(OFFSET(hist_data!$S$7,0,MATCH($C19,hist_data!$A$6:$A$21,0),Y$13))) -> 3.651 | Z19: =IF($E19="","",MIN(OFFSET(hist_data!$S$7,0,MATCH($C19,hist_data!$A$6:$A$21,0),Z$13))) -> 3.328 | AA19: =IF($E19="", "", AVERAGE( OFFSET( hist_data!$S$7, 0, MATCH($C19, hist_data!$A$6:$A$21, 0), AA$13 ) )) -> 3.679744 | AB19: =IF($E19="","",MAX(OFFSET(hist_data!$S$7,0,MATCH($C19,hist_data!$A$6:$A$21,0),AB$13))) -> 4.025 | AC19: =IF($E19="","",MIN(OFFSET(hist_data!$S$7,0,MATCH($C19,hist_data!$A$6:$A$21,0),AC$13))) -> 3.328
C20: SP(bp) | E20: =IFERROR( (E$16-E19)*100, "") -> -43.9 | F20: =IFERROR( (F$16-F19)*100, "") -> -46.1 | G20: =IFERROR( (G$16-G19)*100, "") -> -43.3 | H20: =IFERROR( (H$16-H19)*100, "") -> -40.3 | I20: =IFERROR( (I$16-I19)*100, "") -> -40.2 | J20: =IFERROR( (J$16-J19)*100, "") -> -42.3 | K20: =IFERROR( (K$16-K19)*100, "") -> -41.2 | L20: =IFERROR( (L$16-L19)*100, "") -> -40.4 | ... P20: =IFERROR( (P$16-P19)*100, "") -> -39.1 | R20: =IFERROR( (R$16-R19)*100, "") -> -40.22 | S20: =IFERROR( (S$16-S19)*100, "") -> -32.4 | T20: =IFERROR( (T$16-T19)*100, "") -> -51.3 | U20: =IFERROR( (U$16-U19)*100, "") -> -31.748333 | V20: =IFERROR( (V$16-V19)*100, "") -> -13.1 | W20: =IFERROR( (W$16-W19)*100, "") -> -51.3 | X20: =IFERROR( (X$16-X19)*100, "") -> -25.593333 | Y20: =IFERROR( (Y$16-Y19)*100, "") -> -11.1 | ... AC20: =IFERROR( (AC$16-AC19)*100, "") -> -51.3
A21: 3 | C21: {=INDEX(hist_data!$A$6:$A$21, Hist!$A21)} -> 09M | E21: {=IF( INDEX(hist_data!$S$6:$AI$256, MATCH(E$13, hist_data!$S$6:$S$256, 0), MATCH($C21, hist_data!$A$6:$A$21, 0)+1)=0, "", INDEX(hist_data!$S$6:$AI$256, MATCH(E$13, hist_data!$S$6:$S$256, 0), MATCH($C21, hist_data!$A$6:$A$21, 0)+1) )} -> 3.298 | F21: {=IF( INDEX(hist_data!$S$6:$AI$256, MATCH(F$13, hist_data!$S$6:$S$256, 0), MATCH($C21, hist_data!$A$6:$A$21, 0)+1)=0, "", INDEX(hist_data!$S$6:$AI$256, MATCH(F$13, hist_data!$S$6:$S$256, 0), MATCH($C21, hist_data!$A$6:$A$21, 0)+1) )} -> 3.283 | G21: {=IF( INDEX(hist_data!$S$6:$AI$256, MATCH(G$13, hist_data!$S$6:$S$256, 0), MATCH($C21, hist_data!$A$6:$A$21, 0)+1)=0, "", INDEX(hist_data!$S$6:$AI$256, MATCH(G$13, hist_data!$S$6:$S$256, 0), MATCH($C21, hist_data!$A$6:$A$21, 0)+1) )} -> 3.284 | H21: {=IF( INDEX(hist_data!$S$6:$AI$256, MATCH(H$13, hist_data!$S$6:$S$256, 0), MATCH($C21, hist_data!$A$6:$A$21, 0)+1)=0, "", INDEX(hist_data!$S$6:$AI$256, MATCH(H$13, hist_data!$S$6:$S$256, 0), MATCH($C21, hist_data!$A$6:$A$21, 0)+1) )} -> 3.287 | I21: {=IF( INDEX(hist_data!$S$6:$AI$256, MATCH(I$13, hist_data!$S$6:$S$256, 0), MATCH($C21, hist_data!$A$6:$A$21, 0)+1)=0, "", INDEX(hist_data!$S$6:$AI$256, MATCH(I$13, hist_data!$S$6:$S$256, 0), MATCH($C21, hist_data!$A$6:$A$21, 0)+1) )} -> 3.281 | J21: {=IF( INDEX(hist_data!$S$6:$AI$256, MATCH(J$13, hist_data!$S$6:$S$256, 0), MATCH($C21, hist_data!$A$6:$A$21, 0)+1)=0, "", INDEX(hist_data!$S$6:$AI$256, MATCH(J$13, hist_data!$S$6:$S$256, 0), MATCH($C21, hist_data!$A$6:$A$21, 0)+1) )} -> 3.279 | K21: {=IF( INDEX(hist_data!$S$6:$AI$256, MATCH(K$13, hist_data!$S$6:$S$256, 0), MATCH($C21, hist_data!$A$6:$A$21, 0)+1)=0, "", INDEX(hist_data!$S$6:$AI$256, MATCH(K$13, hist_data!$S$6:$S$256, 0), MATCH($C21, hist_data!$A$6:$A$21, 0)+1) )} -> 3.28 | L21: {=IF( INDEX(hist_data!$S$6:$AI$256, MATCH(L$13, hist_data!$S$6:$S$256, 0), MATCH($C21, hist_data!$A$6:$A$21, 0)+1)=0, "", INDEX(hist_data!$S$6:$AI$256, MATCH(L$13, hist_data!$S$6:$S$256, 0), MATCH($C21, hist_data!$A$6:$A$21, 0)+1) )} -> 3.278 | ... P21: {=IF( INDEX(hist_data!$S$6:$AI$256, MATCH(P$13, hist_data!$S$6:$S$256, 0), MATCH($C21, hist_data!$A$6:$A$21, 0)+1)=0, "", INDEX(hist_data!$S$6:$AI$256, MATCH(P$13, hist_data!$S$6:$S$256, 0), MATCH($C21, hist_data!$A$6:$A$21, 0)+1) )} -> 3.332 | R21: =IF($E21="", "", AVERAGE( OFFSET( hist_data!$S$7, 0, MATCH($C21, hist_data!$A$6:$A$21, 0), R$13 ) )) -> 3.313 | S21: =IF($E21="","",MAX(OFFSET(hist_data!$S$7,0,MATCH($C21,hist_data!$A$6:$A$21,0),S$13))) -> 3.37 | T21: =IF($E21="","",MIN(OFFSET(hist_data!$S$7,0,MATCH($C21,hist_data!$A$6:$A$21,0),T$13))) -> 3.253 | U21: =IF($E21="", "", AVERAGE( OFFSET( hist_data!$S$7, 0, MATCH($C21, hist_data!$A$6:$A$21, 0), U$13 ) )) -> 3.4355167 | V21: =IF($E21="","",MAX(OFFSET(hist_data!$S$7,0,MATCH($C21,hist_data!$A$6:$A$21,0),V$13))) -> 3.591 | W21: =IF($E21="","",MIN(OFFSET(hist_data!$S$7,0,MATCH($C21,hist_data!$A$6:$A$21,0),W$13))) -> 3.253 | X21: =IF($E21="", "", AVERAGE( OFFSET( hist_data!$S$7, 0, MATCH($C21, hist_data!$A$6:$A$21, 0), X$13 ) )) -> 3.5186417 | Y21: =IF($E21="","",MAX(OFFSET(hist_data!$S$7,0,MATCH($C21,hist_data!$A$6:$A$21,0),Y$13))) -> 3.673 | Z21: =IF($E21="","",MIN(OFFSET(hist_data!$S$7,0,MATCH($C21,hist_data!$A$6:$A$21,0),Z$13))) -> 3.253 | AA21: =IF($E21="", "", AVERAGE( OFFSET( hist_data!$S$7, 0, MATCH($C21, hist_data!$A$6:$A$21, 0), AA$13 ) )) -> 3.683244 | AB21: =IF($E21="","",MAX(OFFSET(hist_data!$S$7,0,MATCH($C21,hist_data!$A$6:$A$21,0),AB$13))) -> 4.06 | AC21: =IF($E21="","",MIN(OFFSET(hist_data!$S$7,0,MATCH($C21,hist_data!$A$6:$A$21,0),AC$13))) -> 3.253
C22: SP(bp) | E22: =IFERROR( (E$16-E21)*100, "") -> -37.6 | F22: =IFERROR( (F$16-F21)*100, "") -> -39.6 | G22: =IFERROR( (G$16-G21)*100, "") -> -36.9 | H22: =IFERROR( (H$16-H21)*100, "") -> -34.2 | I22: =IFERROR( (I$16-I21)*100, "") -> -34.1 | J22: =IFERROR( (J$16-J21)*100, "") -> -36 | K22: =IFERROR( (K$16-K21)*100, "") -> -34.9 | L22: =IFERROR( (L$16-L21)*100, "") -> -33.8 | ... P22: =IFERROR( (P$16-P21)*100, "") -> -33.2 | R22: =IFERROR( (R$16-R21)*100, "") -> -34.295 | S22: =IFERROR( (S$16-S21)*100, "") -> -28.3 | T22: =IFERROR( (T$16-T21)*100, "") -> -43.8 | U22: =IFERROR( (U$16-U21)*100, "") -> -28.888333 | V22: =IFERROR( (V$16-V21)*100, "") -> -13.9 | W22: =IFERROR( (W$16-W21)*100, "") -> -43.8 | X22: =IFERROR( (X$16-X21)*100, "") -> -25.245 | Y22: =IFERROR( (Y$16-Y21)*100, "") -> -13.3 | ... AC22: =IFERROR( (AC$16-AC21)*100, "") -> -43.8
A23: 4 | C23: {=INDEX(hist_data!$A$6:$A$21, Hist!$A23)} -> 01Y | E23: {=IF( INDEX(hist_data!$S$6:$AI$256, MATCH(E$13, hist_data!$S$6:$S$256, 0), MATCH($C23, hist_data!$A$6:$A$21, 0)+1)=0, "", INDEX(hist_data!$S$6:$AI$256, MATCH(E$13, hist_data!$S$6:$S$256, 0), MATCH($C23, hist_data!$A$6:$A$21, 0)+1) )} -> 3.259 | F23: {=IF( INDEX(hist_data!$S$6:$AI$256, MATCH(F$13, hist_data!$S$6:$S$256, 0), MATCH($C23, hist_data!$A$6:$A$21, 0)+1)=0, "", INDEX(hist_data!$S$6:$AI$256, MATCH(F$13, hist_data!$S$6:$S$256, 0), MATCH($C23, hist_data!$A$6:$A$21, 0)+1) )} -> 3.246 | G23: {=IF( INDEX(hist_data!$S$6:$AI$256, MATCH(G$13, hist_data!$S$6:$S$256, 0), MATCH($C23, hist_data!$A$6:$A$21, 0)+1)=0, "", INDEX(hist_data!$S$6:$AI$256, MATCH(G$13, hist_data!$S$6:$S$256, 0), MATCH($C23, hist_data!$A$6:$A$21, 0)+1) )} -> 3.243 | H23: {=IF( INDEX(hist_data!$S$6:$AI$256, MATCH(H$13, hist_data!$S$6:$S$256, 0), MATCH($C23, hist_data!$A$6:$A$21, 0)+1)=0, "", INDEX(hist_data!$S$6:$AI$256, MATCH(H$13, hist_data!$S$6:$S$256, 0), MATCH($C23, hist_data!$A$6:$A$21, 0)+1) )} -> 3.244 | I23: {=IF( INDEX(hist_data!$S$6:$AI$256, MATCH(I$13, hist_data!$S$6:$S$256, 0), MATCH($C23, hist_data!$A$6:$A$21, 0)+1)=0, "", INDEX(hist_data!$S$6:$AI$256, MATCH(I$13, hist_data!$S$6:$S$256, 0), MATCH($C23, hist_data!$A$6:$A$21, 0)+1) )} -> 3.238 | J23: {=IF( INDEX(hist_data!$S$6:$AI$256, MATCH(J$13, hist_data!$S$6:$S$256, 0), MATCH($C23, hist_data!$A$6:$A$21, 0)+1)=0, "", INDEX(hist_data!$S$6:$AI$256, MATCH(J$13, hist_data!$S$6:$S$256, 0), MATCH($C23, hist_data!$A$6:$A$21, 0)+1) )} -> 3.236 | K23: {=IF( INDEX(hist_data!$S$6:$AI$256, MATCH(K$13, hist_data!$S$6:$S$256, 0), MATCH($C23, hist_data!$A$6:$A$21, 0)+1)=0, "", INDEX(hist_data!$S$6:$AI$256, MATCH(K$13, hist_data!$S$6:$S$256, 0), MATCH($C23, hist_data!$A$6:$A$21, 0)+1) )} -> 3.247 | L23: {=IF( INDEX(hist_data!$S$6:$AI$256, MATCH(L$13, hist_data!$S$6:$S$256, 0), MATCH($C23, hist_data!$A$6:$A$21, 0)+1)=0, "", INDEX(hist_data!$S$6:$AI$256, MATCH(L$13, hist_data!$S$6:$S$256, 0), MATCH($C23, hist_data!$A$6:$A$21, 0)+1) )} -> 3.244 | ... P23: {=IF( INDEX(hist_data!$S$6:$AI$256, MATCH(P$13, hist_data!$S$6:$S$256, 0), MATCH($C23, hist_data!$A$6:$A$21, 0)+1)=0, "", INDEX(hist_data!$S$6:$AI$256, MATCH(P$13, hist_data!$S$6:$S$256, 0), MATCH($C23, hist_data!$A$6:$A$21, 0)+1) )} -> 3.296 | R23: =IF($E23="", "", AVERAGE( OFFSET( hist_data!$S$7, 0, MATCH($C23, hist_data!$A$6:$A$21, 0), R$13 ) )) -> 3.28125 | S23: =IF($E23="","",MAX(OFFSET(hist_data!$S$7,0,MATCH($C23,hist_data!$A$6:$A$21,0),S$13))) -> 3.361 | T23: =IF($E23="","",MIN(OFFSET(hist_data!$S$7,0,MATCH($C23,hist_data!$A$6:$A$21,0),T$13))) -> 3.205 | U23: =IF($E23="", "", AVERAGE( OFFSET( hist_data!$S$7, 0, MATCH($C23, hist_data!$A$6:$A$21, 0), U$13 ) )) -> 3.4165833 | V23: =IF($E23="","",MAX(OFFSET(hist_data!$S$7,0,MATCH($C23,hist_data!$A$6:$A$21,0),V$13))) -> 3.592 | W23: =IF($E23="","",MIN(OFFSET(hist_data!$S$7,0,MATCH($C23,hist_data!$A$6:$A$21,0),W$13))) -> 3.205 | X23: =IF($E23="", "", AVERAGE( OFFSET( hist_data!$S$7, 0, MATCH($C23, hist_data!$A$6:$A$21, 0), X$13 ) )) -> 3.5050917 | Y23: =IF($E23="","",MAX(OFFSET(hist_data!$S$7,0,MATCH($C23,hist_data!$A$6:$A$21,0),Y$13))) -> 3.672 | Z23: =IF($E23="","",MIN(OFFSET(hist_data!$S$7,0,MATCH($C23,hist_data!$A$6:$A$21,0),Z$13))) -> 3.205 | AA23: =IF($E23="", "", AVERAGE( OFFSET( hist_data!$S$7, 0, MATCH($C23, hist_data!$A$6:$A$21, 0), AA$13 ) )) -> 3.678644 | AB23: =IF($E23="","",MAX(OFFSET(hist_data!$S$7,0,MATCH($C23,hist_data!$A$6:$A$21,0),AB$13))) -> 4.105 | AC23: =IF($E23="","",MIN(OFFSET(hist_data!$S$7,0,MATCH($C23,hist_data!$A$6:$A$21,0),AC$13))) -> 3.205
C24: SP(bp) | E24: =IFERROR( (E$16-E23)*100, "") -> -33.7 | F24: =IFERROR( (F$16-F23)*100, "") -> -35.9 | G24: =IFERROR( (G$16-G23)*100, "") -> -32.8 | H24: =IFERROR( (H$16-H23)*100, "") -> -29.9 | I24: =IFERROR( (I$16-I23)*100, "") -> -29.8 | J24: =IFERROR( (J$16-J23)*100, "") -> -31.7 | K24: =IFERROR( (K$16-K23)*100, "") -> -31.6 | L24: =IFERROR( (L$16-L23)*100, "") -> -30.4 | ... P24: =IFERROR( (P$16-P23)*100, "") -> -29.6 | R24: =IFERROR( (R$16-R23)*100, "") -> -31.12 | S24: =IFERROR( (S$16-S23)*100, "") -> -27.4 | T24: =IFERROR( (T$16-T23)*100, "") -> -39 | U24: =IFERROR( (U$16-U23)*100, "") -> -26.995 | V24: =IFERROR( (V$16-V23)*100, "") -> -14 | W24: =IFERROR( (W$16-W23)*100, "") -> -39 | X24: =IFERROR( (X$16-X23)*100, "") -> -23.89 | Y24: =IFERROR( (Y$16-Y23)*100, "") -> -13.2 | ... AC24: =IFERROR( (AC$16-AC23)*100, "") -> -39
A25: 5 | C25: {=INDEX(hist_data!$A$6:$A$21, Hist!$A25)} -> 1.5Y | E25: {=IF( INDEX(hist_data!$S$6:$AI$256, MATCH(E$13, hist_data!$S$6:$S$256, 0), MATCH($C25, hist_data!$A$6:$A$21, 0)+1)=0, "", INDEX(hist_data!$S$6:$AI$256, MATCH(E$13, hist_data!$S$6:$S$256, 0), MATCH($C25, hist_data!$A$6:$A$21, 0)+1) )} -> 3.197 | F25: {=IF( INDEX(hist_data!$S$6:$AI$256, MATCH(F$13, hist_data!$S$6:$S$256, 0), MATCH($C25, hist_data!$A$6:$A$21, 0)+1)=0, "", INDEX(hist_data!$S$6:$AI$256, MATCH(F$13, hist_data!$S$6:$S$256, 0), MATCH($C25, hist_data!$A$6:$A$21, 0)+1) )} -> 3.16 | G25: {=IF( INDEX(hist_data!$S$6:$AI$256, MATCH(G$13, hist_data!$S$6:$S$256, 0), MATCH($C25, hist_data!$A$6:$A$21, 0)+1)=0, "", INDEX(hist_data!$S$6:$AI$256, MATCH(G$13, hist_data!$S$6:$S$256, 0), MATCH($C25, hist_data!$A$6:$A$21, 0)+1) )} -> 3.161 | H25: {=IF( INDEX(hist_data!$S$6:$AI$256, MATCH(H$13, hist_data!$S$6:$S$256, 0), MATCH($C25, hist_data!$A$6:$A$21, 0)+1)=0, "", INDEX(hist_data!$S$6:$AI$256, MATCH(H$13, hist_data!$S$6:$S$256, 0), MATCH($C25, hist_data!$A$6:$A$21, 0)+1) )} -> 3.171 | I25: {=IF( INDEX(hist_data!$S$6:$AI$256, MATCH(I$13, hist_data!$S$6:$S$256, 0), MATCH($C25, hist_data!$A$6:$A$21, 0)+1)=0, "", INDEX(hist_data!$S$6:$AI$256, MATCH(I$13, hist_data!$S$6:$S$256, 0), MATCH($C25, hist_data!$A$6:$A$21, 0)+1) )} -> 3.168 | J25: {=IF( INDEX(hist_data!$S$6:$AI$256, MATCH(J$13, hist_data!$S$6:$S$256, 0), MATCH($C25, hist_data!$A$6:$A$21, 0)+1)=0, "", INDEX(hist_data!$S$6:$AI$256, MATCH(J$13, hist_data!$S$6:$S$256, 0), MATCH($C25, hist_data!$A$6:$A$21, 0)+1) )} -> 3.163 | K25: {=IF( INDEX(hist_data!$S$6:$AI$256, MATCH(K$13, hist_data!$S$6:$S$256, 0), MATCH($C25, hist_data!$A$6:$A$21, 0)+1)=0, "", INDEX(hist_data!$S$6:$AI$256, MATCH(K$13, hist_data!$S$6:$S$256, 0), MATCH($C25, hist_data!$A$6:$A$21, 0)+1) )} -> 3.179 | L25: {=IF( INDEX(hist_data!$S$6:$AI$256, MATCH(L$13, hist_data!$S$6:$S$256, 0), MATCH($C25, hist_data!$A$6:$A$21, 0)+1)=0, "", INDEX(hist_data!$S$6:$AI$256, MATCH(L$13, hist_data!$S$6:$S$256, 0), MATCH($C25, hist_data!$A$6:$A$21, 0)+1) )} -> 3.179 | ... P25: {=IF( INDEX(hist_data!$S$6:$AI$256, MATCH(P$13, hist_data!$S$6:$S$256, 0), MATCH($C25, hist_data!$A$6:$A$21, 0)+1)=0, "", INDEX(hist_data!$S$6:$AI$256, MATCH(P$13, hist_data!$S$6:$S$256, 0), MATCH($C25, hist_data!$A$6:$A$21, 0)+1) )} -> 3.233 | R25: =IF($E25="", "", AVERAGE( OFFSET( hist_data!$S$7, 0, MATCH($C25, hist_data!$A$6:$A$21, 0), R$13 ) )) -> 3.20445 | S25: =IF($E25="","",MAX(OFFSET(hist_data!$S$7,0,MATCH($C25,hist_data!$A$6:$A$21,0),S$13))) -> 3.27 | T25: =IF($E25="","",MIN(OFFSET(hist_data!$S$7,0,MATCH($C25,hist_data!$A$6:$A$21,0),T$13))) -> 3.108 | U25: =IF($E25="", "", AVERAGE( OFFSET( hist_data!$S$7, 0, MATCH($C25, hist_data!$A$6:$A$21, 0), U$13 ) )) -> 3.3509667 | V25: =IF($E25="","",MAX(OFFSET(hist_data!$S$7,0,MATCH($C25,hist_data!$A$6:$A$21,0),V$13))) -> 3.6 | W25: =IF($E25="","",MIN(OFFSET(hist_data!$S$7,0,MATCH($C25,hist_data!$A$6:$A$21,0),W$13))) -> 3.108 | X25: =IF($E25="", "", AVERAGE( OFFSET( hist_data!$S$7, 0, MATCH($C25, hist_data!$A$6:$A$21, 0), X$13 ) )) -> 3.4648833 | Y25: =IF($E25="","",MAX(OFFSET(hist_data!$S$7,0,MATCH($C25,hist_data!$A$6:$A$21,0),Y$13))) -> 3.647 | Z25: =IF($E25="","",MIN(OFFSET(hist_data!$S$7,0,MATCH($C25,hist_data!$A$6:$A$21,0),Z$13))) -> 3.108 | AA25: =IF($E25="", "", AVERAGE( OFFSET( hist_data!$S$7, 0, MATCH($C25, hist_data!$A$6:$A$21, 0), AA$13 ) )) -> 3.697732 | AB25: =IF($E25="","",MAX(OFFSET(hist_data!$S$7,0,MATCH($C25,hist_data!$A$6:$A$21,0),AB$13))) -> 4.314 | AC25: =IF($E25="","",MIN(OFFSET(hist_data!$S$7,0,MATCH($C25,hist_data!$A$6:$A$21,0),AC$13))) -> 3.108
C26: SP(bp) | E26: =IFERROR( (E$16-E25)*100, "") -> -27.5 | F26: =IFERROR( (F$16-F25)*100, "") -> -27.3 | G26: =IFERROR( (G$16-G25)*100, "") -> -24.6 | H26: =IFERROR( (H$16-H25)*100, "") -> -22.6 | I26: =IFERROR( (I$16-I25)*100, "") -> -22.8 | J26: =IFERROR( (J$16-J25)*100, "") -> -24.4 | K26: =IFERROR( (K$16-K25)*100, "") -> -24.8 | L26: =IFERROR( (L$16-L25)*100, "") -> -23.9 | ... P26: =IFERROR( (P$16-P25)*100, "") -> -23.3 | R26: =IFERROR( (R$16-R25)*100, "") -> -23.44 | S26: =IFERROR( (S$16-S25)*100, "") -> -18.3 | T26: =IFERROR( (T$16-T25)*100, "") -> -29.3 | U26: =IFERROR( (U$16-U25)*100, "") -> -20.433333 | V26: =IFERROR( (V$16-V25)*100, "") -> -14.8 | W26: =IFERROR( (W$16-W25)*100, "") -> -29.3 | X26: =IFERROR( (X$16-X25)*100, "") -> -19.869167 | Y26: =IFERROR( (Y$16-Y25)*100, "") -> -10.7 | ... AC26: =IFERROR( (AC$16-AC25)*100, "") -> -29.3
A27: 6 | C27: {=INDEX(hist_data!$A$6:$A$21, Hist!$A27)} -> 02Y | E27: {=IF( INDEX(hist_data!$S$6:$AI$256, MATCH(E$13, hist_data!$S$6:$S$256, 0), MATCH($C27, hist_data!$A$6:$A$21, 0)+1)=0, "", INDEX(hist_data!$S$6:$AI$256, MATCH(E$13, hist_data!$S$6:$S$256, 0), MATCH($C27, hist_data!$A$6:$A$21, 0)+1) )} -> 3.186 | F27: {=IF( INDEX(hist_data!$S$6:$AI$256, MATCH(F$13, hist_data!$S$6:$S$256, 0), MATCH($C27, hist_data!$A$6:$A$21, 0)+1)=0, "", INDEX(hist_data!$S$6:$AI$256, MATCH(F$13, hist_data!$S$6:$S$256, 0), MATCH($C27, hist_data!$A$6:$A$21, 0)+1) )} -> 3.144 | G27: {=IF( INDEX(hist_data!$S$6:$AI$256, MATCH(G$13, hist_data!$S$6:$S$256, 0), MATCH($C27, hist_data!$A$6:$A$21, 0)+1)=0, "", INDEX(hist_data!$S$6:$AI$256, MATCH(G$13, hist_data!$S$6:$S$256, 0), MATCH($C27, hist_data!$A$6:$A$21, 0)+1) )} -> 3.143 | H27: {=IF( INDEX(hist_data!$S$6:$AI$256, MATCH(H$13, hist_data!$S$6:$S$256, 0), MATCH($C27, hist_data!$A$6:$A$21, 0)+1)=0, "", INDEX(hist_data!$S$6:$AI$256, MATCH(H$13, hist_data!$S$6:$S$256, 0), MATCH($C27, hist_data!$A$6:$A$21, 0)+1) )} -> 3.154 | I27: {=IF( INDEX(hist_data!$S$6:$AI$256, MATCH(I$13, hist_data!$S$6:$S$256, 0), MATCH($C27, hist_data!$A$6:$A$21, 0)+1)=0, "", INDEX(hist_data!$S$6:$AI$256, MATCH(I$13, hist_data!$S$6:$S$256, 0), MATCH($C27, hist_data!$A$6:$A$21, 0)+1) )} -> 3.143 | J27: {=IF( INDEX(hist_data!$S$6:$AI$256, MATCH(J$13, hist_data!$S$6:$S$256, 0), MATCH($C27, hist_data!$A$6:$A$21, 0)+1)=0, "", INDEX(hist_data!$S$6:$AI$256, MATCH(J$13, hist_data!$S$6:$S$256, 0), MATCH($C27, hist_data!$A$6:$A$21, 0)+1) )} -> 3.123 | K27: {=IF( INDEX(hist_data!$S$6:$AI$256, MATCH(K$13, hist_data!$S$6:$S$256, 0), MATCH($C27, hist_data!$A$6:$A$21, 0)+1)=0, "", INDEX(hist_data!$S$6:$AI$256, MATCH(K$13, hist_data!$S$6:$S$256, 0), MATCH($C27, hist_data!$A$6:$A$21, 0)+1) )} -> 3.14 | L27: {=IF( INDEX(hist_data!$S$6:$AI$256, MATCH(L$13, hist_data!$S$6:$S$256, 0), MATCH($C27, hist_data!$A$6:$A$21, 0)+1)=0, "", INDEX(hist_data!$S$6:$AI$256, MATCH(L$13, hist_data!$S$6:$S$256, 0), MATCH($C27, hist_data!$A$6:$A$21, 0)+1) )} -> 3.154 | ... P27: {=IF( INDEX(hist_data!$S$6:$AI$256, MATCH(P$13, hist_data!$S$6:$S$256, 0), MATCH($C27, hist_data!$A$6:$A$21, 0)+1)=0, "", INDEX(hist_data!$S$6:$AI$256, MATCH(P$13, hist_data!$S$6:$S$256, 0), MATCH($C27, hist_data!$A$6:$A$21, 0)+1) )} -> 3.2 | R27: =IF($E27="", "", AVERAGE( OFFSET( hist_data!$S$7, 0, MATCH($C27, hist_data!$A$6:$A$21, 0), R$13 ) )) -> 3.17265 | S27: =IF($E27="","",MAX(OFFSET(hist_data!$S$7,0,MATCH($C27,hist_data!$A$6:$A$21,0),S$13))) -> 3.24 | T27: =IF($E27="","",MIN(OFFSET(hist_data!$S$7,0,MATCH($C27,hist_data!$A$6:$A$21,0),T$13))) -> 3.049 | U27: =IF($E27="", "", AVERAGE( OFFSET( hist_data!$S$7, 0, MATCH($C27, hist_data!$A$6:$A$21, 0), U$13 ) )) -> 3.3297167 | V27: =IF($E27="","",MAX(OFFSET(hist_data!$S$7,0,MATCH($C27,hist_data!$A$6:$A$21,0),V$13))) -> 3.589 | W27: =IF($E27="","",MIN(OFFSET(hist_data!$S$7,0,MATCH($C27,hist_data!$A$6:$A$21,0),W$13))) -> 3.049 | X27: =IF($E27="", "", AVERAGE( OFFSET( hist_data!$S$7, 0, MATCH($C27, hist_data!$A$6:$A$21, 0), X$13 ) )) -> 3.4565417 | Y27: =IF($E27="","",MAX(OFFSET(hist_data!$S$7,0,MATCH($C27,hist_data!$A$6:$A$21,0),Y$13))) -> 3.673 | Z27: =IF($E27="","",MIN(OFFSET(hist_data!$S$7,0,MATCH($C27,hist_data!$A$6:$A$21,0),Z$13))) -> 3.049 | AA27: =IF($E27="", "", AVERAGE( OFFSET( hist_data!$S$7, 0, MATCH($C27, hist_data!$A$6:$A$21, 0), AA$13 ) )) -> 3.71822 | AB27: =IF($E27="","",MAX(OFFSET(hist_data!$S$7,0,MATCH($C27,hist_data!$A$6:$A$21,0),AB$13))) -> 4.447 | AC27: =IF($E27="","",MIN(OFFSET(hist_data!$S$7,0,MATCH($C27,hist_data!$A$6:$A$21,0),AC$13))) -> 3.049
C28: SP(bp) | E28: =IFERROR( (E$16-E27)*100, "") -> -26.4 | F28: =IFERROR( (F$16-F27)*100, "") -> -25.7 | G28: =IFERROR( (G$16-G27)*100, "") -> -22.8 | H28: =IFERROR( (H$16-H27)*100, "") -> -20.9 | I28: =IFERROR( (I$16-I27)*100, "") -> -20.3 | J28: =IFERROR( (J$16-J27)*100, "") -> -20.4 | K28: =IFERROR( (K$16-K27)*100, "") -> -20.9 | L28: =IFERROR( (L$16-L27)*100, "") -> -21.4 | ... P28: =IFERROR( (P$16-P27)*100, "") -> -20 | R28: =IFERROR( (R$16-R27)*100, "") -> -20.26 | S28: =IFERROR( (S$16-S27)*100, "") -> -15.3 | T28: =IFERROR( (T$16-T27)*100, "") -> -23.4 | U28: =IFERROR( (U$16-U27)*100, "") -> -18.308333 | V28: =IFERROR( (V$16-V27)*100, "") -> -13.7 | W28: =IFERROR( (W$16-W27)*100, "") -> -23.4 | X28: =IFERROR( (X$16-X27)*100, "") -> -19.035 | Y28: =IFERROR( (Y$16-Y27)*100, "") -> -13.3 | ... AC28: =IFERROR( (AC$16-AC27)*100, "") -> -23.4
A29: 7 | C29: {=INDEX(hist_data!$A$6:$A$21, Hist!$A29)} -> 2.5Y | E29: {=IF( INDEX(hist_data!$S$6:$AI$256, MATCH(E$13, hist_data!$S$6:$S$256, 0), MATCH($C29, hist_data!$A$6:$A$21, 0)+1)=0, "", INDEX(hist_data!$S$6:$AI$256, MATCH(E$13, hist_data!$S$6:$S$256, 0), MATCH($C29, hist_data!$A$6:$A$21, 0)+1) )} -> 3.156 | F29: {=IF( INDEX(hist_data!$S$6:$AI$256, MATCH(F$13, hist_data!$S$6:$S$256, 0), MATCH($C29, hist_data!$A$6:$A$21, 0)+1)=0, "", INDEX(hist_data!$S$6:$AI$256, MATCH(F$13, hist_data!$S$6:$S$256, 0), MATCH($C29, hist_data!$A$6:$A$21, 0)+1) )} -> 3.116 | G29: {=IF( INDEX(hist_data!$S$6:$AI$256, MATCH(G$13, hist_data!$S$6:$S$256, 0), MATCH($C29, hist_data!$A$6:$A$21, 0)+1)=0, "", INDEX(hist_data!$S$6:$AI$256, MATCH(G$13, hist_data!$S$6:$S$256, 0), MATCH($C29, hist_data!$A$6:$A$21, 0)+1) )} -> 3.127 | H29: {=IF( INDEX(hist_data!$S$6:$AI$256, MATCH(H$13, hist_data!$S$6:$S$256, 0), MATCH($C29, hist_data!$A$6:$A$21, 0)+1)=0, "", INDEX(hist_data!$S$6:$AI$256, MATCH(H$13, hist_data!$S$6:$S$256, 0), MATCH($C29, hist_data!$A$6:$A$21, 0)+1) )} -> 3.146 | I29: {=IF( INDEX(hist_data!$S$6:$AI$256, MATCH(I$13, hist_data!$S$6:$S$256, 0), MATCH($C29, hist_data!$A$6:$A$21, 0)+1)=0, "", INDEX(hist_data!$S$6:$AI$256, MATCH(I$13, hist_data!$S$6:$S$256, 0), MATCH($C29, hist_data!$A$6:$A$21, 0)+1) )} -> 3.134 | J29: {=IF( INDEX(hist_data!$S$6:$AI$256, MATCH(J$13, hist_data!$S$6:$S$256, 0), MATCH($C29, hist_data!$A$6:$A$21, 0)+1)=0, "", INDEX(hist_data!$S$6:$AI$256, MATCH(J$13, hist_data!$S$6:$S$256, 0), MATCH($C29, hist_data!$A$6:$A$21, 0)+1) )} -> 3.11 | K29: {=IF( INDEX(hist_data!$S$6:$AI$256, MATCH(K$13, hist_data!$S$6:$S$256, 0), MATCH($C29, hist_data!$A$6:$A$21, 0)+1)=0, "", INDEX(hist_data!$S$6:$AI$256, MATCH(K$13, hist_data!$S$6:$S$256, 0), MATCH($C29, hist_data!$A$6:$A$21, 0)+1) )} -> 3.126 | L29: {=IF( INDEX(hist_data!$S$6:$AI$256, MATCH(L$13, hist_data!$S$6:$S$256, 0), MATCH($C29, hist_data!$A$6:$A$21, 0)+1)=0, "", INDEX(hist_data!$S$6:$AI$256, MATCH(L$13, hist_data!$S$6:$S$256, 0), MATCH($C29, hist_data!$A$6:$A$21, 0)+1) )} -> 3.134 | ... P29: {=IF( INDEX(hist_data!$S$6:$AI$256, MATCH(P$13, hist_data!$S$6:$S$256, 0), MATCH($C29, hist_data!$A$6:$A$21, 0)+1)=0, "", INDEX(hist_data!$S$6:$AI$256, MATCH(P$13, hist_data!$S$6:$S$256, 0), MATCH($C29, hist_data!$A$6:$A$21, 0)+1) )} -> 3.195 | R29: =IF($E29="", "", AVERAGE( OFFSET( hist_data!$S$7, 0, MATCH($C29, hist_data!$A$6:$A$21, 0), R$13 ) )) -> 3.1602 | S29: =IF($E29="","",MAX(OFFSET(hist_data!$S$7,0,MATCH($C29,hist_data!$A$6:$A$21,0),S$13))) -> 3.238 | T29: =IF($E29="","",MIN(OFFSET(hist_data!$S$7,0,MATCH($C29,hist_data!$A$6:$A$21,0),T$13))) -> 3.02 | U29: =IF($E29="", "", AVERAGE( OFFSET( hist_data!$S$7, 0, MATCH($C29, hist_data!$A$6:$A$21, 0), U$13 ) )) -> 3.3249167 | V29: =IF($E29="","",MAX(OFFSET(hist_data!$S$7,0,MATCH($C29,hist_data!$A$6:$A$21,0),V$13))) -> 3.604 | W29: =IF($E29="","",MIN(OFFSET(hist_data!$S$7,0,MATCH($C29,hist_data!$A$6:$A$21,0),W$13))) -> 3.02 | X29: =IF($E29="", "", AVERAGE( OFFSET( hist_data!$S$7, 0, MATCH($C29, hist_data!$A$6:$A$21, 0), X$13 ) )) -> 3.4554917 | Y29: =IF($E29="","",MAX(OFFSET(hist_data!$S$7,0,MATCH($C29,hist_data!$A$6:$A$21,0),Y$13))) -> 3.68 | Z29: =IF($E29="","",MIN(OFFSET(hist_data!$S$7,0,MATCH($C29,hist_data!$A$6:$A$21,0),Z$13))) -> 3.02 | AA29: =IF($E29="", "", AVERAGE( OFFSET( hist_data!$S$7, 0, MATCH($C29, hist_data!$A$6:$A$21, 0), AA$13 ) )) -> 3.723716 | AB29: =IF($E29="","",MAX(OFFSET(hist_data!$S$7,0,MATCH($C29,hist_data!$A$6:$A$21,0),AB$13))) -> 4.498 | AC29: =IF($E29="","",MIN(OFFSET(hist_data!$S$7,0,MATCH($C29,hist_data!$A$6:$A$21,0),AC$13))) -> 3.02
C30: SP(bp) | E30: =IFERROR( (E$16-E29)*100, "") -> -23.4 | F30: =IFERROR( (F$16-F29)*100, "") -> -22.9 | G30: =IFERROR( (G$16-G29)*100, "") -> -21.2 | H30: =IFERROR( (H$16-H29)*100, "") -> -20.1 | I30: =IFERROR( (I$16-I29)*100, "") -> -19.4 | J30: =IFERROR( (J$16-J29)*100, "") -> -19.1 | K30: =IFERROR( (K$16-K29)*100, "") -> -19.5 | L30: =IFERROR( (L$16-L29)*100, "") -> -19.4 | ... P30: =IFERROR( (P$16-P29)*100, "") -> -19.5 | R30: =IFERROR( (R$16-R29)*100, "") -> -19.015 | S30: =IFERROR( (S$16-S29)*100, "") -> -15.1 | T30: =IFERROR( (T$16-T29)*100, "") -> -20.5 | U30: =IFERROR( (U$16-U29)*100, "") -> -17.828333 | V30: =IFERROR( (V$16-V29)*100, "") -> -15.2 | W30: =IFERROR( (W$16-W29)*100, "") -> -20.5 | X30: =IFERROR( (X$16-X29)*100, "") -> -18.93 | Y30: =IFERROR( (Y$16-Y29)*100, "") -> -14 | ... AC30: =IFERROR( (AC$16-AC29)*100, "") -> -20.5
A31: 8 | C31: {=INDEX(hist_data!$A$6:$A$21, Hist!$A31)} -> 03Y | E31: {=IF( INDEX(hist_data!$S$6:$AI$256, MATCH(E$13, hist_data!$S$6:$S$256, 0), MATCH($C31, hist_data!$A$6:$A$21, 0)+1)=0, "", INDEX(hist_data!$S$6:$AI$256, MATCH(E$13, hist_data!$S$6:$S$256, 0), MATCH($C31, hist_data!$A$6:$A$21, 0)+1) )} -> 3.154 | F31: {=IF( INDEX(hist_data!$S$6:$AI$256, MATCH(F$13, hist_data!$S$6:$S$256, 0), MATCH($C31, hist_data!$A$6:$A$21, 0)+1)=0, "", INDEX(hist_data!$S$6:$AI$256, MATCH(F$13, hist_data!$S$6:$S$256, 0), MATCH($C31, hist_data!$A$6:$A$21, 0)+1) )} -> 3.109 | G31: {=IF( INDEX(hist_data!$S$6:$AI$256, MATCH(G$13, hist_data!$S$6:$S$256, 0), MATCH($C31, hist_data!$A$6:$A$21, 0)+1)=0, "", INDEX(hist_data!$S$6:$AI$256, MATCH(G$13, hist_data!$S$6:$S$256, 0), MATCH($C31, hist_data!$A$6:$A$21, 0)+1) )} -> 3.127 | H31: {=IF( INDEX(hist_data!$S$6:$AI$256, MATCH(H$13, hist_data!$S$6:$S$256, 0), MATCH($C31, hist_data!$A$6:$A$21, 0)+1)=0, "", INDEX(hist_data!$S$6:$AI$256, MATCH(H$13, hist_data!$S$6:$S$256, 0), MATCH($C31, hist_data!$A$6:$A$21, 0)+1) )} -> 3.145 | I31: {=IF( INDEX(hist_data!$S$6:$AI$256, MATCH(I$13, hist_data!$S$6:$S$256, 0), MATCH($C31, hist_data!$A$6:$A$21, 0)+1)=0, "", INDEX(hist_data!$S$6:$AI$256, MATCH(I$13, hist_data!$S$6:$S$256, 0), MATCH($C31, hist_data!$A$6:$A$21, 0)+1) )} -> 3.139 | J31: {=IF( INDEX(hist_data!$S$6:$AI$256, MATCH(J$13, hist_data!$S$6:$S$256, 0), MATCH($C31, hist_data!$A$6:$A$21, 0)+1)=0, "", INDEX(hist_data!$S$6:$AI$256, MATCH(J$13, hist_data!$S$6:$S$256, 0), MATCH($C31, hist_data!$A$6:$A$21, 0)+1) )} -> 3.119 | K31: {=IF( INDEX(hist_data!$S$6:$AI$256, MATCH(K$13, hist_data!$S$6:$S$256, 0), MATCH($C31, hist_data!$A$6:$A$21, 0)+1)=0, "", INDEX(hist_data!$S$6:$AI$256, MATCH(K$13, hist_data!$S$6:$S$256, 0), MATCH($C31, hist_data!$A$6:$A$21, 0)+1) )} -> 3.133 | L31: {=IF( INDEX(hist_data!$S$6:$AI$256, MATCH(L$13, hist_data!$S$6:$S$256, 0), MATCH($C31, hist_data!$A$6:$A$21, 0)+1)=0, "", INDEX(hist_data!$S$6:$AI$256, MATCH(L$13, hist_data!$S$6:$S$256, 0), MATCH($C31, hist_data!$A$6:$A$21, 0)+1) )} -> 3.145 | ... P31: {=IF( INDEX(hist_data!$S$6:$AI$256, MATCH(P$13, hist_data!$S$6:$S$256, 0), MATCH($C31, hist_data!$A$6:$A$21, 0)+1)=0, "", INDEX(hist_data!$S$6:$AI$256, MATCH(P$13, hist_data!$S$6:$S$256, 0), MATCH($C31, hist_data!$A$6:$A$21, 0)+1) )} -> 3.193 | R31: =IF($E31="", "", AVERAGE( OFFSET( hist_data!$S$7, 0, MATCH($C31, hist_data!$A$6:$A$21, 0), R$13 ) )) -> 3.16245 | S31: =IF($E31="","",MAX(OFFSET(hist_data!$S$7,0,MATCH($C31,hist_data!$A$6:$A$21,0),S$13))) -> 3.242 | T31: =IF($E31="","",MIN(OFFSET(hist_data!$S$7,0,MATCH($C31,hist_data!$A$6:$A$21,0),T$13))) -> 3.024 | U31: =IF($E31="", "", AVERAGE( OFFSET( hist_data!$S$7, 0, MATCH($C31, hist_data!$A$6:$A$21, 0), U$13 ) )) -> 3.32485 | V31: =IF($E31="","",MAX(OFFSET(hist_data!$S$7,0,MATCH($C31,hist_data!$A$6:$A$21,0),V$13))) -> 3.61 | W31: =IF($E31="","",MIN(OFFSET(hist_data!$S$7,0,MATCH($C31,hist_data!$A$6:$A$21,0),W$13))) -> 3.024 | X31: =IF($E31="", "", AVERAGE( OFFSET( hist_data!$S$7, 0, MATCH($C31, hist_data!$A$6:$A$21, 0), X$13 ) )) -> 3.45665 | Y31: =IF($E31="","",MAX(OFFSET(hist_data!$S$7,0,MATCH($C31,hist_data!$A$6:$A$21,0),Y$13))) -> 3.705 | Z31: =IF($E31="","",MIN(OFFSET(hist_data!$S$7,0,MATCH($C31,hist_data!$A$6:$A$21,0),Z$13))) -> 3.024 | AA31: =IF($E31="", "", AVERAGE( OFFSET( hist_data!$S$7, 0, MATCH($C31, hist_data!$A$6:$A$21, 0), AA$13 ) )) -> 3.73316 | AB31: =IF($E31="","",MAX(OFFSET(hist_data!$S$7,0,MATCH($C31,hist_data!$A$6:$A$21,0),AB$13))) -> 4.58 | AC31: =IF($E31="","",MIN(OFFSET(hist_data!$S$7,0,MATCH($C31,hist_data!$A$6:$A$21,0),AC$13))) -> 3.024
C32: SP(bp) | E32: =IFERROR( (E$16-E31)*100, "") -> -23.2 | F32: =IFERROR( (F$16-F31)*100, "") -> -22.2 | G32: =IFERROR( (G$16-G31)*100, "") -> -21.2 | H32: =IFERROR( (H$16-H31)*100, "") -> -20 | I32: =IFERROR( (I$16-I31)*100, "") -> -19.9 | J32: =IFERROR( (J$16-J31)*100, "") -> -20 | K32: =IFERROR( (K$16-K31)*100, "") -> -20.2 | L32: =IFERROR( (L$16-L31)*100, "") -> -20.5 | ... P32: =IFERROR( (P$16-P31)*100, "") -> -19.3 | R32: =IFERROR( (R$16-R31)*100, "") -> -19.24 | S32: =IFERROR( (S$16-S31)*100, "") -> -15.5 | T32: =IFERROR( (T$16-T31)*100, "") -> -20.9 | U32: =IFERROR( (U$16-U31)*100, "") -> -17.821667 | V32: =IFERROR( (V$16-V31)*100, "") -> -15.8 | W32: =IFERROR( (W$16-W31)*100, "") -> -20.9 | X32: =IFERROR( (X$16-X31)*100, "") -> -19.045833 | Y32: =IFERROR( (Y$16-Y31)*100, "") -> -16.5 | ... AC32: =IFERROR( (AC$16-AC31)*100, "") -> -20.9
A33: 9 | C33: {=INDEX(hist_data!$A$6:$A$21, Hist!$A33)} -> 04Y | E33: {=IF( INDEX(hist_data!$S$6:$AI$256, MATCH(E$13, hist_data!$S$6:$S$256, 0), MATCH($C33, hist_data!$A$6:$A$21, 0)+1)=0, "", INDEX(hist_data!$S$6:$AI$256, MATCH(E$13, hist_data!$S$6:$S$256, 0), MATCH($C33, hist_data!$A$6:$A$21, 0)+1) )} -> 3.146 | F33: {=IF( INDEX(hist_data!$S$6:$AI$256, MATCH(F$13, hist_data!$S$6:$S$256, 0), MATCH($C33, hist_data!$A$6:$A$21, 0)+1)=0, "", INDEX(hist_data!$S$6:$AI$256, MATCH(F$13, hist_data!$S$6:$S$256, 0), MATCH($C33, hist_data!$A$6:$A$21, 0)+1) )} -> 3.112 | G33: {=IF( INDEX(hist_data!$S$6:$AI$256, MATCH(G$13, hist_data!$S$6:$S$256, 0), MATCH($C33, hist_data!$A$6:$A$21, 0)+1)=0, "", INDEX(hist_data!$S$6:$AI$256, MATCH(G$13, hist_data!$S$6:$S$256, 0), MATCH($C33, hist_data!$A$6:$A$21, 0)+1) )} -> 3.136 | H33: {=IF( INDEX(hist_data!$S$6:$AI$256, MATCH(H$13, hist_data!$S$6:$S$256, 0), MATCH($C33, hist_data!$A$6:$A$21, 0)+1)=0, "", INDEX(hist_data!$S$6:$AI$256, MATCH(H$13, hist_data!$S$6:$S$256, 0), MATCH($C33, hist_data!$A$6:$A$21, 0)+1) )} -> 3.154 | I33: {=IF( INDEX(hist_data!$S$6:$AI$256, MATCH(I$13, hist_data!$S$6:$S$256, 0), MATCH($C33, hist_data!$A$6:$A$21, 0)+1)=0, "", INDEX(hist_data!$S$6:$AI$256, MATCH(I$13, hist_data!$S$6:$S$256, 0), MATCH($C33, hist_data!$A$6:$A$21, 0)+1) )} -> 3.15 | J33: {=IF( INDEX(hist_data!$S$6:$AI$256, MATCH(J$13, hist_data!$S$6:$S$256, 0), MATCH($C33, hist_data!$A$6:$A$21, 0)+1)=0, "", INDEX(hist_data!$S$6:$AI$256, MATCH(J$13, hist_data!$S$6:$S$256, 0), MATCH($C33, hist_data!$A$6:$A$21, 0)+1) )} -> 3.125 | K33: {=IF( INDEX(hist_data!$S$6:$AI$256, MATCH(K$13, hist_data!$S$6:$S$256, 0), MATCH($C33, hist_data!$A$6:$A$21, 0)+1)=0, "", INDEX(hist_data!$S$6:$AI$256, MATCH(K$13, hist_data!$S$6:$S$256, 0), MATCH($C33, hist_data!$A$6:$A$21, 0)+1) )} -> 3.139 | L33: {=IF( INDEX(hist_data!$S$6:$AI$256, MATCH(L$13, hist_data!$S$6:$S$256, 0), MATCH($C33, hist_data!$A$6:$A$21, 0)+1)=0, "", INDEX(hist_data!$S$6:$AI$256, MATCH(L$13, hist_data!$S$6:$S$256, 0), MATCH($C33, hist_data!$A$6:$A$21, 0)+1) )} -> 3.141 | ... P33: {=IF( INDEX(hist_data!$S$6:$AI$256, MATCH(P$13, hist_data!$S$6:$S$256, 0), MATCH($C33, hist_data!$A$6:$A$21, 0)+1)=0, "", INDEX(hist_data!$S$6:$AI$256, MATCH(P$13, hist_data!$S$6:$S$256, 0), MATCH($C33, hist_data!$A$6:$A$21, 0)+1) )} -> 3.196 | R33: =IF($E33="", "", AVERAGE( OFFSET( hist_data!$S$7, 0, MATCH($C33, hist_data!$A$6:$A$21, 0), R$13 ) )) -> 3.16905 | S33: =IF($E33="","",MAX(OFFSET(hist_data!$S$7,0,MATCH($C33,hist_data!$A$6:$A$21,0),S$13))) -> 3.268 | T33: =IF($E33="","",MIN(OFFSET(hist_data!$S$7,0,MATCH($C33,hist_data!$A$6:$A$21,0),T$13))) -> 3.016 | U33: =IF($E33="", "", AVERAGE( OFFSET( hist_data!$S$7, 0, MATCH($C33, hist_data!$A$6:$A$21, 0), U$13 ) )) -> 3.32925 | V33: =IF($E33="","",MAX(OFFSET(hist_data!$S$7,0,MATCH($C33,hist_data!$A$6:$A$21,0),V$13))) -> 3.624 | W33: =IF($E33="","",MIN(OFFSET(hist_data!$S$7,0,MATCH($C33,hist_data!$A$6:$A$21,0),W$13))) -> 3.016 | X33: =IF($E33="", "", AVERAGE( OFFSET( hist_data!$S$7, 0, MATCH($C33, hist_data!$A$6:$A$21, 0), X$13 ) )) -> 3.4600833 | Y33: =IF($E33="","",MAX(OFFSET(hist_data!$S$7,0,MATCH($C33,hist_data!$A$6:$A$21,0),Y$13))) -> 3.723 | Z33: =IF($E33="","",MIN(OFFSET(hist_data!$S$7,0,MATCH($C33,hist_data!$A$6:$A$21,0),Z$13))) -> 3.016 | AA33: =IF($E33="", "", AVERAGE( OFFSET( hist_data!$S$7, 0, MATCH($C33, hist_data!$A$6:$A$21, 0), AA$13 ) )) -> 3.74464 | AB33: =IF($E33="","",MAX(OFFSET(hist_data!$S$7,0,MATCH($C33,hist_data!$A$6:$A$21,0),AB$13))) -> 4.628 | AC33: =IF($E33="","",MIN(OFFSET(hist_data!$S$7,0,MATCH($C33,hist_data!$A$6:$A$21,0),AC$13))) -> 3.016
C34: SP(bp) | E34: =IFERROR( (E$16-E33)*100, "") -> -22.4 | F34: =IFERROR( (F$16-F33)*100, "") -> -22.5 | G34: =IFERROR( (G$16-G33)*100, "") -> -22.1 | H34: =IFERROR( (H$16-H33)*100, "") -> -20.9 | I34: =IFERROR( (I$16-I33)*100, "") -> -21 | J34: =IFERROR( (J$16-J33)*100, "") -> -20.6 | K34: =IFERROR( (K$16-K33)*100, "") -> -20.8 | L34: =IFERROR( (L$16-L33)*100, "") -> -20.1 | ... P34: =IFERROR( (P$16-P33)*100, "") -> -19.6 | R34: =IFERROR( (R$16-R33)*100, "") -> -19.9 | S34: =IFERROR( (S$16-S33)*100, "") -> -18.1 | T34: =IFERROR( (T$16-T33)*100, "") -> -20.1 | U34: =IFERROR( (U$16-U33)*100, "") -> -18.261667 | V34: =IFERROR( (V$16-V33)*100, "") -> -17.2 | W34: =IFERROR( (W$16-W33)*100, "") -> -20.1 | X34: =IFERROR( (X$16-X33)*100, "") -> -19.389167 | Y34: =IFERROR( (Y$16-Y33)*100, "") -> -18.3 | ... AC34: =IFERROR( (AC$16-AC33)*100, "") -> -20.1
A35: 10 | C35: {=INDEX(hist_data!$A$6:$A$21, Hist!$A35)} -> 05Y | E35: {=IF( INDEX(hist_data!$S$6:$AI$256, MATCH(E$13, hist_data!$S$6:$S$256, 0), MATCH($C35, hist_data!$A$6:$A$21, 0)+1)=0, "", INDEX(hist_data!$S$6:$AI$256, MATCH(E$13, hist_data!$S$6:$S$256, 0), MATCH($C35, hist_data!$A$6:$A$21, 0)+1) )} -> 3.146 | F35: {=IF( INDEX(hist_data!$S$6:$AI$256, MATCH(F$13, hist_data!$S$6:$S$256, 0), MATCH($C35, hist_data!$A$6:$A$21, 0)+1)=0, "", INDEX(hist_data!$S$6:$AI$256, MATCH(F$13, hist_data!$S$6:$S$256, 0), MATCH($C35, hist_data!$A$6:$A$21, 0)+1) )} -> 3.114 | G35: {=IF( INDEX(hist_data!$S$6:$AI$256, MATCH(G$13, hist_data!$S$6:$S$256, 0), MATCH($C35, hist_data!$A$6:$A$21, 0)+1)=0, "", INDEX(hist_data!$S$6:$AI$256, MATCH(G$13, hist_data!$S$6:$S$256, 0), MATCH($C35, hist_data!$A$6:$A$21, 0)+1) )} -> 3.139 | H35: {=IF( INDEX(hist_data!$S$6:$AI$256, MATCH(H$13, hist_data!$S$6:$S$256, 0), MATCH($C35, hist_data!$A$6:$A$21, 0)+1)=0, "", INDEX(hist_data!$S$6:$AI$256, MATCH(H$13, hist_data!$S$6:$S$256, 0), MATCH($C35, hist_data!$A$6:$A$21, 0)+1) )} -> 3.154 | I35: {=IF( INDEX(hist_data!$S$6:$AI$256, MATCH(I$13, hist_data!$S$6:$S$256, 0), MATCH($C35, hist_data!$A$6:$A$21, 0)+1)=0, "", INDEX(hist_data!$S$6:$AI$256, MATCH(I$13, hist_data!$S$6:$S$256, 0), MATCH($C35, hist_data!$A$6:$A$21, 0)+1) )} -> 3.152 | J35: {=IF( INDEX(hist_data!$S$6:$AI$256, MATCH(J$13, hist_data!$S$6:$S$256, 0), MATCH($C35, hist_data!$A$6:$A$21, 0)+1)=0, "", INDEX(hist_data!$S$6:$AI$256, MATCH(J$13, hist_data!$S$6:$S$256, 0), MATCH($C35, hist_data!$A$6:$A$21, 0)+1) )} -> 3.131 | K35: {=IF( INDEX(hist_data!$S$6:$AI$256, MATCH(K$13, hist_data!$S$6:$S$256, 0), MATCH($C35, hist_data!$A$6:$A$21, 0)+1)=0, "", INDEX(hist_data!$S$6:$AI$256, MATCH(K$13, hist_data!$S$6:$S$256, 0), MATCH($C35, hist_data!$A$6:$A$21, 0)+1) )} -> 3.143 | L35: {=IF( INDEX(hist_data!$S$6:$AI$256, MATCH(L$13, hist_data!$S$6:$S$256, 0), MATCH($C35, hist_data!$A$6:$A$21, 0)+1)=0, "", INDEX(hist_data!$S$6:$AI$256, MATCH(L$13, hist_data!$S$6:$S$256, 0), MATCH($C35, hist_data!$A$6:$A$21, 0)+1) )} -> 3.147 | ... P35: {=IF( INDEX(hist_data!$S$6:$AI$256, MATCH(P$13, hist_data!$S$6:$S$256, 0), MATCH($C35, hist_data!$A$6:$A$21, 0)+1)=0, "", INDEX(hist_data!$S$6:$AI$256, MATCH(P$13, hist_data!$S$6:$S$256, 0), MATCH($C35, hist_data!$A$6:$A$21, 0)+1) )} -> 3.2 | R35: =IF($E35="", "", AVERAGE( OFFSET( hist_data!$S$7, 0, MATCH($C35, hist_data!$A$6:$A$21, 0), R$13 ) )) -> 3.1718 | S35: =IF($E35="","",MAX(OFFSET(hist_data!$S$7,0,MATCH($C35,hist_data!$A$6:$A$21,0),S$13))) -> 3.273 | T35: =IF($E35="","",MIN(OFFSET(hist_data!$S$7,0,MATCH($C35,hist_data!$A$6:$A$21,0),T$13))) -> 3.023 | U35: =IF($E35="", "", AVERAGE( OFFSET( hist_data!$S$7, 0, MATCH($C35, hist_data!$A$6:$A$21, 0), U$13 ) )) -> 3.3332 | V35: =IF($E35="","",MAX(OFFSET(hist_data!$S$7,0,MATCH($C35,hist_data!$A$6:$A$21,0),V$13))) -> 3.641 | W35: =IF($E35="","",MIN(OFFSET(hist_data!$S$7,0,MATCH($C35,hist_data!$A$6:$A$21,0),W$13))) -> 3.023 | X35: =IF($E35="", "", AVERAGE( OFFSET( hist_data!$S$7, 0, MATCH($C35, hist_data!$A$6:$A$21, 0), X$13 ) )) -> 3.4700583 | Y35: =IF($E35="","",MAX(OFFSET(hist_data!$S$7,0,MATCH($C35,hist_data!$A$6:$A$21,0),Y$13))) -> 3.754 | Z35: =IF($E35="","",MIN(OFFSET(hist_data!$S$7,0,MATCH($C35,hist_data!$A$6:$A$21,0),Z$13))) -> 3.023 | AA35: =IF($E35="", "", AVERAGE( OFFSET( hist_data!$S$7, 0, MATCH($C35, hist_data!$A$6:$A$21, 0), AA$13 ) )) -> 3.753092 | AB35: =IF($E35="","",MAX(OFFSET(hist_data!$S$7,0,MATCH($C35,hist_data!$A$6:$A$21,0),AB$13))) -> 4.673 | AC35: =IF($E35="","",MIN(OFFSET(hist_data!$S$7,0,MATCH($C35,hist_data!$A$6:$A$21,0),AC$13))) -> 3.023
C36: SP(bp) | E36: =IFERROR( (E$16-E35)*100, "") -> -22.4 | F36: =IFERROR( (F$16-F35)*100, "") -> -22.7 | G36: =IFERROR( (G$16-G35)*100, "") -> -22.4 | H36: =IFERROR( (H$16-H35)*100, "") -> -20.9 | I36: =IFERROR( (I$16-I35)*100, "") -> -21.2 | J36: =IFERROR( (J$16-J35)*100, "") -> -21.2 | K36: =IFERROR( (K$16-K35)*100, "") -> -21.2 | L36: =IFERROR( (L$16-L35)*100, "") -> -20.7 | ... P36: =IFERROR( (P$16-P35)*100, "") -> -20 | R36: =IFERROR( (R$16-R35)*100, "") -> -20.175 | S36: =IFERROR( (S$16-S35)*100, "") -> -18.6 | T36: =IFERROR( (T$16-T35)*100, "") -> -20.8 | U36: =IFERROR( (U$16-U35)*100, "") -> -18.656667 | V36: =IFERROR( (V$16-V35)*100, "") -> -18.9 | W36: =IFERROR( (W$16-W35)*100, "") -> -20.8 | X36: =IFERROR( (X$16-X35)*100, "") -> -20.386667 | Y36: =IFERROR( (Y$16-Y35)*100, "") -> -21.4 | ... AC36: =IFERROR( (AC$16-AC35)*100, "") -> -20.8
A37: 11 | C37: {=INDEX(hist_data!$A$6:$A$21, Hist!$A37)} -> 07Y | E37: {=IF( INDEX(hist_data!$S$6:$AI$256, MATCH(E$13, hist_data!$S$6:$S$256, 0), MATCH($C37, hist_data!$A$6:$A$21, 0)+1)=0, "", INDEX(hist_data!$S$6:$AI$256, MATCH(E$13, hist_data!$S$6:$S$256, 0), MATCH($C37, hist_data!$A$6:$A$21, 0)+1) )} -> 3.143 | F37: {=IF( INDEX(hist_data!$S$6:$AI$256, MATCH(F$13, hist_data!$S$6:$S$256, 0), MATCH($C37, hist_data!$A$6:$A$21, 0)+1)=0, "", INDEX(hist_data!$S$6:$AI$256, MATCH(F$13, hist_data!$S$6:$S$256, 0), MATCH($C37, hist_data!$A$6:$A$21, 0)+1) )} -> 3.11 | G37: {=IF( INDEX(hist_data!$S$6:$AI$256, MATCH(G$13, hist_data!$S$6:$S$256, 0), MATCH($C37, hist_data!$A$6:$A$21, 0)+1)=0, "", INDEX(hist_data!$S$6:$AI$256, MATCH(G$13, hist_data!$S$6:$S$256, 0), MATCH($C37, hist_data!$A$6:$A$21, 0)+1) )} -> 3.137 | H37: {=IF( INDEX(hist_data!$S$6:$AI$256, MATCH(H$13, hist_data!$S$6:$S$256, 0), MATCH($C37, hist_data!$A$6:$A$21, 0)+1)=0, "", INDEX(hist_data!$S$6:$AI$256, MATCH(H$13, hist_data!$S$6:$S$256, 0), MATCH($C37, hist_data!$A$6:$A$21, 0)+1) )} -> 3.156 | I37: {=IF( INDEX(hist_data!$S$6:$AI$256, MATCH(I$13, hist_data!$S$6:$S$256, 0), MATCH($C37, hist_data!$A$6:$A$21, 0)+1)=0, "", INDEX(hist_data!$S$6:$AI$256, MATCH(I$13, hist_data!$S$6:$S$256, 0), MATCH($C37, hist_data!$A$6:$A$21, 0)+1) )} -> 3.157 | J37: {=IF( INDEX(hist_data!$S$6:$AI$256, MATCH(J$13, hist_data!$S$6:$S$256, 0), MATCH($C37, hist_data!$A$6:$A$21, 0)+1)=0, "", INDEX(hist_data!$S$6:$AI$256, MATCH(J$13, hist_data!$S$6:$S$256, 0), MATCH($C37, hist_data!$A$6:$A$21, 0)+1) )} -> 3.142 | K37: {=IF( INDEX(hist_data!$S$6:$AI$256, MATCH(K$13, hist_data!$S$6:$S$256, 0), MATCH($C37, hist_data!$A$6:$A$21, 0)+1)=0, "", INDEX(hist_data!$S$6:$AI$256, MATCH(K$13, hist_data!$S$6:$S$256, 0), MATCH($C37, hist_data!$A$6:$A$21, 0)+1) )} -> 3.151 | L37: {=IF( INDEX(hist_data!$S$6:$AI$256, MATCH(L$13, hist_data!$S$6:$S$256, 0), MATCH($C37, hist_data!$A$6:$A$21, 0)+1)=0, "", INDEX(hist_data!$S$6:$AI$256, MATCH(L$13, hist_data!$S$6:$S$256, 0), MATCH($C37, hist_data!$A$6:$A$21, 0)+1) )} -> 3.15 | ... P37: {=IF( INDEX(hist_data!$S$6:$AI$256, MATCH(P$13, hist_data!$S$6:$S$256, 0), MATCH($C37, hist_data!$A$6:$A$21, 0)+1)=0, "", INDEX(hist_data!$S$6:$AI$256, MATCH(P$13, hist_data!$S$6:$S$256, 0), MATCH($C37, hist_data!$A$6:$A$21, 0)+1) )} -> 3.191 | R37: =IF($E37="", "", AVERAGE( OFFSET( hist_data!$S$7, 0, MATCH($C37, hist_data!$A$6:$A$21, 0), R$13 ) )) -> 3.17435 | S37: =IF($E37="","",MAX(OFFSET(hist_data!$S$7,0,MATCH($C37,hist_data!$A$6:$A$21,0),S$13))) -> 3.285 | T37: =IF($E37="","",MIN(OFFSET(hist_data!$S$7,0,MATCH($C37,hist_data!$A$6:$A$21,0),T$13))) -> 3.034 | U37: =IF($E37="", "", AVERAGE( OFFSET( hist_data!$S$7, 0, MATCH($C37, hist_data!$A$6:$A$21, 0), U$13 ) )) -> 3.34265 | V37: =IF($E37="","",MAX(OFFSET(hist_data!$S$7,0,MATCH($C37,hist_data!$A$6:$A$21,0),V$13))) -> 3.654 | W37: =IF($E37="","",MIN(OFFSET(hist_data!$S$7,0,MATCH($C37,hist_data!$A$6:$A$21,0),W$13))) -> 3.034 | X37: =IF($E37="", "", AVERAGE( OFFSET( hist_data!$S$7, 0, MATCH($C37, hist_data!$A$6:$A$21, 0), X$13 ) )) -> 3.4918 | Y37: =IF($E37="","",MAX(OFFSET(hist_data!$S$7,0,MATCH($C37,hist_data!$A$6:$A$21,0),Y$13))) -> 3.791 | Z37: =IF($E37="","",MIN(OFFSET(hist_data!$S$7,0,MATCH($C37,hist_data!$A$6:$A$21,0),Z$13))) -> 3.034 | AA37: =IF($E37="", "", AVERAGE( OFFSET( hist_data!$S$7, 0, MATCH($C37, hist_data!$A$6:$A$21, 0), AA$13 ) )) -> 3.776788 | AB37: =IF($E37="","",MAX(OFFSET(hist_data!$S$7,0,MATCH($C37,hist_data!$A$6:$A$21,0),AB$13))) -> 4.692 | AC37: =IF($E37="","",MIN(OFFSET(hist_data!$S$7,0,MATCH($C37,hist_data!$A$6:$A$21,0),AC$13))) -> 3.034
C38: SP(bp) | E38: =IFERROR( (E$16-E37)*100, "") -> -22.1 | F38: =IFERROR( (F$16-F37)*100, "") -> -22.3 | G38: =IFERROR( (G$16-G37)*100, "") -> -22.2 | H38: =IFERROR( (H$16-H37)*100, "") -> -21.1 | I38: =IFERROR( (I$16-I37)*100, "") -> -21.7 | J38: =IFERROR( (J$16-J37)*100, "") -> -22.3 | K38: =IFERROR( (K$16-K37)*100, "") -> -22 | L38: =IFERROR( (L$16-L37)*100, "") -> -21 | ... P38: =IFERROR( (P$16-P37)*100, "") -> -19.1 | R38: =IFERROR( (R$16-R37)*100, "") -> -20.43 | S38: =IFERROR( (S$16-S37)*100, "") -> -19.8 | T38: =IFERROR( (T$16-T37)*100, "") -> -21.9 | U38: =IFERROR( (U$16-U37)*100, "") -> -19.601667 | V38: =IFERROR( (V$16-V37)*100, "") -> -20.2 | W38: =IFERROR( (W$16-W37)*100, "") -> -21.9 | X38: =IFERROR( (X$16-X37)*100, "") -> -22.560833 | Y38: =IFERROR( (Y$16-Y37)*100, "") -> -25.1 | ... AC38: =IFERROR( (AC$16-AC37)*100, "") -> -21.9
A39: 12 | C39: {=INDEX(hist_data!$A$6:$A$21, Hist!$A39)} -> 10Y | E39: {=IF( INDEX(hist_data!$S$6:$AI$256, MATCH(E$13, hist_data!$S$6:$S$256, 0), MATCH($C39, hist_data!$A$6:$A$21, 0)+1)=0, "", INDEX(hist_data!$S$6:$AI$256, MATCH(E$13, hist_data!$S$6:$S$256, 0), MATCH($C39, hist_data!$A$6:$A$21, 0)+1) )} -> 3.158 | F39: {=IF( INDEX(hist_data!$S$6:$AI$256, MATCH(F$13, hist_data!$S$6:$S$256, 0), MATCH($C39, hist_data!$A$6:$A$21, 0)+1)=0, "", INDEX(hist_data!$S$6:$AI$256, MATCH(F$13, hist_data!$S$6:$S$256, 0), MATCH($C39, hist_data!$A$6:$A$21, 0)+1) )} -> 3.124 | G39: {=IF( INDEX(hist_data!$S$6:$AI$256, MATCH(G$13, hist_data!$S$6:$S$256, 0), MATCH($C39, hist_data!$A$6:$A$21, 0)+1)=0, "", INDEX(hist_data!$S$6:$AI$256, MATCH(G$13, hist_data!$S$6:$S$256, 0), MATCH($C39, hist_data!$A$6:$A$21, 0)+1) )} -> 3.155 | H39: {=IF( INDEX(hist_data!$S$6:$AI$256, MATCH(H$13, hist_data!$S$6:$S$256, 0), MATCH($C39, hist_data!$A$6:$A$21, 0)+1)=0, "", INDEX(hist_data!$S$6:$AI$256, MATCH(H$13, hist_data!$S$6:$S$256, 0), MATCH($C39, hist_data!$A$6:$A$21, 0)+1) )} -> 3.182 | I39: {=IF( INDEX(hist_data!$S$6:$AI$256, MATCH(I$13, hist_data!$S$6:$S$256, 0), MATCH($C39, hist_data!$A$6:$A$21, 0)+1)=0, "", INDEX(hist_data!$S$6:$AI$256, MATCH(I$13, hist_data!$S$6:$S$256, 0), MATCH($C39, hist_data!$A$6:$A$21, 0)+1) )} -> 3.192 | J39: {=IF( INDEX(hist_data!$S$6:$AI$256, MATCH(J$13, hist_data!$S$6:$S$256, 0), MATCH($C39, hist_data!$A$6:$A$21, 0)+1)=0, "", INDEX(hist_data!$S$6:$AI$256, MATCH(J$13, hist_data!$S$6:$S$256, 0), MATCH($C39, hist_data!$A$6:$A$21, 0)+1) )} -> 3.18 | K39: {=IF( INDEX(hist_data!$S$6:$AI$256, MATCH(K$13, hist_data!$S$6:$S$256, 0), MATCH($C39, hist_data!$A$6:$A$21, 0)+1)=0, "", INDEX(hist_data!$S$6:$AI$256, MATCH(K$13, hist_data!$S$6:$S$256, 0), MATCH($C39, hist_data!$A$6:$A$21, 0)+1) )} -> 3.183 | L39: {=IF( INDEX(hist_data!$S$6:$AI$256, MATCH(L$13, hist_data!$S$6:$S$256, 0), MATCH($C39, hist_data!$A$6:$A$21, 0)+1)=0, "", INDEX(hist_data!$S$6:$AI$256, MATCH(L$13, hist_data!$S$6:$S$256, 0), MATCH($C39, hist_data!$A$6:$A$21, 0)+1) )} -> 3.174 | ... P39: {=IF( INDEX(hist_data!$S$6:$AI$256, MATCH(P$13, hist_data!$S$6:$S$256, 0), MATCH($C39, hist_data!$A$6:$A$21, 0)+1)=0, "", INDEX(hist_data!$S$6:$AI$256, MATCH(P$13, hist_data!$S$6:$S$256, 0), MATCH($C39, hist_data!$A$6:$A$21, 0)+1) )} -> 3.215 | R39: =IF($E39="", "", AVERAGE( OFFSET( hist_data!$S$7, 0, MATCH($C39, hist_data!$A$6:$A$21, 0), R$13 ) )) -> 3.20695 | S39: =IF($E39="","",MAX(OFFSET(hist_data!$S$7,0,MATCH($C39,hist_data!$A$6:$A$21,0),S$13))) -> 3.333 | T39: =IF($E39="","",MIN(OFFSET(hist_data!$S$7,0,MATCH($C39,hist_data!$A$6:$A$21,0),T$13))) -> 3.066 | U39: =IF($E39="", "", AVERAGE( OFFSET( hist_data!$S$7, 0, MATCH($C39, hist_data!$A$6:$A$21, 0), U$13 ) )) -> 3.3913667 | V39: =IF($E39="","",MAX(OFFSET(hist_data!$S$7,0,MATCH($C39,hist_data!$A$6:$A$21,0),V$13))) -> 3.722 | W39: =IF($E39="","",MIN(OFFSET(hist_data!$S$7,0,MATCH($C39,hist_data!$A$6:$A$21,0),W$13))) -> 3.066 | X39: =IF($E39="", "", AVERAGE( OFFSET( hist_data!$S$7, 0, MATCH($C39, hist_data!$A$6:$A$21, 0), X$13 ) )) -> 3.5394083 | Y39: =IF($E39="","",MAX(OFFSET(hist_data!$S$7,0,MATCH($C39,hist_data!$A$6:$A$21,0),Y$13))) -> 3.857 | Z39: =IF($E39="","",MIN(OFFSET(hist_data!$S$7,0,MATCH($C39,hist_data!$A$6:$A$21,0),Z$13))) -> 3.066 | AA39: =IF($E39="", "", AVERAGE( OFFSET( hist_data!$S$7, 0, MATCH($C39, hist_data!$A$6:$A$21, 0), AA$13 ) )) -> 3.811656 | AB39: =IF($E39="","",MAX(OFFSET(hist_data!$S$7,0,MATCH($C39,hist_data!$A$6:$A$21,0),AB$13))) -> 4.741 | AC39: =IF($E39="","",MIN(OFFSET(hist_data!$S$7,0,MATCH($C39,hist_data!$A$6:$A$21,0),AC$13))) -> 3.066
C40: SP(bp) | E40: =IFERROR( (E$16-E39)*100, "") -> -23.6 | F40: =IFERROR( (F$16-F39)*100, "") -> -23.7 | G40: =IFERROR( (G$16-G39)*100, "") -> -24 | H40: =IFERROR( (H$16-H39)*100, "") -> -23.7 | I40: =IFERROR( (I$16-I39)*100, "") -> -25.2 | J40: =IFERROR( (J$16-J39)*100, "") -> -26.1 | K40: =IFERROR( (K$16-K39)*100, "") -> -25.2 | L40: =IFERROR( (L$16-L39)*100, "") -> -23.4 | ... P40: =IFERROR( (P$16-P39)*100, "") -> -21.5 | R40: =IFERROR( (R$16-R39)*100, "") -> -23.69 | S40: =IFERROR( (S$16-S39)*100, "") -> -24.6 | T40: =IFERROR( (T$16-T39)*100, "") -> -25.1 | U40: =IFERROR( (U$16-U39)*100, "") -> -24.473333 | V40: =IFERROR( (V$16-V39)*100, "") -> -27 | W40: =IFERROR( (W$16-W39)*100, "") -> -25.1 | X40: =IFERROR( (X$16-X39)*100, "") -> -27.321667 | Y40: =IFERROR( (Y$16-Y39)*100, "") -> -31.7 | ... AC40: =IFERROR( (AC$16-AC39)*100, "") -> -25.1
A41: 13 | C41: {=INDEX(hist_data!$A$6:$A$21, Hist!$A41)} -> 15Y | E41: {=IF( INDEX(hist_data!$S$6:$AI$256, MATCH(E$13, hist_data!$S$6:$S$256, 0), MATCH($C41, hist_data!$A$6:$A$21, 0)+1)=0, "", INDEX(hist_data!$S$6:$AI$256, MATCH(E$13, hist_data!$S$6:$S$256, 0), MATCH($C41, hist_data!$A$6:$A$21, 0)+1) )} -> 3.179 | F41: {=IF( INDEX(hist_data!$S$6:$AI$256, MATCH(F$13, hist_data!$S$6:$S$256, 0), MATCH($C41, hist_data!$A$6:$A$21, 0)+1)=0, "", INDEX(hist_data!$S$6:$AI$256, MATCH(F$13, hist_data!$S$6:$S$256, 0), MATCH($C41, hist_data!$A$6:$A$21, 0)+1) )} -> 3.152 | G41: {=IF( INDEX(hist_data!$S$6:$AI$256, MATCH(G$13, hist_data!$S$6:$S$256, 0), MATCH($C41, hist_data!$A$6:$A$21, 0)+1)=0, "", INDEX(hist_data!$S$6:$AI$256, MATCH(G$13, hist_data!$S$6:$S$256, 0), MATCH($C41, hist_data!$A$6:$A$21, 0)+1) )} -> 3.186 | H41: {=IF( INDEX(hist_data!$S$6:$AI$256, MATCH(H$13, hist_data!$S$6:$S$256, 0), MATCH($C41, hist_data!$A$6:$A$21, 0)+1)=0, "", INDEX(hist_data!$S$6:$AI$256, MATCH(H$13, hist_data!$S$6:$S$256, 0), MATCH($C41, hist_data!$A$6:$A$21, 0)+1) )} -> 3.213 | I41: {=IF( INDEX(hist_data!$S$6:$AI$256, MATCH(I$13, hist_data!$S$6:$S$256, 0), MATCH($C41, hist_data!$A$6:$A$21, 0)+1)=0, "", INDEX(hist_data!$S$6:$AI$256, MATCH(I$13, hist_data!$S$6:$S$256, 0), MATCH($C41, hist_data!$A$6:$A$21, 0)+1) )} -> 3.223 | J41: {=IF( INDEX(hist_data!$S$6:$AI$256, MATCH(J$13, hist_data!$S$6:$S$256, 0), MATCH($C41, hist_data!$A$6:$A$21, 0)+1)=0, "", INDEX(hist_data!$S$6:$AI$256, MATCH(J$13, hist_data!$S$6:$S$256, 0), MATCH($C41, hist_data!$A$6:$A$21, 0)+1) )} -> 3.216 | K41: {=IF( INDEX(hist_data!$S$6:$AI$256, MATCH(K$13, hist_data!$S$6:$S$256, 0), MATCH($C41, hist_data!$A$6:$A$21, 0)+1)=0, "", INDEX(hist_data!$S$6:$AI$256, MATCH(K$13, hist_data!$S$6:$S$256, 0), MATCH($C41, hist_data!$A$6:$A$21, 0)+1) )} -> 3.214 | L41: {=IF( INDEX(hist_data!$S$6:$AI$256, MATCH(L$13, hist_data!$S$6:$S$256, 0), MATCH($C41, hist_data!$A$6:$A$21, 0)+1)=0, "", INDEX(hist_data!$S$6:$AI$256, MATCH(L$13, hist_data!$S$6:$S$256, 0), MATCH($C41, hist_data!$A$6:$A$21, 0)+1) )} -> 3.213 | ... P41: {=IF( INDEX(hist_data!$S$6:$AI$256, MATCH(P$13, hist_data!$S$6:$S$256, 0), MATCH($C41, hist_data!$A$6:$A$21, 0)+1)=0, "", INDEX(hist_data!$S$6:$AI$256, MATCH(P$13, hist_data!$S$6:$S$256, 0), MATCH($C41, hist_data!$A$6:$A$21, 0)+1) )} -> 3.258 | R41: =IF($E41="", "", AVERAGE( OFFSET( hist_data!$S$7, 0, MATCH($C41, hist_data!$A$6:$A$21, 0), R$13 ) )) -> 3.24285 | S41: =IF($E41="","",MAX(OFFSET(hist_data!$S$7,0,MATCH($C41,hist_data!$A$6:$A$21,0),S$13))) -> 3.36 | T41: =IF($E41="","",MIN(OFFSET(hist_data!$S$7,0,MATCH($C41,hist_data!$A$6:$A$21,0),T$13))) -> 3.116 | U41: =IF($E41="", "", AVERAGE( OFFSET( hist_data!$S$7, 0, MATCH($C41, hist_data!$A$6:$A$21, 0), U$13 ) )) -> 3.4288167 | V41: =IF($E41="","",MAX(OFFSET(hist_data!$S$7,0,MATCH($C41,hist_data!$A$6:$A$21,0),V$13))) -> 3.76 | W41: =IF($E41="","",MIN(OFFSET(hist_data!$S$7,0,MATCH($C41,hist_data!$A$6:$A$21,0),W$13))) -> 3.116 | X41: =IF($E41="", "", AVERAGE( OFFSET( hist_data!$S$7, 0, MATCH($C41, hist_data!$A$6:$A$21, 0), X$13 ) )) -> 3.5861 | Y41: =IF($E41="","",MAX(OFFSET(hist_data!$S$7,0,MATCH($C41,hist_data!$A$6:$A$21,0),Y$13))) -> 3.892 | Z41: =IF($E41="","",MIN(OFFSET(hist_data!$S$7,0,MATCH($C41,hist_data!$A$6:$A$21,0),Z$13))) -> 3.116 | AA41: =IF($E41="", "", AVERAGE( OFFSET( hist_data!$S$7, 0, MATCH($C41, hist_data!$A$6:$A$21, 0), AA$13 ) )) -> 3.827852 | AB41: =IF($E41="","",MAX(OFFSET(hist_data!$S$7,0,MATCH($C41,hist_data!$A$6:$A$21,0),AB$13))) -> 4.711 | AC41: =IF($E41="","",MIN(OFFSET(hist_data!$S$7,0,MATCH($C41,hist_data!$A$6:$A$21,0),AC$13))) -> 3.116
C42: SP(bp) | E42: =IFERROR( (E$16-E41)*100, "") -> -25.7 | F42: =IFERROR( (F$16-F41)*100, "") -> -26.5 | G42: =IFERROR( (G$16-G41)*100, "") -> -27.1 | H42: =IFERROR( (H$16-H41)*100, "") -> -26.8 | I42: =IFERROR( (I$16-I41)*100, "") -> -28.3 | J42: =IFERROR( (J$16-J41)*100, "") -> -29.7 | K42: =IFERROR( (K$16-K41)*100, "") -> -28.3 | L42: =IFERROR( (L$16-L41)*100, "") -> -27.3 | ... P42: =IFERROR( (P$16-P41)*100, "") -> -25.8 | R42: =IFERROR( (R$16-R41)*100, "") -> -27.28 | S42: =IFERROR( (S$16-S41)*100, "") -> -27.3 | T42: =IFERROR( (T$16-T41)*100, "") -> -30.1 | U42: =IFERROR( (U$16-U41)*100, "") -> -28.218333 | V42: =IFERROR( (V$16-V41)*100, "") -> -30.8 | W42: =IFERROR( (W$16-W41)*100, "") -> -30.1 | X42: =IFERROR( (X$16-X41)*100, "") -> -31.990833 | Y42: =IFERROR( (Y$16-Y41)*100, "") -> -35.2 | ... AC42: =IFERROR( (AC$16-AC41)*100, "") -> -30.1
A43: 14 | C43: {=INDEX(hist_data!$A$6:$A$21, Hist!$A43)} -> 20Y | E43: {=IF( INDEX(hist_data!$S$6:$AI$256, MATCH(E$13, hist_data!$S$6:$S$256, 0), MATCH($C43, hist_data!$A$6:$A$21, 0)+1)=0, "", INDEX(hist_data!$S$6:$AI$256, MATCH(E$13, hist_data!$S$6:$S$256, 0), MATCH($C43, hist_data!$A$6:$A$21, 0)+1) )} -> 3.153 | F43: {=IF( INDEX(hist_data!$S$6:$AI$256, MATCH(F$13, hist_data!$S$6:$S$256, 0), MATCH($C43, hist_data!$A$6:$A$21, 0)+1)=0, "", INDEX(hist_data!$S$6:$AI$256, MATCH(F$13, hist_data!$S$6:$S$256, 0), MATCH($C43, hist_data!$A$6:$A$21, 0)+1) )} -> 3.131 | G43: {=IF( INDEX(hist_data!$S$6:$AI$256, MATCH(G$13, hist_data!$S$6:$S$256, 0), MATCH($C43, hist_data!$A$6:$A$21, 0)+1)=0, "", INDEX(hist_data!$S$6:$AI$256, MATCH(G$13, hist_data!$S$6:$S$256, 0), MATCH($C43, hist_data!$A$6:$A$21, 0)+1) )} -> 3.163 | H43: {=IF( INDEX(hist_data!$S$6:$AI$256, MATCH(H$13, hist_data!$S$6:$S$256, 0), MATCH($C43, hist_data!$A$6:$A$21, 0)+1)=0, "", INDEX(hist_data!$S$6:$AI$256, MATCH(H$13, hist_data!$S$6:$S$256, 0), MATCH($C43, hist_data!$A$6:$A$21, 0)+1) )} -> 3.197 | I43: {=IF( INDEX(hist_data!$S$6:$AI$256, MATCH(I$13, hist_data!$S$6:$S$256, 0), MATCH($C43, hist_data!$A$6:$A$21, 0)+1)=0, "", INDEX(hist_data!$S$6:$AI$256, MATCH(I$13, hist_data!$S$6:$S$256, 0), MATCH($C43, hist_data!$A$6:$A$21, 0)+1) )} -> 3.207 | J43: {=IF( INDEX(hist_data!$S$6:$AI$256, MATCH(J$13, hist_data!$S$6:$S$256, 0), MATCH($C43, hist_data!$A$6:$A$21, 0)+1)=0, "", INDEX(hist_data!$S$6:$AI$256, MATCH(J$13, hist_data!$S$6:$S$256, 0), MATCH($C43, hist_data!$A$6:$A$21, 0)+1) )} -> 3.204 | K43: {=IF( INDEX(hist_data!$S$6:$AI$256, MATCH(K$13, hist_data!$S$6:$S$256, 0), MATCH($C43, hist_data!$A$6:$A$21, 0)+1)=0, "", INDEX(hist_data!$S$6:$AI$256, MATCH(K$13, hist_data!$S$6:$S$256, 0), MATCH($C43, hist_data!$A$6:$A$21, 0)+1) )} -> 3.198 | L43: {=IF( INDEX(hist_data!$S$6:$AI$256, MATCH(L$13, hist_data!$S$6:$S$256, 0), MATCH($C43, hist_data!$A$6:$A$21, 0)+1)=0, "", INDEX(hist_data!$S$6:$AI$256, MATCH(L$13, hist_data!$S$6:$S$256, 0), MATCH($C43, hist_data!$A$6:$A$21, 0)+1) )} -> 3.204 | ... P43: {=IF( INDEX(hist_data!$S$6:$AI$256, MATCH(P$13, hist_data!$S$6:$S$256, 0), MATCH($C43, hist_data!$A$6:$A$21, 0)+1)=0, "", INDEX(hist_data!$S$6:$AI$256, MATCH(P$13, hist_data!$S$6:$S$256, 0), MATCH($C43, hist_data!$A$6:$A$21, 0)+1) )} -> 3.244 | R43: =IF($E43="", "", AVERAGE( OFFSET( hist_data!$S$7, 0, MATCH($C43, hist_data!$A$6:$A$21, 0), R$13 ) )) -> 3.2251 | S43: =IF($E43="","",MAX(OFFSET(hist_data!$S$7,0,MATCH($C43,hist_data!$A$6:$A$21,0),S$13))) -> 3.326 | T43: =IF($E43="","",MIN(OFFSET(hist_data!$S$7,0,MATCH($C43,hist_data!$A$6:$A$21,0),T$13))) -> 3.116 | U43: =IF($E43="", "", AVERAGE( OFFSET( hist_data!$S$7, 0, MATCH($C43, hist_data!$A$6:$A$21, 0), U$13 ) )) -> 3.4081833 | V43: =IF($E43="","",MAX(OFFSET(hist_data!$S$7,0,MATCH($C43,hist_data!$A$6:$A$21,0),V$13))) -> 3.735 | W43: =IF($E43="","",MIN(OFFSET(hist_data!$S$7,0,MATCH($C43,hist_data!$A$6:$A$21,0),W$13))) -> 3.116 | X43: =IF($E43="", "", AVERAGE( OFFSET( hist_data!$S$7, 0, MATCH($C43, hist_data!$A$6:$A$21, 0), X$13 ) )) -> 3.5620083 | Y43: =IF($E43="","",MAX(OFFSET(hist_data!$S$7,0,MATCH($C43,hist_data!$A$6:$A$21,0),Y$13))) -> 3.854 | Z43: =IF($E43="","",MIN(OFFSET(hist_data!$S$7,0,MATCH($C43,hist_data!$A$6:$A$21,0),Z$13))) -> 3.116 | AA43: =IF($E43="", "", AVERAGE( OFFSET( hist_data!$S$7, 0, MATCH($C43, hist_data!$A$6:$A$21, 0), AA$13 ) )) -> 3.800716 | AB43: =IF($E43="","",MAX(OFFSET(hist_data!$S$7,0,MATCH($C43,hist_data!$A$6:$A$21,0),AB$13))) -> 4.707 | AC43: =IF($E43="","",MIN(OFFSET(hist_data!$S$7,0,MATCH($C43,hist_data!$A$6:$A$21,0),AC$13))) -> 3.116
C44: SP(bp) | E44: =IFERROR( (E$16-E43)*100, "") -> -23.1 | F44: =IFERROR( (F$16-F43)*100, "") -> -24.4 | G44: =IFERROR( (G$16-G43)*100, "") -> -24.8 | H44: =IFERROR( (H$16-H43)*100, "") -> -25.2 | I44: =IFERROR( (I$16-I43)*100, "") -> -26.7 | J44: =IFERROR( (J$16-J43)*100, "") -> -28.5 | K44: =IFERROR( (K$16-K43)*100, "") -> -26.7 | L44: =IFERROR( (L$16-L43)*100, "") -> -26.4 | ... P44: =IFERROR( (P$16-P43)*100, "") -> -24.4 | R44: =IFERROR( (R$16-R43)*100, "") -> -25.505 | S44: =IFERROR( (S$16-S43)*100, "") -> -23.9 | T44: =IFERROR( (T$16-T43)*100, "") -> -30.1 | U44: =IFERROR( (U$16-U43)*100, "") -> -26.155 | V44: =IFERROR( (V$16-V43)*100, "") -> -28.3 | W44: =IFERROR( (W$16-W43)*100, "") -> -30.1 | X44: =IFERROR( (X$16-X43)*100, "") -> -29.581667 | Y44: =IFERROR( (Y$16-Y43)*100, "") -> -31.4 | ... AC44: =IFERROR( (AC$16-AC43)*100, "") -> -30.1
A45: 15 | C45: {=INDEX(hist_data!$A$6:$A$21, Hist!$A45)} -> 30Y | E45: {=IF( INDEX(hist_data!$S$6:$AI$256, MATCH(E$13, hist_data!$S$6:$S$256, 0), MATCH($C45, hist_data!$A$6:$A$21, 0)+1)=0, "", INDEX(hist_data!$S$6:$AI$256, MATCH(E$13, hist_data!$S$6:$S$256, 0), MATCH($C45, hist_data!$A$6:$A$21, 0)+1) )} -> 3.168 | F45: {=IF( INDEX(hist_data!$S$6:$AI$256, MATCH(F$13, hist_data!$S$6:$S$256, 0), MATCH($C45, hist_data!$A$6:$A$21, 0)+1)=0, "", INDEX(hist_data!$S$6:$AI$256, MATCH(F$13, hist_data!$S$6:$S$256, 0), MATCH($C45, hist_data!$A$6:$A$21, 0)+1) )} -> 3.146 | G45: {=IF( INDEX(hist_data!$S$6:$AI$256, MATCH(G$13, hist_data!$S$6:$S$256, 0), MATCH($C45, hist_data!$A$6:$A$21, 0)+1)=0, "", INDEX(hist_data!$S$6:$AI$256, MATCH(G$13, hist_data!$S$6:$S$256, 0), MATCH($C45, hist_data!$A$6:$A$21, 0)+1) )} -> 3.188 | H45: {=IF( INDEX(hist_data!$S$6:$AI$256, MATCH(H$13, hist_data!$S$6:$S$256, 0), MATCH($C45, hist_data!$A$6:$A$21, 0)+1)=0, "", INDEX(hist_data!$S$6:$AI$256, MATCH(H$13, hist_data!$S$6:$S$256, 0), MATCH($C45, hist_data!$A$6:$A$21, 0)+1) )} -> 3.216 | I45: {=IF( INDEX(hist_data!$S$6:$AI$256, MATCH(I$13, hist_data!$S$6:$S$256, 0), MATCH($C45, hist_data!$A$6:$A$21, 0)+1)=0, "", INDEX(hist_data!$S$6:$AI$256, MATCH(I$13, hist_data!$S$6:$S$256, 0), MATCH($C45, hist_data!$A$6:$A$21, 0)+1) )} -> 3.227 | J45: {=IF( INDEX(hist_data!$S$6:$AI$256, MATCH(J$13, hist_data!$S$6:$S$256, 0), MATCH($C45, hist_data!$A$6:$A$21, 0)+1)=0, "", INDEX(hist_data!$S$6:$AI$256, MATCH(J$13, hist_data!$S$6:$S$256, 0), MATCH($C45, hist_data!$A$6:$A$21, 0)+1) )} -> 3.216 | K45: {=IF( INDEX(hist_data!$S$6:$AI$256, MATCH(K$13, hist_data!$S$6:$S$256, 0), MATCH($C45, hist_data!$A$6:$A$21, 0)+1)=0, "", INDEX(hist_data!$S$6:$AI$256, MATCH(K$13, hist_data!$S$6:$S$256, 0), MATCH($C45, hist_data!$A$6:$A$21, 0)+1) )} -> 3.216 | L45: {=IF( INDEX(hist_data!$S$6:$AI$256, MATCH(L$13, hist_data!$S$6:$S$256, 0), MATCH($C45, hist_data!$A$6:$A$21, 0)+1)=0, "", INDEX(hist_data!$S$6:$AI$256, MATCH(L$13, hist_data!$S$6:$S$256, 0), MATCH($C45, hist_data!$A$6:$A$21, 0)+1) )} -> 3.231 | ... P45: {=IF( INDEX(hist_data!$S$6:$AI$256, MATCH(P$13, hist_data!$S$6:$S$256, 0), MATCH($C45, hist_data!$A$6:$A$21, 0)+1)=0, "", INDEX(hist_data!$S$6:$AI$256, MATCH(P$13, hist_data!$S$6:$S$256, 0), MATCH($C45, hist_data!$A$6:$A$21, 0)+1) )} -> 3.26 | R45: =IF($E45="", "", AVERAGE( OFFSET( hist_data!$S$7, 0, MATCH($C45, hist_data!$A$6:$A$21, 0), R$13 ) )) -> 3.24635 | S45: =IF($E45="","",MAX(OFFSET(hist_data!$S$7,0,MATCH($C45,hist_data!$A$6:$A$21,0),S$13))) -> 3.352 | T45: =IF($E45="","",MIN(OFFSET(hist_data!$S$7,0,MATCH($C45,hist_data!$A$6:$A$21,0),T$13))) -> 3.146 | U45: =IF($E45="", "", AVERAGE( OFFSET( hist_data!$S$7, 0, MATCH($C45, hist_data!$A$6:$A$21, 0), U$13 ) )) -> 3.4392167 | V45: =IF($E45="","",MAX(OFFSET(hist_data!$S$7,0,MATCH($C45,hist_data!$A$6:$A$21,0),V$13))) -> 3.77 | W45: =IF($E45="","",MIN(OFFSET(hist_data!$S$7,0,MATCH($C45,hist_data!$A$6:$A$21,0),W$13))) -> 3.146 | X45: =IF($E45="", "", AVERAGE( OFFSET( hist_data!$S$7, 0, MATCH($C45, hist_data!$A$6:$A$21, 0), X$13 ) )) -> 3.5806917 | Y45: =IF($E45="","",MAX(OFFSET(hist_data!$S$7,0,MATCH($C45,hist_data!$A$6:$A$21,0),Y$13))) -> 3.875 | Z45: =IF($E45="","",MIN(OFFSET(hist_data!$S$7,0,MATCH($C45,hist_data!$A$6:$A$21,0),Z$13))) -> 3.146 | AA45: =IF($E45="", "", AVERAGE( OFFSET( hist_data!$S$7, 0, MATCH($C45, hist_data!$A$6:$A$21, 0), AA$13 ) )) -> 3.817756 | AB45: =IF($E45="","",MAX(OFFSET(hist_data!$S$7,0,MATCH($C45,hist_data!$A$6:$A$21,0),AB$13))) -> 4.745 | AC45: =IF($E45="","",MIN(OFFSET(hist_data!$S$7,0,MATCH($C45,hist_data!$A$6:$A$21,0),AC$13))) -> 3.146
C46: SP(bp) | E46: =IFERROR( (E$16-E45)*100, "") -> -24.6 | F46: =IFERROR( (F$16-F45)*100, "") -> -25.9 | G46: =IFERROR( (G$16-G45)*100, "") -> -27.3 | H46: =IFERROR( (H$16-H45)*100, "") -> -27.1 | I46: =IFERROR( (I$16-I45)*100, "") -> -28.7 | J46: =IFERROR( (J$16-J45)*100, "") -> -29.7 | K46: =IFERROR( (K$16-K45)*100, "") -> -28.5 | L46: =IFERROR( (L$16-L45)*100, "") -> -29.1 | ... P46: =IFERROR( (P$16-P45)*100, "") -> -26 | R46: =IFERROR( (R$16-R45)*100, "") -> -27.63 | S46: =IFERROR( (S$16-S45)*100, "") -> -26.5 | T46: =IFERROR( (T$16-T45)*100, "") -> -33.1 | U46: =IFERROR( (U$16-U45)*100, "") -> -29.258333 | V46: =IFERROR( (V$16-V45)*100, "") -> -31.8 | W46: =IFERROR( (W$16-W45)*100, "") -> -33.1 | X46: =IFERROR( (X$16-X45)*100, "") -> -31.45 | Y46: =IFERROR( (Y$16-Y45)*100, "") -> -33.5 | ... AC46: =IFERROR( (AC$16-AC45)*100, "") -> -33.1
A47: 16 | C47: {=INDEX(hist_data!$A$6:$A$21, Hist!$A47)} -> 50Y | E47: {=IF( INDEX(hist_data!$S$6:$AI$256, MATCH(E$13, hist_data!$S$6:$S$256, 0), MATCH($C47, hist_data!$A$6:$A$21, 0)+1)=0, "", INDEX(hist_data!$S$6:$AI$256, MATCH(E$13, hist_data!$S$6:$S$256, 0), MATCH($C47, hist_data!$A$6:$A$21, 0)+1) )} | F47: {=IF( INDEX(hist_data!$S$6:$AI$256, MATCH(F$13, hist_data!$S$6:$S$256, 0), MATCH($C47, hist_data!$A$6:$A$21, 0)+1)=0, "", INDEX(hist_data!$S$6:$AI$256, MATCH(F$13, hist_data!$S$6:$S$256, 0), MATCH($C47, hist_data!$A$6:$A$21, 0)+1) )} | G47: {=IF( INDEX(hist_data!$S$6:$AI$256, MATCH(G$13, hist_data!$S$6:$S$256, 0), MATCH($C47, hist_data!$A$6:$A$21, 0)+1)=0, "", INDEX(hist_data!$S$6:$AI$256, MATCH(G$13, hist_data!$S$6:$S$256, 0), MATCH($C47, hist_data!$A$6:$A$21, 0)+1) )} | H47: {=IF( INDEX(hist_data!$S$6:$AI$256, MATCH(H$13, hist_data!$S$6:$S$256, 0), MATCH($C47, hist_data!$A$6:$A$21, 0)+1)=0, "", INDEX(hist_data!$S$6:$AI$256, MATCH(H$13, hist_data!$S$6:$S$256, 0), MATCH($C47, hist_data!$A$6:$A$21, 0)+1) )} | I47: {=IF( INDEX(hist_data!$S$6:$AI$256, MATCH(I$13, hist_data!$S$6:$S$256, 0), MATCH($C47, hist_data!$A$6:$A$21, 0)+1)=0, "", INDEX(hist_data!$S$6:$AI$256, MATCH(I$13, hist_data!$S$6:$S$256, 0), MATCH($C47, hist_data!$A$6:$A$21, 0)+1) )} | J47: {=IF( INDEX(hist_data!$S$6:$AI$256, MATCH(J$13, hist_data!$S$6:$S$256, 0), MATCH($C47, hist_data!$A$6:$A$21, 0)+1)=0, "", INDEX(hist_data!$S$6:$AI$256, MATCH(J$13, hist_data!$S$6:$S$256, 0), MATCH($C47, hist_data!$A$6:$A$21, 0)+1) )} | K47: {=IF( INDEX(hist_data!$S$6:$AI$256, MATCH(K$13, hist_data!$S$6:$S$256, 0), MATCH($C47, hist_data!$A$6:$A$21, 0)+1)=0, "", INDEX(hist_data!$S$6:$AI$256, MATCH(K$13, hist_data!$S$6:$S$256, 0), MATCH($C47, hist_data!$A$6:$A$21, 0)+1) )} | L47: {=IF( INDEX(hist_data!$S$6:$AI$256, MATCH(L$13, hist_data!$S$6:$S$256, 0), MATCH($C47, hist_data!$A$6:$A$21, 0)+1)=0, "", INDEX(hist_data!$S$6:$AI$256, MATCH(L$13, hist_data!$S$6:$S$256, 0), MATCH($C47, hist_data!$A$6:$A$21, 0)+1) )} | ... P47: {=IF( INDEX(hist_data!$S$6:$AI$256, MATCH(P$13, hist_data!$S$6:$S$256, 0), MATCH($C47, hist_data!$A$6:$A$21, 0)+1)=0, "", INDEX(hist_data!$S$6:$AI$256, MATCH(P$13, hist_data!$S$6:$S$256, 0), MATCH($C47, hist_data!$A$6:$A$21, 0)+1) )} | R47: =IF($E47="", "", AVERAGE( OFFSET( hist_data!$S$7, 0, MATCH($C47, hist_data!$A$6:$A$21, 0), R$13 ) )) | S47: =IF($E47="","",MAX(OFFSET(hist_data!$S$7,0,MATCH($C47,hist_data!$A$6:$A$21,0),S$13))) | T47: =IF($E47="","",MIN(OFFSET(hist_data!$S$7,0,MATCH($C47,hist_data!$A$6:$A$21,0),T$13))) | U47: =IF($E47="", "", AVERAGE( OFFSET( hist_data!$S$7, 0, MATCH($C47, hist_data!$A$6:$A$21, 0), U$13 ) )) | V47: =IF($E47="","",MAX(OFFSET(hist_data!$S$7,0,MATCH($C47,hist_data!$A$6:$A$21,0),V$13))) | W47: =IF($E47="","",MIN(OFFSET(hist_data!$S$7,0,MATCH($C47,hist_data!$A$6:$A$21,0),W$13))) | X47: =IF($E47="", "", AVERAGE( OFFSET( hist_data!$S$7, 0, MATCH($C47, hist_data!$A$6:$A$21, 0), X$13 ) )) | Y47: =IF($E47="","",MAX(OFFSET(hist_data!$S$7,0,MATCH($C47,hist_data!$A$6:$A$21,0),Y$13))) | Z47: =IF($E47="","",MIN(OFFSET(hist_data!$S$7,0,MATCH($C47,hist_data!$A$6:$A$21,0),Z$13))) | AA47: =IF($E47="", "", AVERAGE( OFFSET( hist_data!$S$7, 0, MATCH($C47, hist_data!$A$6:$A$21, 0), AA$13 ) )) | AB47: =IF($E47="","",MAX(OFFSET(hist_data!$S$7,0,MATCH($C47,hist_data!$A$6:$A$21,0),AB$13))) | AC47: =IF($E47="","",MIN(OFFSET(hist_data!$S$7,0,MATCH($C47,hist_data!$A$6:$A$21,0),AC$13)))
C48: SP(bp) | E48: =IFERROR( (E$16-E47)*100, "") | F48: =IFERROR( (F$16-F47)*100, "") | G48: =IFERROR( (G$16-G47)*100, "") | H48: =IFERROR( (H$16-H47)*100, "") | I48: =IFERROR( (I$16-I47)*100, "") | J48: =IFERROR( (J$16-J47)*100, "") | K48: =IFERROR( (K$16-K47)*100, "") | L48: =IFERROR( (L$16-L47)*100, "") | ... P48: =IFERROR( (P$16-P47)*100, "") | R48: =IFERROR( (R$16-R47)*100, "") | S48: =IFERROR( (S$16-S47)*100, "") | T48: =IFERROR( (T$16-T47)*100, "") | U48: =IFERROR( (U$16-U47)*100, "") | V48: =IFERROR( (V$16-V47)*100, "") | W48: =IFERROR( (W$16-W47)*100, "") | X48: =IFERROR( (X$16-X47)*100, "") | Y48: =IFERROR( (Y$16-Y47)*100, "") | ... AC48: =IFERROR( (AC$16-AC47)*100, "")
J52: =IF( hist_data!$AJ$4="#N/A", " 없는 그룹입니다. 다른 채권이나 중개사를 선택하세요", "" )
C55: 기준 - 비교 | E55: =TEXT(E$13, "YYYY") -> 2024 | F55: =TEXT(F$13, "YYYY") -> 2024 | G55: =TEXT(G$13, "YYYY") -> 2024 | H55: =TEXT(H$13, "YYYY") -> 2024 | I55: =TEXT(I$13, "YYYY") -> 2024 | J55: =TEXT(J$13, "YYYY") -> 2024 | K55: =TEXT(K$13, "YYYY") -> 2024 | L55: =TEXT(L$13, "YYYY") -> 2024 | ... P55: =TEXT(P$13, "YYYY") -> 2024 | R55: 20D | U55: 60D | X55: 120D | AA55: 250D
E56: =TEXT(E$13, "MM-DD") -> 08-16 | F56: =TEXT(F$13, "MM-DD") -> 08-14 | G56: =TEXT(G$13, "MM-DD") -> 08-13 | H56: =TEXT(H$13, "MM-DD") -> 08-12 | I56: =TEXT(I$13, "MM-DD") -> 08-09 | J56: =TEXT(J$13, "MM-DD") -> 08-08 | K56: =TEXT(K$13, "MM-DD") -> 08-07 | L56: =TEXT(L$13, "MM-DD") -> 08-06 | ... P56: =TEXT(P$13, "MM-DD") -> 07-31 | R56: Avg. | S56: Max. | T56: Min. | U56: Avg. | V56: Max. | W56: Min. | X56: Avg. | Y56: Max. | Z56: Min. | AA56: Avg. | AB56: Max. | AC56: Min.
C57: 비교 | D57: 기준 | E57: {=IF( INDEX( hist_data!$B$6:$R$256, MATCH(E$13, hist_data!$B$6:$B$256, 0), hist_data!$D$3+1)=0,"", INDEX( hist_data!$B$6:$R$256, MATCH(E$13, hist_data!$B$6:$B$256, 0), hist_data!$D$3+1))} -> 2.922 | F57: {=IF( INDEX( hist_data!$B$6:$R$256, MATCH(F$13, hist_data!$B$6:$B$256, 0), hist_data!$D$3+1)=0,"", INDEX( hist_data!$B$6:$R$256, MATCH(F$13, hist_data!$B$6:$B$256, 0), hist_data!$D$3+1))} -> 2.887 | G57: {=IF( INDEX( hist_data!$B$6:$R$256, MATCH(G$13, hist_data!$B$6:$B$256, 0), hist_data!$D$3+1)=0,"", INDEX( hist_data!$B$6:$R$256, MATCH(G$13, hist_data!$B$6:$B$256, 0), hist_data!$D$3+1))} -> 2.915 | H57: {=IF( INDEX( hist_data!$B$6:$R$256, MATCH(H$13, hist_data!$B$6:$B$256, 0), hist_data!$D$3+1)=0,"", INDEX( hist_data!$B$6:$R$256, MATCH(H$13, hist_data!$B$6:$B$256, 0), hist_data!$D$3+1))} -> 2.945 | I57: {=IF( INDEX( hist_data!$B$6:$R$256, MATCH(I$13, hist_data!$B$6:$B$256, 0), hist_data!$D$3+1)=0,"", INDEX( hist_data!$B$6:$R$256, MATCH(I$13, hist_data!$B$6:$B$256, 0), hist_data!$D$3+1))} -> 2.94 | J57: {=IF( INDEX( hist_data!$B$6:$R$256, MATCH(J$13, hist_data!$B$6:$B$256, 0), hist_data!$D$3+1)=0,"", INDEX( hist_data!$B$6:$R$256, MATCH(J$13, hist_data!$B$6:$B$256, 0), hist_data!$D$3+1))} -> 2.919 | K57: {=IF( INDEX( hist_data!$B$6:$R$256, MATCH(K$13, hist_data!$B$6:$B$256, 0), hist_data!$D$3+1)=0,"", INDEX( hist_data!$B$6:$R$256, MATCH(K$13, hist_data!$B$6:$B$256, 0), hist_data!$D$3+1))} -> 2.931 | L57: {=IF( INDEX( hist_data!$B$6:$R$256, MATCH(L$13, hist_data!$B$6:$B$256, 0), hist_data!$D$3+1)=0,"", INDEX( hist_data!$B$6:$R$256, MATCH(L$13, hist_data!$B$6:$B$256, 0), hist_data!$D$3+1))} -> 2.94 | ... P57: {=IF( INDEX( hist_data!$B$6:$R$256, MATCH(P$13, hist_data!$B$6:$B$256, 0), hist_data!$D$3+1)=0,"", INDEX( hist_data!$B$6:$R$256, MATCH(P$13, hist_data!$B$6:$B$256, 0), hist_data!$D$3+1))} -> 3 | R57: =IF( $E57="", "", AVERAGE( OFFSET( hist_data!$B$7, 0, hist_data!$D$3, R$13) ) ) -> 2.97005 | S57: =IF( $E57="", "", MAX( OFFSET( hist_data!$B$7, 0, hist_data!$D$3, S$13) ) ) -> 3.087 | T57: =IF( $E57="", "", MIN( OFFSET( hist_data!$B$7, 0, hist_data!$D$3, T$13) ) ) -> 2.815 | U57: =IF( $E57="", "", AVERAGE( OFFSET( hist_data!$B$7, 0, hist_data!$D$3, U$13) ) ) -> 3.1466333 | V57: =IF( $E57="", "", MAX( OFFSET( hist_data!$B$7, 0, hist_data!$D$3, V$13) ) ) -> 3.452 | W57: =IF( $E57="", "", MIN( OFFSET( hist_data!$B$7, 0, hist_data!$D$3, W$13) ) ) -> 2.815 | X57: =IF( $E57="", "", AVERAGE( OFFSET( hist_data!$B$7, 0, hist_data!$D$3, X$13) ) ) -> 3.2661917 | Y57: =IF( $E57="", "", MAX( OFFSET( hist_data!$B$7, 0, hist_data!$D$3, Y$13) ) ) -> 3.54 | Z57: =IF( $E57="", "", MIN( OFFSET( hist_data!$B$7, 0, hist_data!$D$3, Z$13) ) ) -> 2.815 | AA57: =IF( $E57="", "", AVERAGE( OFFSET( hist_data!$B$7, 0, hist_data!$D$3, AA$13) ) ) -> 3.450952 | AB57: =IF( $E57="", "", MAX( OFFSET( hist_data!$B$7, 0, hist_data!$D$3, AB$13) ) ) -> 4.14 | AC57: =IF( $E57="", "", MIN( OFFSET( hist_data!$B$7, 0, hist_data!$D$3, AC$13) ) ) -> 2.815
A58: 1 | C58: {=INDEX(hist_data!$A$6:$A$21, Hist!$A58)} -> 03M | E58: {=IF( INDEX(hist_data!$AJ$6:$AZ$256, MATCH(E$13, hist_data!$AJ$6:$AJ$256, 0), MATCH($C58, hist_data!$A$6:$A$21, 0)+1)=0, "", INDEX(hist_data!$AJ$6:$AZ$256, MATCH(E$13, hist_data!$AJ$6:$AJ$256, 0), MATCH($C58, hist_data!$A$6:$A$21, 0)+1) )} -> 3.271 | F58: {=IF( INDEX(hist_data!$AJ$6:$AZ$256, MATCH(F$13, hist_data!$AJ$6:$AJ$256, 0), MATCH($C58, hist_data!$A$6:$A$21, 0)+1)=0, "", INDEX(hist_data!$AJ$6:$AZ$256, MATCH(F$13, hist_data!$AJ$6:$AJ$256, 0), MATCH($C58, hist_data!$A$6:$A$21, 0)+1) )} -> 3.271 | G58: {=IF( INDEX(hist_data!$AJ$6:$AZ$256, MATCH(G$13, hist_data!$AJ$6:$AJ$256, 0), MATCH($C58, hist_data!$A$6:$A$21, 0)+1)=0, "", INDEX(hist_data!$AJ$6:$AZ$256, MATCH(G$13, hist_data!$AJ$6:$AJ$256, 0), MATCH($C58, hist_data!$A$6:$A$21, 0)+1) )} -> 3.28 | H58: {=IF( INDEX(hist_data!$AJ$6:$AZ$256, MATCH(H$13, hist_data!$AJ$6:$AJ$256, 0), MATCH($C58, hist_data!$A$6:$A$21, 0)+1)=0, "", INDEX(hist_data!$AJ$6:$AZ$256, MATCH(H$13, hist_data!$AJ$6:$AJ$256, 0), MATCH($C58, hist_data!$A$6:$A$21, 0)+1) )} -> 3.29 | I58: {=IF( INDEX(hist_data!$AJ$6:$AZ$256, MATCH(I$13, hist_data!$AJ$6:$AJ$256, 0), MATCH($C58, hist_data!$A$6:$A$21, 0)+1)=0, "", INDEX(hist_data!$AJ$6:$AZ$256, MATCH(I$13, hist_data!$AJ$6:$AJ$256, 0), MATCH($C58, hist_data!$A$6:$A$21, 0)+1) )} -> 3.293 | J58: {=IF( INDEX(hist_data!$AJ$6:$AZ$256, MATCH(J$13, hist_data!$AJ$6:$AJ$256, 0), MATCH($C58, hist_data!$A$6:$A$21, 0)+1)=0, "", INDEX(hist_data!$AJ$6:$AZ$256, MATCH(J$13, hist_data!$AJ$6:$AJ$256, 0), MATCH($C58, hist_data!$A$6:$A$21, 0)+1) )} -> 3.293 | K58: {=IF( INDEX(hist_data!$AJ$6:$AZ$256, MATCH(K$13, hist_data!$AJ$6:$AJ$256, 0), MATCH($C58, hist_data!$A$6:$A$21, 0)+1)=0, "", INDEX(hist_data!$AJ$6:$AZ$256, MATCH(K$13, hist_data!$AJ$6:$AJ$256, 0), MATCH($C58, hist_data!$A$6:$A$21, 0)+1) )} -> 3.295 | L58: {=IF( INDEX(hist_data!$AJ$6:$AZ$256, MATCH(L$13, hist_data!$AJ$6:$AJ$256, 0), MATCH($C58, hist_data!$A$6:$A$21, 0)+1)=0, "", INDEX(hist_data!$AJ$6:$AZ$256, MATCH(L$13, hist_data!$AJ$6:$AJ$256, 0), MATCH($C58, hist_data!$A$6:$A$21, 0)+1) )} -> 3.298 | ... P58: {=IF( INDEX(hist_data!$AJ$6:$AZ$256, MATCH(P$13, hist_data!$AJ$6:$AJ$256, 0), MATCH($C58, hist_data!$A$6:$A$21, 0)+1)=0, "", INDEX(hist_data!$AJ$6:$AZ$256, MATCH(P$13, hist_data!$AJ$6:$AJ$256, 0), MATCH($C58, hist_data!$A$6:$A$21, 0)+1) )} -> 3.343 | R58: =IF($E58="", "", AVERAGE( OFFSET( hist_data!$AJ$7, 0, MATCH($C58, hist_data!$A$6:$A$21, 0), R$13 ) )) -> 3.321 | S58: =IF($E58="","",MAX(OFFSET(hist_data!$AJ$7,0,MATCH($C58,hist_data!$A$6:$A$21,0),S$13))) -> 3.36 | T58: =IF($E58="","",MIN(OFFSET(hist_data!$AJ$7,0,MATCH($C58,hist_data!$A$6:$A$21,0),T$13))) -> 3.271 | U58: =IF($E58="", "", AVERAGE( OFFSET( hist_data!$AJ$7, 0, MATCH($C58, hist_data!$A$6:$A$21, 0), U$13 ) )) -> 3.3884167 | V58: =IF($E58="","",MAX(OFFSET(hist_data!$AJ$7,0,MATCH($C58,hist_data!$A$6:$A$21,0),V$13))) -> 3.45 | W58: =IF($E58="","",MIN(OFFSET(hist_data!$AJ$7,0,MATCH($C58,hist_data!$A$6:$A$21,0),W$13))) -> 3.271 | X58: =IF($E58="", "", AVERAGE( OFFSET( hist_data!$AJ$7, 0, MATCH($C58, hist_data!$A$6:$A$21, 0), X$13 ) )) -> 3.4225917 | Y58: =IF($E58="","",MAX(OFFSET(hist_data!$AJ$7,0,MATCH($C58,hist_data!$A$6:$A$21,0),Y$13))) -> 3.475 | Z58: =IF($E58="","",MIN(OFFSET(hist_data!$AJ$7,0,MATCH($C58,hist_data!$A$6:$A$21,0),Z$13))) -> 3.271 | AA58: =IF($E58="", "", AVERAGE( OFFSET( hist_data!$AJ$7, 0, MATCH($C58, hist_data!$A$6:$A$21, 0), AA$13 ) )) -> 3.48414 | AB58: =IF($E58="","",MAX(OFFSET(hist_data!$AJ$7,0,MATCH($C58,hist_data!$A$6:$A$21,0),AB$13))) -> 3.67 | AC58: =IF($E58="","",MIN(OFFSET(hist_data!$AJ$7,0,MATCH($C58,hist_data!$A$6:$A$21,0),AC$13))) -> 3.271
C59: SP(bp) | E59: =IFERROR( (E$57-E58)*100, "") -> -34.9 | F59: =IFERROR( (F$57-F58)*100, "") -> -38.4 | G59: =IFERROR( (G$57-G58)*100, "") -> -36.5 | H59: =IFERROR( (H$57-H58)*100, "") -> -34.5 | I59: =IFERROR( (I$57-I58)*100, "") -> -35.3 | J59: =IFERROR( (J$57-J58)*100, "") -> -37.4 | K59: =IFERROR( (K$57-K58)*100, "") -> -36.4 | L59: =IFERROR( (L$57-L58)*100, "") -> -35.8 | ... P59: =IFERROR( (P$57-P58)*100, "") -> -34.3 | R59: =IFERROR( (R$16-R58)*100, "") -> -35.095 | S59: =IFERROR( (S$16-S58)*100, "") -> -27.3 | T59: =IFERROR( (T$16-T58)*100, "") -> -45.6 | U59: =IFERROR( (U$16-U58)*100, "") -> -24.178333 | V59: =IFERROR( (V$16-V58)*100, "") -> 0.2 | W59: =IFERROR( (W$16-W58)*100, "") -> -45.6 | X59: =IFERROR( (X$16-X58)*100, "") -> -15.64 | Y59: =IFERROR( (Y$16-Y58)*100, "") -> 6.5 | ... AC59: =IFERROR( (AC$16-AC58)*100, "") -> -45.6
A60: 2 | C60: {=INDEX(hist_data!$A$6:$A$21, Hist!$A60)} -> 06M | E60: {=IF( INDEX(hist_data!$AJ$6:$AZ$256, MATCH(E$13, hist_data!$AJ$6:$AJ$256, 0), MATCH($C60, hist_data!$A$6:$A$21, 0)+1)=0, "", INDEX(hist_data!$AJ$6:$AZ$256, MATCH(E$13, hist_data!$AJ$6:$AJ$256, 0), MATCH($C60, hist_data!$A$6:$A$21, 0)+1) )} -> 3.169 | F60: {=IF( INDEX(hist_data!$AJ$6:$AZ$256, MATCH(F$13, hist_data!$AJ$6:$AJ$256, 0), MATCH($C60, hist_data!$A$6:$A$21, 0)+1)=0, "", INDEX(hist_data!$AJ$6:$AZ$256, MATCH(F$13, hist_data!$AJ$6:$AJ$256, 0), MATCH($C60, hist_data!$A$6:$A$21, 0)+1) )} -> 3.167 | G60: {=IF( INDEX(hist_data!$AJ$6:$AZ$256, MATCH(G$13, hist_data!$AJ$6:$AJ$256, 0), MATCH($C60, hist_data!$A$6:$A$21, 0)+1)=0, "", INDEX(hist_data!$AJ$6:$AZ$256, MATCH(G$13, hist_data!$AJ$6:$AJ$256, 0), MATCH($C60, hist_data!$A$6:$A$21, 0)+1) )} -> 3.177 | H60: {=IF( INDEX(hist_data!$AJ$6:$AZ$256, MATCH(H$13, hist_data!$AJ$6:$AJ$256, 0), MATCH($C60, hist_data!$A$6:$A$21, 0)+1)=0, "", INDEX(hist_data!$AJ$6:$AZ$256, MATCH(H$13, hist_data!$AJ$6:$AJ$256, 0), MATCH($C60, hist_data!$A$6:$A$21, 0)+1) )} -> 3.188 | I60: {=IF( INDEX(hist_data!$AJ$6:$AZ$256, MATCH(I$13, hist_data!$AJ$6:$AJ$256, 0), MATCH($C60, hist_data!$A$6:$A$21, 0)+1)=0, "", INDEX(hist_data!$AJ$6:$AZ$256, MATCH(I$13, hist_data!$AJ$6:$AJ$256, 0), MATCH($C60, hist_data!$A$6:$A$21, 0)+1) )} -> 3.188 | J60: {=IF( INDEX(hist_data!$AJ$6:$AZ$256, MATCH(J$13, hist_data!$AJ$6:$AJ$256, 0), MATCH($C60, hist_data!$A$6:$A$21, 0)+1)=0, "", INDEX(hist_data!$AJ$6:$AZ$256, MATCH(J$13, hist_data!$AJ$6:$AJ$256, 0), MATCH($C60, hist_data!$A$6:$A$21, 0)+1) )} -> 3.188 | K60: {=IF( INDEX(hist_data!$AJ$6:$AZ$256, MATCH(K$13, hist_data!$AJ$6:$AJ$256, 0), MATCH($C60, hist_data!$A$6:$A$21, 0)+1)=0, "", INDEX(hist_data!$AJ$6:$AZ$256, MATCH(K$13, hist_data!$AJ$6:$AJ$256, 0), MATCH($C60, hist_data!$A$6:$A$21, 0)+1) )} -> 3.19 | L60: {=IF( INDEX(hist_data!$AJ$6:$AZ$256, MATCH(L$13, hist_data!$AJ$6:$AJ$256, 0), MATCH($C60, hist_data!$A$6:$A$21, 0)+1)=0, "", INDEX(hist_data!$AJ$6:$AZ$256, MATCH(L$13, hist_data!$AJ$6:$AJ$256, 0), MATCH($C60, hist_data!$A$6:$A$21, 0)+1) )} -> 3.194 | ... P60: {=IF( INDEX(hist_data!$AJ$6:$AZ$256, MATCH(P$13, hist_data!$AJ$6:$AJ$256, 0), MATCH($C60, hist_data!$A$6:$A$21, 0)+1)=0, "", INDEX(hist_data!$AJ$6:$AZ$256, MATCH(P$13, hist_data!$AJ$6:$AJ$256, 0), MATCH($C60, hist_data!$A$6:$A$21, 0)+1) )} -> 3.255 | R60: =IF($E60="", "", AVERAGE( OFFSET( hist_data!$AJ$7, 0, MATCH($C60, hist_data!$A$6:$A$21, 0), R$13 ) )) -> 3.22915 | S60: =IF($E60="","",MAX(OFFSET(hist_data!$AJ$7,0,MATCH($C60,hist_data!$A$6:$A$21,0),S$13))) -> 3.289 | T60: =IF($E60="","",MIN(OFFSET(hist_data!$AJ$7,0,MATCH($C60,hist_data!$A$6:$A$21,0),T$13))) -> 3.167 | U60: =IF($E60="", "", AVERAGE( OFFSET( hist_data!$AJ$7, 0, MATCH($C60, hist_data!$A$6:$A$21, 0), U$13 ) )) -> 3.3275 | V60: =IF($E60="","",MAX(OFFSET(hist_data!$AJ$7,0,MATCH($C60,hist_data!$A$6:$A$21,0),V$13))) -> 3.435 | W60: =IF($E60="","",MIN(OFFSET(hist_data!$AJ$7,0,MATCH($C60,hist_data!$A$6:$A$21,0),W$13))) -> 3.167 | X60: =IF($E60="", "", AVERAGE( OFFSET( hist_data!$AJ$7, 0, MATCH($C60, hist_data!$A$6:$A$21, 0), X$13 ) )) -> 3.3778583 | Y60: =IF($E60="","",MAX(OFFSET(hist_data!$AJ$7,0,MATCH($C60,hist_data!$A$6:$A$21,0),Y$13))) -> 3.452 | Z60: =IF($E60="","",MIN(OFFSET(hist_data!$AJ$7,0,MATCH($C60,hist_data!$A$6:$A$21,0),Z$13))) -> 3.167 | AA60: =IF($E60="", "", AVERAGE( OFFSET( hist_data!$AJ$7, 0, MATCH($C60, hist_data!$A$6:$A$21, 0), AA$13 ) )) -> 3.461416 | AB60: =IF($E60="","",MAX(OFFSET(hist_data!$AJ$7,0,MATCH($C60,hist_data!$A$6:$A$21,0),AB$13))) -> 3.69 | AC60: =IF($E60="","",MIN(OFFSET(hist_data!$AJ$7,0,MATCH($C60,hist_data!$A$6:$A$21,0),AC$13))) -> 3.167
C61: SP(bp) | E61: =IFERROR( (E$57-E60)*100, "") -> -24.7 | F61: =IFERROR( (F$57-F60)*100, "") -> -28 | G61: =IFERROR( (G$57-G60)*100, "") -> -26.2 | H61: =IFERROR( (H$57-H60)*100, "") -> -24.3 | I61: =IFERROR( (I$57-I60)*100, "") -> -24.8 | J61: =IFERROR( (J$57-J60)*100, "") -> -26.9 | K61: =IFERROR( (K$57-K60)*100, "") -> -25.9 | L61: =IFERROR( (L$57-L60)*100, "") -> -25.4 | ... P61: =IFERROR( (P$57-P60)*100, "") -> -25.5 | R61: =IFERROR( (R$16-R60)*100, "") -> -25.91 | S61: =IFERROR( (S$16-S60)*100, "") -> -20.2 | T61: =IFERROR( (T$16-T60)*100, "") -> -35.2 | U61: =IFERROR( (U$16-U60)*100, "") -> -18.086667 | V61: =IFERROR( (V$16-V60)*100, "") -> 1.7 | W61: =IFERROR( (W$16-W60)*100, "") -> -35.2 | X61: =IFERROR( (X$16-X60)*100, "") -> -11.166667 | Y61: =IFERROR( (Y$16-Y60)*100, "") -> 8.8 | ... AC61: =IFERROR( (AC$16-AC60)*100, "") -> -35.2
A62: 3 | C62: {=INDEX(hist_data!$A$6:$A$21, Hist!$A62)} -> 09M | E62: {=IF( INDEX(hist_data!$AJ$6:$AZ$256, MATCH(E$13, hist_data!$AJ$6:$AJ$256, 0), MATCH($C62, hist_data!$A$6:$A$21, 0)+1)=0, "", INDEX(hist_data!$AJ$6:$AZ$256, MATCH(E$13, hist_data!$AJ$6:$AJ$256, 0), MATCH($C62, hist_data!$A$6:$A$21, 0)+1) )} -> 3.097 | F62: {=IF( INDEX(hist_data!$AJ$6:$AZ$256, MATCH(F$13, hist_data!$AJ$6:$AJ$256, 0), MATCH($C62, hist_data!$A$6:$A$21, 0)+1)=0, "", INDEX(hist_data!$AJ$6:$AZ$256, MATCH(F$13, hist_data!$AJ$6:$AJ$256, 0), MATCH($C62, hist_data!$A$6:$A$21, 0)+1) )} -> 3.094 | G62: {=IF( INDEX(hist_data!$AJ$6:$AZ$256, MATCH(G$13, hist_data!$AJ$6:$AJ$256, 0), MATCH($C62, hist_data!$A$6:$A$21, 0)+1)=0, "", INDEX(hist_data!$AJ$6:$AZ$256, MATCH(G$13, hist_data!$AJ$6:$AJ$256, 0), MATCH($C62, hist_data!$A$6:$A$21, 0)+1) )} -> 3.106 | H62: {=IF( INDEX(hist_data!$AJ$6:$AZ$256, MATCH(H$13, hist_data!$AJ$6:$AJ$256, 0), MATCH($C62, hist_data!$A$6:$A$21, 0)+1)=0, "", INDEX(hist_data!$AJ$6:$AZ$256, MATCH(H$13, hist_data!$AJ$6:$AJ$256, 0), MATCH($C62, hist_data!$A$6:$A$21, 0)+1) )} -> 3.121 | I62: {=IF( INDEX(hist_data!$AJ$6:$AZ$256, MATCH(I$13, hist_data!$AJ$6:$AJ$256, 0), MATCH($C62, hist_data!$A$6:$A$21, 0)+1)=0, "", INDEX(hist_data!$AJ$6:$AZ$256, MATCH(I$13, hist_data!$AJ$6:$AJ$256, 0), MATCH($C62, hist_data!$A$6:$A$21, 0)+1) )} -> 3.121 | J62: {=IF( INDEX(hist_data!$AJ$6:$AZ$256, MATCH(J$13, hist_data!$AJ$6:$AJ$256, 0), MATCH($C62, hist_data!$A$6:$A$21, 0)+1)=0, "", INDEX(hist_data!$AJ$6:$AZ$256, MATCH(J$13, hist_data!$AJ$6:$AJ$256, 0), MATCH($C62, hist_data!$A$6:$A$21, 0)+1) )} -> 3.121 | K62: {=IF( INDEX(hist_data!$AJ$6:$AZ$256, MATCH(K$13, hist_data!$AJ$6:$AJ$256, 0), MATCH($C62, hist_data!$A$6:$A$21, 0)+1)=0, "", INDEX(hist_data!$AJ$6:$AZ$256, MATCH(K$13, hist_data!$AJ$6:$AJ$256, 0), MATCH($C62, hist_data!$A$6:$A$21, 0)+1) )} -> 3.13 | L62: {=IF( INDEX(hist_data!$AJ$6:$AZ$256, MATCH(L$13, hist_data!$AJ$6:$AJ$256, 0), MATCH($C62, hist_data!$A$6:$A$21, 0)+1)=0, "", INDEX(hist_data!$AJ$6:$AZ$256, MATCH(L$13, hist_data!$AJ$6:$AJ$256, 0), MATCH($C62, hist_data!$A$6:$A$21, 0)+1) )} -> 3.13 | ... P62: {=IF( INDEX(hist_data!$AJ$6:$AZ$256, MATCH(P$13, hist_data!$AJ$6:$AJ$256, 0), MATCH($C62, hist_data!$A$6:$A$21, 0)+1)=0, "", INDEX(hist_data!$AJ$6:$AZ$256, MATCH(P$13, hist_data!$AJ$6:$AJ$256, 0), MATCH($C62, hist_data!$A$6:$A$21, 0)+1) )} -> 3.204 | R62: =IF($E62="", "", AVERAGE( OFFSET( hist_data!$AJ$7, 0, MATCH($C62, hist_data!$A$6:$A$21, 0), R$13 ) )) -> 3.17595 | S62: =IF($E62="","",MAX(OFFSET(hist_data!$AJ$7,0,MATCH($C62,hist_data!$A$6:$A$21,0),S$13))) -> 3.269 | T62: =IF($E62="","",MIN(OFFSET(hist_data!$AJ$7,0,MATCH($C62,hist_data!$A$6:$A$21,0),T$13))) -> 3.094 | U62: =IF($E62="", "", AVERAGE( OFFSET( hist_data!$AJ$7, 0, MATCH($C62, hist_data!$A$6:$A$21, 0), U$13 ) )) -> 3.2925667 | V62: =IF($E62="","",MAX(OFFSET(hist_data!$AJ$7,0,MATCH($C62,hist_data!$A$6:$A$21,0),V$13))) -> 3.418 | W62: =IF($E62="","",MIN(OFFSET(hist_data!$AJ$7,0,MATCH($C62,hist_data!$A$6:$A$21,0),W$13))) -> 3.094 | X62: =IF($E62="", "", AVERAGE( OFFSET( hist_data!$AJ$7, 0, MATCH($C62, hist_data!$A$6:$A$21, 0), X$13 ) )) -> 3.3387833 | Y62: =IF($E62="","",MAX(OFFSET(hist_data!$AJ$7,0,MATCH($C62,hist_data!$A$6:$A$21,0),Y$13))) -> 3.434 | Z62: =IF($E62="","",MIN(OFFSET(hist_data!$AJ$7,0,MATCH($C62,hist_data!$A$6:$A$21,0),Z$13))) -> 3.094 | AA62: =IF($E62="", "", AVERAGE( OFFSET( hist_data!$AJ$7, 0, MATCH($C62, hist_data!$A$6:$A$21, 0), AA$13 ) )) -> 3.43644 | AB62: =IF($E62="","",MAX(OFFSET(hist_data!$AJ$7,0,MATCH($C62,hist_data!$A$6:$A$21,0),AB$13))) -> 3.7 | AC62: =IF($E62="","",MIN(OFFSET(hist_data!$AJ$7,0,MATCH($C62,hist_data!$A$6:$A$21,0),AC$13))) -> 3.094
C63: SP(bp) | E63: =IFERROR( (E$57-E62)*100, "") -> -17.5 | F63: =IFERROR( (F$57-F62)*100, "") -> -20.7 | G63: =IFERROR( (G$57-G62)*100, "") -> -19.1 | H63: =IFERROR( (H$57-H62)*100, "") -> -17.6 | I63: =IFERROR( (I$57-I62)*100, "") -> -18.1 | J63: =IFERROR( (J$57-J62)*100, "") -> -20.2 | K63: =IFERROR( (K$57-K62)*100, "") -> -19.9 | L63: =IFERROR( (L$57-L62)*100, "") -> -19 | ... P63: =IFERROR( (P$57-P62)*100, "") -> -20.4 | R63: =IFERROR( (R$16-R62)*100, "") -> -20.59 | S63: =IFERROR( (S$16-S62)*100, "") -> -18.2 | T63: =IFERROR( (T$16-T62)*100, "") -> -27.9 | U63: =IFERROR( (U$16-U62)*100, "") -> -14.593333 | V63: =IFERROR( (V$16-V62)*100, "") -> 3.4 | W63: =IFERROR( (W$16-W62)*100, "") -> -27.9 | X63: =IFERROR( (X$16-X62)*100, "") -> -7.2591667 | Y63: =IFERROR( (Y$16-Y62)*100, "") -> 10.6 | ... AC63: =IFERROR( (AC$16-AC62)*100, "") -> -27.9
A64: 4 | C64: {=INDEX(hist_data!$A$6:$A$21, Hist!$A64)} -> 01Y | E64: {=IF( INDEX(hist_data!$AJ$6:$AZ$256, MATCH(E$13, hist_data!$AJ$6:$AJ$256, 0), MATCH($C64, hist_data!$A$6:$A$21, 0)+1)=0, "", INDEX(hist_data!$AJ$6:$AZ$256, MATCH(E$13, hist_data!$AJ$6:$AJ$256, 0), MATCH($C64, hist_data!$A$6:$A$21, 0)+1) )} -> 3.025 | F64: {=IF( INDEX(hist_data!$AJ$6:$AZ$256, MATCH(F$13, hist_data!$AJ$6:$AJ$256, 0), MATCH($C64, hist_data!$A$6:$A$21, 0)+1)=0, "", INDEX(hist_data!$AJ$6:$AZ$256, MATCH(F$13, hist_data!$AJ$6:$AJ$256, 0), MATCH($C64, hist_data!$A$6:$A$21, 0)+1) )} -> 3.02 | G64: {=IF( INDEX(hist_data!$AJ$6:$AZ$256, MATCH(G$13, hist_data!$AJ$6:$AJ$256, 0), MATCH($C64, hist_data!$A$6:$A$21, 0)+1)=0, "", INDEX(hist_data!$AJ$6:$AZ$256, MATCH(G$13, hist_data!$AJ$6:$AJ$256, 0), MATCH($C64, hist_data!$A$6:$A$21, 0)+1) )} -> 3.03 | H64: {=IF( INDEX(hist_data!$AJ$6:$AZ$256, MATCH(H$13, hist_data!$AJ$6:$AJ$256, 0), MATCH($C64, hist_data!$A$6:$A$21, 0)+1)=0, "", INDEX(hist_data!$AJ$6:$AZ$256, MATCH(H$13, hist_data!$AJ$6:$AJ$256, 0), MATCH($C64, hist_data!$A$6:$A$21, 0)+1) )} -> 3.044 | I64: {=IF( INDEX(hist_data!$AJ$6:$AZ$256, MATCH(I$13, hist_data!$AJ$6:$AJ$256, 0), MATCH($C64, hist_data!$A$6:$A$21, 0)+1)=0, "", INDEX(hist_data!$AJ$6:$AZ$256, MATCH(I$13, hist_data!$AJ$6:$AJ$256, 0), MATCH($C64, hist_data!$A$6:$A$21, 0)+1) )} -> 3.047 | J64: {=IF( INDEX(hist_data!$AJ$6:$AZ$256, MATCH(J$13, hist_data!$AJ$6:$AJ$256, 0), MATCH($C64, hist_data!$A$6:$A$21, 0)+1)=0, "", INDEX(hist_data!$AJ$6:$AZ$256, MATCH(J$13, hist_data!$AJ$6:$AJ$256, 0), MATCH($C64, hist_data!$A$6:$A$21, 0)+1) )} -> 3.049 | K64: {=IF( INDEX(hist_data!$AJ$6:$AZ$256, MATCH(K$13, hist_data!$AJ$6:$AJ$256, 0), MATCH($C64, hist_data!$A$6:$A$21, 0)+1)=0, "", INDEX(hist_data!$AJ$6:$AZ$256, MATCH(K$13, hist_data!$AJ$6:$AJ$256, 0), MATCH($C64, hist_data!$A$6:$A$21, 0)+1) )} -> 3.07 | L64: {=IF( INDEX(hist_data!$AJ$6:$AZ$256, MATCH(L$13, hist_data!$AJ$6:$AJ$256, 0), MATCH($C64, hist_data!$A$6:$A$21, 0)+1)=0, "", INDEX(hist_data!$AJ$6:$AZ$256, MATCH(L$13, hist_data!$AJ$6:$AJ$256, 0), MATCH($C64, hist_data!$A$6:$A$21, 0)+1) )} -> 3.067 | ... P64: {=IF( INDEX(hist_data!$AJ$6:$AZ$256, MATCH(P$13, hist_data!$AJ$6:$AJ$256, 0), MATCH($C64, hist_data!$A$6:$A$21, 0)+1)=0, "", INDEX(hist_data!$AJ$6:$AZ$256, MATCH(P$13, hist_data!$AJ$6:$AJ$256, 0), MATCH($C64, hist_data!$A$6:$A$21, 0)+1) )} -> 3.136 | R64: =IF($E64="", "", AVERAGE( OFFSET( hist_data!$AJ$7, 0, MATCH($C64, hist_data!$A$6:$A$21, 0), R$13 ) )) -> 3.1126 | S64: =IF($E64="","",MAX(OFFSET(hist_data!$AJ$7,0,MATCH($C64,hist_data!$A$6:$A$21,0),S$13))) -> 3.23 | T64: =IF($E64="","",MIN(OFFSET(hist_data!$AJ$7,0,MATCH($C64,hist_data!$A$6:$A$21,0),T$13))) -> 3.02 | U64: =IF($E64="", "", AVERAGE( OFFSET( hist_data!$AJ$7, 0, MATCH($C64, hist_data!$A$6:$A$21, 0), U$13 ) )) -> 3.24325 | V64: =IF($E64="","",MAX(OFFSET(hist_data!$AJ$7,0,MATCH($C64,hist_data!$A$6:$A$21,0),V$13))) -> 3.393 | W64: =IF($E64="","",MIN(OFFSET(hist_data!$AJ$7,0,MATCH($C64,hist_data!$A$6:$A$21,0),W$13))) -> 3.02 | X64: =IF($E64="", "", AVERAGE( OFFSET( hist_data!$AJ$7, 0, MATCH($C64, hist_data!$A$6:$A$21, 0), X$13 ) )) -> 3.3114833 | Y64: =IF($E64="","",MAX(OFFSET(hist_data!$AJ$7,0,MATCH($C64,hist_data!$A$6:$A$21,0),Y$13))) -> 3.45 | Z64: =IF($E64="","",MIN(OFFSET(hist_data!$AJ$7,0,MATCH($C64,hist_data!$A$6:$A$21,0),Z$13))) -> 3.02 | AA64: =IF($E64="", "", AVERAGE( OFFSET( hist_data!$AJ$7, 0, MATCH($C64, hist_data!$A$6:$A$21, 0), AA$13 ) )) -> 3.43686 | AB64: =IF($E64="","",MAX(OFFSET(hist_data!$AJ$7,0,MATCH($C64,hist_data!$A$6:$A$21,0),AB$13))) -> 3.808 | AC64: =IF($E64="","",MIN(OFFSET(hist_data!$AJ$7,0,MATCH($C64,hist_data!$A$6:$A$21,0),AC$13))) -> 3.02
C65: SP(bp) | E65: =IFERROR( (E$57-E64)*100, "") -> -10.3 | F65: =IFERROR( (F$57-F64)*100, "") -> -13.3 | G65: =IFERROR( (G$57-G64)*100, "") -> -11.5 | H65: =IFERROR( (H$57-H64)*100, "") -> -9.9 | I65: =IFERROR( (I$57-I64)*100, "") -> -10.7 | J65: =IFERROR( (J$57-J64)*100, "") -> -13 | K65: =IFERROR( (K$57-K64)*100, "") -> -13.9 | L65: =IFERROR( (L$57-L64)*100, "") -> -12.7 | ... P65: =IFERROR( (P$57-P64)*100, "") -> -13.6 | R65: =IFERROR( (R$16-R64)*100, "") -> -14.255 | S65: =IFERROR( (S$16-S64)*100, "") -> -14.3 | T65: =IFERROR( (T$16-T64)*100, "") -> -20.5 | U65: =IFERROR( (U$16-U64)*100, "") -> -9.6616667 | V65: =IFERROR( (V$16-V64)*100, "") -> 5.9 | W65: =IFERROR( (W$16-W64)*100, "") -> -20.5 | X65: =IFERROR( (X$16-X64)*100, "") -> -4.5291667 | Y65: =IFERROR( (Y$16-Y64)*100, "") -> 9 | ... AC65: =IFERROR( (AC$16-AC64)*100, "") -> -20.5
A66: 5 | C66: {=INDEX(hist_data!$A$6:$A$21, Hist!$A66)} -> 1.5Y | E66: {=IF( INDEX(hist_data!$AJ$6:$AZ$256, MATCH(E$13, hist_data!$AJ$6:$AJ$256, 0), MATCH($C66, hist_data!$A$6:$A$21, 0)+1)=0, "", INDEX(hist_data!$AJ$6:$AZ$256, MATCH(E$13, hist_data!$AJ$6:$AJ$256, 0), MATCH($C66, hist_data!$A$6:$A$21, 0)+1) )} -> 3.043 | F66: {=IF( INDEX(hist_data!$AJ$6:$AZ$256, MATCH(F$13, hist_data!$AJ$6:$AJ$256, 0), MATCH($C66, hist_data!$A$6:$A$21, 0)+1)=0, "", INDEX(hist_data!$AJ$6:$AZ$256, MATCH(F$13, hist_data!$AJ$6:$AJ$256, 0), MATCH($C66, hist_data!$A$6:$A$21, 0)+1) )} -> 3.01 | G66: {=IF( INDEX(hist_data!$AJ$6:$AZ$256, MATCH(G$13, hist_data!$AJ$6:$AJ$256, 0), MATCH($C66, hist_data!$A$6:$A$21, 0)+1)=0, "", INDEX(hist_data!$AJ$6:$AZ$256, MATCH(G$13, hist_data!$AJ$6:$AJ$256, 0), MATCH($C66, hist_data!$A$6:$A$21, 0)+1) )} -> 3.025 | H66: {=IF( INDEX(hist_data!$AJ$6:$AZ$256, MATCH(H$13, hist_data!$AJ$6:$AJ$256, 0), MATCH($C66, hist_data!$A$6:$A$21, 0)+1)=0, "", INDEX(hist_data!$AJ$6:$AZ$256, MATCH(H$13, hist_data!$AJ$6:$AJ$256, 0), MATCH($C66, hist_data!$A$6:$A$21, 0)+1) )} -> 3.046 | I66: {=IF( INDEX(hist_data!$AJ$6:$AZ$256, MATCH(I$13, hist_data!$AJ$6:$AJ$256, 0), MATCH($C66, hist_data!$A$6:$A$21, 0)+1)=0, "", INDEX(hist_data!$AJ$6:$AZ$256, MATCH(I$13, hist_data!$AJ$6:$AJ$256, 0), MATCH($C66, hist_data!$A$6:$A$21, 0)+1) )} -> 3.05 | J66: {=IF( INDEX(hist_data!$AJ$6:$AZ$256, MATCH(J$13, hist_data!$AJ$6:$AJ$256, 0), MATCH($C66, hist_data!$A$6:$A$21, 0)+1)=0, "", INDEX(hist_data!$AJ$6:$AZ$256, MATCH(J$13, hist_data!$AJ$6:$AJ$256, 0), MATCH($C66, hist_data!$A$6:$A$21, 0)+1) )} -> 3.044 | K66: {=IF( INDEX(hist_data!$AJ$6:$AZ$256, MATCH(K$13, hist_data!$AJ$6:$AJ$256, 0), MATCH($C66, hist_data!$A$6:$A$21, 0)+1)=0, "", INDEX(hist_data!$AJ$6:$AZ$256, MATCH(K$13, hist_data!$AJ$6:$AJ$256, 0), MATCH($C66, hist_data!$A$6:$A$21, 0)+1) )} -> 3.061 | L66: {=IF( INDEX(hist_data!$AJ$6:$AZ$256, MATCH(L$13, hist_data!$AJ$6:$AJ$256, 0), MATCH($C66, hist_data!$A$6:$A$21, 0)+1)=0, "", INDEX(hist_data!$AJ$6:$AZ$256, MATCH(L$13, hist_data!$AJ$6:$AJ$256, 0), MATCH($C66, hist_data!$A$6:$A$21, 0)+1) )} -> 3.061 | ... P66: {=IF( INDEX(hist_data!$AJ$6:$AZ$256, MATCH(P$13, hist_data!$AJ$6:$AJ$256, 0), MATCH($C66, hist_data!$A$6:$A$21, 0)+1)=0, "", INDEX(hist_data!$AJ$6:$AZ$256, MATCH(P$13, hist_data!$AJ$6:$AJ$256, 0), MATCH($C66, hist_data!$A$6:$A$21, 0)+1) )} -> 3.13 | R66: =IF($E66="", "", AVERAGE( OFFSET( hist_data!$AJ$7, 0, MATCH($C66, hist_data!$A$6:$A$21, 0), R$13 ) )) -> 3.09325 | S66: =IF($E66="","",MAX(OFFSET(hist_data!$AJ$7,0,MATCH($C66,hist_data!$A$6:$A$21,0),S$13))) -> 3.184 | T66: =IF($E66="","",MIN(OFFSET(hist_data!$AJ$7,0,MATCH($C66,hist_data!$A$6:$A$21,0),T$13))) -> 2.985 | U66: =IF($E66="", "", AVERAGE( OFFSET( hist_data!$AJ$7, 0, MATCH($C66, hist_data!$A$6:$A$21, 0), U$13 ) )) -> 3.2302333 | V66: =IF($E66="","",MAX(OFFSET(hist_data!$AJ$7,0,MATCH($C66,hist_data!$A$6:$A$21,0),V$13))) -> 3.457 | W66: =IF($E66="","",MIN(OFFSET(hist_data!$AJ$7,0,MATCH($C66,hist_data!$A$6:$A$21,0),W$13))) -> 2.985 | X66: =IF($E66="", "", AVERAGE( OFFSET( hist_data!$AJ$7, 0, MATCH($C66, hist_data!$A$6:$A$21, 0), X$13 ) )) -> 3.3302667 | Y66: =IF($E66="","",MAX(OFFSET(hist_data!$AJ$7,0,MATCH($C66,hist_data!$A$6:$A$21,0),Y$13))) -> 3.508 | Z66: =IF($E66="","",MIN(OFFSET(hist_data!$AJ$7,0,MATCH($C66,hist_data!$A$6:$A$21,0),Z$13))) -> 2.985 | AA66: =IF($E66="", "", AVERAGE( OFFSET( hist_data!$AJ$7, 0, MATCH($C66, hist_data!$A$6:$A$21, 0), AA$13 ) )) -> 3.49622 | AB66: =IF($E66="","",MAX(OFFSET(hist_data!$AJ$7,0,MATCH($C66,hist_data!$A$6:$A$21,0),AB$13))) -> 4.005 | AC66: =IF($E66="","",MIN(OFFSET(hist_data!$AJ$7,0,MATCH($C66,hist_data!$A$6:$A$21,0),AC$13))) -> 2.985
C67: SP(bp) | E67: =IFERROR( (E$57-E66)*100, "") -> -12.1 | F67: =IFERROR( (F$57-F66)*100, "") -> -12.3 | G67: =IFERROR( (G$57-G66)*100, "") -> -11 | H67: =IFERROR( (H$57-H66)*100, "") -> -10.1 | I67: =IFERROR( (I$57-I66)*100, "") -> -11 | J67: =IFERROR( (J$57-J66)*100, "") -> -12.5 | K67: =IFERROR( (K$57-K66)*100, "") -> -13 | L67: =IFERROR( (L$57-L66)*100, "") -> -12.1 | ... P67: =IFERROR( (P$57-P66)*100, "") -> -13 | R67: =IFERROR( (R$16-R66)*100, "") -> -12.32 | S67: =IFERROR( (S$16-S66)*100, "") -> -9.7 | T67: =IFERROR( (T$16-T66)*100, "") -> -17 | U67: =IFERROR( (U$16-U66)*100, "") -> -8.36 | V67: =IFERROR( (V$16-V66)*100, "") -> -0.5 | W67: =IFERROR( (W$16-W66)*100, "") -> -17 | X67: =IFERROR( (X$16-X66)*100, "") -> -6.4075 | Y67: =IFERROR( (Y$16-Y66)*100, "") -> 3.2 | ... AC67: =IFERROR( (AC$16-AC66)*100, "") -> -17
A68: 6 | C68: {=INDEX(hist_data!$A$6:$A$21, Hist!$A68)} -> 02Y | E68: {=IF( INDEX(hist_data!$AJ$6:$AZ$256, MATCH(E$13, hist_data!$AJ$6:$AJ$256, 0), MATCH($C68, hist_data!$A$6:$A$21, 0)+1)=0, "", INDEX(hist_data!$AJ$6:$AZ$256, MATCH(E$13, hist_data!$AJ$6:$AJ$256, 0), MATCH($C68, hist_data!$A$6:$A$21, 0)+1) )} -> 2.987 | F68: {=IF( INDEX(hist_data!$AJ$6:$AZ$256, MATCH(F$13, hist_data!$AJ$6:$AJ$256, 0), MATCH($C68, hist_data!$A$6:$A$21, 0)+1)=0, "", INDEX(hist_data!$AJ$6:$AZ$256, MATCH(F$13, hist_data!$AJ$6:$AJ$256, 0), MATCH($C68, hist_data!$A$6:$A$21, 0)+1) )} -> 2.953 | G68: {=IF( INDEX(hist_data!$AJ$6:$AZ$256, MATCH(G$13, hist_data!$AJ$6:$AJ$256, 0), MATCH($C68, hist_data!$A$6:$A$21, 0)+1)=0, "", INDEX(hist_data!$AJ$6:$AZ$256, MATCH(G$13, hist_data!$AJ$6:$AJ$256, 0), MATCH($C68, hist_data!$A$6:$A$21, 0)+1) )} -> 2.971 | H68: {=IF( INDEX(hist_data!$AJ$6:$AZ$256, MATCH(H$13, hist_data!$AJ$6:$AJ$256, 0), MATCH($C68, hist_data!$A$6:$A$21, 0)+1)=0, "", INDEX(hist_data!$AJ$6:$AZ$256, MATCH(H$13, hist_data!$AJ$6:$AJ$256, 0), MATCH($C68, hist_data!$A$6:$A$21, 0)+1) )} -> 2.997 | I68: {=IF( INDEX(hist_data!$AJ$6:$AZ$256, MATCH(I$13, hist_data!$AJ$6:$AJ$256, 0), MATCH($C68, hist_data!$A$6:$A$21, 0)+1)=0, "", INDEX(hist_data!$AJ$6:$AZ$256, MATCH(I$13, hist_data!$AJ$6:$AJ$256, 0), MATCH($C68, hist_data!$A$6:$A$21, 0)+1) )} -> 2.99 | J68: {=IF( INDEX(hist_data!$AJ$6:$AZ$256, MATCH(J$13, hist_data!$AJ$6:$AJ$256, 0), MATCH($C68, hist_data!$A$6:$A$21, 0)+1)=0, "", INDEX(hist_data!$AJ$6:$AZ$256, MATCH(J$13, hist_data!$AJ$6:$AJ$256, 0), MATCH($C68, hist_data!$A$6:$A$21, 0)+1) )} -> 2.97 | K68: {=IF( INDEX(hist_data!$AJ$6:$AZ$256, MATCH(K$13, hist_data!$AJ$6:$AJ$256, 0), MATCH($C68, hist_data!$A$6:$A$21, 0)+1)=0, "", INDEX(hist_data!$AJ$6:$AZ$256, MATCH(K$13, hist_data!$AJ$6:$AJ$256, 0), MATCH($C68, hist_data!$A$6:$A$21, 0)+1) )} -> 2.985 | L68: {=IF( INDEX(hist_data!$AJ$6:$AZ$256, MATCH(L$13, hist_data!$AJ$6:$AJ$256, 0), MATCH($C68, hist_data!$A$6:$A$21, 0)+1)=0, "", INDEX(hist_data!$AJ$6:$AZ$256, MATCH(L$13, hist_data!$AJ$6:$AJ$256, 0), MATCH($C68, hist_data!$A$6:$A$21, 0)+1) )} -> 2.999 | ... P68: {=IF( INDEX(hist_data!$AJ$6:$AZ$256, MATCH(P$13, hist_data!$AJ$6:$AJ$256, 0), MATCH($C68, hist_data!$A$6:$A$21, 0)+1)=0, "", INDEX(hist_data!$AJ$6:$AZ$256, MATCH(P$13, hist_data!$AJ$6:$AJ$256, 0), MATCH($C68, hist_data!$A$6:$A$21, 0)+1) )} -> 3.06 | R68: =IF($E68="", "", AVERAGE( OFFSET( hist_data!$AJ$7, 0, MATCH($C68, hist_data!$A$6:$A$21, 0), R$13 ) )) -> 3.0284 | S68: =IF($E68="","",MAX(OFFSET(hist_data!$AJ$7,0,MATCH($C68,hist_data!$A$6:$A$21,0),S$13))) -> 3.132 | T68: =IF($E68="","",MIN(OFFSET(hist_data!$AJ$7,0,MATCH($C68,hist_data!$A$6:$A$21,0),T$13))) -> 2.89 | U68: =IF($E68="", "", AVERAGE( OFFSET( hist_data!$AJ$7, 0, MATCH($C68, hist_data!$A$6:$A$21, 0), U$13 ) )) -> 3.1927833 | V68: =IF($E68="","",MAX(OFFSET(hist_data!$AJ$7,0,MATCH($C68,hist_data!$A$6:$A$21,0),V$13))) -> 3.453 | W68: =IF($E68="","",MIN(OFFSET(hist_data!$AJ$7,0,MATCH($C68,hist_data!$A$6:$A$21,0),W$13))) -> 2.89 | X68: =IF($E68="", "", AVERAGE( OFFSET( hist_data!$AJ$7, 0, MATCH($C68, hist_data!$A$6:$A$21, 0), X$13 ) )) -> 3.3065083 | Y68: =IF($E68="","",MAX(OFFSET(hist_data!$AJ$7,0,MATCH($C68,hist_data!$A$6:$A$21,0),Y$13))) -> 3.525 | Z68: =IF($E68="","",MIN(OFFSET(hist_data!$AJ$7,0,MATCH($C68,hist_data!$A$6:$A$21,0),Z$13))) -> 2.89 | AA68: =IF($E68="", "", AVERAGE( OFFSET( hist_data!$AJ$7, 0, MATCH($C68, hist_data!$A$6:$A$21, 0), AA$13 ) )) -> 3.4849 | AB68: =IF($E68="","",MAX(OFFSET(hist_data!$AJ$7,0,MATCH($C68,hist_data!$A$6:$A$21,0),AB$13))) -> 4.1 | AC68: =IF($E68="","",MIN(OFFSET(hist_data!$AJ$7,0,MATCH($C68,hist_data!$A$6:$A$21,0),AC$13))) -> 2.89
C69: SP(bp) | E69: =IFERROR( (E$57-E68)*100, "") -> -6.5 | F69: =IFERROR( (F$57-F68)*100, "") -> -6.6 | G69: =IFERROR( (G$57-G68)*100, "") -> -5.6 | H69: =IFERROR( (H$57-H68)*100, "") -> -5.2 | I69: =IFERROR( (I$57-I68)*100, "") -> -5 | J69: =IFERROR( (J$57-J68)*100, "") -> -5.1 | K69: =IFERROR( (K$57-K68)*100, "") -> -5.4 | L69: =IFERROR( (L$57-L68)*100, "") -> -5.9 | ... P69: =IFERROR( (P$57-P68)*100, "") -> -6 | R69: =IFERROR( (R$16-R68)*100, "") -> -5.835 | S69: =IFERROR( (S$16-S68)*100, "") -> -4.5 | T69: =IFERROR( (T$16-T68)*100, "") -> -7.5 | U69: =IFERROR( (U$16-U68)*100, "") -> -4.615 | V69: =IFERROR( (V$16-V68)*100, "") -> -0.1 | W69: =IFERROR( (W$16-W68)*100, "") -> -7.5 | X69: =IFERROR( (X$16-X68)*100, "") -> -4.0316667 | Y69: =IFERROR( (Y$16-Y68)*100, "") -> 1.5 | ... AC69: =IFERROR( (AC$16-AC68)*100, "") -> -7.5
A70: 7 | C70: {=INDEX(hist_data!$A$6:$A$21, Hist!$A70)} -> 2.5Y | E70: {=IF( INDEX(hist_data!$AJ$6:$AZ$256, MATCH(E$13, hist_data!$AJ$6:$AJ$256, 0), MATCH($C70, hist_data!$A$6:$A$21, 0)+1)=0, "", INDEX(hist_data!$AJ$6:$AZ$256, MATCH(E$13, hist_data!$AJ$6:$AJ$256, 0), MATCH($C70, hist_data!$A$6:$A$21, 0)+1) )} -> 2.993 | F70: {=IF( INDEX(hist_data!$AJ$6:$AZ$256, MATCH(F$13, hist_data!$AJ$6:$AJ$256, 0), MATCH($C70, hist_data!$A$6:$A$21, 0)+1)=0, "", INDEX(hist_data!$AJ$6:$AZ$256, MATCH(F$13, hist_data!$AJ$6:$AJ$256, 0), MATCH($C70, hist_data!$A$6:$A$21, 0)+1) )} -> 2.959 | G70: {=IF( INDEX(hist_data!$AJ$6:$AZ$256, MATCH(G$13, hist_data!$AJ$6:$AJ$256, 0), MATCH($C70, hist_data!$A$6:$A$21, 0)+1)=0, "", INDEX(hist_data!$AJ$6:$AZ$256, MATCH(G$13, hist_data!$AJ$6:$AJ$256, 0), MATCH($C70, hist_data!$A$6:$A$21, 0)+1) )} -> 2.984 | H70: {=IF( INDEX(hist_data!$AJ$6:$AZ$256, MATCH(H$13, hist_data!$AJ$6:$AJ$256, 0), MATCH($C70, hist_data!$A$6:$A$21, 0)+1)=0, "", INDEX(hist_data!$AJ$6:$AZ$256, MATCH(H$13, hist_data!$AJ$6:$AJ$256, 0), MATCH($C70, hist_data!$A$6:$A$21, 0)+1) )} -> 3.008 | I70: {=IF( INDEX(hist_data!$AJ$6:$AZ$256, MATCH(I$13, hist_data!$AJ$6:$AJ$256, 0), MATCH($C70, hist_data!$A$6:$A$21, 0)+1)=0, "", INDEX(hist_data!$AJ$6:$AZ$256, MATCH(I$13, hist_data!$AJ$6:$AJ$256, 0), MATCH($C70, hist_data!$A$6:$A$21, 0)+1) )} -> 3.002 | J70: {=IF( INDEX(hist_data!$AJ$6:$AZ$256, MATCH(J$13, hist_data!$AJ$6:$AJ$256, 0), MATCH($C70, hist_data!$A$6:$A$21, 0)+1)=0, "", INDEX(hist_data!$AJ$6:$AZ$256, MATCH(J$13, hist_data!$AJ$6:$AJ$256, 0), MATCH($C70, hist_data!$A$6:$A$21, 0)+1) )} -> 2.98 | K70: {=IF( INDEX(hist_data!$AJ$6:$AZ$256, MATCH(K$13, hist_data!$AJ$6:$AJ$256, 0), MATCH($C70, hist_data!$A$6:$A$21, 0)+1)=0, "", INDEX(hist_data!$AJ$6:$AZ$256, MATCH(K$13, hist_data!$AJ$6:$AJ$256, 0), MATCH($C70, hist_data!$A$6:$A$21, 0)+1) )} -> 2.995 | L70: {=IF( INDEX(hist_data!$AJ$6:$AZ$256, MATCH(L$13, hist_data!$AJ$6:$AJ$256, 0), MATCH($C70, hist_data!$A$6:$A$21, 0)+1)=0, "", INDEX(hist_data!$AJ$6:$AZ$256, MATCH(L$13, hist_data!$AJ$6:$AJ$256, 0), MATCH($C70, hist_data!$A$6:$A$21, 0)+1) )} -> 3.003 | ... P70: {=IF( INDEX(hist_data!$AJ$6:$AZ$256, MATCH(P$13, hist_data!$AJ$6:$AJ$256, 0), MATCH($C70, hist_data!$A$6:$A$21, 0)+1)=0, "", INDEX(hist_data!$AJ$6:$AZ$256, MATCH(P$13, hist_data!$AJ$6:$AJ$256, 0), MATCH($C70, hist_data!$A$6:$A$21, 0)+1) )} -> 3.07 | R70: =IF($E70="", "", AVERAGE( OFFSET( hist_data!$AJ$7, 0, MATCH($C70, hist_data!$A$6:$A$21, 0), R$13 ) )) -> 3.03785 | S70: =IF($E70="","",MAX(OFFSET(hist_data!$AJ$7,0,MATCH($C70,hist_data!$A$6:$A$21,0),S$13))) -> 3.151 | T70: =IF($E70="","",MIN(OFFSET(hist_data!$AJ$7,0,MATCH($C70,hist_data!$A$6:$A$21,0),T$13))) -> 2.887 | U70: =IF($E70="", "", AVERAGE( OFFSET( hist_data!$AJ$7, 0, MATCH($C70, hist_data!$A$6:$A$21, 0), U$13 ) )) -> 3.2064167 | V70: =IF($E70="","",MAX(OFFSET(hist_data!$AJ$7,0,MATCH($C70,hist_data!$A$6:$A$21,0),V$13))) -> 3.472 | W70: =IF($E70="","",MIN(OFFSET(hist_data!$AJ$7,0,MATCH($C70,hist_data!$A$6:$A$21,0),W$13))) -> 2.887 | X70: =IF($E70="", "", AVERAGE( OFFSET( hist_data!$AJ$7, 0, MATCH($C70, hist_data!$A$6:$A$21, 0), X$13 ) )) -> 3.3227833 | Y70: =IF($E70="","",MAX(OFFSET(hist_data!$AJ$7,0,MATCH($C70,hist_data!$A$6:$A$21,0),Y$13))) -> 3.554 | Z70: =IF($E70="","",MIN(OFFSET(hist_data!$AJ$7,0,MATCH($C70,hist_data!$A$6:$A$21,0),Z$13))) -> 2.887 | AA70: =IF($E70="", "", AVERAGE( OFFSET( hist_data!$AJ$7, 0, MATCH($C70, hist_data!$A$6:$A$21, 0), AA$13 ) )) -> 3.517008 | AB70: =IF($E70="","",MAX(OFFSET(hist_data!$AJ$7,0,MATCH($C70,hist_data!$A$6:$A$21,0),AB$13))) -> 4.197 | AC70: =IF($E70="","",MIN(OFFSET(hist_data!$AJ$7,0,MATCH($C70,hist_data!$A$6:$A$21,0),AC$13))) -> 2.887
C71: SP(bp) | E71: =IFERROR( (E$57-E70)*100, "") -> -7.1 | F71: =IFERROR( (F$57-F70)*100, "") -> -7.2 | G71: =IFERROR( (G$57-G70)*100, "") -> -6.9 | H71: =IFERROR( (H$57-H70)*100, "") -> -6.3 | I71: =IFERROR( (I$57-I70)*100, "") -> -6.2 | J71: =IFERROR( (J$57-J70)*100, "") -> -6.1 | K71: =IFERROR( (K$57-K70)*100, "") -> -6.4 | L71: =IFERROR( (L$57-L70)*100, "") -> -6.3 | ... P71: =IFERROR( (P$57-P70)*100, "") -> -7 | R71: =IFERROR( (R$16-R70)*100, "") -> -6.78 | S71: =IFERROR( (S$16-S70)*100, "") -> -6.4 | T71: =IFERROR( (T$16-T70)*100, "") -> -7.2 | U71: =IFERROR( (U$16-U70)*100, "") -> -5.9783333 | V71: =IFERROR( (V$16-V70)*100, "") -> -2 | W71: =IFERROR( (W$16-W70)*100, "") -> -7.2 | X71: =IFERROR( (X$16-X70)*100, "") -> -5.6591667 | Y71: =IFERROR( (Y$16-Y70)*100, "") -> -1.4 | ... AC71: =IFERROR( (AC$16-AC70)*100, "") -> -7.2
A72: 8 | C72: {=INDEX(hist_data!$A$6:$A$21, Hist!$A72)} -> 03Y | E72: {=IF( INDEX(hist_data!$AJ$6:$AZ$256, MATCH(E$13, hist_data!$AJ$6:$AJ$256, 0), MATCH($C72, hist_data!$A$6:$A$21, 0)+1)=0, "", INDEX(hist_data!$AJ$6:$AZ$256, MATCH(E$13, hist_data!$AJ$6:$AJ$256, 0), MATCH($C72, hist_data!$A$6:$A$21, 0)+1) )} -> 2.994 | F72: {=IF( INDEX(hist_data!$AJ$6:$AZ$256, MATCH(F$13, hist_data!$AJ$6:$AJ$256, 0), MATCH($C72, hist_data!$A$6:$A$21, 0)+1)=0, "", INDEX(hist_data!$AJ$6:$AZ$256, MATCH(F$13, hist_data!$AJ$6:$AJ$256, 0), MATCH($C72, hist_data!$A$6:$A$21, 0)+1) )} -> 2.959 | G72: {=IF( INDEX(hist_data!$AJ$6:$AZ$256, MATCH(G$13, hist_data!$AJ$6:$AJ$256, 0), MATCH($C72, hist_data!$A$6:$A$21, 0)+1)=0, "", INDEX(hist_data!$AJ$6:$AZ$256, MATCH(G$13, hist_data!$AJ$6:$AJ$256, 0), MATCH($C72, hist_data!$A$6:$A$21, 0)+1) )} -> 2.988 | H72: {=IF( INDEX(hist_data!$AJ$6:$AZ$256, MATCH(H$13, hist_data!$AJ$6:$AJ$256, 0), MATCH($C72, hist_data!$A$6:$A$21, 0)+1)=0, "", INDEX(hist_data!$AJ$6:$AZ$256, MATCH(H$13, hist_data!$AJ$6:$AJ$256, 0), MATCH($C72, hist_data!$A$6:$A$21, 0)+1) )} -> 3.01 | I72: {=IF( INDEX(hist_data!$AJ$6:$AZ$256, MATCH(I$13, hist_data!$AJ$6:$AJ$256, 0), MATCH($C72, hist_data!$A$6:$A$21, 0)+1)=0, "", INDEX(hist_data!$AJ$6:$AZ$256, MATCH(I$13, hist_data!$AJ$6:$AJ$256, 0), MATCH($C72, hist_data!$A$6:$A$21, 0)+1) )} -> 3.005 | J72: {=IF( INDEX(hist_data!$AJ$6:$AZ$256, MATCH(J$13, hist_data!$AJ$6:$AJ$256, 0), MATCH($C72, hist_data!$A$6:$A$21, 0)+1)=0, "", INDEX(hist_data!$AJ$6:$AZ$256, MATCH(J$13, hist_data!$AJ$6:$AJ$256, 0), MATCH($C72, hist_data!$A$6:$A$21, 0)+1) )} -> 2.985 | K72: {=IF( INDEX(hist_data!$AJ$6:$AZ$256, MATCH(K$13, hist_data!$AJ$6:$AJ$256, 0), MATCH($C72, hist_data!$A$6:$A$21, 0)+1)=0, "", INDEX(hist_data!$AJ$6:$AZ$256, MATCH(K$13, hist_data!$AJ$6:$AJ$256, 0), MATCH($C72, hist_data!$A$6:$A$21, 0)+1) )} -> 2.997 | L72: {=IF( INDEX(hist_data!$AJ$6:$AZ$256, MATCH(L$13, hist_data!$AJ$6:$AJ$256, 0), MATCH($C72, hist_data!$A$6:$A$21, 0)+1)=0, "", INDEX(hist_data!$AJ$6:$AZ$256, MATCH(L$13, hist_data!$AJ$6:$AJ$256, 0), MATCH($C72, hist_data!$A$6:$A$21, 0)+1) )} -> 3.005 | ... P72: {=IF( INDEX(hist_data!$AJ$6:$AZ$256, MATCH(P$13, hist_data!$AJ$6:$AJ$256, 0), MATCH($C72, hist_data!$A$6:$A$21, 0)+1)=0, "", INDEX(hist_data!$AJ$6:$AZ$256, MATCH(P$13, hist_data!$AJ$6:$AJ$256, 0), MATCH($C72, hist_data!$A$6:$A$21, 0)+1) )} -> 3.066 | R72: =IF($E72="", "", AVERAGE( OFFSET( hist_data!$AJ$7, 0, MATCH($C72, hist_data!$A$6:$A$21, 0), R$13 ) )) -> 3.0373 | S72: =IF($E72="","",MAX(OFFSET(hist_data!$AJ$7,0,MATCH($C72,hist_data!$A$6:$A$21,0),S$13))) -> 3.152 | T72: =IF($E72="","",MIN(OFFSET(hist_data!$AJ$7,0,MATCH($C72,hist_data!$A$6:$A$21,0),T$13))) -> 2.885 | U72: =IF($E72="", "", AVERAGE( OFFSET( hist_data!$AJ$7, 0, MATCH($C72, hist_data!$A$6:$A$21, 0), U$13 ) )) -> 3.20675 | V72: =IF($E72="","",MAX(OFFSET(hist_data!$AJ$7,0,MATCH($C72,hist_data!$A$6:$A$21,0),V$13))) -> 3.476 | W72: =IF($E72="","",MIN(OFFSET(hist_data!$AJ$7,0,MATCH($C72,hist_data!$A$6:$A$21,0),W$13))) -> 2.885 | X72: =IF($E72="", "", AVERAGE( OFFSET( hist_data!$AJ$7, 0, MATCH($C72, hist_data!$A$6:$A$21, 0), X$13 ) )) -> 3.3201417 | Y72: =IF($E72="","",MAX(OFFSET(hist_data!$AJ$7,0,MATCH($C72,hist_data!$A$6:$A$21,0),Y$13))) -> 3.564 | Z72: =IF($E72="","",MIN(OFFSET(hist_data!$AJ$7,0,MATCH($C72,hist_data!$A$6:$A$21,0),Z$13))) -> 2.885 | AA72: =IF($E72="", "", AVERAGE( OFFSET( hist_data!$AJ$7, 0, MATCH($C72, hist_data!$A$6:$A$21, 0), AA$13 ) )) -> 3.522712 | AB72: =IF($E72="","",MAX(OFFSET(hist_data!$AJ$7,0,MATCH($C72,hist_data!$A$6:$A$21,0),AB$13))) -> 4.225 | AC72: =IF($E72="","",MIN(OFFSET(hist_data!$AJ$7,0,MATCH($C72,hist_data!$A$6:$A$21,0),AC$13))) -> 2.885
C73: SP(bp) | E73: =IFERROR( (E$57-E72)*100, "") -> -7.2 | F73: =IFERROR( (F$57-F72)*100, "") -> -7.2 | G73: =IFERROR( (G$57-G72)*100, "") -> -7.3 | H73: =IFERROR( (H$57-H72)*100, "") -> -6.5 | I73: =IFERROR( (I$57-I72)*100, "") -> -6.5 | J73: =IFERROR( (J$57-J72)*100, "") -> -6.6 | K73: =IFERROR( (K$57-K72)*100, "") -> -6.6 | L73: =IFERROR( (L$57-L72)*100, "") -> -6.5 | ... P73: =IFERROR( (P$57-P72)*100, "") -> -6.6 | R73: =IFERROR( (R$16-R72)*100, "") -> -6.725 | S73: =IFERROR( (S$16-S72)*100, "") -> -6.5 | T73: =IFERROR( (T$16-T72)*100, "") -> -7 | U73: =IFERROR( (U$16-U72)*100, "") -> -6.0116667 | V73: =IFERROR( (V$16-V72)*100, "") -> -2.4 | W73: =IFERROR( (W$16-W72)*100, "") -> -7 | X73: =IFERROR( (X$16-X72)*100, "") -> -5.395 | Y73: =IFERROR( (Y$16-Y72)*100, "") -> -2.4 | ... AC73: =IFERROR( (AC$16-AC72)*100, "") -> -7
A74: 9 | C74: {=INDEX(hist_data!$A$6:$A$21, Hist!$A74)} -> 04Y | E74: {=IF( INDEX(hist_data!$AJ$6:$AZ$256, MATCH(E$13, hist_data!$AJ$6:$AJ$256, 0), MATCH($C74, hist_data!$A$6:$A$21, 0)+1)=0, "", INDEX(hist_data!$AJ$6:$AZ$256, MATCH(E$13, hist_data!$AJ$6:$AJ$256, 0), MATCH($C74, hist_data!$A$6:$A$21, 0)+1) )} | F74: {=IF( INDEX(hist_data!$AJ$6:$AZ$256, MATCH(F$13, hist_data!$AJ$6:$AJ$256, 0), MATCH($C74, hist_data!$A$6:$A$21, 0)+1)=0, "", INDEX(hist_data!$AJ$6:$AZ$256, MATCH(F$13, hist_data!$AJ$6:$AJ$256, 0), MATCH($C74, hist_data!$A$6:$A$21, 0)+1) )} | G74: {=IF( INDEX(hist_data!$AJ$6:$AZ$256, MATCH(G$13, hist_data!$AJ$6:$AJ$256, 0), MATCH($C74, hist_data!$A$6:$A$21, 0)+1)=0, "", INDEX(hist_data!$AJ$6:$AZ$256, MATCH(G$13, hist_data!$AJ$6:$AJ$256, 0), MATCH($C74, hist_data!$A$6:$A$21, 0)+1) )} | H74: {=IF( INDEX(hist_data!$AJ$6:$AZ$256, MATCH(H$13, hist_data!$AJ$6:$AJ$256, 0), MATCH($C74, hist_data!$A$6:$A$21, 0)+1)=0, "", INDEX(hist_data!$AJ$6:$AZ$256, MATCH(H$13, hist_data!$AJ$6:$AJ$256, 0), MATCH($C74, hist_data!$A$6:$A$21, 0)+1) )} | I74: {=IF( INDEX(hist_data!$AJ$6:$AZ$256, MATCH(I$13, hist_data!$AJ$6:$AJ$256, 0), MATCH($C74, hist_data!$A$6:$A$21, 0)+1)=0, "", INDEX(hist_data!$AJ$6:$AZ$256, MATCH(I$13, hist_data!$AJ$6:$AJ$256, 0), MATCH($C74, hist_data!$A$6:$A$21, 0)+1) )} | J74: {=IF( INDEX(hist_data!$AJ$6:$AZ$256, MATCH(J$13, hist_data!$AJ$6:$AJ$256, 0), MATCH($C74, hist_data!$A$6:$A$21, 0)+1)=0, "", INDEX(hist_data!$AJ$6:$AZ$256, MATCH(J$13, hist_data!$AJ$6:$AJ$256, 0), MATCH($C74, hist_data!$A$6:$A$21, 0)+1) )} | K74: {=IF( INDEX(hist_data!$AJ$6:$AZ$256, MATCH(K$13, hist_data!$AJ$6:$AJ$256, 0), MATCH($C74, hist_data!$A$6:$A$21, 0)+1)=0, "", INDEX(hist_data!$AJ$6:$AZ$256, MATCH(K$13, hist_data!$AJ$6:$AJ$256, 0), MATCH($C74, hist_data!$A$6:$A$21, 0)+1) )} | L74: {=IF( INDEX(hist_data!$AJ$6:$AZ$256, MATCH(L$13, hist_data!$AJ$6:$AJ$256, 0), MATCH($C74, hist_data!$A$6:$A$21, 0)+1)=0, "", INDEX(hist_data!$AJ$6:$AZ$256, MATCH(L$13, hist_data!$AJ$6:$AJ$256, 0), MATCH($C74, hist_data!$A$6:$A$21, 0)+1) )} | ... P74: {=IF( INDEX(hist_data!$AJ$6:$AZ$256, MATCH(P$13, hist_data!$AJ$6:$AJ$256, 0), MATCH($C74, hist_data!$A$6:$A$21, 0)+1)=0, "", INDEX(hist_data!$AJ$6:$AZ$256, MATCH(P$13, hist_data!$AJ$6:$AJ$256, 0), MATCH($C74, hist_data!$A$6:$A$21, 0)+1) )} | R74: =IF($E74="", "", AVERAGE( OFFSET( hist_data!$AJ$7, 0, MATCH($C74, hist_data!$A$6:$A$21, 0), R$13 ) )) | S74: =IF($E74="","",MAX(OFFSET(hist_data!$AJ$7,0,MATCH($C74,hist_data!$A$6:$A$21,0),S$13))) | T74: =IF($E74="","",MIN(OFFSET(hist_data!$AJ$7,0,MATCH($C74,hist_data!$A$6:$A$21,0),T$13))) | U74: =IF($E74="", "", AVERAGE( OFFSET( hist_data!$AJ$7, 0, MATCH($C74, hist_data!$A$6:$A$21, 0), U$13 ) )) | V74: =IF($E74="","",MAX(OFFSET(hist_data!$AJ$7,0,MATCH($C74,hist_data!$A$6:$A$21,0),V$13))) | W74: =IF($E74="","",MIN(OFFSET(hist_data!$AJ$7,0,MATCH($C74,hist_data!$A$6:$A$21,0),W$13))) | X74: =IF($E74="", "", AVERAGE( OFFSET( hist_data!$AJ$7, 0, MATCH($C74, hist_data!$A$6:$A$21, 0), X$13 ) )) | Y74: =IF($E74="","",MAX(OFFSET(hist_data!$AJ$7,0,MATCH($C74,hist_data!$A$6:$A$21,0),Y$13))) | Z74: =IF($E74="","",MIN(OFFSET(hist_data!$AJ$7,0,MATCH($C74,hist_data!$A$6:$A$21,0),Z$13))) | AA74: =IF($E74="", "", AVERAGE( OFFSET( hist_data!$AJ$7, 0, MATCH($C74, hist_data!$A$6:$A$21, 0), AA$13 ) )) | AB74: =IF($E74="","",MAX(OFFSET(hist_data!$AJ$7,0,MATCH($C74,hist_data!$A$6:$A$21,0),AB$13))) | AC74: =IF($E74="","",MIN(OFFSET(hist_data!$AJ$7,0,MATCH($C74,hist_data!$A$6:$A$21,0),AC$13)))
C75: SP(bp) | E75: =IFERROR( (E$57-E74)*100, "") | F75: =IFERROR( (F$57-F74)*100, "") | G75: =IFERROR( (G$57-G74)*100, "") | H75: =IFERROR( (H$57-H74)*100, "") | I75: =IFERROR( (I$57-I74)*100, "") | J75: =IFERROR( (J$57-J74)*100, "") | K75: =IFERROR( (K$57-K74)*100, "") | L75: =IFERROR( (L$57-L74)*100, "") | ... P75: =IFERROR( (P$57-P74)*100, "") | R75: =IFERROR( (R$16-R74)*100, "") | S75: =IFERROR( (S$16-S74)*100, "") | T75: =IFERROR( (T$16-T74)*100, "") | U75: =IFERROR( (U$16-U74)*100, "") | V75: =IFERROR( (V$16-V74)*100, "") | W75: =IFERROR( (W$16-W74)*100, "") | X75: =IFERROR( (X$16-X74)*100, "") | Y75: =IFERROR( (Y$16-Y74)*100, "") | ... AC75: =IFERROR( (AC$16-AC74)*100, "")
A76: 10 | C76: {=INDEX(hist_data!$A$6:$A$21, Hist!$A76)} -> 05Y | E76: {=IF( INDEX(hist_data!$AJ$6:$AZ$256, MATCH(E$13, hist_data!$AJ$6:$AJ$256, 0), MATCH($C76, hist_data!$A$6:$A$21, 0)+1)=0, "", INDEX(hist_data!$AJ$6:$AZ$256, MATCH(E$13, hist_data!$AJ$6:$AJ$256, 0), MATCH($C76, hist_data!$A$6:$A$21, 0)+1) )} | F76: {=IF( INDEX(hist_data!$AJ$6:$AZ$256, MATCH(F$13, hist_data!$AJ$6:$AJ$256, 0), MATCH($C76, hist_data!$A$6:$A$21, 0)+1)=0, "", INDEX(hist_data!$AJ$6:$AZ$256, MATCH(F$13, hist_data!$AJ$6:$AJ$256, 0), MATCH($C76, hist_data!$A$6:$A$21, 0)+1) )} | G76: {=IF( INDEX(hist_data!$AJ$6:$AZ$256, MATCH(G$13, hist_data!$AJ$6:$AJ$256, 0), MATCH($C76, hist_data!$A$6:$A$21, 0)+1)=0, "", INDEX(hist_data!$AJ$6:$AZ$256, MATCH(G$13, hist_data!$AJ$6:$AJ$256, 0), MATCH($C76, hist_data!$A$6:$A$21, 0)+1) )} | H76: {=IF( INDEX(hist_data!$AJ$6:$AZ$256, MATCH(H$13, hist_data!$AJ$6:$AJ$256, 0), MATCH($C76, hist_data!$A$6:$A$21, 0)+1)=0, "", INDEX(hist_data!$AJ$6:$AZ$256, MATCH(H$13, hist_data!$AJ$6:$AJ$256, 0), MATCH($C76, hist_data!$A$6:$A$21, 0)+1) )} | I76: {=IF( INDEX(hist_data!$AJ$6:$AZ$256, MATCH(I$13, hist_data!$AJ$6:$AJ$256, 0), MATCH($C76, hist_data!$A$6:$A$21, 0)+1)=0, "", INDEX(hist_data!$AJ$6:$AZ$256, MATCH(I$13, hist_data!$AJ$6:$AJ$256, 0), MATCH($C76, hist_data!$A$6:$A$21, 0)+1) )} | J76: {=IF( INDEX(hist_data!$AJ$6:$AZ$256, MATCH(J$13, hist_data!$AJ$6:$AJ$256, 0), MATCH($C76, hist_data!$A$6:$A$21, 0)+1)=0, "", INDEX(hist_data!$AJ$6:$AZ$256, MATCH(J$13, hist_data!$AJ$6:$AJ$256, 0), MATCH($C76, hist_data!$A$6:$A$21, 0)+1) )} | K76: {=IF( INDEX(hist_data!$AJ$6:$AZ$256, MATCH(K$13, hist_data!$AJ$6:$AJ$256, 0), MATCH($C76, hist_data!$A$6:$A$21, 0)+1)=0, "", INDEX(hist_data!$AJ$6:$AZ$256, MATCH(K$13, hist_data!$AJ$6:$AJ$256, 0), MATCH($C76, hist_data!$A$6:$A$21, 0)+1) )} | L76: {=IF( INDEX(hist_data!$AJ$6:$AZ$256, MATCH(L$13, hist_data!$AJ$6:$AJ$256, 0), MATCH($C76, hist_data!$A$6:$A$21, 0)+1)=0, "", INDEX(hist_data!$AJ$6:$AZ$256, MATCH(L$13, hist_data!$AJ$6:$AJ$256, 0), MATCH($C76, hist_data!$A$6:$A$21, 0)+1) )} | ... P76: {=IF( INDEX(hist_data!$AJ$6:$AZ$256, MATCH(P$13, hist_data!$AJ$6:$AJ$256, 0), MATCH($C76, hist_data!$A$6:$A$21, 0)+1)=0, "", INDEX(hist_data!$AJ$6:$AZ$256, MATCH(P$13, hist_data!$AJ$6:$AJ$256, 0), MATCH($C76, hist_data!$A$6:$A$21, 0)+1) )} | R76: =IF($E76="", "", AVERAGE( OFFSET( hist_data!$AJ$7, 0, MATCH($C76, hist_data!$A$6:$A$21, 0), R$13 ) )) | S76: =IF($E76="","",MAX(OFFSET(hist_data!$AJ$7,0,MATCH($C76,hist_data!$A$6:$A$21,0),S$13))) | T76: =IF($E76="","",MIN(OFFSET(hist_data!$AJ$7,0,MATCH($C76,hist_data!$A$6:$A$21,0),T$13))) | U76: =IF($E76="", "", AVERAGE( OFFSET( hist_data!$AJ$7, 0, MATCH($C76, hist_data!$A$6:$A$21, 0), U$13 ) )) | V76: =IF($E76="","",MAX(OFFSET(hist_data!$AJ$7,0,MATCH($C76,hist_data!$A$6:$A$21,0),V$13))) | W76: =IF($E76="","",MIN(OFFSET(hist_data!$AJ$7,0,MATCH($C76,hist_data!$A$6:$A$21,0),W$13))) | X76: =IF($E76="", "", AVERAGE( OFFSET( hist_data!$AJ$7, 0, MATCH($C76, hist_data!$A$6:$A$21, 0), X$13 ) )) | Y76: =IF($E76="","",MAX(OFFSET(hist_data!$AJ$7,0,MATCH($C76,hist_data!$A$6:$A$21,0),Y$13))) | Z76: =IF($E76="","",MIN(OFFSET(hist_data!$AJ$7,0,MATCH($C76,hist_data!$A$6:$A$21,0),Z$13))) | AA76: =IF($E76="", "", AVERAGE( OFFSET( hist_data!$AJ$7, 0, MATCH($C76, hist_data!$A$6:$A$21, 0), AA$13 ) )) | AB76: =IF($E76="","",MAX(OFFSET(hist_data!$AJ$7,0,MATCH($C76,hist_data!$A$6:$A$21,0),AB$13))) | AC76: =IF($E76="","",MIN(OFFSET(hist_data!$AJ$7,0,MATCH($C76,hist_data!$A$6:$A$21,0),AC$13)))
C77: SP(bp) | E77: =IFERROR( (E$57-E76)*100, "") | F77: =IFERROR( (F$57-F76)*100, "") | G77: =IFERROR( (G$57-G76)*100, "") | H77: =IFERROR( (H$57-H76)*100, "") | I77: =IFERROR( (I$57-I76)*100, "") | J77: =IFERROR( (J$57-J76)*100, "") | K77: =IFERROR( (K$57-K76)*100, "") | L77: =IFERROR( (L$57-L76)*100, "") | ... P77: =IFERROR( (P$57-P76)*100, "") | R77: =IFERROR( (R$16-R76)*100, "") | S77: =IFERROR( (S$16-S76)*100, "") | T77: =IFERROR( (T$16-T76)*100, "") | U77: =IFERROR( (U$16-U76)*100, "") | V77: =IFERROR( (V$16-V76)*100, "") | W77: =IFERROR( (W$16-W76)*100, "") | X77: =IFERROR( (X$16-X76)*100, "") | Y77: =IFERROR( (Y$16-Y76)*100, "") | ... AC77: =IFERROR( (AC$16-AC76)*100, "")
A78: 11 | C78: {=INDEX(hist_data!$A$6:$A$21, Hist!$A78)} -> 07Y | E78: {=IF( INDEX(hist_data!$AJ$6:$AZ$256, MATCH(E$13, hist_data!$AJ$6:$AJ$256, 0), MATCH($C78, hist_data!$A$6:$A$21, 0)+1)=0, "", INDEX(hist_data!$AJ$6:$AZ$256, MATCH(E$13, hist_data!$AJ$6:$AJ$256, 0), MATCH($C78, hist_data!$A$6:$A$21, 0)+1) )} | F78: {=IF( INDEX(hist_data!$AJ$6:$AZ$256, MATCH(F$13, hist_data!$AJ$6:$AJ$256, 0), MATCH($C78, hist_data!$A$6:$A$21, 0)+1)=0, "", INDEX(hist_data!$AJ$6:$AZ$256, MATCH(F$13, hist_data!$AJ$6:$AJ$256, 0), MATCH($C78, hist_data!$A$6:$A$21, 0)+1) )} | G78: {=IF( INDEX(hist_data!$AJ$6:$AZ$256, MATCH(G$13, hist_data!$AJ$6:$AJ$256, 0), MATCH($C78, hist_data!$A$6:$A$21, 0)+1)=0, "", INDEX(hist_data!$AJ$6:$AZ$256, MATCH(G$13, hist_data!$AJ$6:$AJ$256, 0), MATCH($C78, hist_data!$A$6:$A$21, 0)+1) )} | H78: {=IF( INDEX(hist_data!$AJ$6:$AZ$256, MATCH(H$13, hist_data!$AJ$6:$AJ$256, 0), MATCH($C78, hist_data!$A$6:$A$21, 0)+1)=0, "", INDEX(hist_data!$AJ$6:$AZ$256, MATCH(H$13, hist_data!$AJ$6:$AJ$256, 0), MATCH($C78, hist_data!$A$6:$A$21, 0)+1) )} | I78: {=IF( INDEX(hist_data!$AJ$6:$AZ$256, MATCH(I$13, hist_data!$AJ$6:$AJ$256, 0), MATCH($C78, hist_data!$A$6:$A$21, 0)+1)=0, "", INDEX(hist_data!$AJ$6:$AZ$256, MATCH(I$13, hist_data!$AJ$6:$AJ$256, 0), MATCH($C78, hist_data!$A$6:$A$21, 0)+1) )} | J78: {=IF( INDEX(hist_data!$AJ$6:$AZ$256, MATCH(J$13, hist_data!$AJ$6:$AJ$256, 0), MATCH($C78, hist_data!$A$6:$A$21, 0)+1)=0, "", INDEX(hist_data!$AJ$6:$AZ$256, MATCH(J$13, hist_data!$AJ$6:$AJ$256, 0), MATCH($C78, hist_data!$A$6:$A$21, 0)+1) )} | K78: {=IF( INDEX(hist_data!$AJ$6:$AZ$256, MATCH(K$13, hist_data!$AJ$6:$AJ$256, 0), MATCH($C78, hist_data!$A$6:$A$21, 0)+1)=0, "", INDEX(hist_data!$AJ$6:$AZ$256, MATCH(K$13, hist_data!$AJ$6:$AJ$256, 0), MATCH($C78, hist_data!$A$6:$A$21, 0)+1) )} | L78: {=IF( INDEX(hist_data!$AJ$6:$AZ$256, MATCH(L$13, hist_data!$AJ$6:$AJ$256, 0), MATCH($C78, hist_data!$A$6:$A$21, 0)+1)=0, "", INDEX(hist_data!$AJ$6:$AZ$256, MATCH(L$13, hist_data!$AJ$6:$AJ$256, 0), MATCH($C78, hist_data!$A$6:$A$21, 0)+1) )} | ... P78: {=IF( INDEX(hist_data!$AJ$6:$AZ$256, MATCH(P$13, hist_data!$AJ$6:$AJ$256, 0), MATCH($C78, hist_data!$A$6:$A$21, 0)+1)=0, "", INDEX(hist_data!$AJ$6:$AZ$256, MATCH(P$13, hist_data!$AJ$6:$AJ$256, 0), MATCH($C78, hist_data!$A$6:$A$21, 0)+1) )} | R78: =IF($E78="", "", AVERAGE( OFFSET( hist_data!$AJ$7, 0, MATCH($C78, hist_data!$A$6:$A$21, 0), R$13 ) )) | S78: =IF($E78="","",MAX(OFFSET(hist_data!$AJ$7,0,MATCH($C78,hist_data!$A$6:$A$21,0),S$13))) | T78: =IF($E78="","",MIN(OFFSET(hist_data!$AJ$7,0,MATCH($C78,hist_data!$A$6:$A$21,0),T$13))) | U78: =IF($E78="", "", AVERAGE( OFFSET( hist_data!$AJ$7, 0, MATCH($C78, hist_data!$A$6:$A$21, 0), U$13 ) )) | V78: =IF($E78="","",MAX(OFFSET(hist_data!$AJ$7,0,MATCH($C78,hist_data!$A$6:$A$21,0),V$13))) | W78: =IF($E78="","",MIN(OFFSET(hist_data!$AJ$7,0,MATCH($C78,hist_data!$A$6:$A$21,0),W$13))) | X78: =IF($E78="", "", AVERAGE( OFFSET( hist_data!$AJ$7, 0, MATCH($C78, hist_data!$A$6:$A$21, 0), X$13 ) )) | Y78: =IF($E78="","",MAX(OFFSET(hist_data!$AJ$7,0,MATCH($C78,hist_data!$A$6:$A$21,0),Y$13))) | Z78: =IF($E78="","",MIN(OFFSET(hist_data!$AJ$7,0,MATCH($C78,hist_data!$A$6:$A$21,0),Z$13))) | AA78: =IF($E78="", "", AVERAGE( OFFSET( hist_data!$AJ$7, 0, MATCH($C78, hist_data!$A$6:$A$21, 0), AA$13 ) )) | AB78: =IF($E78="","",MAX(OFFSET(hist_data!$AJ$7,0,MATCH($C78,hist_data!$A$6:$A$21,0),AB$13))) | AC78: =IF($E78="","",MIN(OFFSET(hist_data!$AJ$7,0,MATCH($C78,hist_data!$A$6:$A$21,0),AC$13)))
C79: SP(bp) | E79: =IFERROR( (E$57-E78)*100, "") | F79: =IFERROR( (F$57-F78)*100, "") | G79: =IFERROR( (G$57-G78)*100, "") | H79: =IFERROR( (H$57-H78)*100, "") | I79: =IFERROR( (I$57-I78)*100, "") | J79: =IFERROR( (J$57-J78)*100, "") | K79: =IFERROR( (K$57-K78)*100, "") | L79: =IFERROR( (L$57-L78)*100, "") | ... P79: =IFERROR( (P$57-P78)*100, "") | R79: =IFERROR( (R$16-R78)*100, "") | S79: =IFERROR( (S$16-S78)*100, "") | T79: =IFERROR( (T$16-T78)*100, "") | U79: =IFERROR( (U$16-U78)*100, "") | V79: =IFERROR( (V$16-V78)*100, "") | W79: =IFERROR( (W$16-W78)*100, "") | X79: =IFERROR( (X$16-X78)*100, "") | Y79: =IFERROR( (Y$16-Y78)*100, "") | ... AC79: =IFERROR( (AC$16-AC78)*100, "")
A80: 12 | C80: {=INDEX(hist_data!$A$6:$A$21, Hist!$A80)} -> 10Y | E80: {=IF( INDEX(hist_data!$AJ$6:$AZ$256, MATCH(E$13, hist_data!$AJ$6:$AJ$256, 0), MATCH($C80, hist_data!$A$6:$A$21, 0)+1)=0, "", INDEX(hist_data!$AJ$6:$AZ$256, MATCH(E$13, hist_data!$AJ$6:$AJ$256, 0), MATCH($C80, hist_data!$A$6:$A$21, 0)+1) )} | F80: {=IF( INDEX(hist_data!$AJ$6:$AZ$256, MATCH(F$13, hist_data!$AJ$6:$AJ$256, 0), MATCH($C80, hist_data!$A$6:$A$21, 0)+1)=0, "", INDEX(hist_data!$AJ$6:$AZ$256, MATCH(F$13, hist_data!$AJ$6:$AJ$256, 0), MATCH($C80, hist_data!$A$6:$A$21, 0)+1) )} | G80: {=IF( INDEX(hist_data!$AJ$6:$AZ$256, MATCH(G$13, hist_data!$AJ$6:$AJ$256, 0), MATCH($C80, hist_data!$A$6:$A$21, 0)+1)=0, "", INDEX(hist_data!$AJ$6:$AZ$256, MATCH(G$13, hist_data!$AJ$6:$AJ$256, 0), MATCH($C80, hist_data!$A$6:$A$21, 0)+1) )} | H80: {=IF( INDEX(hist_data!$AJ$6:$AZ$256, MATCH(H$13, hist_data!$AJ$6:$AJ$256, 0), MATCH($C80, hist_data!$A$6:$A$21, 0)+1)=0, "", INDEX(hist_data!$AJ$6:$AZ$256, MATCH(H$13, hist_data!$AJ$6:$AJ$256, 0), MATCH($C80, hist_data!$A$6:$A$21, 0)+1) )} | I80: {=IF( INDEX(hist_data!$AJ$6:$AZ$256, MATCH(I$13, hist_data!$AJ$6:$AJ$256, 0), MATCH($C80, hist_data!$A$6:$A$21, 0)+1)=0, "", INDEX(hist_data!$AJ$6:$AZ$256, MATCH(I$13, hist_data!$AJ$6:$AJ$256, 0), MATCH($C80, hist_data!$A$6:$A$21, 0)+1) )} | J80: {=IF( INDEX(hist_data!$AJ$6:$AZ$256, MATCH(J$13, hist_data!$AJ$6:$AJ$256, 0), MATCH($C80, hist_data!$A$6:$A$21, 0)+1)=0, "", INDEX(hist_data!$AJ$6:$AZ$256, MATCH(J$13, hist_data!$AJ$6:$AJ$256, 0), MATCH($C80, hist_data!$A$6:$A$21, 0)+1) )} | K80: {=IF( INDEX(hist_data!$AJ$6:$AZ$256, MATCH(K$13, hist_data!$AJ$6:$AJ$256, 0), MATCH($C80, hist_data!$A$6:$A$21, 0)+1)=0, "", INDEX(hist_data!$AJ$6:$AZ$256, MATCH(K$13, hist_data!$AJ$6:$AJ$256, 0), MATCH($C80, hist_data!$A$6:$A$21, 0)+1) )} | L80: {=IF( INDEX(hist_data!$AJ$6:$AZ$256, MATCH(L$13, hist_data!$AJ$6:$AJ$256, 0), MATCH($C80, hist_data!$A$6:$A$21, 0)+1)=0, "", INDEX(hist_data!$AJ$6:$AZ$256, MATCH(L$13, hist_data!$AJ$6:$AJ$256, 0), MATCH($C80, hist_data!$A$6:$A$21, 0)+1) )} | ... P80: {=IF( INDEX(hist_data!$AJ$6:$AZ$256, MATCH(P$13, hist_data!$AJ$6:$AJ$256, 0), MATCH($C80, hist_data!$A$6:$A$21, 0)+1)=0, "", INDEX(hist_data!$AJ$6:$AZ$256, MATCH(P$13, hist_data!$AJ$6:$AJ$256, 0), MATCH($C80, hist_data!$A$6:$A$21, 0)+1) )} | R80: =IF($E80="", "", AVERAGE( OFFSET( hist_data!$AJ$7, 0, MATCH($C80, hist_data!$A$6:$A$21, 0), R$13 ) )) | S80: =IF($E80="","",MAX(OFFSET(hist_data!$AJ$7,0,MATCH($C80,hist_data!$A$6:$A$21,0),S$13))) | T80: =IF($E80="","",MIN(OFFSET(hist_data!$AJ$7,0,MATCH($C80,hist_data!$A$6:$A$21,0),T$13))) | U80: =IF($E80="", "", AVERAGE( OFFSET( hist_data!$AJ$7, 0, MATCH($C80, hist_data!$A$6:$A$21, 0), U$13 ) )) | V80: =IF($E80="","",MAX(OFFSET(hist_data!$AJ$7,0,MATCH($C80,hist_data!$A$6:$A$21,0),V$13))) | W80: =IF($E80="","",MIN(OFFSET(hist_data!$AJ$7,0,MATCH($C80,hist_data!$A$6:$A$21,0),W$13))) | X80: =IF($E80="", "", AVERAGE( OFFSET( hist_data!$AJ$7, 0, MATCH($C80, hist_data!$A$6:$A$21, 0), X$13 ) )) | Y80: =IF($E80="","",MAX(OFFSET(hist_data!$AJ$7,0,MATCH($C80,hist_data!$A$6:$A$21,0),Y$13))) | Z80: =IF($E80="","",MIN(OFFSET(hist_data!$AJ$7,0,MATCH($C80,hist_data!$A$6:$A$21,0),Z$13))) | AA80: =IF($E80="", "", AVERAGE( OFFSET( hist_data!$AJ$7, 0, MATCH($C80, hist_data!$A$6:$A$21, 0), AA$13 ) )) | AB80: =IF($E80="","",MAX(OFFSET(hist_data!$AJ$7,0,MATCH($C80,hist_data!$A$6:$A$21,0),AB$13))) | AC80: =IF($E80="","",MIN(OFFSET(hist_data!$AJ$7,0,MATCH($C80,hist_data!$A$6:$A$21,0),AC$13)))
C81: SP(bp) | E81: =IFERROR( (E$57-E80)*100, "") | F81: =IFERROR( (F$57-F80)*100, "") | G81: =IFERROR( (G$57-G80)*100, "") | H81: =IFERROR( (H$57-H80)*100, "") | I81: =IFERROR( (I$57-I80)*100, "") | J81: =IFERROR( (J$57-J80)*100, "") | K81: =IFERROR( (K$57-K80)*100, "") | L81: =IFERROR( (L$57-L80)*100, "") | ... P81: =IFERROR( (P$57-P80)*100, "") | R81: =IFERROR( (R$16-R80)*100, "") | S81: =IFERROR( (S$16-S80)*100, "") | T81: =IFERROR( (T$16-T80)*100, "") | U81: =IFERROR( (U$16-U80)*100, "") | V81: =IFERROR( (V$16-V80)*100, "") | W81: =IFERROR( (W$16-W80)*100, "") | X81: =IFERROR( (X$16-X80)*100, "") | Y81: =IFERROR( (Y$16-Y80)*100, "") | ... AC81: =IFERROR( (AC$16-AC80)*100, "")
A82: 13 | C82: {=INDEX(hist_data!$A$6:$A$21, Hist!$A82)} -> 15Y | E82: {=IF( INDEX(hist_data!$AJ$6:$AZ$256, MATCH(E$13, hist_data!$AJ$6:$AJ$256, 0), MATCH($C82, hist_data!$A$6:$A$21, 0)+1)=0, "", INDEX(hist_data!$AJ$6:$AZ$256, MATCH(E$13, hist_data!$AJ$6:$AJ$256, 0), MATCH($C82, hist_data!$A$6:$A$21, 0)+1) )} | F82: {=IF( INDEX(hist_data!$AJ$6:$AZ$256, MATCH(F$13, hist_data!$AJ$6:$AJ$256, 0), MATCH($C82, hist_data!$A$6:$A$21, 0)+1)=0, "", INDEX(hist_data!$AJ$6:$AZ$256, MATCH(F$13, hist_data!$AJ$6:$AJ$256, 0), MATCH($C82, hist_data!$A$6:$A$21, 0)+1) )} | G82: {=IF( INDEX(hist_data!$AJ$6:$AZ$256, MATCH(G$13, hist_data!$AJ$6:$AJ$256, 0), MATCH($C82, hist_data!$A$6:$A$21, 0)+1)=0, "", INDEX(hist_data!$AJ$6:$AZ$256, MATCH(G$13, hist_data!$AJ$6:$AJ$256, 0), MATCH($C82, hist_data!$A$6:$A$21, 0)+1) )} | H82: {=IF( INDEX(hist_data!$AJ$6:$AZ$256, MATCH(H$13, hist_data!$AJ$6:$AJ$256, 0), MATCH($C82, hist_data!$A$6:$A$21, 0)+1)=0, "", INDEX(hist_data!$AJ$6:$AZ$256, MATCH(H$13, hist_data!$AJ$6:$AJ$256, 0), MATCH($C82, hist_data!$A$6:$A$21, 0)+1) )} | I82: {=IF( INDEX(hist_data!$AJ$6:$AZ$256, MATCH(I$13, hist_data!$AJ$6:$AJ$256, 0), MATCH($C82, hist_data!$A$6:$A$21, 0)+1)=0, "", INDEX(hist_data!$AJ$6:$AZ$256, MATCH(I$13, hist_data!$AJ$6:$AJ$256, 0), MATCH($C82, hist_data!$A$6:$A$21, 0)+1) )} | J82: {=IF( INDEX(hist_data!$AJ$6:$AZ$256, MATCH(J$13, hist_data!$AJ$6:$AJ$256, 0), MATCH($C82, hist_data!$A$6:$A$21, 0)+1)=0, "", INDEX(hist_data!$AJ$6:$AZ$256, MATCH(J$13, hist_data!$AJ$6:$AJ$256, 0), MATCH($C82, hist_data!$A$6:$A$21, 0)+1) )} | K82: {=IF( INDEX(hist_data!$AJ$6:$AZ$256, MATCH(K$13, hist_data!$AJ$6:$AJ$256, 0), MATCH($C82, hist_data!$A$6:$A$21, 0)+1)=0, "", INDEX(hist_data!$AJ$6:$AZ$256, MATCH(K$13, hist_data!$AJ$6:$AJ$256, 0), MATCH($C82, hist_data!$A$6:$A$21, 0)+1) )} | L82: {=IF( INDEX(hist_data!$AJ$6:$AZ$256, MATCH(L$13, hist_data!$AJ$6:$AJ$256, 0), MATCH($C82, hist_data!$A$6:$A$21, 0)+1)=0, "", INDEX(hist_data!$AJ$6:$AZ$256, MATCH(L$13, hist_data!$AJ$6:$AJ$256, 0), MATCH($C82, hist_data!$A$6:$A$21, 0)+1) )} | ... P82: {=IF( INDEX(hist_data!$AJ$6:$AZ$256, MATCH(P$13, hist_data!$AJ$6:$AJ$256, 0), MATCH($C82, hist_data!$A$6:$A$21, 0)+1)=0, "", INDEX(hist_data!$AJ$6:$AZ$256, MATCH(P$13, hist_data!$AJ$6:$AJ$256, 0), MATCH($C82, hist_data!$A$6:$A$21, 0)+1) )} | R82: =IF($E82="", "", AVERAGE( OFFSET( hist_data!$AJ$7, 0, MATCH($C82, hist_data!$A$6:$A$21, 0), R$13 ) )) | S82: =IF($E82="","",MAX(OFFSET(hist_data!$AJ$7,0,MATCH($C82,hist_data!$A$6:$A$21,0),S$13))) | T82: =IF($E82="","",MIN(OFFSET(hist_data!$AJ$7,0,MATCH($C82,hist_data!$A$6:$A$21,0),T$13))) | U82: =IF($E82="", "", AVERAGE( OFFSET( hist_data!$AJ$7, 0, MATCH($C82, hist_data!$A$6:$A$21, 0), U$13 ) )) | V82: =IF($E82="","",MAX(OFFSET(hist_data!$AJ$7,0,MATCH($C82,hist_data!$A$6:$A$21,0),V$13))) | W82: =IF($E82="","",MIN(OFFSET(hist_data!$AJ$7,0,MATCH($C82,hist_data!$A$6:$A$21,0),W$13))) | X82: =IF($E82="", "", AVERAGE( OFFSET( hist_data!$AJ$7, 0, MATCH($C82, hist_data!$A$6:$A$21, 0), X$13 ) )) | Y82: =IF($E82="","",MAX(OFFSET(hist_data!$AJ$7,0,MATCH($C82,hist_data!$A$6:$A$21,0),Y$13))) | Z82: =IF($E82="","",MIN(OFFSET(hist_data!$AJ$7,0,MATCH($C82,hist_data!$A$6:$A$21,0),Z$13))) | AA82: =IF($E82="", "", AVERAGE( OFFSET( hist_data!$AJ$7, 0, MATCH($C82, hist_data!$A$6:$A$21, 0), AA$13 ) )) | AB82: =IF($E82="","",MAX(OFFSET(hist_data!$AJ$7,0,MATCH($C82,hist_data!$A$6:$A$21,0),AB$13))) | AC82: =IF($E82="","",MIN(OFFSET(hist_data!$AJ$7,0,MATCH($C82,hist_data!$A$6:$A$21,0),AC$13)))
C83: SP(bp) | E83: =IFERROR( (E$57-E82)*100, "") | F83: =IFERROR( (F$57-F82)*100, "") | G83: =IFERROR( (G$57-G82)*100, "") | H83: =IFERROR( (H$57-H82)*100, "") | I83: =IFERROR( (I$57-I82)*100, "") | J83: =IFERROR( (J$57-J82)*100, "") | K83: =IFERROR( (K$57-K82)*100, "") | L83: =IFERROR( (L$57-L82)*100, "") | ... P83: =IFERROR( (P$57-P82)*100, "") | R83: =IFERROR( (R$16-R82)*100, "") | S83: =IFERROR( (S$16-S82)*100, "") | T83: =IFERROR( (T$16-T82)*100, "") | U83: =IFERROR( (U$16-U82)*100, "") | V83: =IFERROR( (V$16-V82)*100, "") | W83: =IFERROR( (W$16-W82)*100, "") | X83: =IFERROR( (X$16-X82)*100, "") | Y83: =IFERROR( (Y$16-Y82)*100, "") | ... AC83: =IFERROR( (AC$16-AC82)*100, "")
A84: 14 | C84: {=INDEX(hist_data!$A$6:$A$21, Hist!$A84)} -> 20Y | E84: {=IF( INDEX(hist_data!$AJ$6:$AZ$256, MATCH(E$13, hist_data!$AJ$6:$AJ$256, 0), MATCH($C84, hist_data!$A$6:$A$21, 0)+1)=0, "", INDEX(hist_data!$AJ$6:$AZ$256, MATCH(E$13, hist_data!$AJ$6:$AJ$256, 0), MATCH($C84, hist_data!$A$6:$A$21, 0)+1) )} | F84: {=IF( INDEX(hist_data!$AJ$6:$AZ$256, MATCH(F$13, hist_data!$AJ$6:$AJ$256, 0), MATCH($C84, hist_data!$A$6:$A$21, 0)+1)=0, "", INDEX(hist_data!$AJ$6:$AZ$256, MATCH(F$13, hist_data!$AJ$6:$AJ$256, 0), MATCH($C84, hist_data!$A$6:$A$21, 0)+1) )} | G84: {=IF( INDEX(hist_data!$AJ$6:$AZ$256, MATCH(G$13, hist_data!$AJ$6:$AJ$256, 0), MATCH($C84, hist_data!$A$6:$A$21, 0)+1)=0, "", INDEX(hist_data!$AJ$6:$AZ$256, MATCH(G$13, hist_data!$AJ$6:$AJ$256, 0), MATCH($C84, hist_data!$A$6:$A$21, 0)+1) )} | H84: {=IF( INDEX(hist_data!$AJ$6:$AZ$256, MATCH(H$13, hist_data!$AJ$6:$AJ$256, 0), MATCH($C84, hist_data!$A$6:$A$21, 0)+1)=0, "", INDEX(hist_data!$AJ$6:$AZ$256, MATCH(H$13, hist_data!$AJ$6:$AJ$256, 0), MATCH($C84, hist_data!$A$6:$A$21, 0)+1) )} | I84: {=IF( INDEX(hist_data!$AJ$6:$AZ$256, MATCH(I$13, hist_data!$AJ$6:$AJ$256, 0), MATCH($C84, hist_data!$A$6:$A$21, 0)+1)=0, "", INDEX(hist_data!$AJ$6:$AZ$256, MATCH(I$13, hist_data!$AJ$6:$AJ$256, 0), MATCH($C84, hist_data!$A$6:$A$21, 0)+1) )} | J84: {=IF( INDEX(hist_data!$AJ$6:$AZ$256, MATCH(J$13, hist_data!$AJ$6:$AJ$256, 0), MATCH($C84, hist_data!$A$6:$A$21, 0)+1)=0, "", INDEX(hist_data!$AJ$6:$AZ$256, MATCH(J$13, hist_data!$AJ$6:$AJ$256, 0), MATCH($C84, hist_data!$A$6:$A$21, 0)+1) )} | K84: {=IF( INDEX(hist_data!$AJ$6:$AZ$256, MATCH(K$13, hist_data!$AJ$6:$AJ$256, 0), MATCH($C84, hist_data!$A$6:$A$21, 0)+1)=0, "", INDEX(hist_data!$AJ$6:$AZ$256, MATCH(K$13, hist_data!$AJ$6:$AJ$256, 0), MATCH($C84, hist_data!$A$6:$A$21, 0)+1) )} | L84: {=IF( INDEX(hist_data!$AJ$6:$AZ$256, MATCH(L$13, hist_data!$AJ$6:$AJ$256, 0), MATCH($C84, hist_data!$A$6:$A$21, 0)+1)=0, "", INDEX(hist_data!$AJ$6:$AZ$256, MATCH(L$13, hist_data!$AJ$6:$AJ$256, 0), MATCH($C84, hist_data!$A$6:$A$21, 0)+1) )} | ... P84: {=IF( INDEX(hist_data!$AJ$6:$AZ$256, MATCH(P$13, hist_data!$AJ$6:$AJ$256, 0), MATCH($C84, hist_data!$A$6:$A$21, 0)+1)=0, "", INDEX(hist_data!$AJ$6:$AZ$256, MATCH(P$13, hist_data!$AJ$6:$AJ$256, 0), MATCH($C84, hist_data!$A$6:$A$21, 0)+1) )} | R84: =IF($E84="", "", AVERAGE( OFFSET( hist_data!$AJ$7, 0, MATCH($C84, hist_data!$A$6:$A$21, 0), R$13 ) )) | S84: =IF($E84="","",MAX(OFFSET(hist_data!$AJ$7,0,MATCH($C84,hist_data!$A$6:$A$21,0),S$13))) | T84: =IF($E84="","",MIN(OFFSET(hist_data!$AJ$7,0,MATCH($C84,hist_data!$A$6:$A$21,0),T$13))) | U84: =IF($E84="", "", AVERAGE( OFFSET( hist_data!$AJ$7, 0, MATCH($C84, hist_data!$A$6:$A$21, 0), U$13 ) )) | V84: =IF($E84="","",MAX(OFFSET(hist_data!$AJ$7,0,MATCH($C84,hist_data!$A$6:$A$21,0),V$13))) | W84: =IF($E84="","",MIN(OFFSET(hist_data!$AJ$7,0,MATCH($C84,hist_data!$A$6:$A$21,0),W$13))) | X84: =IF($E84="", "", AVERAGE( OFFSET( hist_data!$AJ$7, 0, MATCH($C84, hist_data!$A$6:$A$21, 0), X$13 ) )) | Y84: =IF($E84="","",MAX(OFFSET(hist_data!$AJ$7,0,MATCH($C84,hist_data!$A$6:$A$21,0),Y$13))) | Z84: =IF($E84="","",MIN(OFFSET(hist_data!$AJ$7,0,MATCH($C84,hist_data!$A$6:$A$21,0),Z$13))) | AA84: =IF($E84="", "", AVERAGE( OFFSET( hist_data!$AJ$7, 0, MATCH($C84, hist_data!$A$6:$A$21, 0), AA$13 ) )) | AB84: =IF($E84="","",MAX(OFFSET(hist_data!$AJ$7,0,MATCH($C84,hist_data!$A$6:$A$21,0),AB$13))) | AC84: =IF($E84="","",MIN(OFFSET(hist_data!$AJ$7,0,MATCH($C84,hist_data!$A$6:$A$21,0),AC$13)))
C85: SP(bp) | E85: =IFERROR( (E$57-E84)*100, "") | F85: =IFERROR( (F$57-F84)*100, "") | G85: =IFERROR( (G$57-G84)*100, "") | H85: =IFERROR( (H$57-H84)*100, "") | I85: =IFERROR( (I$57-I84)*100, "") | J85: =IFERROR( (J$57-J84)*100, "") | K85: =IFERROR( (K$57-K84)*100, "") | L85: =IFERROR( (L$57-L84)*100, "") | ... P85: =IFERROR( (P$57-P84)*100, "") | R85: =IFERROR( (R$16-R84)*100, "") | S85: =IFERROR( (S$16-S84)*100, "") | T85: =IFERROR( (T$16-T84)*100, "") | U85: =IFERROR( (U$16-U84)*100, "") | V85: =IFERROR( (V$16-V84)*100, "") | W85: =IFERROR( (W$16-W84)*100, "") | X85: =IFERROR( (X$16-X84)*100, "") | Y85: =IFERROR( (Y$16-Y84)*100, "") | ... AC85: =IFERROR( (AC$16-AC84)*100, "")
A86: 15 | C86: {=INDEX(hist_data!$A$6:$A$21, Hist!$A86)} -> 30Y | E86: {=IF( INDEX(hist_data!$AJ$6:$AZ$256, MATCH(E$13, hist_data!$AJ$6:$AJ$256, 0), MATCH($C86, hist_data!$A$6:$A$21, 0)+1)=0, "", INDEX(hist_data!$AJ$6:$AZ$256, MATCH(E$13, hist_data!$AJ$6:$AJ$256, 0), MATCH($C86, hist_data!$A$6:$A$21, 0)+1) )} | F86: {=IF( INDEX(hist_data!$AJ$6:$AZ$256, MATCH(F$13, hist_data!$AJ$6:$AJ$256, 0), MATCH($C86, hist_data!$A$6:$A$21, 0)+1)=0, "", INDEX(hist_data!$AJ$6:$AZ$256, MATCH(F$13, hist_data!$AJ$6:$AJ$256, 0), MATCH($C86, hist_data!$A$6:$A$21, 0)+1) )} | G86: {=IF( INDEX(hist_data!$AJ$6:$AZ$256, MATCH(G$13, hist_data!$AJ$6:$AJ$256, 0), MATCH($C86, hist_data!$A$6:$A$21, 0)+1)=0, "", INDEX(hist_data!$AJ$6:$AZ$256, MATCH(G$13, hist_data!$AJ$6:$AJ$256, 0), MATCH($C86, hist_data!$A$6:$A$21, 0)+1) )} | H86: {=IF( INDEX(hist_data!$AJ$6:$AZ$256, MATCH(H$13, hist_data!$AJ$6:$AJ$256, 0), MATCH($C86, hist_data!$A$6:$A$21, 0)+1)=0, "", INDEX(hist_data!$AJ$6:$AZ$256, MATCH(H$13, hist_data!$AJ$6:$AJ$256, 0), MATCH($C86, hist_data!$A$6:$A$21, 0)+1) )} | I86: {=IF( INDEX(hist_data!$AJ$6:$AZ$256, MATCH(I$13, hist_data!$AJ$6:$AJ$256, 0), MATCH($C86, hist_data!$A$6:$A$21, 0)+1)=0, "", INDEX(hist_data!$AJ$6:$AZ$256, MATCH(I$13, hist_data!$AJ$6:$AJ$256, 0), MATCH($C86, hist_data!$A$6:$A$21, 0)+1) )} | J86: {=IF( INDEX(hist_data!$AJ$6:$AZ$256, MATCH(J$13, hist_data!$AJ$6:$AJ$256, 0), MATCH($C86, hist_data!$A$6:$A$21, 0)+1)=0, "", INDEX(hist_data!$AJ$6:$AZ$256, MATCH(J$13, hist_data!$AJ$6:$AJ$256, 0), MATCH($C86, hist_data!$A$6:$A$21, 0)+1) )} | K86: {=IF( INDEX(hist_data!$AJ$6:$AZ$256, MATCH(K$13, hist_data!$AJ$6:$AJ$256, 0), MATCH($C86, hist_data!$A$6:$A$21, 0)+1)=0, "", INDEX(hist_data!$AJ$6:$AZ$256, MATCH(K$13, hist_data!$AJ$6:$AJ$256, 0), MATCH($C86, hist_data!$A$6:$A$21, 0)+1) )} | L86: {=IF( INDEX(hist_data!$AJ$6:$AZ$256, MATCH(L$13, hist_data!$AJ$6:$AJ$256, 0), MATCH($C86, hist_data!$A$6:$A$21, 0)+1)=0, "", INDEX(hist_data!$AJ$6:$AZ$256, MATCH(L$13, hist_data!$AJ$6:$AJ$256, 0), MATCH($C86, hist_data!$A$6:$A$21, 0)+1) )} | ... P86: {=IF( INDEX(hist_data!$AJ$6:$AZ$256, MATCH(P$13, hist_data!$AJ$6:$AJ$256, 0), MATCH($C86, hist_data!$A$6:$A$21, 0)+1)=0, "", INDEX(hist_data!$AJ$6:$AZ$256, MATCH(P$13, hist_data!$AJ$6:$AJ$256, 0), MATCH($C86, hist_data!$A$6:$A$21, 0)+1) )} | R86: =IF($E86="", "", AVERAGE( OFFSET( hist_data!$AJ$7, 0, MATCH($C86, hist_data!$A$6:$A$21, 0), R$13 ) )) | S86: =IF($E86="","",MAX(OFFSET(hist_data!$AJ$7,0,MATCH($C86,hist_data!$A$6:$A$21,0),S$13))) | T86: =IF($E86="","",MIN(OFFSET(hist_data!$AJ$7,0,MATCH($C86,hist_data!$A$6:$A$21,0),T$13))) | U86: =IF($E86="", "", AVERAGE( OFFSET( hist_data!$AJ$7, 0, MATCH($C86, hist_data!$A$6:$A$21, 0), U$13 ) )) | V86: =IF($E86="","",MAX(OFFSET(hist_data!$AJ$7,0,MATCH($C86,hist_data!$A$6:$A$21,0),V$13))) | W86: =IF($E86="","",MIN(OFFSET(hist_data!$AJ$7,0,MATCH($C86,hist_data!$A$6:$A$21,0),W$13))) | X86: =IF($E86="", "", AVERAGE( OFFSET( hist_data!$AJ$7, 0, MATCH($C86, hist_data!$A$6:$A$21, 0), X$13 ) )) | Y86: =IF($E86="","",MAX(OFFSET(hist_data!$AJ$7,0,MATCH($C86,hist_data!$A$6:$A$21,0),Y$13))) | Z86: =IF($E86="","",MIN(OFFSET(hist_data!$AJ$7,0,MATCH($C86,hist_data!$A$6:$A$21,0),Z$13))) | AA86: =IF($E86="", "", AVERAGE( OFFSET( hist_data!$AJ$7, 0, MATCH($C86, hist_data!$A$6:$A$21, 0), AA$13 ) )) | AB86: =IF($E86="","",MAX(OFFSET(hist_data!$AJ$7,0,MATCH($C86,hist_data!$A$6:$A$21,0),AB$13))) | AC86: =IF($E86="","",MIN(OFFSET(hist_data!$AJ$7,0,MATCH($C86,hist_data!$A$6:$A$21,0),AC$13)))
C87: SP(bp) | E87: =IFERROR( (E$57-E86)*100, "") | F87: =IFERROR( (F$57-F86)*100, "") | G87: =IFERROR( (G$57-G86)*100, "") | H87: =IFERROR( (H$57-H86)*100, "") | I87: =IFERROR( (I$57-I86)*100, "") | J87: =IFERROR( (J$57-J86)*100, "") | K87: =IFERROR( (K$57-K86)*100, "") | L87: =IFERROR( (L$57-L86)*100, "") | ... P87: =IFERROR( (P$57-P86)*100, "") | R87: =IFERROR( (R$16-R86)*100, "") | S87: =IFERROR( (S$16-S86)*100, "") | T87: =IFERROR( (T$16-T86)*100, "") | U87: =IFERROR( (U$16-U86)*100, "") | V87: =IFERROR( (V$16-V86)*100, "") | W87: =IFERROR( (W$16-W86)*100, "") | X87: =IFERROR( (X$16-X86)*100, "") | Y87: =IFERROR( (Y$16-Y86)*100, "") | ... AC87: =IFERROR( (AC$16-AC86)*100, "")
A88: 16 | C88: {=INDEX(hist_data!$A$6:$A$21, Hist!$A88)} -> 50Y | E88: {=IF( INDEX(hist_data!$AJ$6:$AZ$256, MATCH(E$13, hist_data!$AJ$6:$AJ$256, 0), MATCH($C88, hist_data!$A$6:$A$21, 0)+1)=0, "", INDEX(hist_data!$AJ$6:$AZ$256, MATCH(E$13, hist_data!$AJ$6:$AJ$256, 0), MATCH($C88, hist_data!$A$6:$A$21, 0)+1) )} | F88: {=IF( INDEX(hist_data!$AJ$6:$AZ$256, MATCH(F$13, hist_data!$AJ$6:$AJ$256, 0), MATCH($C88, hist_data!$A$6:$A$21, 0)+1)=0, "", INDEX(hist_data!$AJ$6:$AZ$256, MATCH(F$13, hist_data!$AJ$6:$AJ$256, 0), MATCH($C88, hist_data!$A$6:$A$21, 0)+1) )} | G88: {=IF( INDEX(hist_data!$AJ$6:$AZ$256, MATCH(G$13, hist_data!$AJ$6:$AJ$256, 0), MATCH($C88, hist_data!$A$6:$A$21, 0)+1)=0, "", INDEX(hist_data!$AJ$6:$AZ$256, MATCH(G$13, hist_data!$AJ$6:$AJ$256, 0), MATCH($C88, hist_data!$A$6:$A$21, 0)+1) )} | H88: {=IF( INDEX(hist_data!$AJ$6:$AZ$256, MATCH(H$13, hist_data!$AJ$6:$AJ$256, 0), MATCH($C88, hist_data!$A$6:$A$21, 0)+1)=0, "", INDEX(hist_data!$AJ$6:$AZ$256, MATCH(H$13, hist_data!$AJ$6:$AJ$256, 0), MATCH($C88, hist_data!$A$6:$A$21, 0)+1) )} | I88: {=IF( INDEX(hist_data!$AJ$6:$AZ$256, MATCH(I$13, hist_data!$AJ$6:$AJ$256, 0), MATCH($C88, hist_data!$A$6:$A$21, 0)+1)=0, "", INDEX(hist_data!$AJ$6:$AZ$256, MATCH(I$13, hist_data!$AJ$6:$AJ$256, 0), MATCH($C88, hist_data!$A$6:$A$21, 0)+1) )} | J88: {=IF( INDEX(hist_data!$AJ$6:$AZ$256, MATCH(J$13, hist_data!$AJ$6:$AJ$256, 0), MATCH($C88, hist_data!$A$6:$A$21, 0)+1)=0, "", INDEX(hist_data!$AJ$6:$AZ$256, MATCH(J$13, hist_data!$AJ$6:$AJ$256, 0), MATCH($C88, hist_data!$A$6:$A$21, 0)+1) )} | K88: {=IF( INDEX(hist_data!$AJ$6:$AZ$256, MATCH(K$13, hist_data!$AJ$6:$AJ$256, 0), MATCH($C88, hist_data!$A$6:$A$21, 0)+1)=0, "", INDEX(hist_data!$AJ$6:$AZ$256, MATCH(K$13, hist_data!$AJ$6:$AJ$256, 0), MATCH($C88, hist_data!$A$6:$A$21, 0)+1) )} | L88: {=IF( INDEX(hist_data!$AJ$6:$AZ$256, MATCH(L$13, hist_data!$AJ$6:$AJ$256, 0), MATCH($C88, hist_data!$A$6:$A$21, 0)+1)=0, "", INDEX(hist_data!$AJ$6:$AZ$256, MATCH(L$13, hist_data!$AJ$6:$AJ$256, 0), MATCH($C88, hist_data!$A$6:$A$21, 0)+1) )} | ... P88: {=IF( INDEX(hist_data!$AJ$6:$AZ$256, MATCH(P$13, hist_data!$AJ$6:$AJ$256, 0), MATCH($C88, hist_data!$A$6:$A$21, 0)+1)=0, "", INDEX(hist_data!$AJ$6:$AZ$256, MATCH(P$13, hist_data!$AJ$6:$AJ$256, 0), MATCH($C88, hist_data!$A$6:$A$21, 0)+1) )} | R88: =IF($E88="", "", AVERAGE( OFFSET( hist_data!$AJ$7, 0, MATCH($C88, hist_data!$A$6:$A$21, 0), R$13 ) )) | S88: =IF($E88="","",MAX(OFFSET(hist_data!$AJ$7,0,MATCH($C88,hist_data!$A$6:$A$21,0),S$13))) | T88: =IF($E88="","",MIN(OFFSET(hist_data!$AJ$7,0,MATCH($C88,hist_data!$A$6:$A$21,0),T$13))) | U88: =IF($E88="", "", AVERAGE( OFFSET( hist_data!$AJ$7, 0, MATCH($C88, hist_data!$A$6:$A$21, 0), U$13 ) )) | V88: =IF($E88="","",MAX(OFFSET(hist_data!$AJ$7,0,MATCH($C88,hist_data!$A$6:$A$21,0),V$13))) | W88: =IF($E88="","",MIN(OFFSET(hist_data!$AJ$7,0,MATCH($C88,hist_data!$A$6:$A$21,0),W$13))) | X88: =IF($E88="", "", AVERAGE( OFFSET( hist_data!$AJ$7, 0, MATCH($C88, hist_data!$A$6:$A$21, 0), X$13 ) )) | Y88: =IF($E88="","",MAX(OFFSET(hist_data!$AJ$7,0,MATCH($C88,hist_data!$A$6:$A$21,0),Y$13))) | Z88: =IF($E88="","",MIN(OFFSET(hist_data!$AJ$7,0,MATCH($C88,hist_data!$A$6:$A$21,0),Z$13))) | AA88: =IF($E88="", "", AVERAGE( OFFSET( hist_data!$AJ$7, 0, MATCH($C88, hist_data!$A$6:$A$21, 0), AA$13 ) )) | AB88: =IF($E88="","",MAX(OFFSET(hist_data!$AJ$7,0,MATCH($C88,hist_data!$A$6:$A$21,0),AB$13))) | AC88: =IF($E88="","",MIN(OFFSET(hist_data!$AJ$7,0,MATCH($C88,hist_data!$A$6:$A$21,0),AC$13)))
C89: SP(bp) | E89: =IFERROR( (E$57-E88)*100, "") | F89: =IFERROR( (F$57-F88)*100, "") | G89: =IFERROR( (G$57-G88)*100, "") | H89: =IFERROR( (H$57-H88)*100, "") | I89: =IFERROR( (I$57-I88)*100, "") | J89: =IFERROR( (J$57-J88)*100, "") | K89: =IFERROR( (K$57-K88)*100, "") | L89: =IFERROR( (L$57-L88)*100, "") | ... P89: =IFERROR( (P$57-P88)*100, "") | R89: =IFERROR( (R$16-R88)*100, "") | S89: =IFERROR( (S$16-S88)*100, "") | T89: =IFERROR( (T$16-T88)*100, "") | U89: =IFERROR( (U$16-U88)*100, "") | V89: =IFERROR( (V$16-V88)*100, "") | W89: =IFERROR( (W$16-W88)*100, "") | X89: =IFERROR( (X$16-X88)*100, "") | Y89: =IFERROR( (Y$16-Y88)*100, "") | ... AC89: =IFERROR( (AC$16-AC88)*100, "")

Sheet Matrix
D2: 시가평가 Spread 분석 (Matix)
K5: =IF(hist_data!$B$4="#N/A"," 없는 그룹입니다. 다른 채권이나 중개사를 선택하세요","")
K10: =IF( hist_data!$S$4="#N/A", " 없는 그룹입니다. 다른 채권이나 중개사를 선택하세요", "" )
E13: =IF( OFFSET( matrix_data!$B$7, 0, E$14)=0, "", OFFSET( matrix_data!$B$7, 0, E$14) ) -> 3.338 | F13: =IF( OFFSET( matrix_data!$B$7, 0, F$14)=0, "", OFFSET( matrix_data!$B$7, 0, F$14) ) -> 3.203 | G13: =IF( OFFSET( matrix_data!$B$7, 0, G$14)=0, "", OFFSET( matrix_data!$B$7, 0, G$14) ) -> 3.112 | H13: =IF( OFFSET( matrix_data!$B$7, 0, H$14)=0, "", OFFSET( matrix_data!$B$7, 0, H$14) ) -> 3.052 | I13: =IF( OFFSET( matrix_data!$B$7, 0, I$14)=0, "", OFFSET( matrix_data!$B$7, 0, I$14) ) -> 3.055 | J13: =IF( OFFSET( matrix_data!$B$7, 0, J$14)=0, "", OFFSET( matrix_data!$B$7, 0, J$14) ) -> 3.03 | K13: =IF( OFFSET( matrix_data!$B$7, 0, K$14)=0, "", OFFSET( matrix_data!$B$7, 0, K$14) ) -> 2.944 | L13: =IF( OFFSET( matrix_data!$B$7, 0, L$14)=0, "", OFFSET( matrix_data!$B$7, 0, L$14) ) -> 2.922 | ... T13: =IF( OFFSET( matrix_data!$B$7, 0, T$14)=0, "", OFFSET( matrix_data!$B$7, 0, T$14) ) -> 2.763
E14: 1 | F14: 2 | G14: 3 | H14: 4 | I14: 5 | J14: 6 | K14: 7 | L14: 8 | M14: 9 | N14: 10 | O14: 11 | P14: 12 | Q14: 13 | R14: 14 | S14: 15 | T14: 16
D15: 기준-비교 | E15: {=INDEX(hist_data!$A$6:$A$21, Matrix!$B16)} -> 03M | F15: {=INDEX(hist_data!$A$6:$A$21, Matrix!$B17)} -> 06M | G15: {=INDEX(hist_data!$A$6:$A$21, Matrix!$B18)} -> 09M | H15: {=INDEX(hist_data!$A$6:$A$21, Matrix!$B19)} -> 01Y | I15: {=INDEX(hist_data!$A$6:$A$21, Matrix!$B20)} -> 1.5Y | J15: {=INDEX(hist_data!$A$6:$A$21, Matrix!$B21)} -> 02Y | K15: {=INDEX(hist_data!$A$6:$A$21, Matrix!$B22)} -> 2.5Y | L15: {=INDEX(hist_data!$A$6:$A$21, Matrix!$B23)} -> 03Y | M15: {=INDEX(hist_data!$A$6:$A$21, Matrix!$B24)} -> 04Y | N15: {=INDEX(hist_data!$A$6:$A$21, Matrix!$B25)} -> 05Y | O15: {=INDEX(hist_data!$A$6:$A$21, Matrix!$B26)} -> 07Y | P15: {=INDEX(hist_data!$A$6:$A$21, Matrix!$B27)} -> 10Y | Q15: {=INDEX(hist_data!$A$6:$A$21, Matrix!$B28)} -> 15Y | R15: {=INDEX(hist_data!$A$6:$A$21, Matrix!$B29)} -> 20Y | S15: {=INDEX(hist_data!$A$6:$A$21, Matrix!$B30)} -> 30Y | T15: {=INDEX(hist_data!$A$6:$A$21, Matrix!$B31)} -> 50Y
A16: =IF( OFFSET(matrix_data!$S$7, 0, $B16)=0, "", OFFSET(matrix_data!$S$7, 0, $B16) ) -> 3.346 | B16: 1 | D16: {=INDEX(hist_data!$A$6:$A$21, Matrix!$B16)} -> 03M | E16: =IFERROR( (E$13-$A16)*100, "") -> -0.8 | F16: =IFERROR( (F$13-$A16)*100, "") -> -14.3 | G16: =IFERROR( (G$13-$A16)*100, "") -> -23.4 | H16: =IFERROR( (H$13-$A16)*100, "") -> -29.4 | I16: =IFERROR( (I$13-$A16)*100, "") -> -29.1 | J16: =IFERROR( (J$13-$A16)*100, "") -> -31.6 | K16: =IFERROR( (K$13-$A16)*100, "") -> -40.2 | L16: =IFERROR( (L$13-$A16)*100, "") -> -42.4 | ... T16: =IFERROR( (T$13-$A16)*100, "") -> -58.3
A17: =IF( OFFSET(matrix_data!$S$7, 0, $B17)=0, "", OFFSET(matrix_data!$S$7, 0, $B17) ) -> 3.254 | B17: 2 | D17: {=INDEX(hist_data!$A$6:$A$21, Matrix!$B17)} -> 06M | F17: =IFERROR( (F$13-$A17)*100, "") -> -5.1 | G17: =IFERROR( (G$13-$A17)*100, "") -> -14.2 | H17: =IFERROR( (H$13-$A17)*100, "") -> -20.2 | I17: =IFERROR( (I$13-$A17)*100, "") -> -19.9 | J17: =IFERROR( (J$13-$A17)*100, "") -> -22.4 | K17: =IFERROR( (K$13-$A17)*100, "") -> -31 | L17: =IFERROR( (L$13-$A17)*100, "") -> -33.2 | M17: =IFERROR( (M$13-$A17)*100, "") -> -31.1 | ... T17: =IFERROR( (T$13-$A17)*100, "") -> -49.1
A18: =IF( OFFSET(matrix_data!$S$7, 0, $B18)=0, "", OFFSET(matrix_data!$S$7, 0, $B18) ) -> 3.172 | B18: 3 | D18: {=INDEX(hist_data!$A$6:$A$21, Matrix!$B18)} -> 09M | G18: =IFERROR( (G$13-$A18)*100, "") -> -6 | H18: =IFERROR( (H$13-$A18)*100, "") -> -12 | I18: =IFERROR( (I$13-$A18)*100, "") -> -11.7 | J18: =IFERROR( (J$13-$A18)*100, "") -> -14.2 | K18: =IFERROR( (K$13-$A18)*100, "") -> -22.8 | L18: =IFERROR( (L$13-$A18)*100, "") -> -25 | M18: =IFERROR( (M$13-$A18)*100, "") -> -22.9 | N18: =IFERROR( (N$13-$A18)*100, "") -> -24.2 | ... T18: =IFERROR( (T$13-$A18)*100, "") -> -40.9
A19: =IF( OFFSET(matrix_data!$S$7, 0, $B19)=0, "", OFFSET(matrix_data!$S$7, 0, $B19) ) -> 3.089 | B19: 4 | D19: {=INDEX(hist_data!$A$6:$A$21, Matrix!$B19)} -> 01Y | H19: =IFERROR( (H$13-$A19)*100, "") -> -3.7 | I19: =IFERROR( (I$13-$A19)*100, "") -> -3.4 | J19: =IFERROR( (J$13-$A19)*100, "") -> -5.9 | K19: =IFERROR( (K$13-$A19)*100, "") -> -14.5 | L19: =IFERROR( (L$13-$A19)*100, "") -> -16.7 | M19: =IFERROR( (M$13-$A19)*100, "") -> -14.6 | N19: =IFERROR( (N$13-$A19)*100, "") -> -15.9 | O19: =IFERROR( (O$13-$A19)*100, "") -> -10.8 | ... T19: =IFERROR( (T$13-$A19)*100, "") -> -32.6
A20: =IF( OFFSET(matrix_data!$S$7, 0, $B20)=0, "", OFFSET(matrix_data!$S$7, 0, $B20) ) -> 3.077 | B20: 5 | D20: {=INDEX(hist_data!$A$6:$A$21, Matrix!$B20)} -> 1.5Y | I20: =IFERROR( (I$13-$A20)*100, "") -> -2.2 | J20: =IFERROR( (J$13-$A20)*100, "") -> -4.7 | K20: =IFERROR( (K$13-$A20)*100, "") -> -13.3 | L20: =IFERROR( (L$13-$A20)*100, "") -> -15.5 | M20: =IFERROR( (M$13-$A20)*100, "") -> -13.4 | N20: =IFERROR( (N$13-$A20)*100, "") -> -14.7 | O20: =IFERROR( (O$13-$A20)*100, "") -> -9.6 | P20: =IFERROR( (P$13-$A20)*100, "") -> -10.2 | ... T20: =IFERROR( (T$13-$A20)*100, "") -> -31.4
A21: =IF( OFFSET(matrix_data!$S$7, 0, $B21)=0, "", OFFSET(matrix_data!$S$7, 0, $B21) ) -> 3.054 | B21: 6 | D21: {=INDEX(hist_data!$A$6:$A$21, Matrix!$B21)} -> 02Y | J21: =IFERROR( (J$13-$A21)*100, "") -> -2.4 | K21: =IFERROR( (K$13-$A21)*100, "") -> -11 | L21: =IFERROR( (L$13-$A21)*100, "") -> -13.2 | M21: =IFERROR( (M$13-$A21)*100, "") -> -11.1 | N21: =IFERROR( (N$13-$A21)*100, "") -> -12.4 | O21: =IFERROR( (O$13-$A21)*100, "") -> -7.3 | P21: =IFERROR( (P$13-$A21)*100, "") -> -7.9 | Q21: =IFERROR( (Q$13-$A21)*100, "") -> -7.2 | ... T21: =IFERROR( (T$13-$A21)*100, "") -> -29.1
A22: =IF( OFFSET(matrix_data!$S$7, 0, $B22)=0, "", OFFSET(matrix_data!$S$7, 0, $B22) ) -> 3.012 | B22: 7 | D22: {=INDEX(hist_data!$A$6:$A$21, Matrix!$B22)} -> 2.5Y | K22: =IFERROR( (K$13-$A22)*100, "") -> -6.8 | L22: =IFERROR( (L$13-$A22)*100, "") -> -9 | M22: =IFERROR( (M$13-$A22)*100, "") -> -6.9 | N22: =IFERROR( (N$13-$A22)*100, "") -> -8.2 | O22: =IFERROR( (O$13-$A22)*100, "") -> -3.1 | P22: =IFERROR( (P$13-$A22)*100, "") -> -3.7 | Q22: =IFERROR( (Q$13-$A22)*100, "") -> -3 | R22: =IFERROR( (R$13-$A22)*100, "") -> -6 | ... T22: =IFERROR( (T$13-$A22)*100, "") -> -24.9
A23: =IF( OFFSET(matrix_data!$S$7, 0, $B23)=0, "", OFFSET(matrix_data!$S$7, 0, $B23) ) -> 3.01 | B23: 8 | D23: {=INDEX(hist_data!$A$6:$A$21, Matrix!$B23)} -> 03Y | L23: =IFERROR( (L$13-$A23)*100, "") -> -8.8 | M23: =IFERROR( (M$13-$A23)*100, "") -> -6.7 | N23: =IFERROR( (N$13-$A23)*100, "") -> -8 | O23: =IFERROR( (O$13-$A23)*100, "") -> -2.9 | P23: =IFERROR( (P$13-$A23)*100, "") -> -3.5 | Q23: =IFERROR( (Q$13-$A23)*100, "") -> -2.8 | R23: =IFERROR( (R$13-$A23)*100, "") -> -5.8 | S23: =IFERROR( (S$13-$A23)*100, "") -> -15.8 | T23: =IFERROR( (T$13-$A23)*100, "") -> -24.7
A24: =IF( OFFSET(matrix_data!$S$7, 0, $B24)=0, "", OFFSET(matrix_data!$S$7, 0, $B24) ) -> 3.011 | B24: 9 | D24: {=INDEX(hist_data!$A$6:$A$21, Matrix!$B24)} -> 04Y | M24: =IFERROR( (M$13-$A24)*100, "") -> -6.8 | N24: =IFERROR( (N$13-$A24)*100, "") -> -8.1 | O24: =IFERROR( (O$13-$A24)*100, "") -> -3 | P24: =IFERROR( (P$13-$A24)*100, "") -> -3.6 | Q24: =IFERROR( (Q$13-$A24)*100, "") -> -2.9 | R24: =IFERROR( (R$13-$A24)*100, "") -> -5.9 | S24: =IFERROR( (S$13-$A24)*100, "") -> -15.9 | T24: =IFERROR( (T$13-$A24)*100, "") -> -24.8
A25: =IF( OFFSET(matrix_data!$S$7, 0, $B25)=0, "", OFFSET(matrix_data!$S$7, 0, $B25) ) -> 3.052 | B25: 10 | D25: {=INDEX(hist_data!$A$6:$A$21, Matrix!$B25)} -> 05Y | N25: =IFERROR( (N$13-$A25)*100, "") -> -12.2 | O25: =IFERROR( (O$13-$A25)*100, "") -> -7.1 | P25: =IFERROR( (P$13-$A25)*100, "") -> -7.7 | Q25: =IFERROR( (Q$13-$A25)*100, "") -> -7 | R25: =IFERROR( (R$13-$A25)*100, "") -> -10 | S25: =IFERROR( (S$13-$A25)*100, "") -> -20 | T25: =IFERROR( (T$13-$A25)*100, "") -> -28.9
A26: =IF( OFFSET(matrix_data!$S$7, 0, $B26)=0, "", OFFSET(matrix_data!$S$7, 0, $B26) ) | B26: 11 | D26: {=INDEX(hist_data!$A$6:$A$21, Matrix!$B26)} -> 07Y | O26: =IFERROR( (O$13-$A26)*100, "") | P26: =IFERROR( (P$13-$A26)*100, "") | Q26: =IFERROR( (Q$13-$A26)*100, "") | R26: =IFERROR( (R$13-$A26)*100, "") | S26: =IFERROR( (S$13-$A26)*100, "") | T26: =IFERROR( (T$13-$A26)*100, "")
A27: =IF( OFFSET(matrix_data!$S$7, 0, $B27)=0, "", OFFSET(matrix_data!$S$7, 0, $B27) ) | B27: 12 | D27: {=INDEX(hist_data!$A$6:$A$21, Matrix!$B27)} -> 10Y | P27: =IFERROR( (P$13-$A27)*100, "") | Q27: =IFERROR( (Q$13-$A27)*100, "") | R27: =IFERROR( (R$13-$A27)*100, "") | S27: =IFERROR( (S$13-$A27)*100, "") | T27: =IFERROR( (T$13-$A27)*100, "")
A28: =IF( OFFSET(matrix_data!$S$7, 0, $B28)=0, "", OFFSET(matrix_data!$S$7, 0, $B28) ) | B28: 13 | D28: {=INDEX(hist_data!$A$6:$A$21, Matrix!$B28)} -> 15Y | Q28: =IFERROR( (Q$13-$A28)*100, "") | R28: =IFERROR( (R$13-$A28)*100, "") | S28: =IFERROR( (S$13-$A28)*100, "") | T28: =IFERROR( (T$13-$A28)*100, "")
A29: =IF( OFFSET(matrix_data!$S$7, 0, $B29)=0, "", OFFSET(matrix_data!$S$7, 0, $B29) ) | B29: 14 | D29: {=INDEX(hist_data!$A$6:$A$21, Matrix!$B29)} -> 20Y | R29: =IFERROR( (R$13-$A29)*100, "") | S29: =IFERROR( (S$13-$A29)*100, "") | T29: =IFERROR( (T$13-$A29)*100, "")
A30: =IF( OFFSET(matrix_data!$S$7, 0, $B30)=0, "", OFFSET(matrix_data!$S$7, 0, $B30) ) | B30: 15 | D30: {=INDEX(hist_data!$A$6:$A$21, Matrix!$B30)} -> 30Y | S30: =IFERROR( (S$13-$A30)*100, "") | T30: =IFERROR( (T$13-$A30)*100, "")
A31: =IF( OFFSET(matrix_data!$S$7, 0, $B31)=0, "", OFFSET(matrix_data!$S$7, 0, $B31) ) | B31: 16 | D31: {=INDEX(hist_data!$A$6:$A$21, Matrix!$B31)} -> 50Y | T31: =IFERROR( (T$13-$A31)*100, "")
K35: =IF( hist_data!$AJ$4="#N/A", " 없는 그룹입니다. 다른 채권이나 중개사를 선택하세요", "" )
E38: =IF( OFFSET( matrix_data!$B$7, 0, E$14)=0, "", OFFSET( matrix_data!$B$7, 0, E$14) ) -> 3.338 | F38: =IF( OFFSET( matrix_data!$B$7, 0, F$14)=0, "", OFFSET( matrix_data!$B$7, 0, F$14) ) -> 3.203 | G38: =IF( OFFSET( matrix_data!$B$7, 0, G$14)=0, "", OFFSET( matrix_data!$B$7, 0, G$14) ) -> 3.112 | H38: =IF( OFFSET( matrix_data!$B$7, 0, H$14)=0, "", OFFSET( matrix_data!$B$7, 0, H$14) ) -> 3.052 | I38: =IF( OFFSET( matrix_data!$B$7, 0, I$14)=0, "", OFFSET( matrix_data!$B$7, 0, I$14) ) -> 3.055 | J38: =IF( OFFSET( matrix_data!$B$7, 0, J$14)=0, "", OFFSET( matrix_data!$B$7, 0, J$14) ) -> 3.03 | K38: =IF( OFFSET( matrix_data!$B$7, 0, K$14)=0, "", OFFSET( matrix_data!$B$7, 0, K$14) ) -> 2.944 | L38: =IF( OFFSET( matrix_data!$B$7, 0, L$14)=0, "", OFFSET( matrix_data!$B$7, 0, L$14) ) -> 2.922 | ... T38: =IF( OFFSET( matrix_data!$B$7, 0, T$14)=0, "", OFFSET( matrix_data!$B$7, 0, T$14) ) -> 2.763
E39: 1 | F39: 2 | G39: 3 | H39: 4 | I39: 5 | J39: 6 | K39: 7 | L39: 8 | M39: 9 | N39: 10 | O39: 11 | P39: 12 | Q39: 13 | R39: 14 | S39: 15 | T39: 16
D40: 기준-비교 | E40: {=INDEX(hist_data!$A$6:$A$21, Matrix!$B41)} -> 03M | F40: {=INDEX(hist_data!$A$6:$A$21, Matrix!$B42)} -> 06M | G40: {=INDEX(hist_data!$A$6:$A$21, Matrix!$B43)} -> 09M | H40: {=INDEX(hist_data!$A$6:$A$21, Matrix!$B44)} -> 01Y | I40: {=INDEX(hist_data!$A$6:$A$21, Matrix!$B45)} -> 1.5Y | J40: {=INDEX(hist_data!$A$6:$A$21, Matrix!$B46)} -> 02Y | K40: {=INDEX(hist_data!$A$6:$A$21, Matrix!$B47)} -> 2.5Y | L40: {=INDEX(hist_data!$A$6:$A$21, Matrix!$B48)} -> 03Y | M40: {=INDEX(hist_data!$A$6:$A$21, Matrix!$B49)} -> 04Y | N40: {=INDEX(hist_data!$A$6:$A$21, Matrix!$B50)} -> 05Y | O40: {=INDEX(hist_data!$A$6:$A$21, Matrix!$B51)} -> 07Y | P40: {=INDEX(hist_data!$A$6:$A$21, Matrix!$B52)} -> 10Y | Q40: {=INDEX(hist_data!$A$6:$A$21, Matrix!$B53)} -> 15Y | R40: {=INDEX(hist_data!$A$6:$A$21, Matrix!$B54)} -> 20Y | S40: {=INDEX(hist_data!$A$6:$A$21, Matrix!$B55)} -> 30Y | T40: {=INDEX(hist_data!$A$6:$A$21, Matrix!$B56)} -> 50Y
A41: =IF( OFFSET(matrix_data!$AJ$7, 0, $B41)=0, "", OFFSET(matrix_data!$AJ$7, 0, $B41) ) -> 3.271 | B41: 1 | D41: {=INDEX(hist_data!$A$6:$A$21, Matrix!$B41)} -> 03M | E41: =IFERROR( (E$13-$A41)*100, "") -> 6.7 | F41: =IFERROR( (F$13-$A41)*100, "") -> -6.8 | G41: =IFERROR( (G$13-$A41)*100, "") -> -15.9 | H41: =IFERROR( (H$13-$A41)*100, "") -> -21.9 | I41: =IFERROR( (I$13-$A41)*100, "") -> -21.6 | J41: =IFERROR( (J$13-$A41)*100, "") -> -24.1 | K41: =IFERROR( (K$13-$A41)*100, "") -> -32.7 | L41: =IFERROR( (L$13-$A41)*100, "") -> -34.9 | ... T41: =IFERROR( (T$13-$A41)*100, "") -> -50.8
A42: =IF( OFFSET(matrix_data!$AJ$7, 0, $B42)=0, "", OFFSET(matrix_data!$AJ$7, 0, $B42) ) -> 3.169 | B42: 2 | D42: {=INDEX(hist_data!$A$6:$A$21, Matrix!$B42)} -> 06M | F42: =IFERROR( (F$13-$A42)*100, "") -> 3.4 | G42: =IFERROR( (G$13-$A42)*100, "") -> -5.7 | H42: =IFERROR( (H$13-$A42)*100, "") -> -11.7 | I42: =IFERROR( (I$13-$A42)*100, "") -> -11.4 | J42: =IFERROR( (J$13-$A42)*100, "") -> -13.9 | K42: =IFERROR( (K$13-$A42)*100, "") -> -22.5 | L42: =IFERROR( (L$13-$A42)*100, "") -> -24.7 | M42: =IFERROR( (M$13-$A42)*100, "") -> -22.6 | ... T42: =IFERROR( (T$13-$A42)*100, "") -> -40.6
A43: =IF( OFFSET(matrix_data!$AJ$7, 0, $B43)=0, "", OFFSET(matrix_data!$AJ$7, 0, $B43) ) -> 3.097 | B43: 3 | D43: {=INDEX(hist_data!$A$6:$A$21, Matrix!$B43)} -> 09M | G43: =IFERROR( (G$13-$A43)*100, "") -> 1.5 | H43: =IFERROR( (H$13-$A43)*100, "") -> -4.5 | I43: =IFERROR( (I$13-$A43)*100, "") -> -4.2 | J43: =IFERROR( (J$13-$A43)*100, "") -> -6.7 | K43: =IFERROR( (K$13-$A43)*100, "") -> -15.3 | L43: =IFERROR( (L$13-$A43)*100, "") -> -17.5 | M43: =IFERROR( (M$13-$A43)*100, "") -> -15.4 | N43: =IFERROR( (N$13-$A43)*100, "") -> -16.7 | ... T43: =IFERROR( (T$13-$A43)*100, "") -> -33.4
A44: =IF( OFFSET(matrix_data!$AJ$7, 0, $B44)=0, "", OFFSET(matrix_data!$AJ$7, 0, $B44) ) -> 3.025 | B44: 4 | D44: {=INDEX(hist_data!$A$6:$A$21, Matrix!$B44)} -> 01Y | H44: =IFERROR( (H$13-$A44)*100, "") -> 2.7 | I44: =IFERROR( (I$13-$A44)*100, "") -> 3 | J44: =IFERROR( (J$13-$A44)*100, "") -> 0.5 | K44: =IFERROR( (K$13-$A44)*100, "") -> -8.1 | L44: =IFERROR( (L$13-$A44)*100, "") -> -10.3 | M44: =IFERROR( (M$13-$A44)*100, "") -> -8.2 | N44: =IFERROR( (N$13-$A44)*100, "") -> -9.5 | O44: =IFERROR( (O$13-$A44)*100, "") -> -4.4 | ... T44: =IFERROR( (T$13-$A44)*100, "") -> -26.2
A45: =IF( OFFSET(matrix_data!$AJ$7, 0, $B45)=0, "", OFFSET(matrix_data!$AJ$7, 0, $B45) ) -> 3.043 | B45: 5 | D45: {=INDEX(hist_data!$A$6:$A$21, Matrix!$B45)} -> 1.5Y | I45: =IFERROR( (I$13-$A45)*100, "") -> 1.2 | J45: =IFERROR( (J$13-$A45)*100, "") -> -1.3 | K45: =IFERROR( (K$13-$A45)*100, "") -> -9.9 | L45: =IFERROR( (L$13-$A45)*100, "") -> -12.1 | M45: =IFERROR( (M$13-$A45)*100, "") -> -10 | N45: =IFERROR( (N$13-$A45)*100, "") -> -11.3 | O45: =IFERROR( (O$13-$A45)*100, "") -> -6.2 | P45: =IFERROR( (P$13-$A45)*100, "") -> -6.8 | ... T45: =IFERROR( (T$13-$A45)*100, "") -> -28
A46: =IF( OFFSET(matrix_data!$AJ$7, 0, $B46)=0, "", OFFSET(matrix_data!$AJ$7, 0, $B46) ) -> 2.987 | B46: 6 | D46: {=INDEX(hist_data!$A$6:$A$21, Matrix!$B46)} -> 02Y | J46: =IFERROR( (J$13-$A46)*100, "") -> 4.3 | K46: =IFERROR( (K$13-$A46)*100, "") -> -4.3 | L46: =IFERROR( (L$13-$A46)*100, "") -> -6.5 | M46: =IFERROR( (M$13-$A46)*100, "") -> -4.4 | N46: =IFERROR( (N$13-$A46)*100, "") -> -5.7 | O46: =IFERROR( (O$13-$A46)*100, "") -> -0.6 | P46: =IFERROR( (P$13-$A46)*100, "") -> -1.2 | Q46: =IFERROR( (Q$13-$A46)*100, "") -> -0.5 | ... T46: =IFERROR( (T$13-$A46)*100, "") -> -22.4
A47: =IF( OFFSET(matrix_data!$AJ$7, 0, $B47)=0, "", OFFSET(matrix_data!$AJ$7, 0, $B47) ) -> 2.993 | B47: 7 | D47: {=INDEX(hist_data!$A$6:$A$21, Matrix!$B47)} -> 2.5Y | K47: =IFERROR( (K$13-$A47)*100, "") -> -4.9 | L47: =IFERROR( (L$13-$A47)*100, "") -> -7.1 | M47: =IFERROR( (M$13-$A47)*100, "") -> -5 | N47: =IFERROR( (N$13-$A47)*100, "") -> -6.3 | O47: =IFERROR( (O$13-$A47)*100, "") -> -1.2 | P47: =IFERROR( (P$13-$A47)*100, "") -> -1.8 | Q47: =IFERROR( (Q$13-$A47)*100, "") -> -1.1 | R47: =IFERROR( (R$13-$A47)*100, "") -> -4.1 | ... T47: =IFERROR( (T$13-$A47)*100, "") -> -23
A48: =IF( OFFSET(matrix_data!$AJ$7, 0, $B48)=0, "", OFFSET(matrix_data!$AJ$7, 0, $B48) ) -> 2.994 | B48: 8 | D48: {=INDEX(hist_data!$A$6:$A$21, Matrix!$B48)} -> 03Y | L48: =IFERROR( (L$13-$A48)*100, "") -> -7.2 | M48: =IFERROR( (M$13-$A48)*100, "") -> -5.1 | N48: =IFERROR( (N$13-$A48)*100, "") -> -6.4 | O48: =IFERROR( (O$13-$A48)*100, "") -> -1.3 | P48: =IFERROR( (P$13-$A48)*100, "") -> -1.9 | Q48: =IFERROR( (Q$13-$A48)*100, "") -> -1.2 | R48: =IFERROR( (R$13-$A48)*100, "") -> -4.2 | S48: =IFERROR( (S$13-$A48)*100, "") -> -14.2 | T48: =IFERROR( (T$13-$A48)*100, "") -> -23.1
A49: =IF( OFFSET(matrix_data!$AJ$7, 0, $B49)=0, "", OFFSET(matrix_data!$AJ$7, 0, $B49) ) | B49: 9 | D49: {=INDEX(hist_data!$A$6:$A$21, Matrix!$B49)} -> 04Y | M49: =IFERROR( (M$13-$A49)*100, "") | N49: =IFERROR( (N$13-$A49)*100, "") | O49: =IFERROR( (O$13-$A49)*100, "") | P49: =IFERROR( (P$13-$A49)*100, "") | Q49: =IFERROR( (Q$13-$A49)*100, "") | R49: =IFERROR( (R$13-$A49)*100, "") | S49: =IFERROR( (S$13-$A49)*100, "") | T49: =IFERROR( (T$13-$A49)*100, "")
A50: =IF( OFFSET(matrix_data!$AJ$7, 0, $B50)=0, "", OFFSET(matrix_data!$AJ$7, 0, $B50) ) | B50: 10 | D50: {=INDEX(hist_data!$A$6:$A$21, Matrix!$B50)} -> 05Y | N50: =IFERROR( (N$13-$A50)*100, "") | O50: =IFERROR( (O$13-$A50)*100, "") | P50: =IFERROR( (P$13-$A50)*100, "") | Q50: =IFERROR( (Q$13-$A50)*100, "") | R50: =IFERROR( (R$13-$A50)*100, "") | S50: =IFERROR( (S$13-$A50)*100, "") | T50: =IFERROR( (T$13-$A50)*100, "")
A51: =IF( OFFSET(matrix_data!$AJ$7, 0, $B51)=0, "", OFFSET(matrix_data!$AJ$7, 0, $B51) ) | B51: 11 | D51: {=INDEX(hist_data!$A$6:$A$21, Matrix!$B51)} -> 07Y | O51: =IFERROR( (O$13-$A51)*100, "") | P51: =IFERROR( (P$13-$A51)*100, "") | Q51: =IFERROR( (Q$13-$A51)*100, "") | R51: =IFERROR( (R$13-$A51)*100, "") | S51: =IFERROR( (S$13-$A51)*100, "") | T51: =IFERROR( (T$13-$A51)*100, "")
A52: =IF( OFFSET(matrix_data!$AJ$7, 0, $B52)=0, "", OFFSET(matrix_data!$AJ$7, 0, $B52) ) | B52: 12 | D52: {=INDEX(hist_data!$A$6:$A$21, Matrix!$B52)} -> 10Y | P52: =IFERROR( (P$13-$A52)*100, "") | Q52: =IFERROR( (Q$13-$A52)*100, "") | R52: =IFERROR( (R$13-$A52)*100, "") | S52: =IFERROR( (S$13-$A52)*100, "") | T52: =IFERROR( (T$13-$A52)*100, "")
A53: =IF( OFFSET(matrix_data!$AJ$7, 0, $B53)=0, "", OFFSET(matrix_data!$AJ$7, 0, $B53) ) | B53: 13 | D53: {=INDEX(hist_data!$A$6:$A$21, Matrix!$B53)} -> 15Y | Q53: =IFERROR( (Q$13-$A53)*100, "") | R53: =IFERROR( (R$13-$A53)*100, "") | S53: =IFERROR( (S$13-$A53)*100, "") | T53: =IFERROR( (T$13-$A53)*100, "")
A54: =IF( OFFSET(matrix_data!$AJ$7, 0, $B54)=0, "", OFFSET(matrix_data!$AJ$7, 0, $B54) ) | B54: 14 | D54: {=INDEX(hist_data!$A$6:$A$21, Matrix!$B54)} -> 20Y | R54: =IFERROR( (R$13-$A54)*100, "") | S54: =IFERROR( (S$13-$A54)*100, "") | T54: =IFERROR( (T$13-$A54)*100, "")
A55: =IF( OFFSET(matrix_data!$AJ$7, 0, $B55)=0, "", OFFSET(matrix_data!$AJ$7, 0, $B55) ) | B55: 15 | D55: {=INDEX(hist_data!$A$6:$A$21, Matrix!$B55)} -> 30Y | S55: =IFERROR( (S$13-$A55)*100, "") | T55: =IFERROR( (T$13-$A55)*100, "")
A56: =IF( OFFSET(matrix_data!$AJ$7, 0, $B56)=0, "", OFFSET(matrix_data!$AJ$7, 0, $B56) ) | B56: 16 | D56: {=INDEX(hist_data!$A$6:$A$21, Matrix!$B56)} -> 50Y | T56: =IFERROR( (T$13-$A56)*100, "")

Sheet 지표물
C2: 지표물 Spread 분석
E9: 1 | F9: 2 | G9: 3 | H9: 4 | I9: 5 | J9: 6 | K9: 7 | L9: 8 | M9: 9 | N9: 10 | O9: 11 | P9: 12
E10: {=INDEX( 지표물_data!$B$7:$S$256, E$9, 지표물_data!$B$3*2-1)} -> 45523 | F10: {=INDEX( 지표물_data!$B$7:$S$256, F$9, 지표물_data!$B$3*2-1)} -> 45520 | G10: {=INDEX( 지표물_data!$B$7:$S$256, G$9, 지표물_data!$B$3*2-1)} -> 45518 | H10: {=INDEX( 지표물_data!$B$7:$S$256, H$9, 지표물_data!$B$3*2-1)} -> 45517 | I10: {=INDEX( 지표물_data!$B$7:$S$256, I$9, 지표물_data!$B$3*2-1)} -> 45516 | J10: {=INDEX( 지표물_data!$B$7:$S$256, J$9, 지표물_data!$B$3*2-1)} -> 45513 | K10: {=INDEX( 지표물_data!$B$7:$S$256, K$9, 지표물_data!$B$3*2-1)} -> 45512 | L10: {=INDEX( 지표물_data!$B$7:$S$256, L$9, 지표물_data!$B$3*2-1)} -> 45511 | ... P10: {=INDEX( 지표물_data!$B$7:$S$256, P$9, 지표물_data!$B$3*2-1)} -> 45505 | R10: =지표물_data!$V$2 -> 27 | S10: =지표물_data!$V$2 -> 27 | T10: =지표물_data!$V$2 -> 27 | U10: =지표물_data!$W$2 -> 83 | V10: =지표물_data!$W$2 -> 83 | W10: =지표물_data!$W$2 -> 83 | X10: =지표물_data!$X$2 -> 167 | Y10: =지표물_data!$X$2 -> 167 | Z10: =지표물_data!$X$2 -> 167 | AA10: =지표물_data!$Y$2 -> 349 | AB10: =지표물_data!$Y$2 -> 349 | AC10: =지표물_data!$Y$2 -> 349
C11: 기준 - 비교 | E11: =TEXT(E$10, "YYYY") -> 2024 | F11: =TEXT(F$10, "YYYY") -> 2024 | G11: =TEXT(G$10, "YYYY") -> 2024 | H11: =TEXT(H$10, "YYYY") -> 2024 | I11: =TEXT(I$10, "YYYY") -> 2024 | J11: =TEXT(J$10, "YYYY") -> 2024 | K11: =TEXT(K$10, "YYYY") -> 2024 | L11: =TEXT(L$10, "YYYY") -> 2024 | ... P11: =TEXT(P$10, "YYYY") -> 2024 | R11: 20D | U11: 60D | X11: 120D | AA11: 250D
E12: =TEXT(E$10, "MM-DD") -> 08-19 | F12: =TEXT(F$10, "MM-DD") -> 08-16 | G12: =TEXT(G$10, "MM-DD") -> 08-14 | H12: =TEXT(H$10, "MM-DD") -> 08-13 | I12: =TEXT(I$10, "MM-DD") -> 08-12 | J12: =TEXT(J$10, "MM-DD") -> 08-09 | K12: =TEXT(K$10, "MM-DD") -> 08-08 | L12: =TEXT(L$10, "MM-DD") -> 08-07 | ... P12: =TEXT(P$10, "MM-DD") -> 08-01 | R12: Avg. | S12: Max. | T12: Min. | U12: Avg. | V12: Max. | W12: Min. | X12: Avg. | Y12: Max. | Z12: Min. | AA12: Avg. | AB12: Max. | AC12: Min.
C13: 비교 | D13: 기준 | E13: {=IF( INDEX( 지표물_data!$B$6:$R$256, MATCH(E$10, 지표물_data!$B$6:$B$256, 0), 지표물_data!$D$3+1)=0, "", INDEX( 지표물_data!$B$6:$R$256, MATCH(E$10, 지표물_data!$B$6:$B$256, 0), 지표물_data!$D$3+1))} -> 3.042 | F13: {=IF( INDEX( 지표물_data!$B$6:$R$256, MATCH(F$10, 지표물_data!$B$6:$B$256, 0), 지표물_data!$D$3+1)=0, "", INDEX( 지표물_data!$B$6:$R$256, MATCH(F$10, 지표물_data!$B$6:$B$256, 0), 지표물_data!$D$3+1))} -> 3.04 | G13: {=IF( INDEX( 지표물_data!$B$6:$R$256, MATCH(G$10, 지표물_data!$B$6:$B$256, 0), 지표물_data!$D$3+1)=0, "", INDEX( 지표물_data!$B$6:$R$256, MATCH(G$10, 지표물_data!$B$6:$B$256, 0), 지표물_data!$D$3+1))} -> 2.993 | H13: {=IF( INDEX( 지표물_data!$B$6:$R$256, MATCH(H$10, 지표물_data!$B$6:$B$256, 0), 지표물_data!$D$3+1)=0, "", INDEX( 지표물_data!$B$6:$R$256, MATCH(H$10, 지표물_data!$B$6:$B$256, 0), 지표물_data!$D$3+1))} -> 3.022 | I13: {=IF( INDEX( 지표물_data!$B$6:$R$256, MATCH(I$10, 지표물_data!$B$6:$B$256, 0), 지표물_data!$D$3+1)=0, "", INDEX( 지표물_data!$B$6:$R$256, MATCH(I$10, 지표물_data!$B$6:$B$256, 0), 지표물_data!$D$3+1))} -> 3.037 | J13: {=IF( INDEX( 지표물_data!$B$6:$R$256, MATCH(J$10, 지표물_data!$B$6:$B$256, 0), 지표물_data!$D$3+1)=0, "", INDEX( 지표물_data!$B$6:$R$256, MATCH(J$10, 지표물_data!$B$6:$B$256, 0), 지표물_data!$D$3+1))} -> 3.034 | K13: {=IF( INDEX( 지표물_data!$B$6:$R$256, MATCH(K$10, 지표물_data!$B$6:$B$256, 0), 지표물_data!$D$3+1)=0, "", INDEX( 지표물_data!$B$6:$R$256, MATCH(K$10, 지표물_data!$B$6:$B$256, 0), 지표물_data!$D$3+1))} -> 3.015 | L13: {=IF( INDEX( 지표물_data!$B$6:$R$256, MATCH(L$10, 지표물_data!$B$6:$B$256, 0), 지표물_data!$D$3+1)=0, "", INDEX( 지표물_data!$B$6:$R$256, MATCH(L$10, 지표물_data!$B$6:$B$256, 0), 지표물_data!$D$3+1))} -> 3.033 | ... P13: {=IF( INDEX( 지표물_data!$B$6:$R$256, MATCH(P$10, 지표물_data!$B$6:$B$256, 0), 지표물_data!$D$3+1)=0, "", INDEX( 지표물_data!$B$6:$R$256, MATCH(P$10, 지표물_data!$B$6:$B$256, 0), 지표물_data!$D$3+1))} -> 3.07 | R13: =IFERROR( AVERAGE( OFFSET(지표물_data!$U$6, 지표물_data!$U$3, 지표물_data!$B$3, R$10+2) ), "") -> 3.0549474 | S13: =IFERROR( MAX( OFFSET(지표물_data!$U$6, 지표물_data!$U$3, 지표물_data!$B$3, R$10+2) ), "") -> 3.153 | T13: =IFERROR( MIN( OFFSET(지표물_data!$U$6, 지표물_data!$U$3, 지표물_data!$B$3, R$10+2) ), "") -> 2.947 | U13: =IFERROR( AVERAGE( OFFSET(지표물_data!$U$6, 지표물_data!$U$3, 지표물_data!$B$3, U$10+2) ), "") -> 3.1982945 | V13: =IFERROR( MAX( OFFSET(지표물_data!$U$6, 지표물_data!$U$3, 지표물_data!$B$3, U$10+2) ), "") -> 3.46878 | W13: =IFERROR( MIN( OFFSET(지표물_data!$U$6, 지표물_data!$U$3, 지표물_data!$B$3, U$10+2) ), "") -> 2.947 | X13: =IFERROR( AVERAGE( OFFSET(지표물_data!$U$6, 지표물_data!$U$3, 지표물_data!$B$3, X$10+2) ), "") -> 3.3103098 | Y13: =IFERROR( MAX( OFFSET(지표물_data!$U$6, 지표물_data!$U$3, 지표물_data!$B$3, X$10+2) ), "") -> 3.53 | Z13: =IFERROR( MIN( OFFSET(지표물_data!$U$6, 지표물_data!$U$3, 지표물_data!$B$3, X$10+2) ), "") -> 2.947 | AA13: =IFERROR( AVERAGE( OFFSET(지표물_data!$U$6, 지표물_data!$U$3, 지표물_data!$B$3, AA$10+2) ), "") -> 3.4695776 | AB13: =IFERROR( MAX( OFFSET(지표물_data!$U$6, 지표물_data!$U$3, 지표물_data!$B$3, AA$10+2) ), "") -> 4.051 | AC13: =IFERROR( MIN( OFFSET(지표물_data!$U$6, 지표물_data!$U$3, 지표물_data!$B$3, AA$10+2) ), "") -> 2.947
A14: 1 | C14: {=INDEX(지표물_data!$A$27:$A$35, $A14)} -> KR1035G00002 | E14: =IFERROR( OFFSET(지표물_data!$B$6, MATCH(E$10, OFFSET( 지표물_data!$B$6, 0, $A14*2-2, 1000), 0) -1, $A14*2-1), "") -> 3.042 | F14: =IFERROR( OFFSET(지표물_data!$B$6, MATCH(F$10, OFFSET( 지표물_data!$B$6, 0, $A14*2-2, 1000), 0) -1, $A14*2-1), "") -> 3.04 | G14: =IFERROR( OFFSET(지표물_data!$B$6, MATCH(G$10, OFFSET( 지표물_data!$B$6, 0, $A14*2-2, 1000), 0) -1, $A14*2-1), "") -> 2.993 | H14: =IFERROR( OFFSET(지표물_data!$B$6, MATCH(H$10, OFFSET( 지표물_data!$B$6, 0, $A14*2-2, 1000), 0) -1, $A14*2-1), "") -> 3.022 | I14: =IFERROR( OFFSET(지표물_data!$B$6, MATCH(I$10, OFFSET( 지표물_data!$B$6, 0, $A14*2-2, 1000), 0) -1, $A14*2-1), "") -> 3.037 | J14: =IFERROR( OFFSET(지표물_data!$B$6, MATCH(J$10, OFFSET( 지표물_data!$B$6, 0, $A14*2-2, 1000), 0) -1, $A14*2-1), "") -> 3.034 | K14: =IFERROR( OFFSET(지표물_data!$B$6, MATCH(K$10, OFFSET( 지표물_data!$B$6, 0, $A14*2-2, 1000), 0) -1, $A14*2-1), "") -> 3.015 | L14: =IFERROR( OFFSET(지표물_data!$B$6, MATCH(L$10, OFFSET( 지표물_data!$B$6, 0, $A14*2-2, 1000), 0) -1, $A14*2-1), "") -> 3.033 | ... P14: =IFERROR( OFFSET(지표물_data!$B$6, MATCH(P$10, OFFSET( 지표물_data!$B$6, 0, $A14*2-2, 1000), 0) -1, $A14*2-1), "") -> 3.07 | R14: =IFERROR( AVERAGE( OFFSET(지표물_data!$U$6, 지표물_data!$U$3, 지표물!$A14, R$10+2) ), "") -> 3.0549474 | S14: =IFERROR( MAX( OFFSET(지표물_data!$U$6, 지표물_data!$U$3, 지표물!$A14, R$10+2) ), "") -> 3.153 | T14: =IFERROR( MIN( OFFSET(지표물_data!$U$6, 지표물_data!$U$3, 지표물!$A14, R$10+2) ), "") -> 2.947 | U14: =IFERROR( AVERAGE( OFFSET(지표물_data!$U$6, 지표물_data!$U$3, 지표물!$A14, U$10+2) ), "") -> 3.1982945 | V14: =IFERROR( MAX( OFFSET(지표물_data!$U$6, 지표물_data!$U$3, 지표물!$A14, U$10+2) ), "") -> 3.46878 | W14: =IFERROR( MIN( OFFSET(지표물_data!$U$6, 지표물_data!$U$3, 지표물!$A14, U$10+2) ), "") -> 2.947 | X14: =IFERROR( AVERAGE( OFFSET(지표물_data!$U$6, 지표물_data!$U$3, 지표물!$A14, X$10+2) ), "") -> 3.3103098 | Y14: =IFERROR( MAX( OFFSET(지표물_data!$U$6, 지표물_data!$U$3, 지표물!$A14, X$10+2) ), "") -> 3.53 | Z14: =IFERROR( MIN( OFFSET(지표물_data!$U$6, 지표물_data!$U$3, 지표물!$A14, X$10+2) ), "") -> 2.947 | AA14: =IFERROR( AVERAGE( OFFSET(지표물_data!$U$6, 지표물_data!$U$3, 지표물!$A14, AA$10+2) ), "") -> 3.4695776 | AB14: =IFERROR( MAX( OFFSET(지표물_data!$U$6, 지표물_data!$U$3, 지표물!$A14, AA$10+2) ), "") -> 4.051 | AC14: =IFERROR( MIN( OFFSET(지표물_data!$U$6, 지표물_data!$U$3, 지표물!$A14, AA$10+2) ), "") -> 2.947
C15: SP(bp) | E15: =IFERROR( (E$13-E14)*100, "") -> 0 | F15: =IFERROR( (F$13-F14)*100, "") -> 0 | G15: =IFERROR( (G$13-G14)*100, "") -> 0 | H15: =IFERROR( (H$13-H14)*100, "") -> 0 | I15: =IFERROR( (I$13-I14)*100, "") -> 0 | J15: =IFERROR( (J$13-J14)*100, "") -> 0 | K15: =IFERROR( (K$13-K14)*100, "") -> 0 | L15: =IFERROR( (L$13-L14)*100, "") -> 0 | ... P15: =IFERROR( (P$13-P14)*100, "") -> 0 | R15: =IFERROR( (R$13-R14)*100, "") -> 0 | S15: =IFERROR( (S$13-S14)*100, "") -> 0 | T15: =IFERROR( (T$13-T14)*100, "") -> 0 | U15: =IFERROR( (U$13-U14)*100, "") -> 0 | V15: =IFERROR( (V$13-V14)*100, "") -> 0 | W15: =IFERROR( (W$13-W14)*100, "") -> 0 | X15: =IFERROR( (X$13-X14)*100, "") -> 0 | Y15: =IFERROR( (Y$13-Y14)*100, "") -> 0 | ... AC15: =IFERROR( (AC$13-AC14)*100, "") -> 0
A16: 2 | C16: {=INDEX(지표물_data!$A$27:$A$35, $A16)} -> KR1035G00003 | E16: =IFERROR( OFFSET(지표물_data!$B$6, MATCH(E$10, OFFSET( 지표물_data!$B$6, 0, $A16*2-2, 1000), 0) -1, $A16*2-1), "") -> 2.925 | F16: =IFERROR( OFFSET(지표물_data!$B$6, MATCH(F$10, OFFSET( 지표물_data!$B$6, 0, $A16*2-2, 1000), 0) -1, $A16*2-1), "") -> 2.922 | G16: =IFERROR( OFFSET(지표물_data!$B$6, MATCH(G$10, OFFSET( 지표물_data!$B$6, 0, $A16*2-2, 1000), 0) -1, $A16*2-1), "") -> 2.887 | H16: =IFERROR( OFFSET(지표물_data!$B$6, MATCH(H$10, OFFSET( 지표물_data!$B$6, 0, $A16*2-2, 1000), 0) -1, $A16*2-1), "") -> 2.915 | I16: =IFERROR( OFFSET(지표물_data!$B$6, MATCH(I$10, OFFSET( 지표물_data!$B$6, 0, $A16*2-2, 1000), 0) -1, $A16*2-1), "") -> 2.945 | J16: =IFERROR( OFFSET(지표물_data!$B$6, MATCH(J$10, OFFSET( 지표물_data!$B$6, 0, $A16*2-2, 1000), 0) -1, $A16*2-1), "") -> 2.942 | K16: =IFERROR( OFFSET(지표물_data!$B$6, MATCH(K$10, OFFSET( 지표물_data!$B$6, 0, $A16*2-2, 1000), 0) -1, $A16*2-1), "") -> 2.91 | L16: =IFERROR( OFFSET(지표물_data!$B$6, MATCH(L$10, OFFSET( 지표물_data!$B$6, 0, $A16*2-2, 1000), 0) -1, $A16*2-1), "") -> 2.815 | ... P16: =IFERROR( OFFSET(지표물_data!$B$6, MATCH(P$10, OFFSET( 지표물_data!$B$6, 0, $A16*2-2, 1000), 0) -1, $A16*2-1), "") -> 2.972 | R16: =IFERROR( AVERAGE( OFFSET(지표물_data!$U$6, 지표물_data!$U$3, 지표물!$A16, R$10+2) ), "") -> 2.9509621 | S16: =IFERROR( MAX( OFFSET(지표물_data!$U$6, 지표물_data!$U$3, 지표물!$A16, R$10+2) ), "") -> 3.087 | T16: =IFERROR( MIN( OFFSET(지표물_data!$U$6, 지표물_data!$U$3, 지표물!$A16, R$10+2) ), "") -> 2.815 | U16: =IFERROR( AVERAGE( OFFSET(지표물_data!$U$6, 지표물_data!$U$3, 지표물!$A16, U$10+2) ), "") -> 3.1321945 | V16: =IFERROR( MAX( OFFSET(지표물_data!$U$6, 지표물_data!$U$3, 지표물!$A16, U$10+2) ), "") -> 3.453 | W16: =IFERROR( MIN( OFFSET(지표물_data!$U$6, 지표물_data!$U$3, 지표물!$A16, U$10+2) ), "") -> 2.815 | X16: =IFERROR( AVERAGE( OFFSET(지표물_data!$U$6, 지표물_data!$U$3, 지표물!$A16, X$10+2) ), "") -> 3.2577705 | Y16: =IFERROR( MAX( OFFSET(지표물_data!$U$6, 지표물_data!$U$3, 지표물!$A16, X$10+2) ), "") -> 3.542 | Z16: =IFERROR( MIN( OFFSET(지표물_data!$U$6, 지표물_data!$U$3, 지표물!$A16, X$10+2) ), "") -> 2.815 | AA16: =IFERROR( AVERAGE( OFFSET(지표물_data!$U$6, 지표물_data!$U$3, 지표물!$A16, AA$10+2) ), "") -> 3.4312016 | AB16: =IFERROR( MAX( OFFSET(지표물_data!$U$6, 지표물_data!$U$3, 지표물!$A16, AA$10+2) ), "") -> 4.112 | AC16: =IFERROR( MIN( OFFSET(지표물_data!$U$6, 지표물_data!$U$3, 지표물!$A16, AA$10+2) ), "") -> 2.815
C17: SP(bp) | E17: =IFERROR( (E$13-E16)*100, "") -> 11.7 | F17: =IFERROR( (F$13-F16)*100, "") -> 11.8 | G17: =IFERROR( (G$13-G16)*100, "") -> 10.6 | H17: =IFERROR( (H$13-H16)*100, "") -> 10.7 | I17: =IFERROR( (I$13-I16)*100, "") -> 9.2 | J17: =IFERROR( (J$13-J16)*100, "") -> 9.2 | K17: =IFERROR( (K$13-K16)*100, "") -> 10.5 | L17: =IFERROR( (L$13-L16)*100, "") -> 21.8 | ... P17: =IFERROR( (P$13-P16)*100, "") -> 9.8 | R17: =IFERROR( (R$13-R16)*100, "") -> 10.398526 | S17: =IFERROR( (S$13-S16)*100, "") -> 6.6 | T17: =IFERROR( (T$13-T16)*100, "") -> 13.2 | U17: =IFERROR( (U$13-U16)*100, "") -> 6.61 | V17: =IFERROR( (V$13-V16)*100, "") -> 1.578 | W17: =IFERROR( (W$13-W16)*100, "") -> 13.2 | X17: =IFERROR( (X$13-X16)*100, "") -> 5.2539298 | Y17: =IFERROR( (Y$13-Y16)*100, "") -> -1.2 | ... AC17: =IFERROR( (AC$13-AC16)*100, "") -> 13.2
A18: 3 | C18: {=INDEX(지표물_data!$A$27:$A$35, $A18)} -> KR1035G00005 | E18: =IFERROR( OFFSET(지표물_data!$B$6, MATCH(E$10, OFFSET( 지표물_data!$B$6, 0, $A18*2-2, 1000), 0) -1, $A18*2-1), "") -> 2.935 | F18: =IFERROR( OFFSET(지표물_data!$B$6, MATCH(F$10, OFFSET( 지표물_data!$B$6, 0, $A18*2-2, 1000), 0) -1, $A18*2-1), "") -> 2.93 | G18: =IFERROR( OFFSET(지표물_data!$B$6, MATCH(G$10, OFFSET( 지표물_data!$B$6, 0, $A18*2-2, 1000), 0) -1, $A18*2-1), "") -> 2.897 | H18: =IFERROR( OFFSET(지표물_data!$B$6, MATCH(H$10, OFFSET( 지표물_data!$B$6, 0, $A18*2-2, 1000), 0) -1, $A18*2-1), "") -> 2.933 | I18: =IFERROR( OFFSET(지표물_data!$B$6, MATCH(I$10, OFFSET( 지표물_data!$B$6, 0, $A18*2-2, 1000), 0) -1, $A18*2-1), "") -> 2.957 | J18: =IFERROR( OFFSET(지표물_data!$B$6, MATCH(J$10, OFFSET( 지표물_data!$B$6, 0, $A18*2-2, 1000), 0) -1, $A18*2-1), "") -> 2.95 | K18: =IFERROR( OFFSET(지표물_data!$B$6, MATCH(K$10, OFFSET( 지표물_data!$B$6, 0, $A18*2-2, 1000), 0) -1, $A18*2-1), "") -> 2.93 | L18: =IFERROR( OFFSET(지표물_data!$B$6, MATCH(L$10, OFFSET( 지표물_data!$B$6, 0, $A18*2-2, 1000), 0) -1, $A18*2-1), "") -> 2.955 | ... P18: =IFERROR( OFFSET(지표물_data!$B$6, MATCH(P$10, OFFSET( 지표물_data!$B$6, 0, $A18*2-2, 1000), 0) -1, $A18*2-1), "") -> 2.985 | R18: =IFERROR( AVERAGE( OFFSET(지표물_data!$U$6, 지표물_data!$U$3, 지표물!$A18, R$10+2) ), "") -> 2.9828463 | S18: =IFERROR( MAX( OFFSET(지표물_data!$U$6, 지표물_data!$U$3, 지표물!$A18, R$10+2) ), "") -> 3.112 | T18: =IFERROR( MIN( OFFSET(지표물_data!$U$6, 지표물_data!$U$3, 지표물!$A18, R$10+2) ), "") -> 2.855 | U18: =IFERROR( AVERAGE( OFFSET(지표물_data!$U$6, 지표물_data!$U$3, 지표물!$A18, U$10+2) ), "") -> 3.1620359 | V18: =IFERROR( MAX( OFFSET(지표물_data!$U$6, 지표물_data!$U$3, 지표물!$A18, U$10+2) ), "") -> 3.5 | W18: =IFERROR( MIN( OFFSET(지표물_data!$U$6, 지표물_data!$U$3, 지표물!$A18, U$10+2) ), "") -> 2.855 | X18: =IFERROR( AVERAGE( OFFSET(지표물_data!$U$6, 지표물_data!$U$3, 지표물!$A18, X$10+2) ), "") -> 3.2943691 | Y18: =IFERROR( MAX( OFFSET(지표물_data!$U$6, 지표물_data!$U$3, 지표물!$A18, X$10+2) ), "") -> 3.625 | Z18: =IFERROR( MIN( OFFSET(지표물_data!$U$6, 지표물_data!$U$3, 지표물!$A18, X$10+2) ), "") -> 2.855 | AA18: =IFERROR( AVERAGE( OFFSET(지표물_data!$U$6, 지표물_data!$U$3, 지표물!$A18, AA$10+2) ), "") -> 3.4724682 | AB18: =IFERROR( MAX( OFFSET(지표물_data!$U$6, 지표물_data!$U$3, 지표물!$A18, AA$10+2) ), "") -> 4.242 | AC18: =IFERROR( MIN( OFFSET(지표물_data!$U$6, 지표물_data!$U$3, 지표물!$A18, AA$10+2) ), "") -> 2.855
C19: SP(bp) | E19: =IFERROR( (E$13-E18)*100, "") -> 10.7 | F19: =IFERROR( (F$13-F18)*100, "") -> 11 | G19: =IFERROR( (G$13-G18)*100, "") -> 9.6 | H19: =IFERROR( (H$13-H18)*100, "") -> 8.9 | I19: =IFERROR( (I$13-I18)*100, "") -> 8 | J19: =IFERROR( (J$13-J18)*100, "") -> 8.4 | K19: =IFERROR( (K$13-K18)*100, "") -> 8.5 | L19: =IFERROR( (L$13-L18)*100, "") -> 7.8 | ... P19: =IFERROR( (P$13-P18)*100, "") -> 8.5 | R19: =IFERROR( (R$13-R18)*100, "") -> 7.2101053 | S19: =IFERROR( (S$13-S18)*100, "") -> 4.1 | T19: =IFERROR( (T$13-T18)*100, "") -> 9.2 | U19: =IFERROR( (U$13-U18)*100, "") -> 3.6258621 | V19: =IFERROR( (V$13-V18)*100, "") -> -3.122 | W19: =IFERROR( (W$13-W18)*100, "") -> 9.2 | X19: =IFERROR( (X$13-X18)*100, "") -> 1.5940702 | Y19: =IFERROR( (Y$13-Y18)*100, "") -> -9.5 | ... AC19: =IFERROR( (AC$13-AC18)*100, "") -> 9.2
A20: 4 | C20: {=INDEX(지표물_data!$A$27:$A$35, $A20)} -> KR1035G00010 | E20: =IFERROR( OFFSET(지표물_data!$B$6, MATCH(E$10, OFFSET( 지표물_data!$B$6, 0, $A20*2-2, 1000), 0) -1, $A20*2-1), "") -> 2.987 | F20: =IFERROR( OFFSET(지표물_data!$B$6, MATCH(F$10, OFFSET( 지표물_data!$B$6, 0, $A20*2-2, 1000), 0) -1, $A20*2-1), "") -> 2.975 | G20: =IFERROR( OFFSET(지표물_data!$B$6, MATCH(G$10, OFFSET( 지표물_data!$B$6, 0, $A20*2-2, 1000), 0) -1, $A20*2-1), "") -> 2.942 | H20: =IFERROR( OFFSET(지표물_data!$B$6, MATCH(H$10, OFFSET( 지표물_data!$B$6, 0, $A20*2-2, 1000), 0) -1, $A20*2-1), "") -> 2.975 | I20: =IFERROR( OFFSET(지표물_data!$B$6, MATCH(I$10, OFFSET( 지표물_data!$B$6, 0, $A20*2-2, 1000), 0) -1, $A20*2-1), "") -> 3.005 | J20: =IFERROR( OFFSET(지표물_data!$B$6, MATCH(J$10, OFFSET( 지표물_data!$B$6, 0, $A20*2-2, 1000), 0) -1, $A20*2-1), "") -> 3.012 | K20: =IFERROR( OFFSET(지표물_data!$B$6, MATCH(K$10, OFFSET( 지표물_data!$B$6, 0, $A20*2-2, 1000), 0) -1, $A20*2-1), "") -> 2.992 | L20: =IFERROR( OFFSET(지표물_data!$B$6, MATCH(L$10, OFFSET( 지표물_data!$B$6, 0, $A20*2-2, 1000), 0) -1, $A20*2-1), "") -> 3.01 | ... P20: =IFERROR( OFFSET(지표물_data!$B$6, MATCH(P$10, OFFSET( 지표물_data!$B$6, 0, $A20*2-2, 1000), 0) -1, $A20*2-1), "") -> 3.005 | R20: =IFERROR( AVERAGE( OFFSET(지표물_data!$U$6, 지표물_data!$U$3, 지표물!$A20, R$10+2) ), "") -> 3.0498953 | S20: =IFERROR( MAX( OFFSET(지표물_data!$U$6, 지표물_data!$U$3, 지표물!$A20, R$10+2) ), "") -> 3.17952 | T20: =IFERROR( MIN( OFFSET(지표물_data!$U$6, 지표물_data!$U$3, 지표물!$A20, R$10+2) ), "") -> 2.895 | U20: =IFERROR( AVERAGE( OFFSET(지표물_data!$U$6, 지표물_data!$U$3, 지표물!$A20, U$10+2) ), "") -> 3.2244312 | V20: =IFERROR( MAX( OFFSET(지표물_data!$U$6, 지표물_data!$U$3, 지표물!$A20, U$10+2) ), "") -> 3.58 | W20: =IFERROR( MIN( OFFSET(지표물_data!$U$6, 지표물_data!$U$3, 지표물!$A20, U$10+2) ), "") -> 2.895 | X20: =IFERROR( AVERAGE( OFFSET(지표물_data!$U$6, 지표물_data!$U$3, 지표물!$A20, X$10+2) ), "") -> 3.3550527 | Y20: =IFERROR( MAX( OFFSET(지표물_data!$U$6, 지표물_data!$U$3, 지표물!$A20, X$10+2) ), "") -> 3.71 | Z20: =IFERROR( MIN( OFFSET(지표물_data!$U$6, 지표물_data!$U$3, 지표물!$A20, X$10+2) ), "") -> 2.895 | AA20: =IFERROR( AVERAGE( OFFSET(지표물_data!$U$6, 지표물_data!$U$3, 지표물!$A20, AA$10+2) ), "") -> 3.5346043 | AB20: =IFERROR( MAX( OFFSET(지표물_data!$U$6, 지표물_data!$U$3, 지표물!$A20, AA$10+2) ), "") -> 4.392 | AC20: =IFERROR( MIN( OFFSET(지표물_data!$U$6, 지표물_data!$U$3, 지표물!$A20, AA$10+2) ), "") -> 2.895
C21: SP(bp) | E21: =IFERROR( (E$13-E20)*100, "") -> 5.5 | F21: =IFERROR( (F$13-F20)*100, "") -> 6.5 | G21: =IFERROR( (G$13-G20)*100, "") -> 5.1 | H21: =IFERROR( (H$13-H20)*100, "") -> 4.7 | I21: =IFERROR( (I$13-I20)*100, "") -> 3.2 | J21: =IFERROR( (J$13-J20)*100, "") -> 2.2 | K21: =IFERROR( (K$13-K20)*100, "") -> 2.3 | L21: =IFERROR( (L$13-L20)*100, "") -> 2.3 | ... P21: =IFERROR( (P$13-P20)*100, "") -> 6.5 | R21: =IFERROR( (R$13-R20)*100, "") -> 0.50521053 | S21: =IFERROR( (S$13-S20)*100, "") -> -2.652 | T21: =IFERROR( (T$13-T20)*100, "") -> 5.2 | U21: =IFERROR( (U$13-U20)*100, "") -> -2.6136724 | V21: =IFERROR( (V$13-V20)*100, "") -> -11.122 | W21: =IFERROR( (W$13-W20)*100, "") -> 5.2 | X21: =IFERROR( (X$13-X20)*100, "") -> -4.4742895 | Y21: =IFERROR( (Y$13-Y20)*100, "") -> -18 | ... AC21: =IFERROR( (AC$13-AC20)*100, "") -> 5.2
A22: 5 | C22: {=INDEX(지표물_data!$A$27:$A$35, $A22)} -> KR1035G00020 | E22: =IFERROR( OFFSET(지표물_data!$B$6, MATCH(E$10, OFFSET( 지표물_data!$B$6, 0, $A22*2-2, 1000), 0) -1, $A22*2-1), "") -> 2.967 | F22: =IFERROR( OFFSET(지표물_data!$B$6, MATCH(F$10, OFFSET( 지표물_data!$B$6, 0, $A22*2-2, 1000), 0) -1, $A22*2-1), "") -> 2.935 | G22: =IFERROR( OFFSET(지표물_data!$B$6, MATCH(G$10, OFFSET( 지표물_data!$B$6, 0, $A22*2-2, 1000), 0) -1, $A22*2-1), "") -> 2.93 | H22: =IFERROR( OFFSET(지표물_data!$B$6, MATCH(H$10, OFFSET( 지표물_data!$B$6, 0, $A22*2-2, 1000), 0) -1, $A22*2-1), "") -> 2.95 | I22: =IFERROR( OFFSET(지표물_data!$B$6, MATCH(I$10, OFFSET( 지표물_data!$B$6, 0, $A22*2-2, 1000), 0) -1, $A22*2-1), "") -> 2.99 | J22: =IFERROR( OFFSET(지표물_data!$B$6, MATCH(J$10, OFFSET( 지표물_data!$B$6, 0, $A22*2-2, 1000), 0) -1, $A22*2-1), "") -> 3.002 | K22: =IFERROR( OFFSET(지표물_data!$B$6, MATCH(K$10, OFFSET( 지표물_data!$B$6, 0, $A22*2-2, 1000), 0) -1, $A22*2-1), "") -> 3.123 | L22: =IFERROR( OFFSET(지표물_data!$B$6, MATCH(L$10, OFFSET( 지표물_data!$B$6, 0, $A22*2-2, 1000), 0) -1, $A22*2-1), "") -> 2.99 | ... P22: =IFERROR( OFFSET(지표물_data!$B$6, MATCH(P$10, OFFSET( 지표물_data!$B$6, 0, $A22*2-2, 1000), 0) -1, $A22*2-1), "") -> 3.005 | R22: =IFERROR( AVERAGE( OFFSET(지표물_data!$U$6, 지표물_data!$U$3, 지표물!$A22, R$10+2) ), "") -> 3.0182105 | S22: =IFERROR( MAX( OFFSET(지표물_data!$U$6, 지표물_data!$U$3, 지표물!$A22, R$10+2) ), "") -> 3.123 | T22: =IFERROR( MIN( OFFSET(지표물_data!$U$6, 지표물_data!$U$3, 지표물!$A22, R$10+2) ), "") -> 2.92 | U22: =IFERROR( AVERAGE( OFFSET(지표물_data!$U$6, 지표물_data!$U$3, 지표물!$A22, U$10+2) ), "") -> 3.1856 | V22: =IFERROR( MAX( OFFSET(지표물_data!$U$6, 지표물_data!$U$3, 지표물!$A22, U$10+2) ), "") -> 3.61 | W22: =IFERROR( MIN( OFFSET(지표물_data!$U$6, 지표물_data!$U$3, 지표물!$A22, U$10+2) ), "") -> 2.92 | X22: =IFERROR( AVERAGE( OFFSET(지표물_data!$U$6, 지표물_data!$U$3, 지표물!$A22, X$10+2) ), "") -> 3.3091123 | Y22: =IFERROR( MAX( OFFSET(지표물_data!$U$6, 지표물_data!$U$3, 지표물!$A22, X$10+2) ), "") -> 3.62 | Z22: =IFERROR( MIN( OFFSET(지표물_data!$U$6, 지표물_data!$U$3, 지표물!$A22, X$10+2) ), "") -> 2.92 | AA22: =IFERROR( AVERAGE( OFFSET(지표물_data!$U$6, 지표물_data!$U$3, 지표물!$A22, AA$10+2) ), "") -> 3.4728697 | AB22: =IFERROR( MAX( OFFSET(지표물_data!$U$6, 지표물_data!$U$3, 지표물!$A22, AA$10+2) ), "") -> 4.34 | AC22: =IFERROR( MIN( OFFSET(지표물_data!$U$6, 지표물_data!$U$3, 지표물!$A22, AA$10+2) ), "") -> 2.92
C23: SP(bp) | E23: =IFERROR( (E$13-E22)*100, "") -> 7.5 | F23: =IFERROR( (F$13-F22)*100, "") -> 10.5 | G23: =IFERROR( (G$13-G22)*100, "") -> 6.3 | H23: =IFERROR( (H$13-H22)*100, "") -> 7.2 | I23: =IFERROR( (I$13-I22)*100, "") -> 4.7 | J23: =IFERROR( (J$13-J22)*100, "") -> 3.2 | K23: =IFERROR( (K$13-K22)*100, "") -> -10.8 | L23: =IFERROR( (L$13-L22)*100, "") -> 4.3 | ... P23: =IFERROR( (P$13-P22)*100, "") -> 6.5 | R23: =IFERROR( (R$13-R22)*100, "") -> 3.6736842 | S23: =IFERROR( (S$13-S22)*100, "") -> 3 | T23: =IFERROR( (T$13-T22)*100, "") -> 2.7 | U23: =IFERROR( (U$13-U22)*100, "") -> 1.2694483 | V23: =IFERROR( (V$13-V22)*100, "") -> -14.122 | W23: =IFERROR( (W$13-W22)*100, "") -> 2.7 | X23: =IFERROR( (X$13-X22)*100, "") -> 0.11975439 | Y23: =IFERROR( (Y$13-Y22)*100, "") -> -9 | ... AC23: =IFERROR( (AC$13-AC22)*100, "") -> 2.7
A24: 6 | C24: {=INDEX(지표물_data!$A$27:$A$35, $A24)} -> KR1035G00030 | E24: =IFERROR( OFFSET(지표물_data!$B$6, MATCH(E$10, OFFSET( 지표물_data!$B$6, 0, $A24*2-2, 1000), 0) -1, $A24*2-1), "") -> 2.865 | F24: =IFERROR( OFFSET(지표물_data!$B$6, MATCH(F$10, OFFSET( 지표물_data!$B$6, 0, $A24*2-2, 1000), 0) -1, $A24*2-1), "") -> 2.855 | G24: =IFERROR( OFFSET(지표물_data!$B$6, MATCH(G$10, OFFSET( 지표물_data!$B$6, 0, $A24*2-2, 1000), 0) -1, $A24*2-1), "") -> 2.84 | H24: =IFERROR( OFFSET(지표물_data!$B$6, MATCH(H$10, OFFSET( 지표물_data!$B$6, 0, $A24*2-2, 1000), 0) -1, $A24*2-1), "") -> 2.87 | I24: =IFERROR( OFFSET(지표물_data!$B$6, MATCH(I$10, OFFSET( 지표물_data!$B$6, 0, $A24*2-2, 1000), 0) -1, $A24*2-1), "") -> 2.9 | J24: =IFERROR( OFFSET(지표물_data!$B$6, MATCH(J$10, OFFSET( 지표물_data!$B$6, 0, $A24*2-2, 1000), 0) -1, $A24*2-1), "") -> 2.912 | K24: =IFERROR( OFFSET(지표물_data!$B$6, MATCH(K$10, OFFSET( 지표물_data!$B$6, 0, $A24*2-2, 1000), 0) -1, $A24*2-1), "") -> 2.895 | L24: =IFERROR( OFFSET(지표물_data!$B$6, MATCH(L$10, OFFSET( 지표물_data!$B$6, 0, $A24*2-2, 1000), 0) -1, $A24*2-1), "") -> 2.92 | ... P24: =IFERROR( OFFSET(지표물_data!$B$6, MATCH(P$10, OFFSET( 지표물_data!$B$6, 0, $A24*2-2, 1000), 0) -1, $A24*2-1), "") -> 2.915 | R24: =IFERROR( AVERAGE( OFFSET(지표물_data!$U$6, 지표물_data!$U$3, 지표물!$A24, R$10+2) ), "") -> 2.9264316 | S24: =IFERROR( MAX( OFFSET(지표물_data!$U$6, 지표물_data!$U$3, 지표물!$A24, R$10+2) ), "") -> 3.0592 | T24: =IFERROR( MIN( OFFSET(지표물_data!$U$6, 지표물_data!$U$3, 지표물!$A24, R$10+2) ), "") -> 2.805 | U24: =IFERROR( AVERAGE( OFFSET(지표물_data!$U$6, 지표물_data!$U$3, 지표물!$A24, U$10+2) ), "") -> 3.1095897 | V24: =IFERROR( MAX( OFFSET(지표물_data!$U$6, 지표물_data!$U$3, 지표물!$A24, U$10+2) ), "") -> 3.43 | W24: =IFERROR( MIN( OFFSET(지표물_data!$U$6, 지표물_data!$U$3, 지표물!$A24, U$10+2) ), "") -> 2.805 | X24: =IFERROR( AVERAGE( OFFSET(지표물_data!$U$6, 지표물_data!$U$3, 지표물!$A24, X$10+2) ), "") -> 3.2277029 | Y24: =IFERROR( MAX( OFFSET(지표물_data!$U$6, 지표물_data!$U$3, 지표물!$A24, X$10+2) ), "") -> 3.547 | Z24: =IFERROR( MIN( OFFSET(지표물_data!$U$6, 지표물_data!$U$3, 지표물!$A24, X$10+2) ), "") -> 2.805 | AA24: =IFERROR( AVERAGE( OFFSET(지표물_data!$U$6, 지표물_data!$U$3, 지표물!$A24, AA$10+2) ), "") -> 3.4075435 | AB24: =IFERROR( MAX( OFFSET(지표물_data!$U$6, 지표물_data!$U$3, 지표물!$A24, AA$10+2) ), "") -> 4.297 | AC24: =IFERROR( MIN( OFFSET(지표물_data!$U$6, 지표물_data!$U$3, 지표물!$A24, AA$10+2) ), "") -> 2.805
C25: SP(bp) | E25: =IFERROR( (E$13-E24)*100, "") -> 17.7 | F25: =IFERROR( (F$13-F24)*100, "") -> 18.5 | G25: =IFERROR( (G$13-G24)*100, "") -> 15.3 | H25: =IFERROR( (H$13-H24)*100, "") -> 15.2 | I25: =IFERROR( (I$13-I24)*100, "") -> 13.7 | J25: =IFERROR( (J$13-J24)*100, "") -> 12.2 | K25: =IFERROR( (K$13-K24)*100, "") -> 12 | L25: =IFERROR( (L$13-L24)*100, "") -> 11.3 | ... P25: =IFERROR( (P$13-P24)*100, "") -> 15.5 | R25: =IFERROR( (R$13-R24)*100, "") -> 12.851579 | S25: =IFERROR( (S$13-S24)*100, "") -> 9.38 | T25: =IFERROR( (T$13-T24)*100, "") -> 14.2 | U25: =IFERROR( (U$13-U24)*100, "") -> 8.8704828 | V25: =IFERROR( (V$13-V24)*100, "") -> 3.878 | W25: =IFERROR( (W$13-W24)*100, "") -> 14.2 | X25: =IFERROR( (X$13-X24)*100, "") -> 8.260693 | Y25: =IFERROR( (Y$13-Y24)*100, "") -> -1.7 | ... AC25: =IFERROR( (AC$13-AC24)*100, "") -> 14.2
A26: 7 | C26: {=INDEX(지표물_data!$A$27:$A$35, $A26)} -> KR1035G00050 | E26: =IFERROR( OFFSET(지표물_data!$B$6, MATCH(E$10, OFFSET( 지표물_data!$B$6, 0, $A26*2-2, 1000), 0) -1, $A26*2-1), "") -> 2.75 | F26: =IFERROR( OFFSET(지표물_data!$B$6, MATCH(F$10, OFFSET( 지표물_data!$B$6, 0, $A26*2-2, 1000), 0) -1, $A26*2-1), "") -> 2.765 | G26: =IFERROR( OFFSET(지표물_data!$B$6, MATCH(G$10, OFFSET( 지표물_data!$B$6, 0, $A26*2-2, 1000), 0) -1, $A26*2-1), "") | H26: =IFERROR( OFFSET(지표물_data!$B$6, MATCH(H$10, OFFSET( 지표물_data!$B$6, 0, $A26*2-2, 1000), 0) -1, $A26*2-1), "") | I26: =IFERROR( OFFSET(지표물_data!$B$6, MATCH(I$10, OFFSET( 지표물_data!$B$6, 0, $A26*2-2, 1000), 0) -1, $A26*2-1), "") | J26: =IFERROR( OFFSET(지표물_data!$B$6, MATCH(J$10, OFFSET( 지표물_data!$B$6, 0, $A26*2-2, 1000), 0) -1, $A26*2-1), "") | K26: =IFERROR( OFFSET(지표물_data!$B$6, MATCH(K$10, OFFSET( 지표물_data!$B$6, 0, $A26*2-2, 1000), 0) -1, $A26*2-1), "") | L26: =IFERROR( OFFSET(지표물_data!$B$6, MATCH(L$10, OFFSET( 지표물_data!$B$6, 0, $A26*2-2, 1000), 0) -1, $A26*2-1), "") | ... P26: =IFERROR( OFFSET(지표물_data!$B$6, MATCH(P$10, OFFSET( 지표물_data!$B$6, 0, $A26*2-2, 1000), 0) -1, $A26*2-1), "") | R26: =IFERROR( AVERAGE( OFFSET(지표물_data!$U$6, 지표물_data!$U$3, 지표물!$A26, R$10+2) ), "") -> 2.842056 | S26: =IFERROR( MAX( OFFSET(지표물_data!$U$6, 지표물_data!$U$3, 지표물!$A26, R$10+2) ), "") -> 2.91004 | T26: =IFERROR( MIN( OFFSET(지표물_data!$U$6, 지표물_data!$U$3, 지표물!$A26, R$10+2) ), "") -> 2.765 | U26: =IFERROR( AVERAGE( OFFSET(지표물_data!$U$6, 지표물_data!$U$3, 지표물!$A26, U$10+2) ), "") -> 3.0833208 | V26: =IFERROR( MAX( OFFSET(지표물_data!$U$6, 지표물_data!$U$3, 지표물!$A26, U$10+2) ), "") -> 3.351 | W26: =IFERROR( MIN( OFFSET(지표물_data!$U$6, 지표물_data!$U$3, 지표물!$A26, U$10+2) ), "") -> 2.765 | X26: =IFERROR( AVERAGE( OFFSET(지표물_data!$U$6, 지표물_data!$U$3, 지표물!$A26, X$10+2) ), "") -> 3.188131 | Y26: =IFERROR( MAX( OFFSET(지표물_data!$U$6, 지표물_data!$U$3, 지표물!$A26, X$10+2) ), "") -> 3.437 | Z26: =IFERROR( MIN( OFFSET(지표물_data!$U$6, 지표물_data!$U$3, 지표물!$A26, X$10+2) ), "") -> 2.765 | AA26: =IFERROR( AVERAGE( OFFSET(지표물_data!$U$6, 지표물_data!$U$3, 지표물!$A26, AA$10+2) ), "") -> 3.3891637 | AB26: =IFERROR( MAX( OFFSET(지표물_data!$U$6, 지표물_data!$U$3, 지표물!$A26, AA$10+2) ), "") -> 4.217 | AC26: =IFERROR( MIN( OFFSET(지표물_data!$U$6, 지표물_data!$U$3, 지표물!$A26, AA$10+2) ), "") -> 2.765
C27: SP(bp) | E27: =IFERROR( (E$13-E26)*100, "") -> 29.2 | F27: =IFERROR( (F$13-F26)*100, "") -> 27.5 | G27: =IFERROR( (G$13-G26)*100, "") | H27: =IFERROR( (H$13-H26)*100, "") | I27: =IFERROR( (I$13-I26)*100, "") | J27: =IFERROR( (J$13-J26)*100, "") | K27: =IFERROR( (K$13-K26)*100, "") | L27: =IFERROR( (L$13-L26)*100, "") | ... P27: =IFERROR( (P$13-P26)*100, "") | R27: =IFERROR( (R$13-R26)*100, "") -> 21.289137 | S27: =IFERROR( (S$13-S26)*100, "") -> 24.296 | T27: =IFERROR( (T$13-T26)*100, "") -> 18.2 | U27: =IFERROR( (U$13-U26)*100, "") -> 11.497365 | V27: =IFERROR( (V$13-V26)*100, "") -> 11.778 | W27: =IFERROR( (W$13-W26)*100, "") -> 18.2 | X27: =IFERROR( (X$13-X26)*100, "") -> 12.217887 | Y27: =IFERROR( (Y$13-Y26)*100, "") -> 9.3 | ... AC27: =IFERROR( (AC$13-AC26)*100, "") -> 18.2
A28: 8 | C28: {=INDEX(지표물_data!$A$27:$A$35, $A28)} -> KR3101000100 | E28: =IFERROR( OFFSET(지표물_data!$B$6, MATCH(E$10, OFFSET( 지표물_data!$B$6, 0, $A28*2-2, 1000), 0) -1, $A28*2-1), "") -> 2.99 | F28: =IFERROR( OFFSET(지표물_data!$B$6, MATCH(F$10, OFFSET( 지표물_data!$B$6, 0, $A28*2-2, 1000), 0) -1, $A28*2-1), "") -> 2.987 | G28: =IFERROR( OFFSET(지표물_data!$B$6, MATCH(G$10, OFFSET( 지표물_data!$B$6, 0, $A28*2-2, 1000), 0) -1, $A28*2-1), "") -> 2.952 | H28: =IFERROR( OFFSET(지표물_data!$B$6, MATCH(H$10, OFFSET( 지표물_data!$B$6, 0, $A28*2-2, 1000), 0) -1, $A28*2-1), "") -> 2.975 | I28: =IFERROR( OFFSET(지표물_data!$B$6, MATCH(I$10, OFFSET( 지표물_data!$B$6, 0, $A28*2-2, 1000), 0) -1, $A28*2-1), "") -> 2.995 | J28: =IFERROR( OFFSET(지표물_data!$B$6, MATCH(J$10, OFFSET( 지표물_data!$B$6, 0, $A28*2-2, 1000), 0) -1, $A28*2-1), "") -> 2.99 | K28: =IFERROR( OFFSET(지표물_data!$B$6, MATCH(K$10, OFFSET( 지표물_data!$B$6, 0, $A28*2-2, 1000), 0) -1, $A28*2-1), "") -> 2.97 | L28: =IFERROR( OFFSET(지표물_data!$B$6, MATCH(L$10, OFFSET( 지표물_data!$B$6, 0, $A28*2-2, 1000), 0) -1, $A28*2-1), "") -> 2.995 | ... P28: =IFERROR( OFFSET(지표물_data!$B$6, MATCH(P$10, OFFSET( 지표물_data!$B$6, 0, $A28*2-2, 1000), 0) -1, $A28*2-1), "") -> 3.015 | R28: =IFERROR( AVERAGE( OFFSET(지표물_data!$U$6, 지표물_data!$U$3, 지표물!$A28, R$10+2) ), "") -> 3.0227368 | S28: =IFERROR( MAX( OFFSET(지표물_data!$U$6, 지표물_data!$U$3, 지표물!$A28, R$10+2) ), "") -> 3.132 | T28: =IFERROR( MIN( OFFSET(지표물_data!$U$6, 지표물_data!$U$3, 지표물!$A28, R$10+2) ), "") -> 2.89 | U28: =IFERROR( AVERAGE( OFFSET(지표물_data!$U$6, 지표물_data!$U$3, 지표물!$A28, U$10+2) ), "") -> 3.1846379 | V28: =IFERROR( MAX( OFFSET(지표물_data!$U$6, 지표물_data!$U$3, 지표물!$A28, U$10+2) ), "") -> 3.435 | W28: =IFERROR( MIN( OFFSET(지표물_data!$U$6, 지표물_data!$U$3, 지표물!$A28, U$10+2) ), "") -> 2.89 | X28: =IFERROR( AVERAGE( OFFSET(지표물_data!$U$6, 지표물_data!$U$3, 지표물!$A28, X$10+2) ), "") -> 3.3006316 | Y28: =IFERROR( MAX( OFFSET(지표물_data!$U$6, 지표물_data!$U$3, 지표물!$A28, X$10+2) ), "") -> 3.527 | Z28: =IFERROR( MIN( OFFSET(지표물_data!$U$6, 지표물_data!$U$3, 지표물!$A28, X$10+2) ), "") -> 2.89 | AA28: =IFERROR( AVERAGE( OFFSET(지표물_data!$U$6, 지표물_data!$U$3, 지표물!$A28, AA$10+2) ), "") -> 3.4675236 | AB28: =IFERROR( MAX( OFFSET(지표물_data!$U$6, 지표물_data!$U$3, 지표물!$A28, AA$10+2) ), "") -> 4.12 | AC28: =IFERROR( MIN( OFFSET(지표물_data!$U$6, 지표물_data!$U$3, 지표물!$A28, AA$10+2) ), "") -> 2.89
C29: SP(bp) | E29: =IFERROR( (E$13-E28)*100, "") -> 5.2 | F29: =IFERROR( (F$13-F28)*100, "") -> 5.3 | G29: =IFERROR( (G$13-G28)*100, "") -> 4.1 | H29: =IFERROR( (H$13-H28)*100, "") -> 4.7 | I29: =IFERROR( (I$13-I28)*100, "") -> 4.2 | J29: =IFERROR( (J$13-J28)*100, "") -> 4.4 | K29: =IFERROR( (K$13-K28)*100, "") -> 4.5 | L29: =IFERROR( (L$13-L28)*100, "") -> 3.8 | ... P29: =IFERROR( (P$13-P28)*100, "") -> 5.5 | R29: =IFERROR( (R$13-R28)*100, "") -> 3.2210526 | S29: =IFERROR( (S$13-S28)*100, "") -> 2.1 | T29: =IFERROR( (T$13-T28)*100, "") -> 5.7 | U29: =IFERROR( (U$13-U28)*100, "") -> 1.3656552 | V29: =IFERROR( (V$13-V28)*100, "") -> 3.378 | W29: =IFERROR( (W$13-W28)*100, "") -> 5.7 | X29: =IFERROR( (X$13-X28)*100, "") -> 0.96782456 | Y29: =IFERROR( (Y$13-Y28)*100, "") -> 0.3 | ... AC29: =IFERROR( (AC$13-AC28)*100, "") -> 5.7
