Workbook

Sheet Matrix
B2: 시가평가 평균 산출
D6: =TODAY() -> 45523
B7: 대분류 | C7: 중분류 | D7: 소분류 | E7: 3M | F7: 6M | G7: 9M | H7: 1Y | I7: 1.5Y | J7: 2Y | K7: 2.5Y | L7: 3Y | M7: 4Y | N7: 5Y | O7: 7Y | P7: 10Y | Q7: 15Y | R7: 20Y | S7: 30Y | T7: 50Y
B8: 국채 | C8: 국고채 | D8: 양곡,외평,재정 | E8: {=IFERROR( CHOOSE( data!$B$7, IF(_xll.IMDP("IR", data!$B9, data!M$8, $D$6)=0,"",_xll.IMDP("IR", data!$B9, data!M$8, $D$6)), IF(_xll.IMDP("IR", data!$C9, data!M$8, $D$6)=0,"",_xll.IMDP("IR", data!$C9, data!M$8, $D$6)), data!M9 ), "")} -> 3.338 | F8: {=IFERROR( CHOOSE( data!$B$7, IF(_xll.IMDP("IR", data!$B9, data!N$8, $D$6)=0,"",_xll.IMDP("IR", data!$B9, data!N$8, $D$6)), IF(_xll.IMDP("IR", data!$C9, data!N$8, $D$6)=0,"",_xll.IMDP("IR", data!$C9, data!N$8, $D$6)), data!N9 ), "")} -> 3.202 | G8: {=IFERROR( CHOOSE( data!$B$7, IF(_xll.IMDP("IR", data!$B9, data!O$8, $D$6)=0,"",_xll.IMDP("IR", data!$B9, data!O$8, $D$6)), IF(_xll.IMDP("IR", data!$C9, data!O$8, $D$6)=0,"",_xll.IMDP("IR", data!$C9, data!O$8, $D$6)), data!O9 ), "")} -> 3.114 | H8: {=IFERROR( CHOOSE( data!$B$7, IF(_xll.IMDP("IR", data!$B9, data!P$8, $D$6)=0,"",_xll.IMDP("IR", data!$B9, data!P$8, $D$6)), IF(_xll.IMDP("IR", data!$C9, data!P$8, $D$6)=0,"",_xll.IMDP("IR", data!$C9, data!P$8, $D$6)), data!P9 ), "")} -> 3.053 | I8: {=IFERROR( CHOOSE( data!$B$7, IF(_xll.IMDP("IR", data!$B9, data!Q$8, $D$6)=0,"",_xll.IMDP("IR", data!$B9, data!Q$8, $D$6)), IF(_xll.IMDP("IR", data!$C9, data!Q$8, $D$6)=0,"",_xll.IMDP("IR", data!$C9, data!Q$8, $D$6)), data!Q9 ), "")} -> 3.056 | J8: {=IFERROR( CHOOSE( data!$B$7, IF(_xll.IMDP("IR", data!$B9, data!R$8, $D$6)=0,"",_xll.IMDP("IR", data!$B9, data!R$8, $D$6)), IF(_xll.IMDP("IR", data!$C9, data!R$8, $D$6)=0,"",_xll.IMDP("IR", data!$C9, data!R$8, $D$6)), data!R9 ), "")} -> 3.03 | K8: {=IFERROR( CHOOSE( data!$B$7, IF(_xll.IMDP("IR", data!$B9, data!S$8, $D$6)=0,"",_xll.IMDP("IR", data!$B9, data!S$8, $D$6)), IF(_xll.IMDP("IR", data!$C9, data!S$8, $D$6)=0,"",_xll.IMDP("IR", data!$C9, data!S$8, $D$6)), data!S9 ), "")} -> 2.943 | L8: {=IFERROR( CHOOSE( data!$B$7, IF(_xll.IMDP("IR", data!$B9, data!T$8, $D$6)=0,"",_xll.IMDP("IR", data!$B9, data!T$8, $D$6)), IF(_xll.IMDP("IR", data!$C9, data!T$8, $D$6)=0,"",_xll.IMDP("IR", data!$C9, data!T$8, $D$6)), data!T9 ), "")} -> 2.922 | ... T8: {=IFERROR( CHOOSE( data!$B$7, IF(_xll.IMDP("IR", data!$B9, data!AB$8, $D$6)=0,"",_xll.IMDP("IR", data!$B9, data!AB$8, $D$6)), IF(_xll.IMDP("IR", data!$C9, data!AB$8, $D$6)=0,"",_xll.IMDP("IR", data!$C9, data!AB$8, $D$6)), data!AB9 ), "")} -> 2.762
C9: 국민주택1종 | D9: 복리채 | E9: {=IFERROR( CHOOSE( data!$B$7, IF(_xll.IMDP("IR", data!$B10, data!M$8, $D$6)=0,"",_xll.IMDP("IR", data!$B10, data!M$8, $D$6)), IF(_xll.IMDP("IR", data!$C10, data!M$8, $D$6)=0,"",_xll.IMDP("IR", data!$C10, data!M$8, $D$6)), data!M10 ), "")} -> 3.344 | F9: {=IFERROR( CHOOSE( data!$B$7, IF(_xll.IMDP("IR", data!$B10, data!N$8, $D$6)=0,"",_xll.IMDP("IR", data!$B10, data!N$8, $D$6)), IF(_xll.IMDP("IR", data!$C10, data!N$8, $D$6)=0,"",_xll.IMDP("IR", data!$C10, data!N$8, $D$6)), data!N10 ), "")} -> 3.25 | G9: {=IFERROR( CHOOSE( data!$B$7, IF(_xll.IMDP("IR", data!$B10, data!O$8, $D$6)=0,"",_xll.IMDP("IR", data!$B10, data!O$8, $D$6)), IF(_xll.IMDP("IR", data!$C10, data!O$8, $D$6)=0,"",_xll.IMDP("IR", data!$C10, data!O$8, $D$6)), data!O10 ), "")} -> 3.172 | H9: {=IFERROR( CHOOSE( data!$B$7, IF(_xll.IMDP("IR", data!$B10, data!P$8, $D$6)=0,"",_xll.IMDP("IR", data!$B10, data!P$8, $D$6)), IF(_xll.IMDP("IR", data!$C10, data!P$8, $D$6)=0,"",_xll.IMDP("IR", data!$C10, data!P$8, $D$6)), data!P10 ), "")} -> 3.089 | I9: {=IFERROR( CHOOSE( data!$B$7, IF(_xll.IMDP("IR", data!$B10, data!Q$8, $D$6)=0,"",_xll.IMDP("IR", data!$B10, data!Q$8, $D$6)), IF(_xll.IMDP("IR", data!$C10, data!Q$8, $D$6)=0,"",_xll.IMDP("IR", data!$C10, data!Q$8, $D$6)), data!Q10 ), "")} -> 3.074 | J9: {=IFERROR( CHOOSE( data!$B$7, IF(_xll.IMDP("IR", data!$B10, data!R$8, $D$6)=0,"",_xll.IMDP("IR", data!$B10, data!R$8, $D$6)), IF(_xll.IMDP("IR", data!$C10, data!R$8, $D$6)=0,"",_xll.IMDP("IR", data!$C10, data!R$8, $D$6)), data!R10 ), "")} -> 3.054 | K9: {=IFERROR( CHOOSE( data!$B$7, IF(_xll.IMDP("IR", data!$B10, data!S$8, $D$6)=0,"",_xll.IMDP("IR", data!$B10, data!S$8, $D$6)), IF(_xll.IMDP("IR", data!$C10, data!S$8, $D$6)=0,"",_xll.IMDP("IR", data!$C10, data!S$8, $D$6)), data!S10 ), "")} -> 3.011 | L9: {=IFERROR( CHOOSE( data!$B$7, IF(_xll.IMDP("IR", data!$B10, data!T$8, $D$6)=0,"",_xll.IMDP("IR", data!$B10, data!T$8, $D$6)), IF(_xll.IMDP("IR", data!$C10, data!T$8, $D$6)=0,"",_xll.IMDP("IR", data!$C10, data!T$8, $D$6)), data!T10 ), "")} -> 3.01 | ... T9: {=IFERROR( CHOOSE( data!$B$7, IF(_xll.IMDP("IR", data!$B10, data!AB$8, $D$6)=0,"",_xll.IMDP("IR", data!$B10, data!AB$8, $D$6)), IF(_xll.IMDP("IR", data!$C10, data!AB$8, $D$6)=0,"",_xll.IMDP("IR", data!$C10, data!AB$8, $D$6)), data!AB10 ), "")}
C10: 국민주택2종 | D10: 복리채 | E10: {=IFERROR( CHOOSE( data!$B$7, IF(_xll.IMDP("IR", data!$B11, data!M$8, $D$6)=0,"",_xll.IMDP("IR", data!$B11, data!M$8, $D$6)), IF(_xll.IMDP("IR", data!$C11, data!M$8, $D$6)=0,"",_xll.IMDP("IR", data!$C11, data!M$8, $D$6)), data!M11 ), "")} -> 3.128 | F10: {=IFERROR( CHOOSE( data!$B$7, IF(_xll.IMDP("IR", data!$B11, data!N$8, $D$6)=0,"",_xll.IMDP("IR", data!$B11, data!N$8, $D$6)), IF(_xll.IMDP("IR", data!$C11, data!N$8, $D$6)=0,"",_xll.IMDP("IR", data!$C11, data!N$8, $D$6)), data!N11 ), "")} -> 3.04 | G10: {=IFERROR( CHOOSE( data!$B$7, IF(_xll.IMDP("IR", data!$B11, data!O$8, $D$6)=0,"",_xll.IMDP("IR", data!$B11, data!O$8, $D$6)), IF(_xll.IMDP("IR", data!$C11, data!O$8, $D$6)=0,"",_xll.IMDP("IR", data!$C11, data!O$8, $D$6)), data!O11 ), "")} -> 2.973 | H10: {=IFERROR( CHOOSE( data!$B$7, IF(_xll.IMDP("IR", data!$B11, data!P$8, $D$6)=0,"",_xll.IMDP("IR", data!$B11, data!P$8, $D$6)), IF(_xll.IMDP("IR", data!$C11, data!P$8, $D$6)=0,"",_xll.IMDP("IR", data!$C11, data!P$8, $D$6)), data!P11 ), "")} -> 2.885 | I10: {=IFERROR( CHOOSE( data!$B$7, IF(_xll.IMDP("IR", data!$B11, data!Q$8, $D$6)=0,"",_xll.IMDP("IR", data!$B11, data!Q$8, $D$6)), IF(_xll.IMDP("IR", data!$C11, data!Q$8, $D$6)=0,"",_xll.IMDP("IR", data!$C11, data!Q$8, $D$6)), data!Q11 ), "")} -> 2.871 | J10: {=IFERROR( CHOOSE( data!$B$7, IF(_xll.IMDP("IR", data!$B11, data!R$8, $D$6)=0,"",_xll.IMDP("IR", data!$B11, data!R$8, $D$6)), IF(_xll.IMDP("IR", data!$C11, data!R$8, $D$6)=0,"",_xll.IMDP("IR", data!$C11, data!R$8, $D$6)), data!R11 ), "")} -> 2.851 | K10: {=IFERROR( CHOOSE( data!$B$7, IF(_xll.IMDP("IR", data!$B11, data!S$8, $D$6)=0,"",_xll.IMDP("IR", data!$B11, data!S$8, $D$6)), IF(_xll.IMDP("IR", data!$C11, data!S$8, $D$6)=0,"",_xll.IMDP("IR", data!$C11, data!S$8, $D$6)), data!S11 ), "")} -> 2.811 | L10: {=IFERROR( CHOOSE( data!$B$7, IF(_xll.IMDP("IR", data!$B11, data!T$8, $D$6)=0,"",_xll.IMDP("IR", data!$B11, data!T$8, $D$6)), IF(_xll.IMDP("IR", data!$C11, data!T$8, $D$6)=0,"",_xll.IMDP("IR", data!$C11, data!T$8, $D$6)), data!T11 ), "")} -> 2.818 | ... T10: {=IFERROR( CHOOSE( data!$B$7, IF(_xll.IMDP("IR", data!$B11, data!AB$8, $D$6)=0,"",_xll.IMDP("IR", data!$B11, data!AB$8, $D$6)), IF(_xll.IMDP("IR", data!$C11, data!AB$8, $D$6)=0,"",_xll.IMDP("IR", data!$C11, data!AB$8, $D$6)), data!AB11 ), "")}
C11: 국민주택3종 | D11: 복리채 | E11: {=IFERROR( CHOOSE( data!$B$7, IF(_xll.IMDP("IR", data!$B12, data!M$8, $D$6)=0,"",_xll.IMDP("IR", data!$B12, data!M$8, $D$6)), IF(_xll.IMDP("IR", data!$C12, data!M$8, $D$6)=0,"",_xll.IMDP("IR", data!$C12, data!M$8, $D$6)), data!M12 ), "")} -> 2.875 | F11: {=IFERROR( CHOOSE( data!$B$7, IF(_xll.IMDP("IR", data!$B12, data!N$8, $D$6)=0,"",_xll.IMDP("IR", data!$B12, data!N$8, $D$6)), IF(_xll.IMDP("IR", data!$C12, data!N$8, $D$6)=0,"",_xll.IMDP("IR", data!$C12, data!N$8, $D$6)), data!N12 ), "")} -> 2.785 | G11: {=IFERROR( CHOOSE( data!$B$7, IF(_xll.IMDP("IR", data!$B12, data!O$8, $D$6)=0,"",_xll.IMDP("IR", data!$B12, data!O$8, $D$6)), IF(_xll.IMDP("IR", data!$C12, data!O$8, $D$6)=0,"",_xll.IMDP("IR", data!$C12, data!O$8, $D$6)), data!O12 ), "")} -> 2.695 | H11: {=IFERROR( CHOOSE( data!$B$7, IF(_xll.IMDP("IR", data!$B12, data!P$8, $D$6)=0,"",_xll.IMDP("IR", data!$B12, data!P$8, $D$6)), IF(_xll.IMDP("IR", data!$C12, data!P$8, $D$6)=0,"",_xll.IMDP("IR", data!$C12, data!P$8, $D$6)), data!P12 ), "")} -> 2.597 | I11: {=IFERROR( CHOOSE( data!$B$7, IF(_xll.IMDP("IR", data!$B12, data!Q$8, $D$6)=0,"",_xll.IMDP("IR", data!$B12, data!Q$8, $D$6)), IF(_xll.IMDP("IR", data!$C12, data!Q$8, $D$6)=0,"",_xll.IMDP("IR", data!$C12, data!Q$8, $D$6)), data!Q12 ), "")} -> 2.607 | J11: {=IFERROR( CHOOSE( data!$B$7, IF(_xll.IMDP("IR", data!$B12, data!R$8, $D$6)=0,"",_xll.IMDP("IR", data!$B12, data!R$8, $D$6)), IF(_xll.IMDP("IR", data!$C12, data!R$8, $D$6)=0,"",_xll.IMDP("IR", data!$C12, data!R$8, $D$6)), data!R12 ), "")} -> 2.577 | K11: {=IFERROR( CHOOSE( data!$B$7, IF(_xll.IMDP("IR", data!$B12, data!S$8, $D$6)=0,"",_xll.IMDP("IR", data!$B12, data!S$8, $D$6)), IF(_xll.IMDP("IR", data!$C12, data!S$8, $D$6)=0,"",_xll.IMDP("IR", data!$C12, data!S$8, $D$6)), data!S12 ), "")} -> 2.517 | L11: {=IFERROR( CHOOSE( data!$B$7, IF(_xll.IMDP("IR", data!$B12, data!T$8, $D$6)=0,"",_xll.IMDP("IR", data!$B12, data!T$8, $D$6)), IF(_xll.IMDP("IR", data!$C12, data!T$8, $D$6)=0,"",_xll.IMDP("IR", data!$C12, data!T$8, $D$6)), data!T12 ), "")} -> 2.54 | ... T11: {=IFERROR( CHOOSE( data!$B$7, IF(_xll.IMDP("IR", data!$B12, data!AB$8, $D$6)=0,"",_xll.IMDP("IR", data!$B12, data!AB$8, $D$6)), IF(_xll.IMDP("IR", data!$C12, data!AB$8, $D$6)=0,"",_xll.IMDP("IR", data!$C12, data!AB$8, $D$6)), data!AB12 ), "")}
B12: 지방채 | C12: 서울도시철도 | D12: 분할거치 | E12: {=IFERROR( CHOOSE( data!$B$7, IF(_xll.IMDP("IR", data!$B13, data!M$8, $D$6)=0,"",_xll.IMDP("IR", data!$B13, data!M$8, $D$6)), IF(_xll.IMDP("IR", data!$C13, data!M$8, $D$6)=0,"",_xll.IMDP("IR", data!$C13, data!M$8, $D$6)), data!M13 ), "")} -> 3.41 | F12: {=IFERROR( CHOOSE( data!$B$7, IF(_xll.IMDP("IR", data!$B13, data!N$8, $D$6)=0,"",_xll.IMDP("IR", data!$B13, data!N$8, $D$6)), IF(_xll.IMDP("IR", data!$C13, data!N$8, $D$6)=0,"",_xll.IMDP("IR", data!$C13, data!N$8, $D$6)), data!N13 ), "")} -> 3.335 | G12: {=IFERROR( CHOOSE( data!$B$7, IF(_xll.IMDP("IR", data!$B13, data!O$8, $D$6)=0,"",_xll.IMDP("IR", data!$B13, data!O$8, $D$6)), IF(_xll.IMDP("IR", data!$C13, data!O$8, $D$6)=0,"",_xll.IMDP("IR", data!$C13, data!O$8, $D$6)), data!O13 ), "")} -> 3.255 | H12: {=IFERROR( CHOOSE( data!$B$7, IF(_xll.IMDP("IR", data!$B13, data!P$8, $D$6)=0,"",_xll.IMDP("IR", data!$B13, data!P$8, $D$6)), IF(_xll.IMDP("IR", data!$C13, data!P$8, $D$6)=0,"",_xll.IMDP("IR", data!$C13, data!P$8, $D$6)), data!P13 ), "")} -> 3.172 | I12: {=IFERROR( CHOOSE( data!$B$7, IF(_xll.IMDP("IR", data!$B13, data!Q$8, $D$6)=0,"",_xll.IMDP("IR", data!$B13, data!Q$8, $D$6)), IF(_xll.IMDP("IR", data!$C13, data!Q$8, $D$6)=0,"",_xll.IMDP("IR", data!$C13, data!Q$8, $D$6)), data!Q13 ), "")} -> 3.163 | J12: {=IFERROR( CHOOSE( data!$B$7, IF(_xll.IMDP("IR", data!$B13, data!R$8, $D$6)=0,"",_xll.IMDP("IR", data!$B13, data!R$8, $D$6)), IF(_xll.IMDP("IR", data!$C13, data!R$8, $D$6)=0,"",_xll.IMDP("IR", data!$C13, data!R$8, $D$6)), data!R13 ), "")} -> 3.147 | K12: {=IFERROR( CHOOSE( data!$B$7, IF(_xll.IMDP("IR", data!$B13, data!S$8, $D$6)=0,"",_xll.IMDP("IR", data!$B13, data!S$8, $D$6)), IF(_xll.IMDP("IR", data!$C13, data!S$8, $D$6)=0,"",_xll.IMDP("IR", data!$C13, data!S$8, $D$6)), data!S13 ), "")} -> 3.115 | L12: {=IFERROR( CHOOSE( data!$B$7, IF(_xll.IMDP("IR", data!$B13, data!T$8, $D$6)=0,"",_xll.IMDP("IR", data!$B13, data!T$8, $D$6)), IF(_xll.IMDP("IR", data!$C13, data!T$8, $D$6)=0,"",_xll.IMDP("IR", data!$C13, data!T$8, $D$6)), data!T13 ), "")} -> 3.127 | ... T12: {=IFERROR( CHOOSE( data!$B$7, IF(_xll.IMDP("IR", data!$B13, data!AB$8, $D$6)=0,"",_xll.IMDP("IR", data!$B13, data!AB$8, $D$6)), IF(_xll.IMDP("IR", data!$C13, data!AB$8, $D$6)=0,"",_xll.IMDP("IR", data!$C13, data!AB$8, $D$6)), data!AB13 ), "")}
C13: 지역개발채 | D13: 복리채 | E13: {=IFERROR( CHOOSE( data!$B$7, IF(_xll.IMDP("IR", data!$B14, data!M$8, $D$6)=0,"",_xll.IMDP("IR", data!$B14, data!M$8, $D$6)), IF(_xll.IMDP("IR", data!$C14, data!M$8, $D$6)=0,"",_xll.IMDP("IR", data!$C14, data!M$8, $D$6)), data!M14 ), "")} -> 3.41 | F13: {=IFERROR( CHOOSE( data!$B$7, IF(_xll.IMDP("IR", data!$B14, data!N$8, $D$6)=0,"",_xll.IMDP("IR", data!$B14, data!N$8, $D$6)), IF(_xll.IMDP("IR", data!$C14, data!N$8, $D$6)=0,"",_xll.IMDP("IR", data!$C14, data!N$8, $D$6)), data!N14 ), "")} -> 3.335 | G13: {=IFERROR( CHOOSE( data!$B$7, IF(_xll.IMDP("IR", data!$B14, data!O$8, $D$6)=0,"",_xll.IMDP("IR", data!$B14, data!O$8, $D$6)), IF(_xll.IMDP("IR", data!$C14, data!O$8, $D$6)=0,"",_xll.IMDP("IR", data!$C14, data!O$8, $D$6)), data!O14 ), "")} -> 3.255 | H13: {=IFERROR( CHOOSE( data!$B$7, IF(_xll.IMDP("IR", data!$B14, data!P$8, $D$6)=0,"",_xll.IMDP("IR", data!$B14, data!P$8, $D$6)), IF(_xll.IMDP("IR", data!$C14, data!P$8, $D$6)=0,"",_xll.IMDP("IR", data!$C14, data!P$8, $D$6)), data!P14 ), "")} -> 3.172 | I13: {=IFERROR( CHOOSE( data!$B$7, IF(_xll.IMDP("IR", data!$B14, data!Q$8, $D$6)=0,"",_xll.IMDP("IR", data!$B14, data!Q$8, $D$6)), IF(_xll.IMDP("IR", data!$C14, data!Q$8, $D$6)=0,"",_xll.IMDP("IR", data!$C14, data!Q$8, $D$6)), data!Q14 ), "")} -> 3.163 | J13: {=IFERROR( CHOOSE( data!$B$7, IF(_xll.IMDP("IR", data!$B14, data!R$8, $D$6)=0,"",_xll.IMDP("IR", data!$B14, data!R$8, $D$6)), IF(_xll.IMDP("IR", data!$C14, data!R$8, $D$6)=0,"",_xll.IMDP("IR", data!$C14, data!R$8, $D$6)), data!R14 ), "")} -> 3.148 | K13: {=IFERROR( CHOOSE( data!$B$7, IF(_xll.IMDP("IR", data!$B14, data!S$8, $D$6)=0,"",_xll.IMDP("IR", data!$B14, data!S$8, $D$6)), IF(_xll.IMDP("IR", data!$C14, data!S$8, $D$6)=0,"",_xll.IMDP("IR", data!$C14, data!S$8, $D$6)), data!S14 ), "")} -> 3.115 | L13: {=IFERROR( CHOOSE( data!$B$7, IF(_xll.IMDP("IR", data!$B14, data!T$8, $D$6)=0,"",_xll.IMDP("IR", data!$B14, data!T$8, $D$6)), IF(_xll.IMDP("IR", data!$C14, data!T$8, $D$6)=0,"",_xll.IMDP("IR", data!$C14, data!T$8, $D$6)), data!T14 ), "")} -> 3.127 | ... T13: {=IFERROR( CHOOSE( data!$B$7, IF(_xll.IMDP("IR", data!$B14, data!AB$8, $D$6)=0,"",_xll.IMDP("IR", data!$B14, data!AB$8, $D$6)), IF(_xll.IMDP("IR", data!$C14, data!AB$8, $D$6)=0,"",_xll.IMDP("IR", data!$C14, data!AB$8, $D$6)), data!AB14 ), "")}
B14: 공사 | C14: 공사/공단채 | D14: 정부보증 | E14: {=IFERROR( CHOOSE( data!$B$7, IF(_xll.IMDP("IR", data!$B15, data!M$8, $D$6)=0,"",_xll.IMDP("IR", data!$B15, data!M$8, $D$6)), IF(_xll.IMDP("IR", data!$C15, data!M$8, $D$6)=0,"",_xll.IMDP("IR", data!$C15, data!M$8, $D$6)), data!M15 ), "")} -> 3.387 | F14: {=IFERROR( CHOOSE( data!$B$7, IF(_xll.IMDP("IR", data!$B15, data!N$8, $D$6)=0,"",_xll.IMDP("IR", data!$B15, data!N$8, $D$6)), IF(_xll.IMDP("IR", data!$C15, data!N$8, $D$6)=0,"",_xll.IMDP("IR", data!$C15, data!N$8, $D$6)), data!N15 ), "")} -> 3.311 | G14: {=IFERROR( CHOOSE( data!$B$7, IF(_xll.IMDP("IR", data!$B15, data!O$8, $D$6)=0,"",_xll.IMDP("IR", data!$B15, data!O$8, $D$6)), IF(_xll.IMDP("IR", data!$C15, data!O$8, $D$6)=0,"",_xll.IMDP("IR", data!$C15, data!O$8, $D$6)), data!O15 ), "")} -> 3.233 | H14: {=IFERROR( CHOOSE( data!$B$7, IF(_xll.IMDP("IR", data!$B15, data!P$8, $D$6)=0,"",_xll.IMDP("IR", data!$B15, data!P$8, $D$6)), IF(_xll.IMDP("IR", data!$C15, data!P$8, $D$6)=0,"",_xll.IMDP("IR", data!$C15, data!P$8, $D$6)), data!P15 ), "")} -> 3.18 | I14: {=IFERROR( CHOOSE( data!$B$7, IF(_xll.IMDP("IR", data!$B15, data!Q$8, $D$6)=0,"",_xll.IMDP("IR", data!$B15, data!Q$8, $D$6)), IF(_xll.IMDP("IR", data!$C15, data!Q$8, $D$6)=0,"",_xll.IMDP("IR", data!$C15, data!Q$8, $D$6)), data!Q15 ), "")} -> 3.137 | J14: {=IFERROR( CHOOSE( data!$B$7, IF(_xll.IMDP("IR", data!$B15, data!R$8, $D$6)=0,"",_xll.IMDP("IR", data!$B15, data!R$8, $D$6)), IF(_xll.IMDP("IR", data!$C15, data!R$8, $D$6)=0,"",_xll.IMDP("IR", data!$C15, data!R$8, $D$6)), data!R15 ), "")} -> 3.12 | K14: {=IFERROR( CHOOSE( data!$B$7, IF(_xll.IMDP("IR", data!$B15, data!S$8, $D$6)=0,"",_xll.IMDP("IR", data!$B15, data!S$8, $D$6)), IF(_xll.IMDP("IR", data!$C15, data!S$8, $D$6)=0,"",_xll.IMDP("IR", data!$C15, data!S$8, $D$6)), data!S15 ), "")} -> 3.085 | L14: {=IFERROR( CHOOSE( data!$B$7, IF(_xll.IMDP("IR", data!$B15, data!T$8, $D$6)=0,"",_xll.IMDP("IR", data!$B15, data!T$8, $D$6)), IF(_xll.IMDP("IR", data!$C15, data!T$8, $D$6)=0,"",_xll.IMDP("IR", data!$C15, data!T$8, $D$6)), data!T15 ), "")} -> 3.074 | ... T14: {=IFERROR( CHOOSE( data!$B$7, IF(_xll.IMDP("IR", data!$B15, data!AB$8, $D$6)=0,"",_xll.IMDP("IR", data!$B15, data!AB$8, $D$6)), IF(_xll.IMDP("IR", data!$C15, data!AB$8, $D$6)=0,"",_xll.IMDP("IR", data!$C15, data!AB$8, $D$6)), data!AB15 ), "")}
B15: 공단채 | D15: AAA | E15: {=IFERROR( CHOOSE( data!$B$7, IF(_xll.IMDP("IR", data!$B16, data!M$8, $D$6)=0,"",_xll.IMDP("IR", data!$B16, data!M$8, $D$6)), IF(_xll.IMDP("IR", data!$C16, data!M$8, $D$6)=0,"",_xll.IMDP("IR", data!$C16, data!M$8, $D$6)), data!M16 ), "")} -> 3.392 | F15: {=IFERROR( CHOOSE( data!$B$7, IF(_xll.IMDP("IR", data!$B16, data!N$8, $D$6)=0,"",_xll.IMDP("IR", data!$B16, data!N$8, $D$6)), IF(_xll.IMDP("IR", data!$C16, data!N$8, $D$6)=0,"",_xll.IMDP("IR", data!$C16, data!N$8, $D$6)), data!N16 ), "")} -> 3.357 | G15: {=IFERROR( CHOOSE( data!$B$7, IF(_xll.IMDP("IR", data!$B16, data!O$8, $D$6)=0,"",_xll.IMDP("IR", data!$B16, data!O$8, $D$6)), IF(_xll.IMDP("IR", data!$C16, data!O$8, $D$6)=0,"",_xll.IMDP("IR", data!$C16, data!O$8, $D$6)), data!O16 ), "")} -> 3.299 | H15: {=IFERROR( CHOOSE( data!$B$7, IF(_xll.IMDP("IR", data!$B16, data!P$8, $D$6)=0,"",_xll.IMDP("IR", data!$B16, data!P$8, $D$6)), IF(_xll.IMDP("IR", data!$C16, data!P$8, $D$6)=0,"",_xll.IMDP("IR", data!$C16, data!P$8, $D$6)), data!P16 ), "")} -> 3.257 | I15: {=IFERROR( CHOOSE( data!$B$7, IF(_xll.IMDP("IR", data!$B16, data!Q$8, $D$6)=0,"",_xll.IMDP("IR", data!$B16, data!Q$8, $D$6)), IF(_xll.IMDP("IR", data!$C16, data!Q$8, $D$6)=0,"",_xll.IMDP("IR", data!$C16, data!Q$8, $D$6)), data!Q16 ), "")} -> 3.198 | J15: {=IFERROR( CHOOSE( data!$B$7, IF(_xll.IMDP("IR", data!$B16, data!R$8, $D$6)=0,"",_xll.IMDP("IR", data!$B16, data!R$8, $D$6)), IF(_xll.IMDP("IR", data!$C16, data!R$8, $D$6)=0,"",_xll.IMDP("IR", data!$C16, data!R$8, $D$6)), data!R16 ), "")} -> 3.184 | K15: {=IFERROR( CHOOSE( data!$B$7, IF(_xll.IMDP("IR", data!$B16, data!S$8, $D$6)=0,"",_xll.IMDP("IR", data!$B16, data!S$8, $D$6)), IF(_xll.IMDP("IR", data!$C16, data!S$8, $D$6)=0,"",_xll.IMDP("IR", data!$C16, data!S$8, $D$6)), data!S16 ), "")} -> 3.153 | L15: {=IFERROR( CHOOSE( data!$B$7, IF(_xll.IMDP("IR", data!$B16, data!T$8, $D$6)=0,"",_xll.IMDP("IR", data!$B16, data!T$8, $D$6)), IF(_xll.IMDP("IR", data!$C16, data!T$8, $D$6)=0,"",_xll.IMDP("IR", data!$C16, data!T$8, $D$6)), data!T16 ), "")} -> 3.153 | ... T15: {=IFERROR( CHOOSE( data!$B$7, IF(_xll.IMDP("IR", data!$B16, data!AB$8, $D$6)=0,"",_xll.IMDP("IR", data!$B16, data!AB$8, $D$6)), IF(_xll.IMDP("IR", data!$C16, data!AB$8, $D$6)=0,"",_xll.IMDP("IR", data!$C16, data!AB$8, $D$6)), data!AB16 ), "")}
D16: AA+ | E16: {=IFERROR( CHOOSE( data!$B$7, IF(_xll.IMDP("IR", data!$B17, data!M$8, $D$6)=0,"",_xll.IMDP("IR", data!$B17, data!M$8, $D$6)), IF(_xll.IMDP("IR", data!$C17, data!M$8, $D$6)=0,"",_xll.IMDP("IR", data!$C17, data!M$8, $D$6)), data!M17 ), "")} -> 3.417 | F16: {=IFERROR( CHOOSE( data!$B$7, IF(_xll.IMDP("IR", data!$B17, data!N$8, $D$6)=0,"",_xll.IMDP("IR", data!$B17, data!N$8, $D$6)), IF(_xll.IMDP("IR", data!$C17, data!N$8, $D$6)=0,"",_xll.IMDP("IR", data!$C17, data!N$8, $D$6)), data!N17 ), "")} -> 3.405 | G16: {=IFERROR( CHOOSE( data!$B$7, IF(_xll.IMDP("IR", data!$B17, data!O$8, $D$6)=0,"",_xll.IMDP("IR", data!$B17, data!O$8, $D$6)), IF(_xll.IMDP("IR", data!$C17, data!O$8, $D$6)=0,"",_xll.IMDP("IR", data!$C17, data!O$8, $D$6)), data!O17 ), "")} -> 3.356 | H16: {=IFERROR( CHOOSE( data!$B$7, IF(_xll.IMDP("IR", data!$B17, data!P$8, $D$6)=0,"",_xll.IMDP("IR", data!$B17, data!P$8, $D$6)), IF(_xll.IMDP("IR", data!$C17, data!P$8, $D$6)=0,"",_xll.IMDP("IR", data!$C17, data!P$8, $D$6)), data!P17 ), "")} -> 3.306 | I16: {=IFERROR( CHOOSE( data!$B$7, IF(_xll.IMDP("IR", data!$B17, data!Q$8, $D$6)=0,"",_xll.IMDP("IR", data!$B17, data!Q$8, $D$6)), IF(_xll.IMDP("IR", data!$C17, data!Q$8, $D$6)=0,"",_xll.IMDP("IR", data!$C17, data!Q$8, $D$6)), data!Q17 ), "")} -> 3.284 | J16: {=IFERROR( CHOOSE( data!$B$7, IF(_xll.IMDP("IR", data!$B17, data!R$8, $D$6)=0,"",_xll.IMDP("IR", data!$B17, data!R$8, $D$6)), IF(_xll.IMDP("IR", data!$C17, data!R$8, $D$6)=0,"",_xll.IMDP("IR", data!$C17, data!R$8, $D$6)), data!R17 ), "")} -> 3.284 | K16: {=IFERROR( CHOOSE( data!$B$7, IF(_xll.IMDP("IR", data!$B17, data!S$8, $D$6)=0,"",_xll.IMDP("IR", data!$B17, data!S$8, $D$6)), IF(_xll.IMDP("IR", data!$C17, data!S$8, $D$6)=0,"",_xll.IMDP("IR", data!$C17, data!S$8, $D$6)), data!S17 ), "")} -> 3.252 | L16: {=IFERROR( CHOOSE( data!$B$7, IF(_xll.IMDP("IR", data!$B17, data!T$8, $D$6)=0,"",_xll.IMDP("IR", data!$B17, data!T$8, $D$6)), IF(_xll.IMDP("IR", data!$C17, data!T$8, $D$6)=0,"",_xll.IMDP("IR", data!$C17, data!T$8, $D$6)), data!T17 ), "")} -> 3.249 | ... T16: {=IFERROR( CHOOSE( data!$B$7, IF(_xll.IMDP("IR", data!$B17, data!AB$8, $D$6)=0,"",_xll.IMDP("IR", data!$B17, data!AB$8, $D$6)), IF(_xll.IMDP("IR", data!$C17, data!AB$8, $D$6)=0,"",_xll.IMDP("IR", data!$C17, data!AB$8, $D$6)), data!AB17 ), "")}
D17: AA0 | E17: {=IFERROR( CHOOSE( data!$B$7, IF(_xll.IMDP("IR", data!$B18, data!M$8, $D$6)=0,"",_xll.IMDP("IR", data!$B18, data!M$8, $D$6)), IF(_xll.IMDP("IR", data!$C18, data!M$8, $D$6)=0,"",_xll.IMDP("IR", data!$C18, data!M$8, $D$6)), data!M18 ), "")} -> 3.471 | F17: {=IFERROR( CHOOSE( data!$B$7, IF(_xll.IMDP("IR", data!$B18, data!N$8, $D$6)=0,"",_xll.IMDP("IR", data!$B18, data!N$8, $D$6)), IF(_xll.IMDP("IR", data!$C18, data!N$8, $D$6)=0,"",_xll.IMDP("IR", data!$C18, data!N$8, $D$6)), data!N18 ), "")} -> 3.478 | G17: {=IFERROR( CHOOSE( data!$B$7, IF(_xll.IMDP("IR", data!$B18, data!O$8, $D$6)=0,"",_xll.IMDP("IR", data!$B18, data!O$8, $D$6)), IF(_xll.IMDP("IR", data!$C18, data!O$8, $D$6)=0,"",_xll.IMDP("IR", data!$C18, data!O$8, $D$6)), data!O18 ), "")} -> 3.442 | H17: {=IFERROR( CHOOSE( data!$B$7, IF(_xll.IMDP("IR", data!$B18, data!P$8, $D$6)=0,"",_xll.IMDP("IR", data!$B18, data!P$8, $D$6)), IF(_xll.IMDP("IR", data!$C18, data!P$8, $D$6)=0,"",_xll.IMDP("IR", data!$C18, data!P$8, $D$6)), data!P18 ), "")} -> 3.41 | I17: {=IFERROR( CHOOSE( data!$B$7, IF(_xll.IMDP("IR", data!$B18, data!Q$8, $D$6)=0,"",_xll.IMDP("IR", data!$B18, data!Q$8, $D$6)), IF(_xll.IMDP("IR", data!$C18, data!Q$8, $D$6)=0,"",_xll.IMDP("IR", data!$C18, data!Q$8, $D$6)), data!Q18 ), "")} -> 3.409 | J17: {=IFERROR( CHOOSE( data!$B$7, IF(_xll.IMDP("IR", data!$B18, data!R$8, $D$6)=0,"",_xll.IMDP("IR", data!$B18, data!R$8, $D$6)), IF(_xll.IMDP("IR", data!$C18, data!R$8, $D$6)=0,"",_xll.IMDP("IR", data!$C18, data!R$8, $D$6)), data!R18 ), "")} -> 3.413 | K17: {=IFERROR( CHOOSE( data!$B$7, IF(_xll.IMDP("IR", data!$B18, data!S$8, $D$6)=0,"",_xll.IMDP("IR", data!$B18, data!S$8, $D$6)), IF(_xll.IMDP("IR", data!$C18, data!S$8, $D$6)=0,"",_xll.IMDP("IR", data!$C18, data!S$8, $D$6)), data!S18 ), "")} -> 3.389 | L17: {=IFERROR( CHOOSE( data!$B$7, IF(_xll.IMDP("IR", data!$B18, data!T$8, $D$6)=0,"",_xll.IMDP("IR", data!$B18, data!T$8, $D$6)), IF(_xll.IMDP("IR", data!$C18, data!T$8, $D$6)=0,"",_xll.IMDP("IR", data!$C18, data!T$8, $D$6)), data!T18 ), "")} -> 3.398 | ... T17: {=IFERROR( CHOOSE( data!$B$7, IF(_xll.IMDP("IR", data!$B18, data!AB$8, $D$6)=0,"",_xll.IMDP("IR", data!$B18, data!AB$8, $D$6)), IF(_xll.IMDP("IR", data!$C18, data!AB$8, $D$6)=0,"",_xll.IMDP("IR", data!$C18, data!AB$8, $D$6)), data!AB18 ), "")}
D18: AA- | E18: {=IFERROR( CHOOSE( data!$B$7, IF(_xll.IMDP("IR", data!$B19, data!M$8, $D$6)=0,"",_xll.IMDP("IR", data!$B19, data!M$8, $D$6)), IF(_xll.IMDP("IR", data!$C19, data!M$8, $D$6)=0,"",_xll.IMDP("IR", data!$C19, data!M$8, $D$6)), data!M19 ), "")} -> 3.587 | F18: {=IFERROR( CHOOSE( data!$B$7, IF(_xll.IMDP("IR", data!$B19, data!N$8, $D$6)=0,"",_xll.IMDP("IR", data!$B19, data!N$8, $D$6)), IF(_xll.IMDP("IR", data!$C19, data!N$8, $D$6)=0,"",_xll.IMDP("IR", data!$C19, data!N$8, $D$6)), data!N19 ), "")} -> 3.6 | G18: {=IFERROR( CHOOSE( data!$B$7, IF(_xll.IMDP("IR", data!$B19, data!O$8, $D$6)=0,"",_xll.IMDP("IR", data!$B19, data!O$8, $D$6)), IF(_xll.IMDP("IR", data!$C19, data!O$8, $D$6)=0,"",_xll.IMDP("IR", data!$C19, data!O$8, $D$6)), data!O19 ), "")} -> 3.576 | H18: {=IFERROR( CHOOSE( data!$B$7, IF(_xll.IMDP("IR", data!$B19, data!P$8, $D$6)=0,"",_xll.IMDP("IR", data!$B19, data!P$8, $D$6)), IF(_xll.IMDP("IR", data!$C19, data!P$8, $D$6)=0,"",_xll.IMDP("IR", data!$C19, data!P$8, $D$6)), data!P19 ), "")} -> 3.569 | I18: {=IFERROR( CHOOSE( data!$B$7, IF(_xll.IMDP("IR", data!$B19, data!Q$8, $D$6)=0,"",_xll.IMDP("IR", data!$B19, data!Q$8, $D$6)), IF(_xll.IMDP("IR", data!$C19, data!Q$8, $D$6)=0,"",_xll.IMDP("IR", data!$C19, data!Q$8, $D$6)), data!Q19 ), "")} -> 3.549 | J18: {=IFERROR( CHOOSE( data!$B$7, IF(_xll.IMDP("IR", data!$B19, data!R$8, $D$6)=0,"",_xll.IMDP("IR", data!$B19, data!R$8, $D$6)), IF(_xll.IMDP("IR", data!$C19, data!R$8, $D$6)=0,"",_xll.IMDP("IR", data!$C19, data!R$8, $D$6)), data!R19 ), "")} -> 3.555 | K18: {=IFERROR( CHOOSE( data!$B$7, IF(_xll.IMDP("IR", data!$B19, data!S$8, $D$6)=0,"",_xll.IMDP("IR", data!$B19, data!S$8, $D$6)), IF(_xll.IMDP("IR", data!$C19, data!S$8, $D$6)=0,"",_xll.IMDP("IR", data!$C19, data!S$8, $D$6)), data!S19 ), "")} -> 3.529 | L18: {=IFERROR( CHOOSE( data!$B$7, IF(_xll.IMDP("IR", data!$B19, data!T$8, $D$6)=0,"",_xll.IMDP("IR", data!$B19, data!T$8, $D$6)), IF(_xll.IMDP("IR", data!$C19, data!T$8, $D$6)=0,"",_xll.IMDP("IR", data!$C19, data!T$8, $D$6)), data!T19 ), "")} -> 3.536 | ... T18: {=IFERROR( CHOOSE( data!$B$7, IF(_xll.IMDP("IR", data!$B19, data!AB$8, $D$6)=0,"",_xll.IMDP("IR", data!$B19, data!AB$8, $D$6)), IF(_xll.IMDP("IR", data!$C19, data!AB$8, $D$6)=0,"",_xll.IMDP("IR", data!$C19, data!AB$8, $D$6)), data!AB19 ), "")}
B19: 통안증권 | C19: 통안증권 | D19: 이표채 | E19: {=IFERROR( CHOOSE( data!$B$7, IF(_xll.IMDP("IR", data!$B20, data!M$8, $D$6)=0,"",_xll.IMDP("IR", data!$B20, data!M$8, $D$6)), IF(_xll.IMDP("IR", data!$C20, data!M$8, $D$6)=0,"",_xll.IMDP("IR", data!$C20, data!M$8, $D$6)), data!M20 ), "")} -> 3.271 | F19: {=IFERROR( CHOOSE( data!$B$7, IF(_xll.IMDP("IR", data!$B20, data!N$8, $D$6)=0,"",_xll.IMDP("IR", data!$B20, data!N$8, $D$6)), IF(_xll.IMDP("IR", data!$C20, data!N$8, $D$6)=0,"",_xll.IMDP("IR", data!$C20, data!N$8, $D$6)), data!N20 ), "")} -> 3.166 | G19: {=IFERROR( CHOOSE( data!$B$7, IF(_xll.IMDP("IR", data!$B20, data!O$8, $D$6)=0,"",_xll.IMDP("IR", data!$B20, data!O$8, $D$6)), IF(_xll.IMDP("IR", data!$C20, data!O$8, $D$6)=0,"",_xll.IMDP("IR", data!$C20, data!O$8, $D$6)), data!O20 ), "")} -> 3.1 | H19: {=IFERROR( CHOOSE( data!$B$7, IF(_xll.IMDP("IR", data!$B20, data!P$8, $D$6)=0,"",_xll.IMDP("IR", data!$B20, data!P$8, $D$6)), IF(_xll.IMDP("IR", data!$C20, data!P$8, $D$6)=0,"",_xll.IMDP("IR", data!$C20, data!P$8, $D$6)), data!P20 ), "")} -> 3.026 | I19: {=IFERROR( CHOOSE( data!$B$7, IF(_xll.IMDP("IR", data!$B20, data!Q$8, $D$6)=0,"",_xll.IMDP("IR", data!$B20, data!Q$8, $D$6)), IF(_xll.IMDP("IR", data!$C20, data!Q$8, $D$6)=0,"",_xll.IMDP("IR", data!$C20, data!Q$8, $D$6)), data!Q20 ), "")} -> 3.042 | J19: {=IFERROR( CHOOSE( data!$B$7, IF(_xll.IMDP("IR", data!$B20, data!R$8, $D$6)=0,"",_xll.IMDP("IR", data!$B20, data!R$8, $D$6)), IF(_xll.IMDP("IR", data!$C20, data!R$8, $D$6)=0,"",_xll.IMDP("IR", data!$C20, data!R$8, $D$6)), data!R20 ), "")} -> 2.987 | K19: {=IFERROR( CHOOSE( data!$B$7, IF(_xll.IMDP("IR", data!$B20, data!S$8, $D$6)=0,"",_xll.IMDP("IR", data!$B20, data!S$8, $D$6)), IF(_xll.IMDP("IR", data!$C20, data!S$8, $D$6)=0,"",_xll.IMDP("IR", data!$C20, data!S$8, $D$6)), data!S20 ), "")} -> 2.993 | L19: {=IFERROR( CHOOSE( data!$B$7, IF(_xll.IMDP("IR", data!$B20, data!T$8, $D$6)=0,"",_xll.IMDP("IR", data!$B20, data!T$8, $D$6)), IF(_xll.IMDP("IR", data!$C20, data!T$8, $D$6)=0,"",_xll.IMDP("IR", data!$C20, data!T$8, $D$6)), data!T20 ), "")} -> 2.994 | ... T19: {=IFERROR( CHOOSE( data!$B$7, IF(_xll.IMDP("IR", data!$B20, data!AB$8, $D$6)=0,"",_xll.IMDP("IR", data!$B20, data!AB$8, $D$6)), IF(_xll.IMDP("IR", data!$C20, data!AB$8, $D$6)=0,"",_xll.IMDP("IR", data!$C20, data!AB$8, $D$6)), data!AB20 ), "")}
D20: 할인채 | E20: {=IFERROR( CHOOSE( data!$B$7, IF(_xll.IMDP("IR", data!$B21, data!M$8, $D$6)=0,"",_xll.IMDP("IR", data!$B21, data!M$8, $D$6)), IF(_xll.IMDP("IR", data!$C21, data!M$8, $D$6)=0,"",_xll.IMDP("IR", data!$C21, data!M$8, $D$6)), data!M21 ), "")} -> 3.287 | F20: {=IFERROR( CHOOSE( data!$B$7, IF(_xll.IMDP("IR", data!$B21, data!N$8, $D$6)=0,"",_xll.IMDP("IR", data!$B21, data!N$8, $D$6)), IF(_xll.IMDP("IR", data!$C21, data!N$8, $D$6)=0,"",_xll.IMDP("IR", data!$C21, data!N$8, $D$6)), data!N21 ), "")} -> 3.183 | G20: {=IFERROR( CHOOSE( data!$B$7, IF(_xll.IMDP("IR", data!$B21, data!O$8, $D$6)=0,"",_xll.IMDP("IR", data!$B21, data!O$8, $D$6)), IF(_xll.IMDP("IR", data!$C21, data!O$8, $D$6)=0,"",_xll.IMDP("IR", data!$C21, data!O$8, $D$6)), data!O21 ), "")} -> 3.111 | H20: {=IFERROR( CHOOSE( data!$B$7, IF(_xll.IMDP("IR", data!$B21, data!P$8, $D$6)=0,"",_xll.IMDP("IR", data!$B21, data!P$8, $D$6)), IF(_xll.IMDP("IR", data!$C21, data!P$8, $D$6)=0,"",_xll.IMDP("IR", data!$C21, data!P$8, $D$6)), data!P21 ), "")} -> 3.022 | I20: {=IFERROR( CHOOSE( data!$B$7, IF(_xll.IMDP("IR", data!$B21, data!Q$8, $D$6)=0,"",_xll.IMDP("IR", data!$B21, data!Q$8, $D$6)), IF(_xll.IMDP("IR", data!$C21, data!Q$8, $D$6)=0,"",_xll.IMDP("IR", data!$C21, data!Q$8, $D$6)), data!Q21 ), "")} -> 3.048 | J20: {=IFERROR( CHOOSE( data!$B$7, IF(_xll.IMDP("IR", data!$B21, data!R$8, $D$6)=0,"",_xll.IMDP("IR", data!$B21, data!R$8, $D$6)), IF(_xll.IMDP("IR", data!$C21, data!R$8, $D$6)=0,"",_xll.IMDP("IR", data!$C21, data!R$8, $D$6)), data!R21 ), "")} -> 2.994 | K20: {=IFERROR( CHOOSE( data!$B$7, IF(_xll.IMDP("IR", data!$B21, data!S$8, $D$6)=0,"",_xll.IMDP("IR", data!$B21, data!S$8, $D$6)), IF(_xll.IMDP("IR", data!$C21, data!S$8, $D$6)=0,"",_xll.IMDP("IR", data!$C21, data!S$8, $D$6)), data!S21 ), "")} -> 3.002 | L20: {=IFERROR( CHOOSE( data!$B$7, IF(_xll.IMDP("IR", data!$B21, data!T$8, $D$6)=0,"",_xll.IMDP("IR", data!$B21, data!T$8, $D$6)), IF(_xll.IMDP("IR", data!$C21, data!T$8, $D$6)=0,"",_xll.IMDP("IR", data!$C21, data!T$8, $D$6)), data!T21 ), "")} -> 3.003 | ... T20: {=IFERROR( CHOOSE( data!$B$7, IF(_xll.IMDP("IR", data!$B21, data!AB$8, $D$6)=0,"",_xll.IMDP("IR", data!$B21, data!AB$8, $D$6)), IF(_xll.IMDP("IR", data!$C21, data!AB$8, $D$6)=0,"",_xll.IMDP("IR", data!$C21, data!AB$8, $D$6)), data!AB21 ), "")}
B21: 커버드본드 | C21: 커버드본드 | D21: AAA | E21: {=IFERROR( CHOOSE( data!$B$7, IF(_xll.IMDP("IR", data!$B22, data!M$8, $D$6)=0,"",_xll.IMDP("IR", data!$B22, data!M$8, $D$6)), IF(_xll.IMDP("IR", data!$C22, data!M$8, $D$6)=0,"",_xll.IMDP("IR", data!$C22, data!M$8, $D$6)), data!M22 ), "")} -> 3.423 | F21: {=IFERROR( CHOOSE( data!$B$7, IF(_xll.IMDP("IR", data!$B22, data!N$8, $D$6)=0,"",_xll.IMDP("IR", data!$B22, data!N$8, $D$6)), IF(_xll.IMDP("IR", data!$C22, data!N$8, $D$6)=0,"",_xll.IMDP("IR", data!$C22, data!N$8, $D$6)), data!N22 ), "")} -> 3.4 | G21: {=IFERROR( CHOOSE( data!$B$7, IF(_xll.IMDP("IR", data!$B22, data!O$8, $D$6)=0,"",_xll.IMDP("IR", data!$B22, data!O$8, $D$6)), IF(_xll.IMDP("IR", data!$C22, data!O$8, $D$6)=0,"",_xll.IMDP("IR", data!$C22, data!O$8, $D$6)), data!O22 ), "")} -> 3.33 | H21: {=IFERROR( CHOOSE( data!$B$7, IF(_xll.IMDP("IR", data!$B22, data!P$8, $D$6)=0,"",_xll.IMDP("IR", data!$B22, data!P$8, $D$6)), IF(_xll.IMDP("IR", data!$C22, data!P$8, $D$6)=0,"",_xll.IMDP("IR", data!$C22, data!P$8, $D$6)), data!P22 ), "")} -> 3.288 | I21: {=IFERROR( CHOOSE( data!$B$7, IF(_xll.IMDP("IR", data!$B22, data!Q$8, $D$6)=0,"",_xll.IMDP("IR", data!$B22, data!Q$8, $D$6)), IF(_xll.IMDP("IR", data!$C22, data!Q$8, $D$6)=0,"",_xll.IMDP("IR", data!$C22, data!Q$8, $D$6)), data!Q22 ), "")} -> 3.244 | J21: {=IFERROR( CHOOSE( data!$B$7, IF(_xll.IMDP("IR", data!$B22, data!R$8, $D$6)=0,"",_xll.IMDP("IR", data!$B22, data!R$8, $D$6)), IF(_xll.IMDP("IR", data!$C22, data!R$8, $D$6)=0,"",_xll.IMDP("IR", data!$C22, data!R$8, $D$6)), data!R22 ), "")} -> 3.207 | K21: {=IFERROR( CHOOSE( data!$B$7, IF(_xll.IMDP("IR", data!$B22, data!S$8, $D$6)=0,"",_xll.IMDP("IR", data!$B22, data!S$8, $D$6)), IF(_xll.IMDP("IR", data!$C22, data!S$8, $D$6)=0,"",_xll.IMDP("IR", data!$C22, data!S$8, $D$6)), data!S22 ), "")} -> 3.182 | L21: {=IFERROR( CHOOSE( data!$B$7, IF(_xll.IMDP("IR", data!$B22, data!T$8, $D$6)=0,"",_xll.IMDP("IR", data!$B22, data!T$8, $D$6)), IF(_xll.IMDP("IR", data!$C22, data!T$8, $D$6)=0,"",_xll.IMDP("IR", data!$C22, data!T$8, $D$6)), data!T22 ), "")} -> 3.166 | ... T21: {=IFERROR( CHOOSE( data!$B$7, IF(_xll.IMDP("IR", data!$B22, data!AB$8, $D$6)=0,"",_xll.IMDP("IR", data!$B22, data!AB$8, $D$6)), IF(_xll.IMDP("IR", data!$C22, data!AB$8, $D$6)=0,"",_xll.IMDP("IR", data!$C22, data!AB$8, $D$6)), data!AB22 ), "")}
B22: 금융채 | C22: 은행채 | D22: AAA(산금-이표) | E22: {=IFERROR( CHOOSE( data!$B$7, IF(_xll.IMDP("IR", data!$B23, data!M$8, $D$6)=0,"",_xll.IMDP("IR", data!$B23, data!M$8, $D$6)), IF(_xll.IMDP("IR", data!$C23, data!M$8, $D$6)=0,"",_xll.IMDP("IR", data!$C23, data!M$8, $D$6)), data!M23 ), "")} -> 3.416 | F22: {=IFERROR( CHOOSE( data!$B$7, IF(_xll.IMDP("IR", data!$B23, data!N$8, $D$6)=0,"",_xll.IMDP("IR", data!$B23, data!N$8, $D$6)), IF(_xll.IMDP("IR", data!$C23, data!N$8, $D$6)=0,"",_xll.IMDP("IR", data!$C23, data!N$8, $D$6)), data!N23 ), "")} -> 3.389 | G22: {=IFERROR( CHOOSE( data!$B$7, IF(_xll.IMDP("IR", data!$B23, data!O$8, $D$6)=0,"",_xll.IMDP("IR", data!$B23, data!O$8, $D$6)), IF(_xll.IMDP("IR", data!$C23, data!O$8, $D$6)=0,"",_xll.IMDP("IR", data!$C23, data!O$8, $D$6)), data!O23 ), "")} -> 3.32 | H22: {=IFERROR( CHOOSE( data!$B$7, IF(_xll.IMDP("IR", data!$B23, data!P$8, $D$6)=0,"",_xll.IMDP("IR", data!$B23, data!P$8, $D$6)), IF(_xll.IMDP("IR", data!$C23, data!P$8, $D$6)=0,"",_xll.IMDP("IR", data!$C23, data!P$8, $D$6)), data!P23 ), "")} -> 3.28 | I22: {=IFERROR( CHOOSE( data!$B$7, IF(_xll.IMDP("IR", data!$B23, data!Q$8, $D$6)=0,"",_xll.IMDP("IR", data!$B23, data!Q$8, $D$6)), IF(_xll.IMDP("IR", data!$C23, data!Q$8, $D$6)=0,"",_xll.IMDP("IR", data!$C23, data!Q$8, $D$6)), data!Q23 ), "")} -> 3.232 | J22: {=IFERROR( CHOOSE( data!$B$7, IF(_xll.IMDP("IR", data!$B23, data!R$8, $D$6)=0,"",_xll.IMDP("IR", data!$B23, data!R$8, $D$6)), IF(_xll.IMDP("IR", data!$C23, data!R$8, $D$6)=0,"",_xll.IMDP("IR", data!$C23, data!R$8, $D$6)), data!R23 ), "")} -> 3.181 | K22: {=IFERROR( CHOOSE( data!$B$7, IF(_xll.IMDP("IR", data!$B23, data!S$8, $D$6)=0,"",_xll.IMDP("IR", data!$B23, data!S$8, $D$6)), IF(_xll.IMDP("IR", data!$C23, data!S$8, $D$6)=0,"",_xll.IMDP("IR", data!$C23, data!S$8, $D$6)), data!S23 ), "")} -> 3.126 | L22: {=IFERROR( CHOOSE( data!$B$7, IF(_xll.IMDP("IR", data!$B23, data!T$8, $D$6)=0,"",_xll.IMDP("IR", data!$B23, data!T$8, $D$6)), IF(_xll.IMDP("IR", data!$C23, data!T$8, $D$6)=0,"",_xll.IMDP("IR", data!$C23, data!T$8, $D$6)), data!T23 ), "")} -> 3.093 | ... T22: {=IFERROR( CHOOSE( data!$B$7, IF(_xll.IMDP("IR", data!$B23, data!AB$8, $D$6)=0,"",_xll.IMDP("IR", data!$B23, data!AB$8, $D$6)), IF(_xll.IMDP("IR", data!$C23, data!AB$8, $D$6)=0,"",_xll.IMDP("IR", data!$C23, data!AB$8, $D$6)), data!AB23 ), "")}
D23: AAA(산금-할인) | E23: {=IFERROR( CHOOSE( data!$B$7, IF(_xll.IMDP("IR", data!$B24, data!M$8, $D$6)=0,"",_xll.IMDP("IR", data!$B24, data!M$8, $D$6)), IF(_xll.IMDP("IR", data!$C24, data!M$8, $D$6)=0,"",_xll.IMDP("IR", data!$C24, data!M$8, $D$6)), data!M24 ), "")} -> 3.411 | F23: {=IFERROR( CHOOSE( data!$B$7, IF(_xll.IMDP("IR", data!$B24, data!N$8, $D$6)=0,"",_xll.IMDP("IR", data!$B24, data!N$8, $D$6)), IF(_xll.IMDP("IR", data!$C24, data!N$8, $D$6)=0,"",_xll.IMDP("IR", data!$C24, data!N$8, $D$6)), data!N24 ), "")} -> 3.394 | G23: {=IFERROR( CHOOSE( data!$B$7, IF(_xll.IMDP("IR", data!$B24, data!O$8, $D$6)=0,"",_xll.IMDP("IR", data!$B24, data!O$8, $D$6)), IF(_xll.IMDP("IR", data!$C24, data!O$8, $D$6)=0,"",_xll.IMDP("IR", data!$C24, data!O$8, $D$6)), data!O24 ), "")} -> 3.316 | H23: {=IFERROR( CHOOSE( data!$B$7, IF(_xll.IMDP("IR", data!$B24, data!P$8, $D$6)=0,"",_xll.IMDP("IR", data!$B24, data!P$8, $D$6)), IF(_xll.IMDP("IR", data!$C24, data!P$8, $D$6)=0,"",_xll.IMDP("IR", data!$C24, data!P$8, $D$6)), data!P24 ), "")} -> 3.274 | I23: {=IFERROR( CHOOSE( data!$B$7, IF(_xll.IMDP("IR", data!$B24, data!Q$8, $D$6)=0,"",_xll.IMDP("IR", data!$B24, data!Q$8, $D$6)), IF(_xll.IMDP("IR", data!$C24, data!Q$8, $D$6)=0,"",_xll.IMDP("IR", data!$C24, data!Q$8, $D$6)), data!Q24 ), "")} -> 3.24 | J23: {=IFERROR( CHOOSE( data!$B$7, IF(_xll.IMDP("IR", data!$B24, data!R$8, $D$6)=0,"",_xll.IMDP("IR", data!$B24, data!R$8, $D$6)), IF(_xll.IMDP("IR", data!$C24, data!R$8, $D$6)=0,"",_xll.IMDP("IR", data!$C24, data!R$8, $D$6)), data!R24 ), "")} -> 3.198 | K23: {=IFERROR( CHOOSE( data!$B$7, IF(_xll.IMDP("IR", data!$B24, data!S$8, $D$6)=0,"",_xll.IMDP("IR", data!$B24, data!S$8, $D$6)), IF(_xll.IMDP("IR", data!$C24, data!S$8, $D$6)=0,"",_xll.IMDP("IR", data!$C24, data!S$8, $D$6)), data!S24 ), "")} -> 3.152 | L23: {=IFERROR( CHOOSE( data!$B$7, IF(_xll.IMDP("IR", data!$B24, data!T$8, $D$6)=0,"",_xll.IMDP("IR", data!$B24, data!T$8, $D$6)), IF(_xll.IMDP("IR", data!$C24, data!T$8, $D$6)=0,"",_xll.IMDP("IR", data!$C24, data!T$8, $D$6)), data!T24 ), "")} -> 3.128 | ... T23: {=IFERROR( CHOOSE( data!$B$7, IF(_xll.IMDP("IR", data!$B24, data!AB$8, $D$6)=0,"",_xll.IMDP("IR", data!$B24, data!AB$8, $D$6)), IF(_xll.IMDP("IR", data!$C24, data!AB$8, $D$6)=0,"",_xll.IMDP("IR", data!$C24, data!AB$8, $D$6)), data!AB24 ), "")}
D24: AAA(중금-이표) | E24: {=IFERROR( CHOOSE( data!$B$7, IF(_xll.IMDP("IR", data!$B25, data!M$8, $D$6)=0,"",_xll.IMDP("IR", data!$B25, data!M$8, $D$6)), IF(_xll.IMDP("IR", data!$C25, data!M$8, $D$6)=0,"",_xll.IMDP("IR", data!$C25, data!M$8, $D$6)), data!M25 ), "")} -> 3.416 | F24: {=IFERROR( CHOOSE( data!$B$7, IF(_xll.IMDP("IR", data!$B25, data!N$8, $D$6)=0,"",_xll.IMDP("IR", data!$B25, data!N$8, $D$6)), IF(_xll.IMDP("IR", data!$C25, data!N$8, $D$6)=0,"",_xll.IMDP("IR", data!$C25, data!N$8, $D$6)), data!N25 ), "")} -> 3.389 | G24: {=IFERROR( CHOOSE( data!$B$7, IF(_xll.IMDP("IR", data!$B25, data!O$8, $D$6)=0,"",_xll.IMDP("IR", data!$B25, data!O$8, $D$6)), IF(_xll.IMDP("IR", data!$C25, data!O$8, $D$6)=0,"",_xll.IMDP("IR", data!$C25, data!O$8, $D$6)), data!O25 ), "")} -> 3.32 | H24: {=IFERROR( CHOOSE( data!$B$7, IF(_xll.IMDP("IR", data!$B25, data!P$8, $D$6)=0,"",_xll.IMDP("IR", data!$B25, data!P$8, $D$6)), IF(_xll.IMDP("IR", data!$C25, data!P$8, $D$6)=0,"",_xll.IMDP("IR", data!$C25, data!P$8, $D$6)), data!P25 ), "")} -> 3.28 | I24: {=IFERROR( CHOOSE( data!$B$7, IF(_xll.IMDP("IR", data!$B25, data!Q$8, $D$6)=0,"",_xll.IMDP("IR", data!$B25, data!Q$8, $D$6)), IF(_xll.IMDP("IR", data!$C25, data!Q$8, $D$6)=0,"",_xll.IMDP("IR", data!$C25, data!Q$8, $D$6)), data!Q25 ), "")} -> 3.232 | J24: {=IFERROR( CHOOSE( data!$B$7, IF(_xll.IMDP("IR", data!$B25, data!R$8, $D$6)=0,"",_xll.IMDP("IR", data!$B25, data!R$8, $D$6)), IF(_xll.IMDP("IR", data!$C25, data!R$8, $D$6)=0,"",_xll.IMDP("IR", data!$C25, data!R$8, $D$6)), data!R25 ), "")} -> 3.181 | K24: {=IFERROR( CHOOSE( data!$B$7, IF(_xll.IMDP("IR", data!$B25, data!S$8, $D$6)=0,"",_xll.IMDP("IR", data!$B25, data!S$8, $D$6)), IF(_xll.IMDP("IR", data!$C25, data!S$8, $D$6)=0,"",_xll.IMDP("IR", data!$C25, data!S$8, $D$6)), data!S25 ), "")} -> 3.126 | L24: {=IFERROR( CHOOSE( data!$B$7, IF(_xll.IMDP("IR", data!$B25, data!T$8, $D$6)=0,"",_xll.IMDP("IR", data!$B25, data!T$8, $D$6)), IF(_xll.IMDP("IR", data!$C25, data!T$8, $D$6)=0,"",_xll.IMDP("IR", data!$C25, data!T$8, $D$6)), data!T25 ), "")} -> 3.093 | ... T24: {=IFERROR( CHOOSE( data!$B$7, IF(_xll.IMDP("IR", data!$B25, data!AB$8, $D$6)=0,"",_xll.IMDP("IR", data!$B25, data!AB$8, $D$6)), IF(_xll.IMDP("IR", data!$C25, data!AB$8, $D$6)=0,"",_xll.IMDP("IR", data!$C25, data!AB$8, $D$6)), data!AB25 ), "")}
D25: AAA(중금-할인) | E25: {=IFERROR( CHOOSE( data!$B$7, IF(_xll.IMDP("IR", data!$B26, data!M$8, $D$6)=0,"",_xll.IMDP("IR", data!$B26, data!M$8, $D$6)), IF(_xll.IMDP("IR", data!$C26, data!M$8, $D$6)=0,"",_xll.IMDP("IR", data!$C26, data!M$8, $D$6)), data!M26 ), "")} -> 3.411 | F25: {=IFERROR( CHOOSE( data!$B$7, IF(_xll.IMDP("IR", data!$B26, data!N$8, $D$6)=0,"",_xll.IMDP("IR", data!$B26, data!N$8, $D$6)), IF(_xll.IMDP("IR", data!$C26, data!N$8, $D$6)=0,"",_xll.IMDP("IR", data!$C26, data!N$8, $D$6)), data!N26 ), "")} -> 3.394 | G25: {=IFERROR( CHOOSE( data!$B$7, IF(_xll.IMDP("IR", data!$B26, data!O$8, $D$6)=0,"",_xll.IMDP("IR", data!$B26, data!O$8, $D$6)), IF(_xll.IMDP("IR", data!$C26, data!O$8, $D$6)=0,"",_xll.IMDP("IR", data!$C26, data!O$8, $D$6)), data!O26 ), "")} -> 3.316 | H25: {=IFERROR( CHOOSE( data!$B$7, IF(_xll.IMDP("IR", data!$B26, data!P$8, $D$6)=0,"",_xll.IMDP("IR", data!$B26, data!P$8, $D$6)), IF(_xll.IMDP("IR", data!$C26, data!P$8, $D$6)=0,"",_xll.IMDP("IR", data!$C26, data!P$8, $D$6)), data!P26 ), "")} -> 3.274 | I25: {=IFERROR( CHOOSE( data!$B$7, IF(_xll.IMDP("IR", data!$B26, data!Q$8, $D$6)=0,"",_xll.IMDP("IR", data!$B26, data!Q$8, $D$6)), IF(_xll.IMDP("IR", data!$C26, data!Q$8, $D$6)=0,"",_xll.IMDP("IR", data!$C26, data!Q$8, $D$6)), data!Q26 ), "")} -> 3.24 | J25: {=IFERROR( CHOOSE( data!$B$7, IF(_xll.IMDP("IR", data!$B26, data!R$8, $D$6)=0,"",_xll.IMDP("IR", data!$B26, data!R$8, $D$6)), IF(_xll.IMDP("IR", data!$C26, data!R$8, $D$6)=0,"",_xll.IMDP("IR", data!$C26, data!R$8, $D$6)), data!R26 ), "")} -> 3.198 | K25: {=IFERROR( CHOOSE( data!$B$7, IF(_xll.IMDP("IR", data!$B26, data!S$8, $D$6)=0,"",_xll.IMDP("IR", data!$B26, data!S$8, $D$6)), IF(_xll.IMDP("IR", data!$C26, data!S$8, $D$6)=0,"",_xll.IMDP("IR", data!$C26, data!S$8, $D$6)), data!S26 ), "")} -> 3.152 | L25: {=IFERROR( CHOOSE( data!$B$7, IF(_xll.IMDP("IR", data!$B26, data!T$8, $D$6)=0,"",_xll.IMDP("IR", data!$B26, data!T$8, $D$6)), IF(_xll.IMDP("IR", data!$C26, data!T$8, $D$6)=0,"",_xll.IMDP("IR", data!$C26, data!T$8, $D$6)), data!T26 ), "")} -> 3.128 | ... T25: {=IFERROR( CHOOSE( data!$B$7, IF(_xll.IMDP("IR", data!$B26, data!AB$8, $D$6)=0,"",_xll.IMDP("IR", data!$B26, data!AB$8, $D$6)), IF(_xll.IMDP("IR", data!$C26, data!AB$8, $D$6)=0,"",_xll.IMDP("IR", data!$C26, data!AB$8, $D$6)), data!AB26 ), "")}
D26: AAA | E26: {=IFERROR( CHOOSE( data!$B$7, IF(_xll.IMDP("IR", data!$B27, data!M$8, $D$6)=0,"",_xll.IMDP("IR", data!$B27, data!M$8, $D$6)), IF(_xll.IMDP("IR", data!$C27, data!M$8, $D$6)=0,"",_xll.IMDP("IR", data!$C27, data!M$8, $D$6)), data!M27 ), "")} -> 3.434 | F26: {=IFERROR( CHOOSE( data!$B$7, IF(_xll.IMDP("IR", data!$B27, data!N$8, $D$6)=0,"",_xll.IMDP("IR", data!$B27, data!N$8, $D$6)), IF(_xll.IMDP("IR", data!$C27, data!N$8, $D$6)=0,"",_xll.IMDP("IR", data!$C27, data!N$8, $D$6)), data!N27 ), "")} -> 3.417 | G26: {=IFERROR( CHOOSE( data!$B$7, IF(_xll.IMDP("IR", data!$B27, data!O$8, $D$6)=0,"",_xll.IMDP("IR", data!$B27, data!O$8, $D$6)), IF(_xll.IMDP("IR", data!$C27, data!O$8, $D$6)=0,"",_xll.IMDP("IR", data!$C27, data!O$8, $D$6)), data!O27 ), "")} -> 3.348 | H26: {=IFERROR( CHOOSE( data!$B$7, IF(_xll.IMDP("IR", data!$B27, data!P$8, $D$6)=0,"",_xll.IMDP("IR", data!$B27, data!P$8, $D$6)), IF(_xll.IMDP("IR", data!$C27, data!P$8, $D$6)=0,"",_xll.IMDP("IR", data!$C27, data!P$8, $D$6)), data!P27 ), "")} -> 3.308 | I26: {=IFERROR( CHOOSE( data!$B$7, IF(_xll.IMDP("IR", data!$B27, data!Q$8, $D$6)=0,"",_xll.IMDP("IR", data!$B27, data!Q$8, $D$6)), IF(_xll.IMDP("IR", data!$C27, data!Q$8, $D$6)=0,"",_xll.IMDP("IR", data!$C27, data!Q$8, $D$6)), data!Q27 ), "")} -> 3.256 | J26: {=IFERROR( CHOOSE( data!$B$7, IF(_xll.IMDP("IR", data!$B27, data!R$8, $D$6)=0,"",_xll.IMDP("IR", data!$B27, data!R$8, $D$6)), IF(_xll.IMDP("IR", data!$C27, data!R$8, $D$6)=0,"",_xll.IMDP("IR", data!$C27, data!R$8, $D$6)), data!R27 ), "")} -> 3.224 | K26: {=IFERROR( CHOOSE( data!$B$7, IF(_xll.IMDP("IR", data!$B27, data!S$8, $D$6)=0,"",_xll.IMDP("IR", data!$B27, data!S$8, $D$6)), IF(_xll.IMDP("IR", data!$C27, data!S$8, $D$6)=0,"",_xll.IMDP("IR", data!$C27, data!S$8, $D$6)), data!S27 ), "")} -> 3.208 | L26: {=IFERROR( CHOOSE( data!$B$7, IF(_xll.IMDP("IR", data!$B27, data!T$8, $D$6)=0,"",_xll.IMDP("IR", data!$B27, data!T$8, $D$6)), IF(_xll.IMDP("IR", data!$C27, data!T$8, $D$6)=0,"",_xll.IMDP("IR", data!$C27, data!T$8, $D$6)), data!T27 ), "")} -> 3.211 | ... T26: {=IFERROR( CHOOSE( data!$B$7, IF(_xll.IMDP("IR", data!$B27, data!AB$8, $D$6)=0,"",_xll.IMDP("IR", data!$B27, data!AB$8, $D$6)), IF(_xll.IMDP("IR", data!$C27, data!AB$8, $D$6)=0,"",_xll.IMDP("IR", data!$C27, data!AB$8, $D$6)), data!AB27 ), "")}
D27: AA+ | E27: {=IFERROR( CHOOSE( data!$B$7, IF(_xll.IMDP("IR", data!$B28, data!M$8, $D$6)=0,"",_xll.IMDP("IR", data!$B28, data!M$8, $D$6)), IF(_xll.IMDP("IR", data!$C28, data!M$8, $D$6)=0,"",_xll.IMDP("IR", data!$C28, data!M$8, $D$6)), data!M28 ), "")} -> 3.453 | F27: {=IFERROR( CHOOSE( data!$B$7, IF(_xll.IMDP("IR", data!$B28, data!N$8, $D$6)=0,"",_xll.IMDP("IR", data!$B28, data!N$8, $D$6)), IF(_xll.IMDP("IR", data!$C28, data!N$8, $D$6)=0,"",_xll.IMDP("IR", data!$C28, data!N$8, $D$6)), data!N28 ), "")} -> 3.439 | G27: {=IFERROR( CHOOSE( data!$B$7, IF(_xll.IMDP("IR", data!$B28, data!O$8, $D$6)=0,"",_xll.IMDP("IR", data!$B28, data!O$8, $D$6)), IF(_xll.IMDP("IR", data!$C28, data!O$8, $D$6)=0,"",_xll.IMDP("IR", data!$C28, data!O$8, $D$6)), data!O28 ), "")} -> 3.392 | H27: {=IFERROR( CHOOSE( data!$B$7, IF(_xll.IMDP("IR", data!$B28, data!P$8, $D$6)=0,"",_xll.IMDP("IR", data!$B28, data!P$8, $D$6)), IF(_xll.IMDP("IR", data!$C28, data!P$8, $D$6)=0,"",_xll.IMDP("IR", data!$C28, data!P$8, $D$6)), data!P28 ), "")} -> 3.373 | I27: {=IFERROR( CHOOSE( data!$B$7, IF(_xll.IMDP("IR", data!$B28, data!Q$8, $D$6)=0,"",_xll.IMDP("IR", data!$B28, data!Q$8, $D$6)), IF(_xll.IMDP("IR", data!$C28, data!Q$8, $D$6)=0,"",_xll.IMDP("IR", data!$C28, data!Q$8, $D$6)), data!Q28 ), "")} -> 3.358 | J27: {=IFERROR( CHOOSE( data!$B$7, IF(_xll.IMDP("IR", data!$B28, data!R$8, $D$6)=0,"",_xll.IMDP("IR", data!$B28, data!R$8, $D$6)), IF(_xll.IMDP("IR", data!$C28, data!R$8, $D$6)=0,"",_xll.IMDP("IR", data!$C28, data!R$8, $D$6)), data!R28 ), "")} -> 3.327 | K27: {=IFERROR( CHOOSE( data!$B$7, IF(_xll.IMDP("IR", data!$B28, data!S$8, $D$6)=0,"",_xll.IMDP("IR", data!$B28, data!S$8, $D$6)), IF(_xll.IMDP("IR", data!$C28, data!S$8, $D$6)=0,"",_xll.IMDP("IR", data!$C28, data!S$8, $D$6)), data!S28 ), "")} -> 3.31 | L27: {=IFERROR( CHOOSE( data!$B$7, IF(_xll.IMDP("IR", data!$B28, data!T$8, $D$6)=0,"",_xll.IMDP("IR", data!$B28, data!T$8, $D$6)), IF(_xll.IMDP("IR", data!$C28, data!T$8, $D$6)=0,"",_xll.IMDP("IR", data!$C28, data!T$8, $D$6)), data!T28 ), "")} -> 3.304 | ... T27: {=IFERROR( CHOOSE( data!$B$7, IF(_xll.IMDP("IR", data!$B28, data!AB$8, $D$6)=0,"",_xll.IMDP("IR", data!$B28, data!AB$8, $D$6)), IF(_xll.IMDP("IR", data!$C28, data!AB$8, $D$6)=0,"",_xll.IMDP("IR", data!$C28, data!AB$8, $D$6)), data!AB28 ), "")}
D28: AA0 | E28: {=IFERROR( CHOOSE( data!$B$7, IF(_xll.IMDP("IR", data!$B29, data!M$8, $D$6)=0,"",_xll.IMDP("IR", data!$B29, data!M$8, $D$6)), IF(_xll.IMDP("IR", data!$C29, data!M$8, $D$6)=0,"",_xll.IMDP("IR", data!$C29, data!M$8, $D$6)), data!M29 ), "")} -> 3.625 | F28: {=IFERROR( CHOOSE( data!$B$7, IF(_xll.IMDP("IR", data!$B29, data!N$8, $D$6)=0,"",_xll.IMDP("IR", data!$B29, data!N$8, $D$6)), IF(_xll.IMDP("IR", data!$C29, data!N$8, $D$6)=0,"",_xll.IMDP("IR", data!$C29, data!N$8, $D$6)), data!N29 ), "")} -> 3.618 | G28: {=IFERROR( CHOOSE( data!$B$7, IF(_xll.IMDP("IR", data!$B29, data!O$8, $D$6)=0,"",_xll.IMDP("IR", data!$B29, data!O$8, $D$6)), IF(_xll.IMDP("IR", data!$C29, data!O$8, $D$6)=0,"",_xll.IMDP("IR", data!$C29, data!O$8, $D$6)), data!O29 ), "")} -> 3.565 | H28: {=IFERROR( CHOOSE( data!$B$7, IF(_xll.IMDP("IR", data!$B29, data!P$8, $D$6)=0,"",_xll.IMDP("IR", data!$B29, data!P$8, $D$6)), IF(_xll.IMDP("IR", data!$C29, data!P$8, $D$6)=0,"",_xll.IMDP("IR", data!$C29, data!P$8, $D$6)), data!P29 ), "")} -> 3.558 | I28: {=IFERROR( CHOOSE( data!$B$7, IF(_xll.IMDP("IR", data!$B29, data!Q$8, $D$6)=0,"",_xll.IMDP("IR", data!$B29, data!Q$8, $D$6)), IF(_xll.IMDP("IR", data!$C29, data!Q$8, $D$6)=0,"",_xll.IMDP("IR", data!$C29, data!Q$8, $D$6)), data!Q29 ), "")} -> 3.552 | J28: {=IFERROR( CHOOSE( data!$B$7, IF(_xll.IMDP("IR", data!$B29, data!R$8, $D$6)=0,"",_xll.IMDP("IR", data!$B29, data!R$8, $D$6)), IF(_xll.IMDP("IR", data!$C29, data!R$8, $D$6)=0,"",_xll.IMDP("IR", data!$C29, data!R$8, $D$6)), data!R29 ), "")} -> 3.548 | K28: {=IFERROR( CHOOSE( data!$B$7, IF(_xll.IMDP("IR", data!$B29, data!S$8, $D$6)=0,"",_xll.IMDP("IR", data!$B29, data!S$8, $D$6)), IF(_xll.IMDP("IR", data!$C29, data!S$8, $D$6)=0,"",_xll.IMDP("IR", data!$C29, data!S$8, $D$6)), data!S29 ), "")} -> 3.555 | L28: {=IFERROR( CHOOSE( data!$B$7, IF(_xll.IMDP("IR", data!$B29, data!T$8, $D$6)=0,"",_xll.IMDP("IR", data!$B29, data!T$8, $D$6)), IF(_xll.IMDP("IR", data!$C29, data!T$8, $D$6)=0,"",_xll.IMDP("IR", data!$C29, data!T$8, $D$6)), data!T29 ), "")} -> 3.553 | ... T28: {=IFERROR( CHOOSE( data!$B$7, IF(_xll.IMDP("IR", data!$B29, data!AB$8, $D$6)=0,"",_xll.IMDP("IR", data!$B29, data!AB$8, $D$6)), IF(_xll.IMDP("IR", data!$C29, data!AB$8, $D$6)=0,"",_xll.IMDP("IR", data!$C29, data!AB$8, $D$6)), data!AB29 ), "")}
D29: AA- | E29: {=IFERROR( CHOOSE( data!$B$7, IF(_xll.IMDP("IR", data!$B30, data!M$8, $D$6)=0,"",_xll.IMDP("IR", data!$B30, data!M$8, $D$6)), IF(_xll.IMDP("IR", data!$C30, data!M$8, $D$6)=0,"",_xll.IMDP("IR", data!$C30, data!M$8, $D$6)), data!M30 ), "")} -> 3.756 | F29: {=IFERROR( CHOOSE( data!$B$7, IF(_xll.IMDP("IR", data!$B30, data!N$8, $D$6)=0,"",_xll.IMDP("IR", data!$B30, data!N$8, $D$6)), IF(_xll.IMDP("IR", data!$C30, data!N$8, $D$6)=0,"",_xll.IMDP("IR", data!$C30, data!N$8, $D$6)), data!N30 ), "")} -> 3.833 | G29: {=IFERROR( CHOOSE( data!$B$7, IF(_xll.IMDP("IR", data!$B30, data!O$8, $D$6)=0,"",_xll.IMDP("IR", data!$B30, data!O$8, $D$6)), IF(_xll.IMDP("IR", data!$C30, data!O$8, $D$6)=0,"",_xll.IMDP("IR", data!$C30, data!O$8, $D$6)), data!O30 ), "")} -> 3.815 | H29: {=IFERROR( CHOOSE( data!$B$7, IF(_xll.IMDP("IR", data!$B30, data!P$8, $D$6)=0,"",_xll.IMDP("IR", data!$B30, data!P$8, $D$6)), IF(_xll.IMDP("IR", data!$C30, data!P$8, $D$6)=0,"",_xll.IMDP("IR", data!$C30, data!P$8, $D$6)), data!P30 ), "")} -> 3.818 | I29: {=IFERROR( CHOOSE( data!$B$7, IF(_xll.IMDP("IR", data!$B30, data!Q$8, $D$6)=0,"",_xll.IMDP("IR", data!$B30, data!Q$8, $D$6)), IF(_xll.IMDP("IR", data!$C30, data!Q$8, $D$6)=0,"",_xll.IMDP("IR", data!$C30, data!Q$8, $D$6)), data!Q30 ), "")} -> 3.81 | J29: {=IFERROR( CHOOSE( data!$B$7, IF(_xll.IMDP("IR", data!$B30, data!R$8, $D$6)=0,"",_xll.IMDP("IR", data!$B30, data!R$8, $D$6)), IF(_xll.IMDP("IR", data!$C30, data!R$8, $D$6)=0,"",_xll.IMDP("IR", data!$C30, data!R$8, $D$6)), data!R30 ), "")} -> 3.802 | K29: {=IFERROR( CHOOSE( data!$B$7, IF(_xll.IMDP("IR", data!$B30, data!S$8, $D$6)=0,"",_xll.IMDP("IR", data!$B30, data!S$8, $D$6)), IF(_xll.IMDP("IR", data!$C30, data!S$8, $D$6)=0,"",_xll.IMDP("IR", data!$C30, data!S$8, $D$6)), data!S30 ), "")} -> 3.8 | L29: {=IFERROR( CHOOSE( data!$B$7, IF(_xll.IMDP("IR", data!$B30, data!T$8, $D$6)=0,"",_xll.IMDP("IR", data!$B30, data!T$8, $D$6)), IF(_xll.IMDP("IR", data!$C30, data!T$8, $D$6)=0,"",_xll.IMDP("IR", data!$C30, data!T$8, $D$6)), data!T30 ), "")} -> 3.797 | ... T29: {=IFERROR( CHOOSE( data!$B$7, IF(_xll.IMDP("IR", data!$B30, data!AB$8, $D$6)=0,"",_xll.IMDP("IR", data!$B30, data!AB$8, $D$6)), IF(_xll.IMDP("IR", data!$C30, data!AB$8, $D$6)=0,"",_xll.IMDP("IR", data!$C30, data!AB$8, $D$6)), data!AB30 ), "")}
D30: A+ | E30: {=IFERROR( CHOOSE( data!$B$7, IF(_xll.IMDP("IR", data!$B31, data!M$8, $D$6)=0,"",_xll.IMDP("IR", data!$B31, data!M$8, $D$6)), IF(_xll.IMDP("IR", data!$C31, data!M$8, $D$6)=0,"",_xll.IMDP("IR", data!$C31, data!M$8, $D$6)), data!M31 ), "")} -> 3.865 | F30: {=IFERROR( CHOOSE( data!$B$7, IF(_xll.IMDP("IR", data!$B31, data!N$8, $D$6)=0,"",_xll.IMDP("IR", data!$B31, data!N$8, $D$6)), IF(_xll.IMDP("IR", data!$C31, data!N$8, $D$6)=0,"",_xll.IMDP("IR", data!$C31, data!N$8, $D$6)), data!N31 ), "")} -> 3.922 | G30: {=IFERROR( CHOOSE( data!$B$7, IF(_xll.IMDP("IR", data!$B31, data!O$8, $D$6)=0,"",_xll.IMDP("IR", data!$B31, data!O$8, $D$6)), IF(_xll.IMDP("IR", data!$C31, data!O$8, $D$6)=0,"",_xll.IMDP("IR", data!$C31, data!O$8, $D$6)), data!O31 ), "")} -> 3.902 | H30: {=IFERROR( CHOOSE( data!$B$7, IF(_xll.IMDP("IR", data!$B31, data!P$8, $D$6)=0,"",_xll.IMDP("IR", data!$B31, data!P$8, $D$6)), IF(_xll.IMDP("IR", data!$C31, data!P$8, $D$6)=0,"",_xll.IMDP("IR", data!$C31, data!P$8, $D$6)), data!P31 ), "")} -> 3.912 | I30: {=IFERROR( CHOOSE( data!$B$7, IF(_xll.IMDP("IR", data!$B31, data!Q$8, $D$6)=0,"",_xll.IMDP("IR", data!$B31, data!Q$8, $D$6)), IF(_xll.IMDP("IR", data!$C31, data!Q$8, $D$6)=0,"",_xll.IMDP("IR", data!$C31, data!Q$8, $D$6)), data!Q31 ), "")} -> 3.919 | J30: {=IFERROR( CHOOSE( data!$B$7, IF(_xll.IMDP("IR", data!$B31, data!R$8, $D$6)=0,"",_xll.IMDP("IR", data!$B31, data!R$8, $D$6)), IF(_xll.IMDP("IR", data!$C31, data!R$8, $D$6)=0,"",_xll.IMDP("IR", data!$C31, data!R$8, $D$6)), data!R31 ), "")} -> 3.917 | K30: {=IFERROR( CHOOSE( data!$B$7, IF(_xll.IMDP("IR", data!$B31, data!S$8, $D$6)=0,"",_xll.IMDP("IR", data!$B31, data!S$8, $D$6)), IF(_xll.IMDP("IR", data!$C31, data!S$8, $D$6)=0,"",_xll.IMDP("IR", data!$C31, data!S$8, $D$6)), data!S31 ), "")} -> 3.92 | L30: {=IFERROR( CHOOSE( data!$B$7, IF(_xll.IMDP("IR", data!$B31, data!T$8, $D$6)=0,"",_xll.IMDP("IR", data!$B31, data!T$8, $D$6)), IF(_xll.IMDP("IR", data!$C31, data!T$8, $D$6)=0,"",_xll.IMDP("IR", data!$C31, data!T$8, $D$6)), data!T31 ), "")} -> 3.921 | ... T30: {=IFERROR( CHOOSE( data!$B$7, IF(_xll.IMDP("IR", data!$B31, data!AB$8, $D$6)=0,"",_xll.IMDP("IR", data!$B31, data!AB$8, $D$6)), IF(_xll.IMDP("IR", data!$C31, data!AB$8, $D$6)=0,"",_xll.IMDP("IR", data!$C31, data!AB$8, $D$6)), data!AB31 ), "")}
D31: A0 | E31: {=IFERROR( CHOOSE( data!$B$7, IF(_xll.IMDP("IR", data!$B32, data!M$8, $D$6)=0,"",_xll.IMDP("IR", data!$B32, data!M$8, $D$6)), IF(_xll.IMDP("IR", data!$C32, data!M$8, $D$6)=0,"",_xll.IMDP("IR", data!$C32, data!M$8, $D$6)), data!M32 ), "")} -> 3.956 | F31: {=IFERROR( CHOOSE( data!$B$7, IF(_xll.IMDP("IR", data!$B32, data!N$8, $D$6)=0,"",_xll.IMDP("IR", data!$B32, data!N$8, $D$6)), IF(_xll.IMDP("IR", data!$C32, data!N$8, $D$6)=0,"",_xll.IMDP("IR", data!$C32, data!N$8, $D$6)), data!N32 ), "")} -> 3.997 | G31: {=IFERROR( CHOOSE( data!$B$7, IF(_xll.IMDP("IR", data!$B32, data!O$8, $D$6)=0,"",_xll.IMDP("IR", data!$B32, data!O$8, $D$6)), IF(_xll.IMDP("IR", data!$C32, data!O$8, $D$6)=0,"",_xll.IMDP("IR", data!$C32, data!O$8, $D$6)), data!O32 ), "")} -> 3.986 | H31: {=IFERROR( CHOOSE( data!$B$7, IF(_xll.IMDP("IR", data!$B32, data!P$8, $D$6)=0,"",_xll.IMDP("IR", data!$B32, data!P$8, $D$6)), IF(_xll.IMDP("IR", data!$C32, data!P$8, $D$6)=0,"",_xll.IMDP("IR", data!$C32, data!P$8, $D$6)), data!P32 ), "")} -> 4.003 | I31: {=IFERROR( CHOOSE( data!$B$7, IF(_xll.IMDP("IR", data!$B32, data!Q$8, $D$6)=0,"",_xll.IMDP("IR", data!$B32, data!Q$8, $D$6)), IF(_xll.IMDP("IR", data!$C32, data!Q$8, $D$6)=0,"",_xll.IMDP("IR", data!$C32, data!Q$8, $D$6)), data!Q32 ), "")} -> 4.01 | J31: {=IFERROR( CHOOSE( data!$B$7, IF(_xll.IMDP("IR", data!$B32, data!R$8, $D$6)=0,"",_xll.IMDP("IR", data!$B32, data!R$8, $D$6)), IF(_xll.IMDP("IR", data!$C32, data!R$8, $D$6)=0,"",_xll.IMDP("IR", data!$C32, data!R$8, $D$6)), data!R32 ), "")} -> 4.015 | K31: {=IFERROR( CHOOSE( data!$B$7, IF(_xll.IMDP("IR", data!$B32, data!S$8, $D$6)=0,"",_xll.IMDP("IR", data!$B32, data!S$8, $D$6)), IF(_xll.IMDP("IR", data!$C32, data!S$8, $D$6)=0,"",_xll.IMDP("IR", data!$C32, data!S$8, $D$6)), data!S32 ), "")} -> 4.019 | L31: {=IFERROR( CHOOSE( data!$B$7, IF(_xll.IMDP("IR", data!$B32, data!T$8, $D$6)=0,"",_xll.IMDP("IR", data!$B32, data!T$8, $D$6)), IF(_xll.IMDP("IR", data!$C32, data!T$8, $D$6)=0,"",_xll.IMDP("IR", data!$C32, data!T$8, $D$6)), data!T32 ), "")} -> 4.024 | ... T31: {=IFERROR( CHOOSE( data!$B$7, IF(_xll.IMDP("IR", data!$B32, data!AB$8, $D$6)=0,"",_xll.IMDP("IR", data!$B32, data!AB$8, $D$6)), IF(_xll.IMDP("IR", data!$C32, data!AB$8, $D$6)=0,"",_xll.IMDP("IR", data!$C32, data!AB$8, $D$6)), data!AB32 ), "")}
D32: A- | E32: {=IFERROR( CHOOSE( data!$B$7, IF(_xll.IMDP("IR", data!$B33, data!M$8, $D$6)=0,"",_xll.IMDP("IR", data!$B33, data!M$8, $D$6)), IF(_xll.IMDP("IR", data!$C33, data!M$8, $D$6)=0,"",_xll.IMDP("IR", data!$C33, data!M$8, $D$6)), data!M33 ), "")} -> 4.043 | F32: {=IFERROR( CHOOSE( data!$B$7, IF(_xll.IMDP("IR", data!$B33, data!N$8, $D$6)=0,"",_xll.IMDP("IR", data!$B33, data!N$8, $D$6)), IF(_xll.IMDP("IR", data!$C33, data!N$8, $D$6)=0,"",_xll.IMDP("IR", data!$C33, data!N$8, $D$6)), data!N33 ), "")} -> 4.086 | G32: {=IFERROR( CHOOSE( data!$B$7, IF(_xll.IMDP("IR", data!$B33, data!O$8, $D$6)=0,"",_xll.IMDP("IR", data!$B33, data!O$8, $D$6)), IF(_xll.IMDP("IR", data!$C33, data!O$8, $D$6)=0,"",_xll.IMDP("IR", data!$C33, data!O$8, $D$6)), data!O33 ), "")} -> 4.071 | H32: {=IFERROR( CHOOSE( data!$B$7, IF(_xll.IMDP("IR", data!$B33, data!P$8, $D$6)=0,"",_xll.IMDP("IR", data!$B33, data!P$8, $D$6)), IF(_xll.IMDP("IR", data!$C33, data!P$8, $D$6)=0,"",_xll.IMDP("IR", data!$C33, data!P$8, $D$6)), data!P33 ), "")} -> 4.097 | I32: {=IFERROR( CHOOSE( data!$B$7, IF(_xll.IMDP("IR", data!$B33, data!Q$8, $D$6)=0,"",_xll.IMDP("IR", data!$B33, data!Q$8, $D$6)), IF(_xll.IMDP("IR", data!$C33, data!Q$8, $D$6)=0,"",_xll.IMDP("IR", data!$C33, data!Q$8, $D$6)), data!Q33 ), "")} -> 4.102 | J32: {=IFERROR( CHOOSE( data!$B$7, IF(_xll.IMDP("IR", data!$B33, data!R$8, $D$6)=0,"",_xll.IMDP("IR", data!$B33, data!R$8, $D$6)), IF(_xll.IMDP("IR", data!$C33, data!R$8, $D$6)=0,"",_xll.IMDP("IR", data!$C33, data!R$8, $D$6)), data!R33 ), "")} -> 4.108 | K32: {=IFERROR( CHOOSE( data!$B$7, IF(_xll.IMDP("IR", data!$B33, data!S$8, $D$6)=0,"",_xll.IMDP("IR", data!$B33, data!S$8, $D$6)), IF(_xll.IMDP("IR", data!$C33, data!S$8, $D$6)=0,"",_xll.IMDP("IR", data!$C33, data!S$8, $D$6)), data!S33 ), "")} -> 4.115 | L32: {=IFERROR( CHOOSE( data!$B$7, IF(_xll.IMDP("IR", data!$B33, data!T$8, $D$6)=0,"",_xll.IMDP("IR", data!$B33, data!T$8, $D$6)), IF(_xll.IMDP("IR", data!$C33, data!T$8, $D$6)=0,"",_xll.IMDP("IR", data!$C33, data!T$8, $D$6)), data!T33 ), "")} -> 4.119 | ... T32: {=IFERROR( CHOOSE( data!$B$7, IF(_xll.IMDP("IR", data!$B33, data!AB$8, $D$6)=0,"",_xll.IMDP("IR", data!$B33, data!AB$8, $D$6)), IF(_xll.IMDP("IR", data!$C33, data!AB$8, $D$6)=0,"",_xll.IMDP("IR", data!$C33, data!AB$8, $D$6)), data!AB33 ), "")}
C33: 카드채 | D33: AA+ | E33: {=IFERROR( CHOOSE( data!$B$7, IF(_xll.IMDP("IR", data!$B34, data!M$8, $D$6)=0,"",_xll.IMDP("IR", data!$B34, data!M$8, $D$6)), IF(_xll.IMDP("IR", data!$C34, data!M$8, $D$6)=0,"",_xll.IMDP("IR", data!$C34, data!M$8, $D$6)), data!M34 ), "")} -> 3.429 | F33: {=IFERROR( CHOOSE( data!$B$7, IF(_xll.IMDP("IR", data!$B34, data!N$8, $D$6)=0,"",_xll.IMDP("IR", data!$B34, data!N$8, $D$6)), IF(_xll.IMDP("IR", data!$C34, data!N$8, $D$6)=0,"",_xll.IMDP("IR", data!$C34, data!N$8, $D$6)), data!N34 ), "")} -> 3.415 | G33: {=IFERROR( CHOOSE( data!$B$7, IF(_xll.IMDP("IR", data!$B34, data!O$8, $D$6)=0,"",_xll.IMDP("IR", data!$B34, data!O$8, $D$6)), IF(_xll.IMDP("IR", data!$C34, data!O$8, $D$6)=0,"",_xll.IMDP("IR", data!$C34, data!O$8, $D$6)), data!O34 ), "")} -> 3.381 | H33: {=IFERROR( CHOOSE( data!$B$7, IF(_xll.IMDP("IR", data!$B34, data!P$8, $D$6)=0,"",_xll.IMDP("IR", data!$B34, data!P$8, $D$6)), IF(_xll.IMDP("IR", data!$C34, data!P$8, $D$6)=0,"",_xll.IMDP("IR", data!$C34, data!P$8, $D$6)), data!P34 ), "")} -> 3.395 | I33: {=IFERROR( CHOOSE( data!$B$7, IF(_xll.IMDP("IR", data!$B34, data!Q$8, $D$6)=0,"",_xll.IMDP("IR", data!$B34, data!Q$8, $D$6)), IF(_xll.IMDP("IR", data!$C34, data!Q$8, $D$6)=0,"",_xll.IMDP("IR", data!$C34, data!Q$8, $D$6)), data!Q34 ), "")} -> 3.445 | J33: {=IFERROR( CHOOSE( data!$B$7, IF(_xll.IMDP("IR", data!$B34, data!R$8, $D$6)=0,"",_xll.IMDP("IR", data!$B34, data!R$8, $D$6)), IF(_xll.IMDP("IR", data!$C34, data!R$8, $D$6)=0,"",_xll.IMDP("IR", data!$C34, data!R$8, $D$6)), data!R34 ), "")} -> 3.417 | K33: {=IFERROR( CHOOSE( data!$B$7, IF(_xll.IMDP("IR", data!$B34, data!S$8, $D$6)=0,"",_xll.IMDP("IR", data!$B34, data!S$8, $D$6)), IF(_xll.IMDP("IR", data!$C34, data!S$8, $D$6)=0,"",_xll.IMDP("IR", data!$C34, data!S$8, $D$6)), data!S34 ), "")} -> 3.374 | L33: {=IFERROR( CHOOSE( data!$B$7, IF(_xll.IMDP("IR", data!$B34, data!T$8, $D$6)=0,"",_xll.IMDP("IR", data!$B34, data!T$8, $D$6)), IF(_xll.IMDP("IR", data!$C34, data!T$8, $D$6)=0,"",_xll.IMDP("IR", data!$C34, data!T$8, $D$6)), data!T34 ), "")} -> 3.358 | ... T33: {=IFERROR( CHOOSE( data!$B$7, IF(_xll.IMDP("IR", data!$B34, data!AB$8, $D$6)=0,"",_xll.IMDP("IR", data!$B34, data!AB$8, $D$6)), IF(_xll.IMDP("IR", data!$C34, data!AB$8, $D$6)=0,"",_xll.IMDP("IR", data!$C34, data!AB$8, $D$6)), data!AB34 ), "")}
D34: AA0 | E34: {=IFERROR( CHOOSE( data!$B$7, IF(_xll.IMDP("IR", data!$B35, data!M$8, $D$6)=0,"",_xll.IMDP("IR", data!$B35, data!M$8, $D$6)), IF(_xll.IMDP("IR", data!$C35, data!M$8, $D$6)=0,"",_xll.IMDP("IR", data!$C35, data!M$8, $D$6)), data!M35 ), "")} -> 3.457 | F34: {=IFERROR( CHOOSE( data!$B$7, IF(_xll.IMDP("IR", data!$B35, data!N$8, $D$6)=0,"",_xll.IMDP("IR", data!$B35, data!N$8, $D$6)), IF(_xll.IMDP("IR", data!$C35, data!N$8, $D$6)=0,"",_xll.IMDP("IR", data!$C35, data!N$8, $D$6)), data!N35 ), "")} -> 3.439 | G34: {=IFERROR( CHOOSE( data!$B$7, IF(_xll.IMDP("IR", data!$B35, data!O$8, $D$6)=0,"",_xll.IMDP("IR", data!$B35, data!O$8, $D$6)), IF(_xll.IMDP("IR", data!$C35, data!O$8, $D$6)=0,"",_xll.IMDP("IR", data!$C35, data!O$8, $D$6)), data!O35 ), "")} -> 3.407 | H34: {=IFERROR( CHOOSE( data!$B$7, IF(_xll.IMDP("IR", data!$B35, data!P$8, $D$6)=0,"",_xll.IMDP("IR", data!$B35, data!P$8, $D$6)), IF(_xll.IMDP("IR", data!$C35, data!P$8, $D$6)=0,"",_xll.IMDP("IR", data!$C35, data!P$8, $D$6)), data!P35 ), "")} -> 3.426 | I34: {=IFERROR( CHOOSE( data!$B$7, IF(_xll.IMDP("IR", data!$B35, data!Q$8, $D$6)=0,"",_xll.IMDP("IR", data!$B35, data!Q$8, $D$6)), IF(_xll.IMDP("IR", data!$C35, data!Q$8, $D$6)=0,"",_xll.IMDP("IR", data!$C35, data!Q$8, $D$6)), data!Q35 ), "")} -> 3.484 | J34: {=IFERROR( CHOOSE( data!$B$7, IF(_xll.IMDP("IR", data!$B35, data!R$8, $D$6)=0,"",_xll.IMDP("IR", data!$B35, data!R$8, $D$6)), IF(_xll.IMDP("IR", data!$C35, data!R$8, $D$6)=0,"",_xll.IMDP("IR", data!$C35, data!R$8, $D$6)), data!R35 ), "")} -> 3.462 | K34: {=IFERROR( CHOOSE( data!$B$7, IF(_xll.IMDP("IR", data!$B35, data!S$8, $D$6)=0,"",_xll.IMDP("IR", data!$B35, data!S$8, $D$6)), IF(_xll.IMDP("IR", data!$C35, data!S$8, $D$6)=0,"",_xll.IMDP("IR", data!$C35, data!S$8, $D$6)), data!S35 ), "")} -> 3.428 | L34: {=IFERROR( CHOOSE( data!$B$7, IF(_xll.IMDP("IR", data!$B35, data!T$8, $D$6)=0,"",_xll.IMDP("IR", data!$B35, data!T$8, $D$6)), IF(_xll.IMDP("IR", data!$C35, data!T$8, $D$6)=0,"",_xll.IMDP("IR", data!$C35, data!T$8, $D$6)), data!T35 ), "")} -> 3.425 | ... T34: {=IFERROR( CHOOSE( data!$B$7, IF(_xll.IMDP("IR", data!$B35, data!AB$8, $D$6)=0,"",_xll.IMDP("IR", data!$B35, data!AB$8, $D$6)), IF(_xll.IMDP("IR", data!$C35, data!AB$8, $D$6)=0,"",_xll.IMDP("IR", data!$C35, data!AB$8, $D$6)), data!AB35 ), "")}
D35: AA- | E35: {=IFERROR( CHOOSE( data!$B$7, IF(_xll.IMDP("IR", data!$B36, data!M$8, $D$6)=0,"",_xll.IMDP("IR", data!$B36, data!M$8, $D$6)), IF(_xll.IMDP("IR", data!$C36, data!M$8, $D$6)=0,"",_xll.IMDP("IR", data!$C36, data!M$8, $D$6)), data!M36 ), "")} -> 3.482 | F35: {=IFERROR( CHOOSE( data!$B$7, IF(_xll.IMDP("IR", data!$B36, data!N$8, $D$6)=0,"",_xll.IMDP("IR", data!$B36, data!N$8, $D$6)), IF(_xll.IMDP("IR", data!$C36, data!N$8, $D$6)=0,"",_xll.IMDP("IR", data!$C36, data!N$8, $D$6)), data!N36 ), "")} -> 3.47 | G35: {=IFERROR( CHOOSE( data!$B$7, IF(_xll.IMDP("IR", data!$B36, data!O$8, $D$6)=0,"",_xll.IMDP("IR", data!$B36, data!O$8, $D$6)), IF(_xll.IMDP("IR", data!$C36, data!O$8, $D$6)=0,"",_xll.IMDP("IR", data!$C36, data!O$8, $D$6)), data!O36 ), "")} -> 3.462 | H35: {=IFERROR( CHOOSE( data!$B$7, IF(_xll.IMDP("IR", data!$B36, data!P$8, $D$6)=0,"",_xll.IMDP("IR", data!$B36, data!P$8, $D$6)), IF(_xll.IMDP("IR", data!$C36, data!P$8, $D$6)=0,"",_xll.IMDP("IR", data!$C36, data!P$8, $D$6)), data!P36 ), "")} -> 3.495 | I35: {=IFERROR( CHOOSE( data!$B$7, IF(_xll.IMDP("IR", data!$B36, data!Q$8, $D$6)=0,"",_xll.IMDP("IR", data!$B36, data!Q$8, $D$6)), IF(_xll.IMDP("IR", data!$C36, data!Q$8, $D$6)=0,"",_xll.IMDP("IR", data!$C36, data!Q$8, $D$6)), data!Q36 ), "")} -> 3.551 | J35: {=IFERROR( CHOOSE( data!$B$7, IF(_xll.IMDP("IR", data!$B36, data!R$8, $D$6)=0,"",_xll.IMDP("IR", data!$B36, data!R$8, $D$6)), IF(_xll.IMDP("IR", data!$C36, data!R$8, $D$6)=0,"",_xll.IMDP("IR", data!$C36, data!R$8, $D$6)), data!R36 ), "")} -> 3.55 | K35: {=IFERROR( CHOOSE( data!$B$7, IF(_xll.IMDP("IR", data!$B36, data!S$8, $D$6)=0,"",_xll.IMDP("IR", data!$B36, data!S$8, $D$6)), IF(_xll.IMDP("IR", data!$C36, data!S$8, $D$6)=0,"",_xll.IMDP("IR", data!$C36, data!S$8, $D$6)), data!S36 ), "")} -> 3.54 | L35: {=IFERROR( CHOOSE( data!$B$7, IF(_xll.IMDP("IR", data!$B36, data!T$8, $D$6)=0,"",_xll.IMDP("IR", data!$B36, data!T$8, $D$6)), IF(_xll.IMDP("IR", data!$C36, data!T$8, $D$6)=0,"",_xll.IMDP("IR", data!$C36, data!T$8, $D$6)), data!T36 ), "")} -> 3.542 | ... T35: {=IFERROR( CHOOSE( data!$B$7, IF(_xll.IMDP("IR", data!$B36, data!AB$8, $D$6)=0,"",_xll.IMDP("IR", data!$B36, data!AB$8, $D$6)), IF(_xll.IMDP("IR", data!$C36, data!AB$8, $D$6)=0,"",_xll.IMDP("IR", data!$C36, data!AB$8, $D$6)), data!AB36 ), "")}
D36: A+ | E36: {=IFERROR( CHOOSE( data!$B$7, IF(_xll.IMDP("IR", data!$B37, data!M$8, $D$6)=0,"",_xll.IMDP("IR", data!$B37, data!M$8, $D$6)), IF(_xll.IMDP("IR", data!$C37, data!M$8, $D$6)=0,"",_xll.IMDP("IR", data!$C37, data!M$8, $D$6)), data!M37 ), "")} -> 4.003 | F36: {=IFERROR( CHOOSE( data!$B$7, IF(_xll.IMDP("IR", data!$B37, data!N$8, $D$6)=0,"",_xll.IMDP("IR", data!$B37, data!N$8, $D$6)), IF(_xll.IMDP("IR", data!$C37, data!N$8, $D$6)=0,"",_xll.IMDP("IR", data!$C37, data!N$8, $D$6)), data!N37 ), "")} -> 4.27 | G36: {=IFERROR( CHOOSE( data!$B$7, IF(_xll.IMDP("IR", data!$B37, data!O$8, $D$6)=0,"",_xll.IMDP("IR", data!$B37, data!O$8, $D$6)), IF(_xll.IMDP("IR", data!$C37, data!O$8, $D$6)=0,"",_xll.IMDP("IR", data!$C37, data!O$8, $D$6)), data!O37 ), "")} -> 4.359 | H36: {=IFERROR( CHOOSE( data!$B$7, IF(_xll.IMDP("IR", data!$B37, data!P$8, $D$6)=0,"",_xll.IMDP("IR", data!$B37, data!P$8, $D$6)), IF(_xll.IMDP("IR", data!$C37, data!P$8, $D$6)=0,"",_xll.IMDP("IR", data!$C37, data!P$8, $D$6)), data!P37 ), "")} -> 4.387 | I36: {=IFERROR( CHOOSE( data!$B$7, IF(_xll.IMDP("IR", data!$B37, data!Q$8, $D$6)=0,"",_xll.IMDP("IR", data!$B37, data!Q$8, $D$6)), IF(_xll.IMDP("IR", data!$C37, data!Q$8, $D$6)=0,"",_xll.IMDP("IR", data!$C37, data!Q$8, $D$6)), data!Q37 ), "")} -> 4.424 | J36: {=IFERROR( CHOOSE( data!$B$7, IF(_xll.IMDP("IR", data!$B37, data!R$8, $D$6)=0,"",_xll.IMDP("IR", data!$B37, data!R$8, $D$6)), IF(_xll.IMDP("IR", data!$C37, data!R$8, $D$6)=0,"",_xll.IMDP("IR", data!$C37, data!R$8, $D$6)), data!R37 ), "")} -> 4.434 | K36: {=IFERROR( CHOOSE( data!$B$7, IF(_xll.IMDP("IR", data!$B37, data!S$8, $D$6)=0,"",_xll.IMDP("IR", data!$B37, data!S$8, $D$6)), IF(_xll.IMDP("IR", data!$C37, data!S$8, $D$6)=0,"",_xll.IMDP("IR", data!$C37, data!S$8, $D$6)), data!S37 ), "")} -> 4.487 | L36: {=IFERROR( CHOOSE( data!$B$7, IF(_xll.IMDP("IR", data!$B37, data!T$8, $D$6)=0,"",_xll.IMDP("IR", data!$B37, data!T$8, $D$6)), IF(_xll.IMDP("IR", data!$C37, data!T$8, $D$6)=0,"",_xll.IMDP("IR", data!$C37, data!T$8, $D$6)), data!T37 ), "")} -> 4.561 | ... T36: {=IFERROR( CHOOSE( data!$B$7, IF(_xll.IMDP("IR", data!$B37, data!AB$8, $D$6)=0,"",_xll.IMDP("IR", data!$B37, data!AB$8, $D$6)), IF(_xll.IMDP("IR", data!$C37, data!AB$8, $D$6)=0,"",_xll.IMDP("IR", data!$C37, data!AB$8, $D$6)), data!AB37 ), "")}
D37: A0 | E37: {=IFERROR( CHOOSE( data!$B$7, IF(_xll.IMDP("IR", data!$B38, data!M$8, $D$6)=0,"",_xll.IMDP("IR", data!$B38, data!M$8, $D$6)), IF(_xll.IMDP("IR", data!$C38, data!M$8, $D$6)=0,"",_xll.IMDP("IR", data!$C38, data!M$8, $D$6)), data!M38 ), "")} -> 4.566 | F37: {=IFERROR( CHOOSE( data!$B$7, IF(_xll.IMDP("IR", data!$B38, data!N$8, $D$6)=0,"",_xll.IMDP("IR", data!$B38, data!N$8, $D$6)), IF(_xll.IMDP("IR", data!$C38, data!N$8, $D$6)=0,"",_xll.IMDP("IR", data!$C38, data!N$8, $D$6)), data!N38 ), "")} -> 4.879 | G37: {=IFERROR( CHOOSE( data!$B$7, IF(_xll.IMDP("IR", data!$B38, data!O$8, $D$6)=0,"",_xll.IMDP("IR", data!$B38, data!O$8, $D$6)), IF(_xll.IMDP("IR", data!$C38, data!O$8, $D$6)=0,"",_xll.IMDP("IR", data!$C38, data!O$8, $D$6)), data!O38 ), "")} -> 5.028 | H37: {=IFERROR( CHOOSE( data!$B$7, IF(_xll.IMDP("IR", data!$B38, data!P$8, $D$6)=0,"",_xll.IMDP("IR", data!$B38, data!P$8, $D$6)), IF(_xll.IMDP("IR", data!$C38, data!P$8, $D$6)=0,"",_xll.IMDP("IR", data!$C38, data!P$8, $D$6)), data!P38 ), "")} -> 5.128 | I37: {=IFERROR( CHOOSE( data!$B$7, IF(_xll.IMDP("IR", data!$B38, data!Q$8, $D$6)=0,"",_xll.IMDP("IR", data!$B38, data!Q$8, $D$6)), IF(_xll.IMDP("IR", data!$C38, data!Q$8, $D$6)=0,"",_xll.IMDP("IR", data!$C38, data!Q$8, $D$6)), data!Q38 ), "")} -> 5.204 | J37: {=IFERROR( CHOOSE( data!$B$7, IF(_xll.IMDP("IR", data!$B38, data!R$8, $D$6)=0,"",_xll.IMDP("IR", data!$B38, data!R$8, $D$6)), IF(_xll.IMDP("IR", data!$C38, data!R$8, $D$6)=0,"",_xll.IMDP("IR", data!$C38, data!R$8, $D$6)), data!R38 ), "")} -> 5.257 | K37: {=IFERROR( CHOOSE( data!$B$7, IF(_xll.IMDP("IR", data!$B38, data!S$8, $D$6)=0,"",_xll.IMDP("IR", data!$B38, data!S$8, $D$6)), IF(_xll.IMDP("IR", data!$C38, data!S$8, $D$6)=0,"",_xll.IMDP("IR", data!$C38, data!S$8, $D$6)), data!S38 ), "")} -> 5.278 | L37: {=IFERROR( CHOOSE( data!$B$7, IF(_xll.IMDP("IR", data!$B38, data!T$8, $D$6)=0,"",_xll.IMDP("IR", data!$B38, data!T$8, $D$6)), IF(_xll.IMDP("IR", data!$C38, data!T$8, $D$6)=0,"",_xll.IMDP("IR", data!$C38, data!T$8, $D$6)), data!T38 ), "")} -> 5.344 | ... T37: {=IFERROR( CHOOSE( data!$B$7, IF(_xll.IMDP("IR", data!$B38, data!AB$8, $D$6)=0,"",_xll.IMDP("IR", data!$B38, data!AB$8, $D$6)), IF(_xll.IMDP("IR", data!$C38, data!AB$8, $D$6)=0,"",_xll.IMDP("IR", data!$C38, data!AB$8, $D$6)), data!AB38 ), "")}
D38: A- | E38: {=IFERROR( CHOOSE( data!$B$7, IF(_xll.IMDP("IR", data!$B39, data!M$8, $D$6)=0,"",_xll.IMDP("IR", data!$B39, data!M$8, $D$6)), IF(_xll.IMDP("IR", data!$C39, data!M$8, $D$6)=0,"",_xll.IMDP("IR", data!$C39, data!M$8, $D$6)), data!M39 ), "")} -> 5.087 | F38: {=IFERROR( CHOOSE( data!$B$7, IF(_xll.IMDP("IR", data!$B39, data!N$8, $D$6)=0,"",_xll.IMDP("IR", data!$B39, data!N$8, $D$6)), IF(_xll.IMDP("IR", data!$C39, data!N$8, $D$6)=0,"",_xll.IMDP("IR", data!$C39, data!N$8, $D$6)), data!N39 ), "")} -> 5.516 | G38: {=IFERROR( CHOOSE( data!$B$7, IF(_xll.IMDP("IR", data!$B39, data!O$8, $D$6)=0,"",_xll.IMDP("IR", data!$B39, data!O$8, $D$6)), IF(_xll.IMDP("IR", data!$C39, data!O$8, $D$6)=0,"",_xll.IMDP("IR", data!$C39, data!O$8, $D$6)), data!O39 ), "")} -> 5.641 | H38: {=IFERROR( CHOOSE( data!$B$7, IF(_xll.IMDP("IR", data!$B39, data!P$8, $D$6)=0,"",_xll.IMDP("IR", data!$B39, data!P$8, $D$6)), IF(_xll.IMDP("IR", data!$C39, data!P$8, $D$6)=0,"",_xll.IMDP("IR", data!$C39, data!P$8, $D$6)), data!P39 ), "")} -> 5.688 | I38: {=IFERROR( CHOOSE( data!$B$7, IF(_xll.IMDP("IR", data!$B39, data!Q$8, $D$6)=0,"",_xll.IMDP("IR", data!$B39, data!Q$8, $D$6)), IF(_xll.IMDP("IR", data!$C39, data!Q$8, $D$6)=0,"",_xll.IMDP("IR", data!$C39, data!Q$8, $D$6)), data!Q39 ), "")} -> 5.761 | J38: {=IFERROR( CHOOSE( data!$B$7, IF(_xll.IMDP("IR", data!$B39, data!R$8, $D$6)=0,"",_xll.IMDP("IR", data!$B39, data!R$8, $D$6)), IF(_xll.IMDP("IR", data!$C39, data!R$8, $D$6)=0,"",_xll.IMDP("IR", data!$C39, data!R$8, $D$6)), data!R39 ), "")} -> 5.85 | K38: {=IFERROR( CHOOSE( data!$B$7, IF(_xll.IMDP("IR", data!$B39, data!S$8, $D$6)=0,"",_xll.IMDP("IR", data!$B39, data!S$8, $D$6)), IF(_xll.IMDP("IR", data!$C39, data!S$8, $D$6)=0,"",_xll.IMDP("IR", data!$C39, data!S$8, $D$6)), data!S39 ), "")} -> 5.931 | L38: {=IFERROR( CHOOSE( data!$B$7, IF(_xll.IMDP("IR", data!$B39, data!T$8, $D$6)=0,"",_xll.IMDP("IR", data!$B39, data!T$8, $D$6)), IF(_xll.IMDP("IR", data!$C39, data!T$8, $D$6)=0,"",_xll.IMDP("IR", data!$C39, data!T$8, $D$6)), data!T39 ), "")} -> 6.022 | ... T38: {=IFERROR( CHOOSE( data!$B$7, IF(_xll.IMDP("IR", data!$B39, data!AB$8, $D$6)=0,"",_xll.IMDP("IR", data!$B39, data!AB$8, $D$6)), IF(_xll.IMDP("IR", data!$C39, data!AB$8, $D$6)=0,"",_xll.IMDP("IR", data!$C39, data!AB$8, $D$6)), data!AB39 ), "")}
D39: BBB+ | E39: {=IFERROR( CHOOSE( data!$B$7, IF(_xll.IMDP("IR", data!$B40, data!M$8, $D$6)=0,"",_xll.IMDP("IR", data!$B40, data!M$8, $D$6)), IF(_xll.IMDP("IR", data!$C40, data!M$8, $D$6)=0,"",_xll.IMDP("IR", data!$C40, data!M$8, $D$6)), data!M40 ), "")} -> 5.93 | F39: {=IFERROR( CHOOSE( data!$B$7, IF(_xll.IMDP("IR", data!$B40, data!N$8, $D$6)=0,"",_xll.IMDP("IR", data!$B40, data!N$8, $D$6)), IF(_xll.IMDP("IR", data!$C40, data!N$8, $D$6)=0,"",_xll.IMDP("IR", data!$C40, data!N$8, $D$6)), data!N40 ), "")} -> 6.574 | G39: {=IFERROR( CHOOSE( data!$B$7, IF(_xll.IMDP("IR", data!$B40, data!O$8, $D$6)=0,"",_xll.IMDP("IR", data!$B40, data!O$8, $D$6)), IF(_xll.IMDP("IR", data!$C40, data!O$8, $D$6)=0,"",_xll.IMDP("IR", data!$C40, data!O$8, $D$6)), data!O40 ), "")} -> 6.83 | H39: {=IFERROR( CHOOSE( data!$B$7, IF(_xll.IMDP("IR", data!$B40, data!P$8, $D$6)=0,"",_xll.IMDP("IR", data!$B40, data!P$8, $D$6)), IF(_xll.IMDP("IR", data!$C40, data!P$8, $D$6)=0,"",_xll.IMDP("IR", data!$C40, data!P$8, $D$6)), data!P40 ), "")} -> 6.89 | I39: {=IFERROR( CHOOSE( data!$B$7, IF(_xll.IMDP("IR", data!$B40, data!Q$8, $D$6)=0,"",_xll.IMDP("IR", data!$B40, data!Q$8, $D$6)), IF(_xll.IMDP("IR", data!$C40, data!Q$8, $D$6)=0,"",_xll.IMDP("IR", data!$C40, data!Q$8, $D$6)), data!Q40 ), "")} -> 6.966 | J39: {=IFERROR( CHOOSE( data!$B$7, IF(_xll.IMDP("IR", data!$B40, data!R$8, $D$6)=0,"",_xll.IMDP("IR", data!$B40, data!R$8, $D$6)), IF(_xll.IMDP("IR", data!$C40, data!R$8, $D$6)=0,"",_xll.IMDP("IR", data!$C40, data!R$8, $D$6)), data!R40 ), "")} -> 7.253 | K39: {=IFERROR( CHOOSE( data!$B$7, IF(_xll.IMDP("IR", data!$B40, data!S$8, $D$6)=0,"",_xll.IMDP("IR", data!$B40, data!S$8, $D$6)), IF(_xll.IMDP("IR", data!$C40, data!S$8, $D$6)=0,"",_xll.IMDP("IR", data!$C40, data!S$8, $D$6)), data!S40 ), "")} -> 7.359 | L39: {=IFERROR( CHOOSE( data!$B$7, IF(_xll.IMDP("IR", data!$B40, data!T$8, $D$6)=0,"",_xll.IMDP("IR", data!$B40, data!T$8, $D$6)), IF(_xll.IMDP("IR", data!$C40, data!T$8, $D$6)=0,"",_xll.IMDP("IR", data!$C40, data!T$8, $D$6)), data!T40 ), "")} -> 7.395 | ... T39: {=IFERROR( CHOOSE( data!$B$7, IF(_xll.IMDP("IR", data!$B40, data!AB$8, $D$6)=0,"",_xll.IMDP("IR", data!$B40, data!AB$8, $D$6)), IF(_xll.IMDP("IR", data!$C40, data!AB$8, $D$6)=0,"",_xll.IMDP("IR", data!$C40, data!AB$8, $D$6)), data!AB40 ), "")}
D40: BBB0 | E40: {=IFERROR( CHOOSE( data!$B$7, IF(_xll.IMDP("IR", data!$B41, data!M$8, $D$6)=0,"",_xll.IMDP("IR", data!$B41, data!M$8, $D$6)), IF(_xll.IMDP("IR", data!$C41, data!M$8, $D$6)=0,"",_xll.IMDP("IR", data!$C41, data!M$8, $D$6)), data!M41 ), "")} -> 6.576 | F40: {=IFERROR( CHOOSE( data!$B$7, IF(_xll.IMDP("IR", data!$B41, data!N$8, $D$6)=0,"",_xll.IMDP("IR", data!$B41, data!N$8, $D$6)), IF(_xll.IMDP("IR", data!$C41, data!N$8, $D$6)=0,"",_xll.IMDP("IR", data!$C41, data!N$8, $D$6)), data!N41 ), "")} -> 7.294 | G40: {=IFERROR( CHOOSE( data!$B$7, IF(_xll.IMDP("IR", data!$B41, data!O$8, $D$6)=0,"",_xll.IMDP("IR", data!$B41, data!O$8, $D$6)), IF(_xll.IMDP("IR", data!$C41, data!O$8, $D$6)=0,"",_xll.IMDP("IR", data!$C41, data!O$8, $D$6)), data!O41 ), "")} -> 7.568 | H40: {=IFERROR( CHOOSE( data!$B$7, IF(_xll.IMDP("IR", data!$B41, data!P$8, $D$6)=0,"",_xll.IMDP("IR", data!$B41, data!P$8, $D$6)), IF(_xll.IMDP("IR", data!$C41, data!P$8, $D$6)=0,"",_xll.IMDP("IR", data!$C41, data!P$8, $D$6)), data!P41 ), "")} -> 7.684 | I40: {=IFERROR( CHOOSE( data!$B$7, IF(_xll.IMDP("IR", data!$B41, data!Q$8, $D$6)=0,"",_xll.IMDP("IR", data!$B41, data!Q$8, $D$6)), IF(_xll.IMDP("IR", data!$C41, data!Q$8, $D$6)=0,"",_xll.IMDP("IR", data!$C41, data!Q$8, $D$6)), data!Q41 ), "")} -> 7.76 | J40: {=IFERROR( CHOOSE( data!$B$7, IF(_xll.IMDP("IR", data!$B41, data!R$8, $D$6)=0,"",_xll.IMDP("IR", data!$B41, data!R$8, $D$6)), IF(_xll.IMDP("IR", data!$C41, data!R$8, $D$6)=0,"",_xll.IMDP("IR", data!$C41, data!R$8, $D$6)), data!R41 ), "")} -> 8.096 | K40: {=IFERROR( CHOOSE( data!$B$7, IF(_xll.IMDP("IR", data!$B41, data!S$8, $D$6)=0,"",_xll.IMDP("IR", data!$B41, data!S$8, $D$6)), IF(_xll.IMDP("IR", data!$C41, data!S$8, $D$6)=0,"",_xll.IMDP("IR", data!$C41, data!S$8, $D$6)), data!S41 ), "")} -> 8.263 | L40: {=IFERROR( CHOOSE( data!$B$7, IF(_xll.IMDP("IR", data!$B41, data!T$8, $D$6)=0,"",_xll.IMDP("IR", data!$B41, data!T$8, $D$6)), IF(_xll.IMDP("IR", data!$C41, data!T$8, $D$6)=0,"",_xll.IMDP("IR", data!$C41, data!T$8, $D$6)), data!T41 ), "")} -> 8.308 | ... T40: {=IFERROR( CHOOSE( data!$B$7, IF(_xll.IMDP("IR", data!$B41, data!AB$8, $D$6)=0,"",_xll.IMDP("IR", data!$B41, data!AB$8, $D$6)), IF(_xll.IMDP("IR", data!$C41, data!AB$8, $D$6)=0,"",_xll.IMDP("IR", data!$C41, data!AB$8, $D$6)), data!AB41 ), "")}
D41: BBB- | E41: {=IFERROR( CHOOSE( data!$B$7, IF(_xll.IMDP("IR", data!$B42, data!M$8, $D$6)=0,"",_xll.IMDP("IR", data!$B42, data!M$8, $D$6)), IF(_xll.IMDP("IR", data!$C42, data!M$8, $D$6)=0,"",_xll.IMDP("IR", data!$C42, data!M$8, $D$6)), data!M42 ), "")} -> 7.922 | F41: {=IFERROR( CHOOSE( data!$B$7, IF(_xll.IMDP("IR", data!$B42, data!N$8, $D$6)=0,"",_xll.IMDP("IR", data!$B42, data!N$8, $D$6)), IF(_xll.IMDP("IR", data!$C42, data!N$8, $D$6)=0,"",_xll.IMDP("IR", data!$C42, data!N$8, $D$6)), data!N42 ), "")} -> 8.632 | G41: {=IFERROR( CHOOSE( data!$B$7, IF(_xll.IMDP("IR", data!$B42, data!O$8, $D$6)=0,"",_xll.IMDP("IR", data!$B42, data!O$8, $D$6)), IF(_xll.IMDP("IR", data!$C42, data!O$8, $D$6)=0,"",_xll.IMDP("IR", data!$C42, data!O$8, $D$6)), data!O42 ), "")} -> 8.941 | H41: {=IFERROR( CHOOSE( data!$B$7, IF(_xll.IMDP("IR", data!$B42, data!P$8, $D$6)=0,"",_xll.IMDP("IR", data!$B42, data!P$8, $D$6)), IF(_xll.IMDP("IR", data!$C42, data!P$8, $D$6)=0,"",_xll.IMDP("IR", data!$C42, data!P$8, $D$6)), data!P42 ), "")} -> 9.011 | I41: {=IFERROR( CHOOSE( data!$B$7, IF(_xll.IMDP("IR", data!$B42, data!Q$8, $D$6)=0,"",_xll.IMDP("IR", data!$B42, data!Q$8, $D$6)), IF(_xll.IMDP("IR", data!$C42, data!Q$8, $D$6)=0,"",_xll.IMDP("IR", data!$C42, data!Q$8, $D$6)), data!Q42 ), "")} -> 9.092 | J41: {=IFERROR( CHOOSE( data!$B$7, IF(_xll.IMDP("IR", data!$B42, data!R$8, $D$6)=0,"",_xll.IMDP("IR", data!$B42, data!R$8, $D$6)), IF(_xll.IMDP("IR", data!$C42, data!R$8, $D$6)=0,"",_xll.IMDP("IR", data!$C42, data!R$8, $D$6)), data!R42 ), "")} -> 9.463 | K41: {=IFERROR( CHOOSE( data!$B$7, IF(_xll.IMDP("IR", data!$B42, data!S$8, $D$6)=0,"",_xll.IMDP("IR", data!$B42, data!S$8, $D$6)), IF(_xll.IMDP("IR", data!$C42, data!S$8, $D$6)=0,"",_xll.IMDP("IR", data!$C42, data!S$8, $D$6)), data!S42 ), "")} -> 9.642 | L41: {=IFERROR( CHOOSE( data!$B$7, IF(_xll.IMDP("IR", data!$B42, data!T$8, $D$6)=0,"",_xll.IMDP("IR", data!$B42, data!T$8, $D$6)), IF(_xll.IMDP("IR", data!$C42, data!T$8, $D$6)=0,"",_xll.IMDP("IR", data!$C42, data!T$8, $D$6)), data!T42 ), "")} -> 9.691 | ... T41: {=IFERROR( CHOOSE( data!$B$7, IF(_xll.IMDP("IR", data!$B42, data!AB$8, $D$6)=0,"",_xll.IMDP("IR", data!$B42, data!AB$8, $D$6)), IF(_xll.IMDP("IR", data!$C42, data!AB$8, $D$6)=0,"",_xll.IMDP("IR", data!$C42, data!AB$8, $D$6)), data!AB42 ), "")}
C42: 기타금융채 | D42: AA+ | E42: {=IFERROR( CHOOSE( data!$B$7, IF(_xll.IMDP("IR", data!$B43, data!M$8, $D$6)=0,"",_xll.IMDP("IR", data!$B43, data!M$8, $D$6)), IF(_xll.IMDP("IR", data!$C43, data!M$8, $D$6)=0,"",_xll.IMDP("IR", data!$C43, data!M$8, $D$6)), data!M43 ), "")} -> 3.429 | F42: {=IFERROR( CHOOSE( data!$B$7, IF(_xll.IMDP("IR", data!$B43, data!N$8, $D$6)=0,"",_xll.IMDP("IR", data!$B43, data!N$8, $D$6)), IF(_xll.IMDP("IR", data!$C43, data!N$8, $D$6)=0,"",_xll.IMDP("IR", data!$C43, data!N$8, $D$6)), data!N43 ), "")} -> 3.415 | G42: {=IFERROR( CHOOSE( data!$B$7, IF(_xll.IMDP("IR", data!$B43, data!O$8, $D$6)=0,"",_xll.IMDP("IR", data!$B43, data!O$8, $D$6)), IF(_xll.IMDP("IR", data!$C43, data!O$8, $D$6)=0,"",_xll.IMDP("IR", data!$C43, data!O$8, $D$6)), data!O43 ), "")} -> 3.381 | H42: {=IFERROR( CHOOSE( data!$B$7, IF(_xll.IMDP("IR", data!$B43, data!P$8, $D$6)=0,"",_xll.IMDP("IR", data!$B43, data!P$8, $D$6)), IF(_xll.IMDP("IR", data!$C43, data!P$8, $D$6)=0,"",_xll.IMDP("IR", data!$C43, data!P$8, $D$6)), data!P43 ), "")} -> 3.395 | I42: {=IFERROR( CHOOSE( data!$B$7, IF(_xll.IMDP("IR", data!$B43, data!Q$8, $D$6)=0,"",_xll.IMDP("IR", data!$B43, data!Q$8, $D$6)), IF(_xll.IMDP("IR", data!$C43, data!Q$8, $D$6)=0,"",_xll.IMDP("IR", data!$C43, data!Q$8, $D$6)), data!Q43 ), "")} -> 3.445 | J42: {=IFERROR( CHOOSE( data!$B$7, IF(_xll.IMDP("IR", data!$B43, data!R$8, $D$6)=0,"",_xll.IMDP("IR", data!$B43, data!R$8, $D$6)), IF(_xll.IMDP("IR", data!$C43, data!R$8, $D$6)=0,"",_xll.IMDP("IR", data!$C43, data!R$8, $D$6)), data!R43 ), "")} -> 3.417 | K42: {=IFERROR( CHOOSE( data!$B$7, IF(_xll.IMDP("IR", data!$B43, data!S$8, $D$6)=0,"",_xll.IMDP("IR", data!$B43, data!S$8, $D$6)), IF(_xll.IMDP("IR", data!$C43, data!S$8, $D$6)=0,"",_xll.IMDP("IR", data!$C43, data!S$8, $D$6)), data!S43 ), "")} -> 3.374 | L42: {=IFERROR( CHOOSE( data!$B$7, IF(_xll.IMDP("IR", data!$B43, data!T$8, $D$6)=0,"",_xll.IMDP("IR", data!$B43, data!T$8, $D$6)), IF(_xll.IMDP("IR", data!$C43, data!T$8, $D$6)=0,"",_xll.IMDP("IR", data!$C43, data!T$8, $D$6)), data!T43 ), "")} -> 3.358 | ... T42: {=IFERROR( CHOOSE( data!$B$7, IF(_xll.IMDP("IR", data!$B43, data!AB$8, $D$6)=0,"",_xll.IMDP("IR", data!$B43, data!AB$8, $D$6)), IF(_xll.IMDP("IR", data!$C43, data!AB$8, $D$6)=0,"",_xll.IMDP("IR", data!$C43, data!AB$8, $D$6)), data!AB43 ), "")}
D43: AA0 | E43: {=IFERROR( CHOOSE( data!$B$7, IF(_xll.IMDP("IR", data!$B44, data!M$8, $D$6)=0,"",_xll.IMDP("IR", data!$B44, data!M$8, $D$6)), IF(_xll.IMDP("IR", data!$C44, data!M$8, $D$6)=0,"",_xll.IMDP("IR", data!$C44, data!M$8, $D$6)), data!M44 ), "")} -> 3.457 | F43: {=IFERROR( CHOOSE( data!$B$7, IF(_xll.IMDP("IR", data!$B44, data!N$8, $D$6)=0,"",_xll.IMDP("IR", data!$B44, data!N$8, $D$6)), IF(_xll.IMDP("IR", data!$C44, data!N$8, $D$6)=0,"",_xll.IMDP("IR", data!$C44, data!N$8, $D$6)), data!N44 ), "")} -> 3.439 | G43: {=IFERROR( CHOOSE( data!$B$7, IF(_xll.IMDP("IR", data!$B44, data!O$8, $D$6)=0,"",_xll.IMDP("IR", data!$B44, data!O$8, $D$6)), IF(_xll.IMDP("IR", data!$C44, data!O$8, $D$6)=0,"",_xll.IMDP("IR", data!$C44, data!O$8, $D$6)), data!O44 ), "")} -> 3.407 | H43: {=IFERROR( CHOOSE( data!$B$7, IF(_xll.IMDP("IR", data!$B44, data!P$8, $D$6)=0,"",_xll.IMDP("IR", data!$B44, data!P$8, $D$6)), IF(_xll.IMDP("IR", data!$C44, data!P$8, $D$6)=0,"",_xll.IMDP("IR", data!$C44, data!P$8, $D$6)), data!P44 ), "")} -> 3.426 | I43: {=IFERROR( CHOOSE( data!$B$7, IF(_xll.IMDP("IR", data!$B44, data!Q$8, $D$6)=0,"",_xll.IMDP("IR", data!$B44, data!Q$8, $D$6)), IF(_xll.IMDP("IR", data!$C44, data!Q$8, $D$6)=0,"",_xll.IMDP("IR", data!$C44, data!Q$8, $D$6)), data!Q44 ), "")} -> 3.484 | J43: {=IFERROR( CHOOSE( data!$B$7, IF(_xll.IMDP("IR", data!$B44, data!R$8, $D$6)=0,"",_xll.IMDP("IR", data!$B44, data!R$8, $D$6)), IF(_xll.IMDP("IR", data!$C44, data!R$8, $D$6)=0,"",_xll.IMDP("IR", data!$C44, data!R$8, $D$6)), data!R44 ), "")} -> 3.462 | K43: {=IFERROR( CHOOSE( data!$B$7, IF(_xll.IMDP("IR", data!$B44, data!S$8, $D$6)=0,"",_xll.IMDP("IR", data!$B44, data!S$8, $D$6)), IF(_xll.IMDP("IR", data!$C44, data!S$8, $D$6)=0,"",_xll.IMDP("IR", data!$C44, data!S$8, $D$6)), data!S44 ), "")} -> 3.428 | L43: {=IFERROR( CHOOSE( data!$B$7, IF(_xll.IMDP("IR", data!$B44, data!T$8, $D$6)=0,"",_xll.IMDP("IR", data!$B44, data!T$8, $D$6)), IF(_xll.IMDP("IR", data!$C44, data!T$8, $D$6)=0,"",_xll.IMDP("IR", data!$C44, data!T$8, $D$6)), data!T44 ), "")} -> 3.425 | ... T43: {=IFERROR( CHOOSE( data!$B$7, IF(_xll.IMDP("IR", data!$B44, data!AB$8, $D$6)=0,"",_xll.IMDP("IR", data!$B44, data!AB$8, $D$6)), IF(_xll.IMDP("IR", data!$C44, data!AB$8, $D$6)=0,"",_xll.IMDP("IR", data!$C44, data!AB$8, $D$6)), data!AB44 ), "")}
D44: AA- | E44: {=IFERROR( CHOOSE( data!$B$7, IF(_xll.IMDP("IR", data!$B45, data!M$8, $D$6)=0,"",_xll.IMDP("IR", data!$B45, data!M$8, $D$6)), IF(_xll.IMDP("IR", data!$C45, data!M$8, $D$6)=0,"",_xll.IMDP("IR", data!$C45, data!M$8, $D$6)), data!M45 ), "")} -> 3.482 | F44: {=IFERROR( CHOOSE( data!$B$7, IF(_xll.IMDP("IR", data!$B45, data!N$8, $D$6)=0,"",_xll.IMDP("IR", data!$B45, data!N$8, $D$6)), IF(_xll.IMDP("IR", data!$C45, data!N$8, $D$6)=0,"",_xll.IMDP("IR", data!$C45, data!N$8, $D$6)), data!N45 ), "")} -> 3.47 | G44: {=IFERROR( CHOOSE( data!$B$7, IF(_xll.IMDP("IR", data!$B45, data!O$8, $D$6)=0,"",_xll.IMDP("IR", data!$B45, data!O$8, $D$6)), IF(_xll.IMDP("IR", data!$C45, data!O$8, $D$6)=0,"",_xll.IMDP("IR", data!$C45, data!O$8, $D$6)), data!O45 ), "")} -> 3.462 | H44: {=IFERROR( CHOOSE( data!$B$7, IF(_xll.IMDP("IR", data!$B45, data!P$8, $D$6)=0,"",_xll.IMDP("IR", data!$B45, data!P$8, $D$6)), IF(_xll.IMDP("IR", data!$C45, data!P$8, $D$6)=0,"",_xll.IMDP("IR", data!$C45, data!P$8, $D$6)), data!P45 ), "")} -> 3.495 | I44: {=IFERROR( CHOOSE( data!$B$7, IF(_xll.IMDP("IR", data!$B45, data!Q$8, $D$6)=0,"",_xll.IMDP("IR", data!$B45, data!Q$8, $D$6)), IF(_xll.IMDP("IR", data!$C45, data!Q$8, $D$6)=0,"",_xll.IMDP("IR", data!$C45, data!Q$8, $D$6)), data!Q45 ), "")} -> 3.551 | J44: {=IFERROR( CHOOSE( data!$B$7, IF(_xll.IMDP("IR", data!$B45, data!R$8, $D$6)=0,"",_xll.IMDP("IR", data!$B45, data!R$8, $D$6)), IF(_xll.IMDP("IR", data!$C45, data!R$8, $D$6)=0,"",_xll.IMDP("IR", data!$C45, data!R$8, $D$6)), data!R45 ), "")} -> 3.55 | K44: {=IFERROR( CHOOSE( data!$B$7, IF(_xll.IMDP("IR", data!$B45, data!S$8, $D$6)=0,"",_xll.IMDP("IR", data!$B45, data!S$8, $D$6)), IF(_xll.IMDP("IR", data!$C45, data!S$8, $D$6)=0,"",_xll.IMDP("IR", data!$C45, data!S$8, $D$6)), data!S45 ), "")} -> 3.54 | L44: {=IFERROR( CHOOSE( data!$B$7, IF(_xll.IMDP("IR", data!$B45, data!T$8, $D$6)=0,"",_xll.IMDP("IR", data!$B45, data!T$8, $D$6)), IF(_xll.IMDP("IR", data!$C45, data!T$8, $D$6)=0,"",_xll.IMDP("IR", data!$C45, data!T$8, $D$6)), data!T45 ), "")} -> 3.542 | ... T44: {=IFERROR( CHOOSE( data!$B$7, IF(_xll.IMDP("IR", data!$B45, data!AB$8, $D$6)=0,"",_xll.IMDP("IR", data!$B45, data!AB$8, $D$6)), IF(_xll.IMDP("IR", data!$C45, data!AB$8, $D$6)=0,"",_xll.IMDP("IR", data!$C45, data!AB$8, $D$6)), data!AB45 ), "")}
D45: A+ | E45: {=IFERROR( CHOOSE( data!$B$7, IF(_xll.IMDP("IR", data!$B46, data!M$8, $D$6)=0,"",_xll.IMDP("IR", data!$B46, data!M$8, $D$6)), IF(_xll.IMDP("IR", data!$C46, data!M$8, $D$6)=0,"",_xll.IMDP("IR", data!$C46, data!M$8, $D$6)), data!M46 ), "")} -> 4.003 | F45: {=IFERROR( CHOOSE( data!$B$7, IF(_xll.IMDP("IR", data!$B46, data!N$8, $D$6)=0,"",_xll.IMDP("IR", data!$B46, data!N$8, $D$6)), IF(_xll.IMDP("IR", data!$C46, data!N$8, $D$6)=0,"",_xll.IMDP("IR", data!$C46, data!N$8, $D$6)), data!N46 ), "")} -> 4.27 | G45: {=IFERROR( CHOOSE( data!$B$7, IF(_xll.IMDP("IR", data!$B46, data!O$8, $D$6)=0,"",_xll.IMDP("IR", data!$B46, data!O$8, $D$6)), IF(_xll.IMDP("IR", data!$C46, data!O$8, $D$6)=0,"",_xll.IMDP("IR", data!$C46, data!O$8, $D$6)), data!O46 ), "")} -> 4.359 | H45: {=IFERROR( CHOOSE( data!$B$7, IF(_xll.IMDP("IR", data!$B46, data!P$8, $D$6)=0,"",_xll.IMDP("IR", data!$B46, data!P$8, $D$6)), IF(_xll.IMDP("IR", data!$C46, data!P$8, $D$6)=0,"",_xll.IMDP("IR", data!$C46, data!P$8, $D$6)), data!P46 ), "")} -> 4.387 | I45: {=IFERROR( CHOOSE( data!$B$7, IF(_xll.IMDP("IR", data!$B46, data!Q$8, $D$6)=0,"",_xll.IMDP("IR", data!$B46, data!Q$8, $D$6)), IF(_xll.IMDP("IR", data!$C46, data!Q$8, $D$6)=0,"",_xll.IMDP("IR", data!$C46, data!Q$8, $D$6)), data!Q46 ), "")} -> 4.424 | J45: {=IFERROR( CHOOSE( data!$B$7, IF(_xll.IMDP("IR", data!$B46, data!R$8, $D$6)=0,"",_xll.IMDP("IR", data!$B46, data!R$8, $D$6)), IF(_xll.IMDP("IR", data!$C46, data!R$8, $D$6)=0,"",_xll.IMDP("IR", data!$C46, data!R$8, $D$6)), data!R46 ), "")} -> 4.434 | K45: {=IFERROR( CHOOSE( data!$B$7, IF(_xll.IMDP("IR", data!$B46, data!S$8, $D$6)=0,"",_xll.IMDP("IR", data!$B46, data!S$8, $D$6)), IF(_xll.IMDP("IR", data!$C46, data!S$8, $D$6)=0,"",_xll.IMDP("IR", data!$C46, data!S$8, $D$6)), data!S46 ), "")} -> 4.487 | L45: {=IFERROR( CHOOSE( data!$B$7, IF(_xll.IMDP("IR", data!$B46, data!T$8, $D$6)=0,"",_xll.IMDP("IR", data!$B46, data!T$8, $D$6)), IF(_xll.IMDP("IR", data!$C46, data!T$8, $D$6)=0,"",_xll.IMDP("IR", data!$C46, data!T$8, $D$6)), data!T46 ), "")} -> 4.561 | ... T45: {=IFERROR( CHOOSE( data!$B$7, IF(_xll.IMDP("IR", data!$B46, data!AB$8, $D$6)=0,"",_xll.IMDP("IR", data!$B46, data!AB$8, $D$6)), IF(_xll.IMDP("IR", data!$C46, data!AB$8, $D$6)=0,"",_xll.IMDP("IR", data!$C46, data!AB$8, $D$6)), data!AB46 ), "")}
D46: A0 | E46: {=IFERROR( CHOOSE( data!$B$7, IF(_xll.IMDP("IR", data!$B47, data!M$8, $D$6)=0,"",_xll.IMDP("IR", data!$B47, data!M$8, $D$6)), IF(_xll.IMDP("IR", data!$C47, data!M$8, $D$6)=0,"",_xll.IMDP("IR", data!$C47, data!M$8, $D$6)), data!M47 ), "")} -> 4.566 | F46: {=IFERROR( CHOOSE( data!$B$7, IF(_xll.IMDP("IR", data!$B47, data!N$8, $D$6)=0,"",_xll.IMDP("IR", data!$B47, data!N$8, $D$6)), IF(_xll.IMDP("IR", data!$C47, data!N$8, $D$6)=0,"",_xll.IMDP("IR", data!$C47, data!N$8, $D$6)), data!N47 ), "")} -> 4.879 | G46: {=IFERROR( CHOOSE( data!$B$7, IF(_xll.IMDP("IR", data!$B47, data!O$8, $D$6)=0,"",_xll.IMDP("IR", data!$B47, data!O$8, $D$6)), IF(_xll.IMDP("IR", data!$C47, data!O$8, $D$6)=0,"",_xll.IMDP("IR", data!$C47, data!O$8, $D$6)), data!O47 ), "")} -> 5.028 | H46: {=IFERROR( CHOOSE( data!$B$7, IF(_xll.IMDP("IR", data!$B47, data!P$8, $D$6)=0,"",_xll.IMDP("IR", data!$B47, data!P$8, $D$6)), IF(_xll.IMDP("IR", data!$C47, data!P$8, $D$6)=0,"",_xll.IMDP("IR", data!$C47, data!P$8, $D$6)), data!P47 ), "")} -> 5.128 | I46: {=IFERROR( CHOOSE( data!$B$7, IF(_xll.IMDP("IR", data!$B47, data!Q$8, $D$6)=0,"",_xll.IMDP("IR", data!$B47, data!Q$8, $D$6)), IF(_xll.IMDP("IR", data!$C47, data!Q$8, $D$6)=0,"",_xll.IMDP("IR", data!$C47, data!Q$8, $D$6)), data!Q47 ), "")} -> 5.204 | J46: {=IFERROR( CHOOSE( data!$B$7, IF(_xll.IMDP("IR", data!$B47, data!R$8, $D$6)=0,"",_xll.IMDP("IR", data!$B47, data!R$8, $D$6)), IF(_xll.IMDP("IR", data!$C47, data!R$8, $D$6)=0,"",_xll.IMDP("IR", data!$C47, data!R$8, $D$6)), data!R47 ), "")} -> 5.257 | K46: {=IFERROR( CHOOSE( data!$B$7, IF(_xll.IMDP("IR", data!$B47, data!S$8, $D$6)=0,"",_xll.IMDP("IR", data!$B47, data!S$8, $D$6)), IF(_xll.IMDP("IR", data!$C47, data!S$8, $D$6)=0,"",_xll.IMDP("IR", data!$C47, data!S$8, $D$6)), data!S47 ), "")} -> 5.278 | L46: {=IFERROR( CHOOSE( data!$B$7, IF(_xll.IMDP("IR", data!$B47, data!T$8, $D$6)=0,"",_xll.IMDP("IR", data!$B47, data!T$8, $D$6)), IF(_xll.IMDP("IR", data!$C47, data!T$8, $D$6)=0,"",_xll.IMDP("IR", data!$C47, data!T$8, $D$6)), data!T47 ), "")} -> 5.344 | ... T46: {=IFERROR( CHOOSE( data!$B$7, IF(_xll.IMDP("IR", data!$B47, data!AB$8, $D$6)=0,"",_xll.IMDP("IR", data!$B47, data!AB$8, $D$6)), IF(_xll.IMDP("IR", data!$C47, data!AB$8, $D$6)=0,"",_xll.IMDP("IR", data!$C47, data!AB$8, $D$6)), data!AB47 ), "")}
D47: A- | E47: {=IFERROR( CHOOSE( data!$B$7, IF(_xll.IMDP("IR", data!$B48, data!M$8, $D$6)=0,"",_xll.IMDP("IR", data!$B48, data!M$8, $D$6)), IF(_xll.IMDP("IR", data!$C48, data!M$8, $D$6)=0,"",_xll.IMDP("IR", data!$C48, data!M$8, $D$6)), data!M48 ), "")} -> 5.087 | F47: {=IFERROR( CHOOSE( data!$B$7, IF(_xll.IMDP("IR", data!$B48, data!N$8, $D$6)=0,"",_xll.IMDP("IR", data!$B48, data!N$8, $D$6)), IF(_xll.IMDP("IR", data!$C48, data!N$8, $D$6)=0,"",_xll.IMDP("IR", data!$C48, data!N$8, $D$6)), data!N48 ), "")} -> 5.516 | G47: {=IFERROR( CHOOSE( data!$B$7, IF(_xll.IMDP("IR", data!$B48, data!O$8, $D$6)=0,"",_xll.IMDP("IR", data!$B48, data!O$8, $D$6)), IF(_xll.IMDP("IR", data!$C48, data!O$8, $D$6)=0,"",_xll.IMDP("IR", data!$C48, data!O$8, $D$6)), data!O48 ), "")} -> 5.641 | H47: {=IFERROR( CHOOSE( data!$B$7, IF(_xll.IMDP("IR", data!$B48, data!P$8, $D$6)=0,"",_xll.IMDP("IR", data!$B48, data!P$8, $D$6)), IF(_xll.IMDP("IR", data!$C48, data!P$8, $D$6)=0,"",_xll.IMDP("IR", data!$C48, data!P$8, $D$6)), data!P48 ), "")} -> 5.688 | I47: {=IFERROR( CHOOSE( data!$B$7, IF(_xll.IMDP("IR", data!$B48, data!Q$8, $D$6)=0,"",_xll.IMDP("IR", data!$B48, data!Q$8, $D$6)), IF(_xll.IMDP("IR", data!$C48, data!Q$8, $D$6)=0,"",_xll.IMDP("IR", data!$C48, data!Q$8, $D$6)), data!Q48 ), "")} -> 5.761 | J47: {=IFERROR( CHOOSE( data!$B$7, IF(_xll.IMDP("IR", data!$B48, data!R$8, $D$6)=0,"",_xll.IMDP("IR", data!$B48, data!R$8, $D$6)), IF(_xll.IMDP("IR", data!$C48, data!R$8, $D$6)=0,"",_xll.IMDP("IR", data!$C48, data!R$8, $D$6)), data!R48 ), "")} -> 5.85 | K47: {=IFERROR( CHOOSE( data!$B$7, IF(_xll.IMDP("IR", data!$B48, data!S$8, $D$6)=0,"",_xll.IMDP("IR", data!$B48, data!S$8, $D$6)), IF(_xll.IMDP("IR", data!$C48, data!S$8, $D$6)=0,"",_xll.IMDP("IR", data!$C48, data!S$8, $D$6)), data!S48 ), "")} -> 5.931 | L47: {=IFERROR( CHOOSE( data!$B$7, IF(_xll.IMDP("IR", data!$B48, data!T$8, $D$6)=0,"",_xll.IMDP("IR", data!$B48, data!T$8, $D$6)), IF(_xll.IMDP("IR", data!$C48, data!T$8, $D$6)=0,"",_xll.IMDP("IR", data!$C48, data!T$8, $D$6)), data!T48 ), "")} -> 6.022 | ... T47: {=IFERROR( CHOOSE( data!$B$7, IF(_xll.IMDP("IR", data!$B48, data!AB$8, $D$6)=0,"",_xll.IMDP("IR", data!$B48, data!AB$8, $D$6)), IF(_xll.IMDP("IR", data!$C48, data!AB$8, $D$6)=0,"",_xll.IMDP("IR", data!$C48, data!AB$8, $D$6)), data!AB48 ), "")}
D48: BBB+ | E48: {=IFERROR( CHOOSE( data!$B$7, IF(_xll.IMDP("IR", data!$B49, data!M$8, $D$6)=0,"",_xll.IMDP("IR", data!$B49, data!M$8, $D$6)), IF(_xll.IMDP("IR", data!$C49, data!M$8, $D$6)=0,"",_xll.IMDP("IR", data!$C49, data!M$8, $D$6)), data!M49 ), "")} -> 5.887 | F48: {=IFERROR( CHOOSE( data!$B$7, IF(_xll.IMDP("IR", data!$B49, data!N$8, $D$6)=0,"",_xll.IMDP("IR", data!$B49, data!N$8, $D$6)), IF(_xll.IMDP("IR", data!$C49, data!N$8, $D$6)=0,"",_xll.IMDP("IR", data!$C49, data!N$8, $D$6)), data!N49 ), "")} -> 6.523 | G48: {=IFERROR( CHOOSE( data!$B$7, IF(_xll.IMDP("IR", data!$B49, data!O$8, $D$6)=0,"",_xll.IMDP("IR", data!$B49, data!O$8, $D$6)), IF(_xll.IMDP("IR", data!$C49, data!O$8, $D$6)=0,"",_xll.IMDP("IR", data!$C49, data!O$8, $D$6)), data!O49 ), "")} -> 6.768 | H48: {=IFERROR( CHOOSE( data!$B$7, IF(_xll.IMDP("IR", data!$B49, data!P$8, $D$6)=0,"",_xll.IMDP("IR", data!$B49, data!P$8, $D$6)), IF(_xll.IMDP("IR", data!$C49, data!P$8, $D$6)=0,"",_xll.IMDP("IR", data!$C49, data!P$8, $D$6)), data!P49 ), "")} -> 6.86 | I48: {=IFERROR( CHOOSE( data!$B$7, IF(_xll.IMDP("IR", data!$B49, data!Q$8, $D$6)=0,"",_xll.IMDP("IR", data!$B49, data!Q$8, $D$6)), IF(_xll.IMDP("IR", data!$C49, data!Q$8, $D$6)=0,"",_xll.IMDP("IR", data!$C49, data!Q$8, $D$6)), data!Q49 ), "")} -> 6.933 | J48: {=IFERROR( CHOOSE( data!$B$7, IF(_xll.IMDP("IR", data!$B49, data!R$8, $D$6)=0,"",_xll.IMDP("IR", data!$B49, data!R$8, $D$6)), IF(_xll.IMDP("IR", data!$C49, data!R$8, $D$6)=0,"",_xll.IMDP("IR", data!$C49, data!R$8, $D$6)), data!R49 ), "")} -> 7.217 | K48: {=IFERROR( CHOOSE( data!$B$7, IF(_xll.IMDP("IR", data!$B49, data!S$8, $D$6)=0,"",_xll.IMDP("IR", data!$B49, data!S$8, $D$6)), IF(_xll.IMDP("IR", data!$C49, data!S$8, $D$6)=0,"",_xll.IMDP("IR", data!$C49, data!S$8, $D$6)), data!S49 ), "")} -> 7.332 | L48: {=IFERROR( CHOOSE( data!$B$7, IF(_xll.IMDP("IR", data!$B49, data!T$8, $D$6)=0,"",_xll.IMDP("IR", data!$B49, data!T$8, $D$6)), IF(_xll.IMDP("IR", data!$C49, data!T$8, $D$6)=0,"",_xll.IMDP("IR", data!$C49, data!T$8, $D$6)), data!T49 ), "")} -> 7.382 | ... T48: {=IFERROR( CHOOSE( data!$B$7, IF(_xll.IMDP("IR", data!$B49, data!AB$8, $D$6)=0,"",_xll.IMDP("IR", data!$B49, data!AB$8, $D$6)), IF(_xll.IMDP("IR", data!$C49, data!AB$8, $D$6)=0,"",_xll.IMDP("IR", data!$C49, data!AB$8, $D$6)), data!AB49 ), "")}
D49: BBB0 | E49: {=IFERROR( CHOOSE( data!$B$7, IF(_xll.IMDP("IR", data!$B50, data!M$8, $D$6)=0,"",_xll.IMDP("IR", data!$B50, data!M$8, $D$6)), IF(_xll.IMDP("IR", data!$C50, data!M$8, $D$6)=0,"",_xll.IMDP("IR", data!$C50, data!M$8, $D$6)), data!M50 ), "")} -> 6.538 | F49: {=IFERROR( CHOOSE( data!$B$7, IF(_xll.IMDP("IR", data!$B50, data!N$8, $D$6)=0,"",_xll.IMDP("IR", data!$B50, data!N$8, $D$6)), IF(_xll.IMDP("IR", data!$C50, data!N$8, $D$6)=0,"",_xll.IMDP("IR", data!$C50, data!N$8, $D$6)), data!N50 ), "")} -> 7.237 | G49: {=IFERROR( CHOOSE( data!$B$7, IF(_xll.IMDP("IR", data!$B50, data!O$8, $D$6)=0,"",_xll.IMDP("IR", data!$B50, data!O$8, $D$6)), IF(_xll.IMDP("IR", data!$C50, data!O$8, $D$6)=0,"",_xll.IMDP("IR", data!$C50, data!O$8, $D$6)), data!O50 ), "")} -> 7.501 | H49: {=IFERROR( CHOOSE( data!$B$7, IF(_xll.IMDP("IR", data!$B50, data!P$8, $D$6)=0,"",_xll.IMDP("IR", data!$B50, data!P$8, $D$6)), IF(_xll.IMDP("IR", data!$C50, data!P$8, $D$6)=0,"",_xll.IMDP("IR", data!$C50, data!P$8, $D$6)), data!P50 ), "")} -> 7.647 | I49: {=IFERROR( CHOOSE( data!$B$7, IF(_xll.IMDP("IR", data!$B50, data!Q$8, $D$6)=0,"",_xll.IMDP("IR", data!$B50, data!Q$8, $D$6)), IF(_xll.IMDP("IR", data!$C50, data!Q$8, $D$6)=0,"",_xll.IMDP("IR", data!$C50, data!Q$8, $D$6)), data!Q50 ), "")} -> 7.735 | J49: {=IFERROR( CHOOSE( data!$B$7, IF(_xll.IMDP("IR", data!$B50, data!R$8, $D$6)=0,"",_xll.IMDP("IR", data!$B50, data!R$8, $D$6)), IF(_xll.IMDP("IR", data!$C50, data!R$8, $D$6)=0,"",_xll.IMDP("IR", data!$C50, data!R$8, $D$6)), data!R50 ), "")} -> 8.055 | K49: {=IFERROR( CHOOSE( data!$B$7, IF(_xll.IMDP("IR", data!$B50, data!S$8, $D$6)=0,"",_xll.IMDP("IR", data!$B50, data!S$8, $D$6)), IF(_xll.IMDP("IR", data!$C50, data!S$8, $D$6)=0,"",_xll.IMDP("IR", data!$C50, data!S$8, $D$6)), data!S50 ), "")} -> 8.231 | L49: {=IFERROR( CHOOSE( data!$B$7, IF(_xll.IMDP("IR", data!$B50, data!T$8, $D$6)=0,"",_xll.IMDP("IR", data!$B50, data!T$8, $D$6)), IF(_xll.IMDP("IR", data!$C50, data!T$8, $D$6)=0,"",_xll.IMDP("IR", data!$C50, data!T$8, $D$6)), data!T50 ), "")} -> 8.293 | ... T49: {=IFERROR( CHOOSE( data!$B$7, IF(_xll.IMDP("IR", data!$B50, data!AB$8, $D$6)=0,"",_xll.IMDP("IR", data!$B50, data!AB$8, $D$6)), IF(_xll.IMDP("IR", data!$C50, data!AB$8, $D$6)=0,"",_xll.IMDP("IR", data!$C50, data!AB$8, $D$6)), data!AB50 ), "")}
D50: BBB- | E50: {=IFERROR( CHOOSE( data!$B$7, IF(_xll.IMDP("IR", data!$B51, data!M$8, $D$6)=0,"",_xll.IMDP("IR", data!$B51, data!M$8, $D$6)), IF(_xll.IMDP("IR", data!$C51, data!M$8, $D$6)=0,"",_xll.IMDP("IR", data!$C51, data!M$8, $D$6)), data!M51 ), "")} -> 7.822 | F50: {=IFERROR( CHOOSE( data!$B$7, IF(_xll.IMDP("IR", data!$B51, data!N$8, $D$6)=0,"",_xll.IMDP("IR", data!$B51, data!N$8, $D$6)), IF(_xll.IMDP("IR", data!$C51, data!N$8, $D$6)=0,"",_xll.IMDP("IR", data!$C51, data!N$8, $D$6)), data!N51 ), "")} -> 8.554 | G50: {=IFERROR( CHOOSE( data!$B$7, IF(_xll.IMDP("IR", data!$B51, data!O$8, $D$6)=0,"",_xll.IMDP("IR", data!$B51, data!O$8, $D$6)), IF(_xll.IMDP("IR", data!$C51, data!O$8, $D$6)=0,"",_xll.IMDP("IR", data!$C51, data!O$8, $D$6)), data!O51 ), "")} -> 8.843 | H50: {=IFERROR( CHOOSE( data!$B$7, IF(_xll.IMDP("IR", data!$B51, data!P$8, $D$6)=0,"",_xll.IMDP("IR", data!$B51, data!P$8, $D$6)), IF(_xll.IMDP("IR", data!$C51, data!P$8, $D$6)=0,"",_xll.IMDP("IR", data!$C51, data!P$8, $D$6)), data!P51 ), "")} -> 8.954 | I50: {=IFERROR( CHOOSE( data!$B$7, IF(_xll.IMDP("IR", data!$B51, data!Q$8, $D$6)=0,"",_xll.IMDP("IR", data!$B51, data!Q$8, $D$6)), IF(_xll.IMDP("IR", data!$C51, data!Q$8, $D$6)=0,"",_xll.IMDP("IR", data!$C51, data!Q$8, $D$6)), data!Q51 ), "")} -> 9.047 | J50: {=IFERROR( CHOOSE( data!$B$7, IF(_xll.IMDP("IR", data!$B51, data!R$8, $D$6)=0,"",_xll.IMDP("IR", data!$B51, data!R$8, $D$6)), IF(_xll.IMDP("IR", data!$C51, data!R$8, $D$6)=0,"",_xll.IMDP("IR", data!$C51, data!R$8, $D$6)), data!R51 ), "")} -> 9.393 | K50: {=IFERROR( CHOOSE( data!$B$7, IF(_xll.IMDP("IR", data!$B51, data!S$8, $D$6)=0,"",_xll.IMDP("IR", data!$B51, data!S$8, $D$6)), IF(_xll.IMDP("IR", data!$C51, data!S$8, $D$6)=0,"",_xll.IMDP("IR", data!$C51, data!S$8, $D$6)), data!S51 ), "")} -> 9.578 | L50: {=IFERROR( CHOOSE( data!$B$7, IF(_xll.IMDP("IR", data!$B51, data!T$8, $D$6)=0,"",_xll.IMDP("IR", data!$B51, data!T$8, $D$6)), IF(_xll.IMDP("IR", data!$C51, data!T$8, $D$6)=0,"",_xll.IMDP("IR", data!$C51, data!T$8, $D$6)), data!T51 ), "")} -> 9.643 | ... T50: {=IFERROR( CHOOSE( data!$B$7, IF(_xll.IMDP("IR", data!$B51, data!AB$8, $D$6)=0,"",_xll.IMDP("IR", data!$B51, data!AB$8, $D$6)), IF(_xll.IMDP("IR", data!$C51, data!AB$8, $D$6)=0,"",_xll.IMDP("IR", data!$C51, data!AB$8, $D$6)), data!AB51 ), "")}
B51: 회사채 | C51: 공모/보증 | D51: 특수,우량시중은행 | E51: {=IFERROR( CHOOSE( data!$B$7, IF(_xll.IMDP("IR", data!$B52, data!M$8, $D$6)=0,"",_xll.IMDP("IR", data!$B52, data!M$8, $D$6)), IF(_xll.IMDP("IR", data!$C52, data!M$8, $D$6)=0,"",_xll.IMDP("IR", data!$C52, data!M$8, $D$6)), data!M52 ), "")} -> 3.42 | F51: {=IFERROR( CHOOSE( data!$B$7, IF(_xll.IMDP("IR", data!$B52, data!N$8, $D$6)=0,"",_xll.IMDP("IR", data!$B52, data!N$8, $D$6)), IF(_xll.IMDP("IR", data!$C52, data!N$8, $D$6)=0,"",_xll.IMDP("IR", data!$C52, data!N$8, $D$6)), data!N52 ), "")} -> 3.4 | G51: {=IFERROR( CHOOSE( data!$B$7, IF(_xll.IMDP("IR", data!$B52, data!O$8, $D$6)=0,"",_xll.IMDP("IR", data!$B52, data!O$8, $D$6)), IF(_xll.IMDP("IR", data!$C52, data!O$8, $D$6)=0,"",_xll.IMDP("IR", data!$C52, data!O$8, $D$6)), data!O52 ), "")} -> 3.337 | H51: {=IFERROR( CHOOSE( data!$B$7, IF(_xll.IMDP("IR", data!$B52, data!P$8, $D$6)=0,"",_xll.IMDP("IR", data!$B52, data!P$8, $D$6)), IF(_xll.IMDP("IR", data!$C52, data!P$8, $D$6)=0,"",_xll.IMDP("IR", data!$C52, data!P$8, $D$6)), data!P52 ), "")} -> 3.297 | I51: {=IFERROR( CHOOSE( data!$B$7, IF(_xll.IMDP("IR", data!$B52, data!Q$8, $D$6)=0,"",_xll.IMDP("IR", data!$B52, data!Q$8, $D$6)), IF(_xll.IMDP("IR", data!$C52, data!Q$8, $D$6)=0,"",_xll.IMDP("IR", data!$C52, data!Q$8, $D$6)), data!Q52 ), "")} -> 3.274 | J51: {=IFERROR( CHOOSE( data!$B$7, IF(_xll.IMDP("IR", data!$B52, data!R$8, $D$6)=0,"",_xll.IMDP("IR", data!$B52, data!R$8, $D$6)), IF(_xll.IMDP("IR", data!$C52, data!R$8, $D$6)=0,"",_xll.IMDP("IR", data!$C52, data!R$8, $D$6)), data!R52 ), "")} -> 3.244 | K51: {=IFERROR( CHOOSE( data!$B$7, IF(_xll.IMDP("IR", data!$B52, data!S$8, $D$6)=0,"",_xll.IMDP("IR", data!$B52, data!S$8, $D$6)), IF(_xll.IMDP("IR", data!$C52, data!S$8, $D$6)=0,"",_xll.IMDP("IR", data!$C52, data!S$8, $D$6)), data!S52 ), "")} -> 3.225 | L51: {=IFERROR( CHOOSE( data!$B$7, IF(_xll.IMDP("IR", data!$B52, data!T$8, $D$6)=0,"",_xll.IMDP("IR", data!$B52, data!T$8, $D$6)), IF(_xll.IMDP("IR", data!$C52, data!T$8, $D$6)=0,"",_xll.IMDP("IR", data!$C52, data!T$8, $D$6)), data!T52 ), "")} -> 3.217 | ... T51: {=IFERROR( CHOOSE( data!$B$7, IF(_xll.IMDP("IR", data!$B52, data!AB$8, $D$6)=0,"",_xll.IMDP("IR", data!$B52, data!AB$8, $D$6)), IF(_xll.IMDP("IR", data!$C52, data!AB$8, $D$6)=0,"",_xll.IMDP("IR", data!$C52, data!AB$8, $D$6)), data!AB52 ), "")}
D52: 시중은행 | E52: {=IFERROR( CHOOSE( data!$B$7, IF(_xll.IMDP("IR", data!$B53, data!M$8, $D$6)=0,"",_xll.IMDP("IR", data!$B53, data!M$8, $D$6)), IF(_xll.IMDP("IR", data!$C53, data!M$8, $D$6)=0,"",_xll.IMDP("IR", data!$C53, data!M$8, $D$6)), data!M53 ), "")} -> 3.438 | F52: {=IFERROR( CHOOSE( data!$B$7, IF(_xll.IMDP("IR", data!$B53, data!N$8, $D$6)=0,"",_xll.IMDP("IR", data!$B53, data!N$8, $D$6)), IF(_xll.IMDP("IR", data!$C53, data!N$8, $D$6)=0,"",_xll.IMDP("IR", data!$C53, data!N$8, $D$6)), data!N53 ), "")} -> 3.425 | G52: {=IFERROR( CHOOSE( data!$B$7, IF(_xll.IMDP("IR", data!$B53, data!O$8, $D$6)=0,"",_xll.IMDP("IR", data!$B53, data!O$8, $D$6)), IF(_xll.IMDP("IR", data!$C53, data!O$8, $D$6)=0,"",_xll.IMDP("IR", data!$C53, data!O$8, $D$6)), data!O53 ), "")} -> 3.375 | H52: {=IFERROR( CHOOSE( data!$B$7, IF(_xll.IMDP("IR", data!$B53, data!P$8, $D$6)=0,"",_xll.IMDP("IR", data!$B53, data!P$8, $D$6)), IF(_xll.IMDP("IR", data!$C53, data!P$8, $D$6)=0,"",_xll.IMDP("IR", data!$C53, data!P$8, $D$6)), data!P53 ), "")} -> 3.342 | I52: {=IFERROR( CHOOSE( data!$B$7, IF(_xll.IMDP("IR", data!$B53, data!Q$8, $D$6)=0,"",_xll.IMDP("IR", data!$B53, data!Q$8, $D$6)), IF(_xll.IMDP("IR", data!$C53, data!Q$8, $D$6)=0,"",_xll.IMDP("IR", data!$C53, data!Q$8, $D$6)), data!Q53 ), "")} -> 3.341 | J52: {=IFERROR( CHOOSE( data!$B$7, IF(_xll.IMDP("IR", data!$B53, data!R$8, $D$6)=0,"",_xll.IMDP("IR", data!$B53, data!R$8, $D$6)), IF(_xll.IMDP("IR", data!$C53, data!R$8, $D$6)=0,"",_xll.IMDP("IR", data!$C53, data!R$8, $D$6)), data!R53 ), "")} -> 3.341 | K52: {=IFERROR( CHOOSE( data!$B$7, IF(_xll.IMDP("IR", data!$B53, data!S$8, $D$6)=0,"",_xll.IMDP("IR", data!$B53, data!S$8, $D$6)), IF(_xll.IMDP("IR", data!$C53, data!S$8, $D$6)=0,"",_xll.IMDP("IR", data!$C53, data!S$8, $D$6)), data!S53 ), "")} -> 3.35 | L52: {=IFERROR( CHOOSE( data!$B$7, IF(_xll.IMDP("IR", data!$B53, data!T$8, $D$6)=0,"",_xll.IMDP("IR", data!$B53, data!T$8, $D$6)), IF(_xll.IMDP("IR", data!$C53, data!T$8, $D$6)=0,"",_xll.IMDP("IR", data!$C53, data!T$8, $D$6)), data!T53 ), "")} -> 3.365 | ... T52: {=IFERROR( CHOOSE( data!$B$7, IF(_xll.IMDP("IR", data!$B53, data!AB$8, $D$6)=0,"",_xll.IMDP("IR", data!$B53, data!AB$8, $D$6)), IF(_xll.IMDP("IR", data!$C53, data!AB$8, $D$6)=0,"",_xll.IMDP("IR", data!$C53, data!AB$8, $D$6)), data!AB53 ), "")}
D53: 우량지방은행 | E53: {=IFERROR( CHOOSE( data!$B$7, IF(_xll.IMDP("IR", data!$B54, data!M$8, $D$6)=0,"",_xll.IMDP("IR", data!$B54, data!M$8, $D$6)), IF(_xll.IMDP("IR", data!$C54, data!M$8, $D$6)=0,"",_xll.IMDP("IR", data!$C54, data!M$8, $D$6)), data!M54 ), "")} -> 3.536 | F53: {=IFERROR( CHOOSE( data!$B$7, IF(_xll.IMDP("IR", data!$B54, data!N$8, $D$6)=0,"",_xll.IMDP("IR", data!$B54, data!N$8, $D$6)), IF(_xll.IMDP("IR", data!$C54, data!N$8, $D$6)=0,"",_xll.IMDP("IR", data!$C54, data!N$8, $D$6)), data!N54 ), "")} -> 3.538 | G53: {=IFERROR( CHOOSE( data!$B$7, IF(_xll.IMDP("IR", data!$B54, data!O$8, $D$6)=0,"",_xll.IMDP("IR", data!$B54, data!O$8, $D$6)), IF(_xll.IMDP("IR", data!$C54, data!O$8, $D$6)=0,"",_xll.IMDP("IR", data!$C54, data!O$8, $D$6)), data!O54 ), "")} -> 3.512 | H53: {=IFERROR( CHOOSE( data!$B$7, IF(_xll.IMDP("IR", data!$B54, data!P$8, $D$6)=0,"",_xll.IMDP("IR", data!$B54, data!P$8, $D$6)), IF(_xll.IMDP("IR", data!$C54, data!P$8, $D$6)=0,"",_xll.IMDP("IR", data!$C54, data!P$8, $D$6)), data!P54 ), "")} -> 3.505 | I53: {=IFERROR( CHOOSE( data!$B$7, IF(_xll.IMDP("IR", data!$B54, data!Q$8, $D$6)=0,"",_xll.IMDP("IR", data!$B54, data!Q$8, $D$6)), IF(_xll.IMDP("IR", data!$C54, data!Q$8, $D$6)=0,"",_xll.IMDP("IR", data!$C54, data!Q$8, $D$6)), data!Q54 ), "")} -> 3.539 | J53: {=IFERROR( CHOOSE( data!$B$7, IF(_xll.IMDP("IR", data!$B54, data!R$8, $D$6)=0,"",_xll.IMDP("IR", data!$B54, data!R$8, $D$6)), IF(_xll.IMDP("IR", data!$C54, data!R$8, $D$6)=0,"",_xll.IMDP("IR", data!$C54, data!R$8, $D$6)), data!R54 ), "")} -> 3.542 | K53: {=IFERROR( CHOOSE( data!$B$7, IF(_xll.IMDP("IR", data!$B54, data!S$8, $D$6)=0,"",_xll.IMDP("IR", data!$B54, data!S$8, $D$6)), IF(_xll.IMDP("IR", data!$C54, data!S$8, $D$6)=0,"",_xll.IMDP("IR", data!$C54, data!S$8, $D$6)), data!S54 ), "")} -> 3.565 | L53: {=IFERROR( CHOOSE( data!$B$7, IF(_xll.IMDP("IR", data!$B54, data!T$8, $D$6)=0,"",_xll.IMDP("IR", data!$B54, data!T$8, $D$6)), IF(_xll.IMDP("IR", data!$C54, data!T$8, $D$6)=0,"",_xll.IMDP("IR", data!$C54, data!T$8, $D$6)), data!T54 ), "")} -> 3.59 | ... T53: {=IFERROR( CHOOSE( data!$B$7, IF(_xll.IMDP("IR", data!$B54, data!AB$8, $D$6)=0,"",_xll.IMDP("IR", data!$B54, data!AB$8, $D$6)), IF(_xll.IMDP("IR", data!$C54, data!AB$8, $D$6)=0,"",_xll.IMDP("IR", data!$C54, data!AB$8, $D$6)), data!AB54 ), "")}
D54: 기타금융기관 | E54: {=IFERROR( CHOOSE( data!$B$7, IF(_xll.IMDP("IR", data!$B55, data!M$8, $D$6)=0,"",_xll.IMDP("IR", data!$B55, data!M$8, $D$6)), IF(_xll.IMDP("IR", data!$C55, data!M$8, $D$6)=0,"",_xll.IMDP("IR", data!$C55, data!M$8, $D$6)), data!M55 ), "")} -> 3.617 | F54: {=IFERROR( CHOOSE( data!$B$7, IF(_xll.IMDP("IR", data!$B55, data!N$8, $D$6)=0,"",_xll.IMDP("IR", data!$B55, data!N$8, $D$6)), IF(_xll.IMDP("IR", data!$C55, data!N$8, $D$6)=0,"",_xll.IMDP("IR", data!$C55, data!N$8, $D$6)), data!N55 ), "")} -> 3.718 | G54: {=IFERROR( CHOOSE( data!$B$7, IF(_xll.IMDP("IR", data!$B55, data!O$8, $D$6)=0,"",_xll.IMDP("IR", data!$B55, data!O$8, $D$6)), IF(_xll.IMDP("IR", data!$C55, data!O$8, $D$6)=0,"",_xll.IMDP("IR", data!$C55, data!O$8, $D$6)), data!O55 ), "")} -> 3.786 | H54: {=IFERROR( CHOOSE( data!$B$7, IF(_xll.IMDP("IR", data!$B55, data!P$8, $D$6)=0,"",_xll.IMDP("IR", data!$B55, data!P$8, $D$6)), IF(_xll.IMDP("IR", data!$C55, data!P$8, $D$6)=0,"",_xll.IMDP("IR", data!$C55, data!P$8, $D$6)), data!P55 ), "")} -> 3.818 | I54: {=IFERROR( CHOOSE( data!$B$7, IF(_xll.IMDP("IR", data!$B55, data!Q$8, $D$6)=0,"",_xll.IMDP("IR", data!$B55, data!Q$8, $D$6)), IF(_xll.IMDP("IR", data!$C55, data!Q$8, $D$6)=0,"",_xll.IMDP("IR", data!$C55, data!Q$8, $D$6)), data!Q55 ), "")} -> 3.948 | J54: {=IFERROR( CHOOSE( data!$B$7, IF(_xll.IMDP("IR", data!$B55, data!R$8, $D$6)=0,"",_xll.IMDP("IR", data!$B55, data!R$8, $D$6)), IF(_xll.IMDP("IR", data!$C55, data!R$8, $D$6)=0,"",_xll.IMDP("IR", data!$C55, data!R$8, $D$6)), data!R55 ), "")} -> 4.085 | K54: {=IFERROR( CHOOSE( data!$B$7, IF(_xll.IMDP("IR", data!$B55, data!S$8, $D$6)=0,"",_xll.IMDP("IR", data!$B55, data!S$8, $D$6)), IF(_xll.IMDP("IR", data!$C55, data!S$8, $D$6)=0,"",_xll.IMDP("IR", data!$C55, data!S$8, $D$6)), data!S55 ), "")} -> 4.184 | L54: {=IFERROR( CHOOSE( data!$B$7, IF(_xll.IMDP("IR", data!$B55, data!T$8, $D$6)=0,"",_xll.IMDP("IR", data!$B55, data!T$8, $D$6)), IF(_xll.IMDP("IR", data!$C55, data!T$8, $D$6)=0,"",_xll.IMDP("IR", data!$C55, data!T$8, $D$6)), data!T55 ), "")} -> 4.297 | ... T54: {=IFERROR( CHOOSE( data!$B$7, IF(_xll.IMDP("IR", data!$B55, data!AB$8, $D$6)=0,"",_xll.IMDP("IR", data!$B55, data!AB$8, $D$6)), IF(_xll.IMDP("IR", data!$C55, data!AB$8, $D$6)=0,"",_xll.IMDP("IR", data!$C55, data!AB$8, $D$6)), data!AB55 ), "")}
D55: AAA | E55: {=IFERROR( CHOOSE( data!$B$7, IF(_xll.IMDP("IR", data!$B56, data!M$8, $D$6)=0,"",_xll.IMDP("IR", data!$B56, data!M$8, $D$6)), IF(_xll.IMDP("IR", data!$C56, data!M$8, $D$6)=0,"",_xll.IMDP("IR", data!$C56, data!M$8, $D$6)), data!M56 ), "")} -> 3.424 | F55: {=IFERROR( CHOOSE( data!$B$7, IF(_xll.IMDP("IR", data!$B56, data!N$8, $D$6)=0,"",_xll.IMDP("IR", data!$B56, data!N$8, $D$6)), IF(_xll.IMDP("IR", data!$C56, data!N$8, $D$6)=0,"",_xll.IMDP("IR", data!$C56, data!N$8, $D$6)), data!N56 ), "")} -> 3.408 | G55: {=IFERROR( CHOOSE( data!$B$7, IF(_xll.IMDP("IR", data!$B56, data!O$8, $D$6)=0,"",_xll.IMDP("IR", data!$B56, data!O$8, $D$6)), IF(_xll.IMDP("IR", data!$C56, data!O$8, $D$6)=0,"",_xll.IMDP("IR", data!$C56, data!O$8, $D$6)), data!O56 ), "")} -> 3.363 | H55: {=IFERROR( CHOOSE( data!$B$7, IF(_xll.IMDP("IR", data!$B56, data!P$8, $D$6)=0,"",_xll.IMDP("IR", data!$B56, data!P$8, $D$6)), IF(_xll.IMDP("IR", data!$C56, data!P$8, $D$6)=0,"",_xll.IMDP("IR", data!$C56, data!P$8, $D$6)), data!P56 ), "")} -> 3.329 | I55: {=IFERROR( CHOOSE( data!$B$7, IF(_xll.IMDP("IR", data!$B56, data!Q$8, $D$6)=0,"",_xll.IMDP("IR", data!$B56, data!Q$8, $D$6)), IF(_xll.IMDP("IR", data!$C56, data!Q$8, $D$6)=0,"",_xll.IMDP("IR", data!$C56, data!Q$8, $D$6)), data!Q56 ), "")} -> 3.319 | J55: {=IFERROR( CHOOSE( data!$B$7, IF(_xll.IMDP("IR", data!$B56, data!R$8, $D$6)=0,"",_xll.IMDP("IR", data!$B56, data!R$8, $D$6)), IF(_xll.IMDP("IR", data!$C56, data!R$8, $D$6)=0,"",_xll.IMDP("IR", data!$C56, data!R$8, $D$6)), data!R56 ), "")} -> 3.28 | K55: {=IFERROR( CHOOSE( data!$B$7, IF(_xll.IMDP("IR", data!$B56, data!S$8, $D$6)=0,"",_xll.IMDP("IR", data!$B56, data!S$8, $D$6)), IF(_xll.IMDP("IR", data!$C56, data!S$8, $D$6)=0,"",_xll.IMDP("IR", data!$C56, data!S$8, $D$6)), data!S56 ), "")} -> 3.28 | L55: {=IFERROR( CHOOSE( data!$B$7, IF(_xll.IMDP("IR", data!$B56, data!T$8, $D$6)=0,"",_xll.IMDP("IR", data!$B56, data!T$8, $D$6)), IF(_xll.IMDP("IR", data!$C56, data!T$8, $D$6)=0,"",_xll.IMDP("IR", data!$C56, data!T$8, $D$6)), data!T56 ), "")} -> 3.28 | ... T55: {=IFERROR( CHOOSE( data!$B$7, IF(_xll.IMDP("IR", data!$B56, data!AB$8, $D$6)=0,"",_xll.IMDP("IR", data!$B56, data!AB$8, $D$6)), IF(_xll.IMDP("IR", data!$C56, data!AB$8, $D$6)=0,"",_xll.IMDP("IR", data!$C56, data!AB$8, $D$6)), data!AB56 ), "")}
D56: AA+ | E56: {=IFERROR( CHOOSE( data!$B$7, IF(_xll.IMDP("IR", data!$B57, data!M$8, $D$6)=0,"",_xll.IMDP("IR", data!$B57, data!M$8, $D$6)), IF(_xll.IMDP("IR", data!$C57, data!M$8, $D$6)=0,"",_xll.IMDP("IR", data!$C57, data!M$8, $D$6)), data!M57 ), "")} -> 3.433 | F56: {=IFERROR( CHOOSE( data!$B$7, IF(_xll.IMDP("IR", data!$B57, data!N$8, $D$6)=0,"",_xll.IMDP("IR", data!$B57, data!N$8, $D$6)), IF(_xll.IMDP("IR", data!$C57, data!N$8, $D$6)=0,"",_xll.IMDP("IR", data!$C57, data!N$8, $D$6)), data!N57 ), "")} -> 3.425 | G56: {=IFERROR( CHOOSE( data!$B$7, IF(_xll.IMDP("IR", data!$B57, data!O$8, $D$6)=0,"",_xll.IMDP("IR", data!$B57, data!O$8, $D$6)), IF(_xll.IMDP("IR", data!$C57, data!O$8, $D$6)=0,"",_xll.IMDP("IR", data!$C57, data!O$8, $D$6)), data!O57 ), "")} -> 3.377 | H56: {=IFERROR( CHOOSE( data!$B$7, IF(_xll.IMDP("IR", data!$B57, data!P$8, $D$6)=0,"",_xll.IMDP("IR", data!$B57, data!P$8, $D$6)), IF(_xll.IMDP("IR", data!$C57, data!P$8, $D$6)=0,"",_xll.IMDP("IR", data!$C57, data!P$8, $D$6)), data!P57 ), "")} -> 3.338 | I56: {=IFERROR( CHOOSE( data!$B$7, IF(_xll.IMDP("IR", data!$B57, data!Q$8, $D$6)=0,"",_xll.IMDP("IR", data!$B57, data!Q$8, $D$6)), IF(_xll.IMDP("IR", data!$C57, data!Q$8, $D$6)=0,"",_xll.IMDP("IR", data!$C57, data!Q$8, $D$6)), data!Q57 ), "")} -> 3.34 | J56: {=IFERROR( CHOOSE( data!$B$7, IF(_xll.IMDP("IR", data!$B57, data!R$8, $D$6)=0,"",_xll.IMDP("IR", data!$B57, data!R$8, $D$6)), IF(_xll.IMDP("IR", data!$C57, data!R$8, $D$6)=0,"",_xll.IMDP("IR", data!$C57, data!R$8, $D$6)), data!R57 ), "")} -> 3.303 | K56: {=IFERROR( CHOOSE( data!$B$7, IF(_xll.IMDP("IR", data!$B57, data!S$8, $D$6)=0,"",_xll.IMDP("IR", data!$B57, data!S$8, $D$6)), IF(_xll.IMDP("IR", data!$C57, data!S$8, $D$6)=0,"",_xll.IMDP("IR", data!$C57, data!S$8, $D$6)), data!S57 ), "")} -> 3.325 | L56: {=IFERROR( CHOOSE( data!$B$7, IF(_xll.IMDP("IR", data!$B57, data!T$8, $D$6)=0,"",_xll.IMDP("IR", data!$B57, data!T$8, $D$6)), IF(_xll.IMDP("IR", data!$C57, data!T$8, $D$6)=0,"",_xll.IMDP("IR", data!$C57, data!T$8, $D$6)), data!T57 ), "")} -> 3.332 | ... T56: {=IFERROR( CHOOSE( data!$B$7, IF(_xll.IMDP("IR", data!$B57, data!AB$8, $D$6)=0,"",_xll.IMDP("IR", data!$B57, data!AB$8, $D$6)), IF(_xll.IMDP("IR", data!$C57, data!AB$8, $D$6)=0,"",_xll.IMDP("IR", data!$C57, data!AB$8, $D$6)), data!AB57 ), "")}
D57: AA0 | E57: {=IFERROR( CHOOSE( data!$B$7, IF(_xll.IMDP("IR", data!$B58, data!M$8, $D$6)=0,"",_xll.IMDP("IR", data!$B58, data!M$8, $D$6)), IF(_xll.IMDP("IR", data!$C58, data!M$8, $D$6)=0,"",_xll.IMDP("IR", data!$C58, data!M$8, $D$6)), data!M58 ), "")} -> 3.444 | F57: {=IFERROR( CHOOSE( data!$B$7, IF(_xll.IMDP("IR", data!$B58, data!N$8, $D$6)=0,"",_xll.IMDP("IR", data!$B58, data!N$8, $D$6)), IF(_xll.IMDP("IR", data!$C58, data!N$8, $D$6)=0,"",_xll.IMDP("IR", data!$C58, data!N$8, $D$6)), data!N58 ), "")} -> 3.443 | G57: {=IFERROR( CHOOSE( data!$B$7, IF(_xll.IMDP("IR", data!$B58, data!O$8, $D$6)=0,"",_xll.IMDP("IR", data!$B58, data!O$8, $D$6)), IF(_xll.IMDP("IR", data!$C58, data!O$8, $D$6)=0,"",_xll.IMDP("IR", data!$C58, data!O$8, $D$6)), data!O58 ), "")} -> 3.397 | H57: {=IFERROR( CHOOSE( data!$B$7, IF(_xll.IMDP("IR", data!$B58, data!P$8, $D$6)=0,"",_xll.IMDP("IR", data!$B58, data!P$8, $D$6)), IF(_xll.IMDP("IR", data!$C58, data!P$8, $D$6)=0,"",_xll.IMDP("IR", data!$C58, data!P$8, $D$6)), data!P58 ), "")} -> 3.364 | I57: {=IFERROR( CHOOSE( data!$B$7, IF(_xll.IMDP("IR", data!$B58, data!Q$8, $D$6)=0,"",_xll.IMDP("IR", data!$B58, data!Q$8, $D$6)), IF(_xll.IMDP("IR", data!$C58, data!Q$8, $D$6)=0,"",_xll.IMDP("IR", data!$C58, data!Q$8, $D$6)), data!Q58 ), "")} -> 3.375 | J57: {=IFERROR( CHOOSE( data!$B$7, IF(_xll.IMDP("IR", data!$B58, data!R$8, $D$6)=0,"",_xll.IMDP("IR", data!$B58, data!R$8, $D$6)), IF(_xll.IMDP("IR", data!$C58, data!R$8, $D$6)=0,"",_xll.IMDP("IR", data!$C58, data!R$8, $D$6)), data!R58 ), "")} -> 3.338 | K57: {=IFERROR( CHOOSE( data!$B$7, IF(_xll.IMDP("IR", data!$B58, data!S$8, $D$6)=0,"",_xll.IMDP("IR", data!$B58, data!S$8, $D$6)), IF(_xll.IMDP("IR", data!$C58, data!S$8, $D$6)=0,"",_xll.IMDP("IR", data!$C58, data!S$8, $D$6)), data!S58 ), "")} -> 3.362 | L57: {=IFERROR( CHOOSE( data!$B$7, IF(_xll.IMDP("IR", data!$B58, data!T$8, $D$6)=0,"",_xll.IMDP("IR", data!$B58, data!T$8, $D$6)), IF(_xll.IMDP("IR", data!$C58, data!T$8, $D$6)=0,"",_xll.IMDP("IR", data!$C58, data!T$8, $D$6)), data!T58 ), "")} -> 3.373 | ... T57: {=IFERROR( CHOOSE( data!$B$7, IF(_xll.IMDP("IR", data!$B58, data!AB$8, $D$6)=0,"",_xll.IMDP("IR", data!$B58, data!AB$8, $D$6)), IF(_xll.IMDP("IR", data!$C58, data!AB$8, $D$6)=0,"",_xll.IMDP("IR", data!$C58, data!AB$8, $D$6)), data!AB58 ), "")}
D58: AA- | E58: {=IFERROR( CHOOSE( data!$B$7, IF(_xll.IMDP("IR", data!$B59, data!M$8, $D$6)=0,"",_xll.IMDP("IR", data!$B59, data!M$8, $D$6)), IF(_xll.IMDP("IR", data!$C59, data!M$8, $D$6)=0,"",_xll.IMDP("IR", data!$C59, data!M$8, $D$6)), data!M59 ), "")} -> 3.467 | F58: {=IFERROR( CHOOSE( data!$B$7, IF(_xll.IMDP("IR", data!$B59, data!N$8, $D$6)=0,"",_xll.IMDP("IR", data!$B59, data!N$8, $D$6)), IF(_xll.IMDP("IR", data!$C59, data!N$8, $D$6)=0,"",_xll.IMDP("IR", data!$C59, data!N$8, $D$6)), data!N59 ), "")} -> 3.466 | G58: {=IFERROR( CHOOSE( data!$B$7, IF(_xll.IMDP("IR", data!$B59, data!O$8, $D$6)=0,"",_xll.IMDP("IR", data!$B59, data!O$8, $D$6)), IF(_xll.IMDP("IR", data!$C59, data!O$8, $D$6)=0,"",_xll.IMDP("IR", data!$C59, data!O$8, $D$6)), data!O59 ), "")} -> 3.421 | H58: {=IFERROR( CHOOSE( data!$B$7, IF(_xll.IMDP("IR", data!$B59, data!P$8, $D$6)=0,"",_xll.IMDP("IR", data!$B59, data!P$8, $D$6)), IF(_xll.IMDP("IR", data!$C59, data!P$8, $D$6)=0,"",_xll.IMDP("IR", data!$C59, data!P$8, $D$6)), data!P59 ), "")} -> 3.391 | I58: {=IFERROR( CHOOSE( data!$B$7, IF(_xll.IMDP("IR", data!$B59, data!Q$8, $D$6)=0,"",_xll.IMDP("IR", data!$B59, data!Q$8, $D$6)), IF(_xll.IMDP("IR", data!$C59, data!Q$8, $D$6)=0,"",_xll.IMDP("IR", data!$C59, data!Q$8, $D$6)), data!Q59 ), "")} -> 3.397 | J58: {=IFERROR( CHOOSE( data!$B$7, IF(_xll.IMDP("IR", data!$B59, data!R$8, $D$6)=0,"",_xll.IMDP("IR", data!$B59, data!R$8, $D$6)), IF(_xll.IMDP("IR", data!$C59, data!R$8, $D$6)=0,"",_xll.IMDP("IR", data!$C59, data!R$8, $D$6)), data!R59 ), "")} -> 3.373 | K58: {=IFERROR( CHOOSE( data!$B$7, IF(_xll.IMDP("IR", data!$B59, data!S$8, $D$6)=0,"",_xll.IMDP("IR", data!$B59, data!S$8, $D$6)), IF(_xll.IMDP("IR", data!$C59, data!S$8, $D$6)=0,"",_xll.IMDP("IR", data!$C59, data!S$8, $D$6)), data!S59 ), "")} -> 3.4 | L58: {=IFERROR( CHOOSE( data!$B$7, IF(_xll.IMDP("IR", data!$B59, data!T$8, $D$6)=0,"",_xll.IMDP("IR", data!$B59, data!T$8, $D$6)), IF(_xll.IMDP("IR", data!$C59, data!T$8, $D$6)=0,"",_xll.IMDP("IR", data!$C59, data!T$8, $D$6)), data!T59 ), "")} -> 3.413 | ... T58: {=IFERROR( CHOOSE( data!$B$7, IF(_xll.IMDP("IR", data!$B59, data!AB$8, $D$6)=0,"",_xll.IMDP("IR", data!$B59, data!AB$8, $D$6)), IF(_xll.IMDP("IR", data!$C59, data!AB$8, $D$6)=0,"",_xll.IMDP("IR", data!$C59, data!AB$8, $D$6)), data!AB59 ), "")}
D59: A+ | E59: {=IFERROR( CHOOSE( data!$B$7, IF(_xll.IMDP("IR", data!$B60, data!M$8, $D$6)=0,"",_xll.IMDP("IR", data!$B60, data!M$8, $D$6)), IF(_xll.IMDP("IR", data!$C60, data!M$8, $D$6)=0,"",_xll.IMDP("IR", data!$C60, data!M$8, $D$6)), data!M60 ), "")} -> 3.504 | F59: {=IFERROR( CHOOSE( data!$B$7, IF(_xll.IMDP("IR", data!$B60, data!N$8, $D$6)=0,"",_xll.IMDP("IR", data!$B60, data!N$8, $D$6)), IF(_xll.IMDP("IR", data!$C60, data!N$8, $D$6)=0,"",_xll.IMDP("IR", data!$C60, data!N$8, $D$6)), data!N60 ), "")} -> 3.545 | G59: {=IFERROR( CHOOSE( data!$B$7, IF(_xll.IMDP("IR", data!$B60, data!O$8, $D$6)=0,"",_xll.IMDP("IR", data!$B60, data!O$8, $D$6)), IF(_xll.IMDP("IR", data!$C60, data!O$8, $D$6)=0,"",_xll.IMDP("IR", data!$C60, data!O$8, $D$6)), data!O60 ), "")} -> 3.558 | H59: {=IFERROR( CHOOSE( data!$B$7, IF(_xll.IMDP("IR", data!$B60, data!P$8, $D$6)=0,"",_xll.IMDP("IR", data!$B60, data!P$8, $D$6)), IF(_xll.IMDP("IR", data!$C60, data!P$8, $D$6)=0,"",_xll.IMDP("IR", data!$C60, data!P$8, $D$6)), data!P60 ), "")} -> 3.583 | I59: {=IFERROR( CHOOSE( data!$B$7, IF(_xll.IMDP("IR", data!$B60, data!Q$8, $D$6)=0,"",_xll.IMDP("IR", data!$B60, data!Q$8, $D$6)), IF(_xll.IMDP("IR", data!$C60, data!Q$8, $D$6)=0,"",_xll.IMDP("IR", data!$C60, data!Q$8, $D$6)), data!Q60 ), "")} -> 3.663 | J59: {=IFERROR( CHOOSE( data!$B$7, IF(_xll.IMDP("IR", data!$B60, data!R$8, $D$6)=0,"",_xll.IMDP("IR", data!$B60, data!R$8, $D$6)), IF(_xll.IMDP("IR", data!$C60, data!R$8, $D$6)=0,"",_xll.IMDP("IR", data!$C60, data!R$8, $D$6)), data!R60 ), "")} -> 3.7 | K59: {=IFERROR( CHOOSE( data!$B$7, IF(_xll.IMDP("IR", data!$B60, data!S$8, $D$6)=0,"",_xll.IMDP("IR", data!$B60, data!S$8, $D$6)), IF(_xll.IMDP("IR", data!$C60, data!S$8, $D$6)=0,"",_xll.IMDP("IR", data!$C60, data!S$8, $D$6)), data!S60 ), "")} -> 3.745 | L59: {=IFERROR( CHOOSE( data!$B$7, IF(_xll.IMDP("IR", data!$B60, data!T$8, $D$6)=0,"",_xll.IMDP("IR", data!$B60, data!T$8, $D$6)), IF(_xll.IMDP("IR", data!$C60, data!T$8, $D$6)=0,"",_xll.IMDP("IR", data!$C60, data!T$8, $D$6)), data!T60 ), "")} -> 3.796 | ... T59: {=IFERROR( CHOOSE( data!$B$7, IF(_xll.IMDP("IR", data!$B60, data!AB$8, $D$6)=0,"",_xll.IMDP("IR", data!$B60, data!AB$8, $D$6)), IF(_xll.IMDP("IR", data!$C60, data!AB$8, $D$6)=0,"",_xll.IMDP("IR", data!$C60, data!AB$8, $D$6)), data!AB60 ), "")}
D60: A0 | E60: {=IFERROR( CHOOSE( data!$B$7, IF(_xll.IMDP("IR", data!$B61, data!M$8, $D$6)=0,"",_xll.IMDP("IR", data!$B61, data!M$8, $D$6)), IF(_xll.IMDP("IR", data!$C61, data!M$8, $D$6)=0,"",_xll.IMDP("IR", data!$C61, data!M$8, $D$6)), data!M61 ), "")} -> 3.631 | F60: {=IFERROR( CHOOSE( data!$B$7, IF(_xll.IMDP("IR", data!$B61, data!N$8, $D$6)=0,"",_xll.IMDP("IR", data!$B61, data!N$8, $D$6)), IF(_xll.IMDP("IR", data!$C61, data!N$8, $D$6)=0,"",_xll.IMDP("IR", data!$C61, data!N$8, $D$6)), data!N61 ), "")} -> 3.684 | G60: {=IFERROR( CHOOSE( data!$B$7, IF(_xll.IMDP("IR", data!$B61, data!O$8, $D$6)=0,"",_xll.IMDP("IR", data!$B61, data!O$8, $D$6)), IF(_xll.IMDP("IR", data!$C61, data!O$8, $D$6)=0,"",_xll.IMDP("IR", data!$C61, data!O$8, $D$6)), data!O61 ), "")} -> 3.707 | H60: {=IFERROR( CHOOSE( data!$B$7, IF(_xll.IMDP("IR", data!$B61, data!P$8, $D$6)=0,"",_xll.IMDP("IR", data!$B61, data!P$8, $D$6)), IF(_xll.IMDP("IR", data!$C61, data!P$8, $D$6)=0,"",_xll.IMDP("IR", data!$C61, data!P$8, $D$6)), data!P61 ), "")} -> 3.76 | I60: {=IFERROR( CHOOSE( data!$B$7, IF(_xll.IMDP("IR", data!$B61, data!Q$8, $D$6)=0,"",_xll.IMDP("IR", data!$B61, data!Q$8, $D$6)), IF(_xll.IMDP("IR", data!$C61, data!Q$8, $D$6)=0,"",_xll.IMDP("IR", data!$C61, data!Q$8, $D$6)), data!Q61 ), "")} -> 3.844 | J60: {=IFERROR( CHOOSE( data!$B$7, IF(_xll.IMDP("IR", data!$B61, data!R$8, $D$6)=0,"",_xll.IMDP("IR", data!$B61, data!R$8, $D$6)), IF(_xll.IMDP("IR", data!$C61, data!R$8, $D$6)=0,"",_xll.IMDP("IR", data!$C61, data!R$8, $D$6)), data!R61 ), "")} -> 3.88 | K60: {=IFERROR( CHOOSE( data!$B$7, IF(_xll.IMDP("IR", data!$B61, data!S$8, $D$6)=0,"",_xll.IMDP("IR", data!$B61, data!S$8, $D$6)), IF(_xll.IMDP("IR", data!$C61, data!S$8, $D$6)=0,"",_xll.IMDP("IR", data!$C61, data!S$8, $D$6)), data!S61 ), "")} -> 3.942 | L60: {=IFERROR( CHOOSE( data!$B$7, IF(_xll.IMDP("IR", data!$B61, data!T$8, $D$6)=0,"",_xll.IMDP("IR", data!$B61, data!T$8, $D$6)), IF(_xll.IMDP("IR", data!$C61, data!T$8, $D$6)=0,"",_xll.IMDP("IR", data!$C61, data!T$8, $D$6)), data!T61 ), "")} -> 4.055 | ... T60: {=IFERROR( CHOOSE( data!$B$7, IF(_xll.IMDP("IR", data!$B61, data!AB$8, $D$6)=0,"",_xll.IMDP("IR", data!$B61, data!AB$8, $D$6)), IF(_xll.IMDP("IR", data!$C61, data!AB$8, $D$6)=0,"",_xll.IMDP("IR", data!$C61, data!AB$8, $D$6)), data!AB61 ), "")}
D61: A- | E61: {=IFERROR( CHOOSE( data!$B$7, IF(_xll.IMDP("IR", data!$B62, data!M$8, $D$6)=0,"",_xll.IMDP("IR", data!$B62, data!M$8, $D$6)), IF(_xll.IMDP("IR", data!$C62, data!M$8, $D$6)=0,"",_xll.IMDP("IR", data!$C62, data!M$8, $D$6)), data!M62 ), "")} -> 3.851 | F61: {=IFERROR( CHOOSE( data!$B$7, IF(_xll.IMDP("IR", data!$B62, data!N$8, $D$6)=0,"",_xll.IMDP("IR", data!$B62, data!N$8, $D$6)), IF(_xll.IMDP("IR", data!$C62, data!N$8, $D$6)=0,"",_xll.IMDP("IR", data!$C62, data!N$8, $D$6)), data!N62 ), "")} -> 3.939 | G61: {=IFERROR( CHOOSE( data!$B$7, IF(_xll.IMDP("IR", data!$B62, data!O$8, $D$6)=0,"",_xll.IMDP("IR", data!$B62, data!O$8, $D$6)), IF(_xll.IMDP("IR", data!$C62, data!O$8, $D$6)=0,"",_xll.IMDP("IR", data!$C62, data!O$8, $D$6)), data!O62 ), "")} -> 3.977 | H61: {=IFERROR( CHOOSE( data!$B$7, IF(_xll.IMDP("IR", data!$B62, data!P$8, $D$6)=0,"",_xll.IMDP("IR", data!$B62, data!P$8, $D$6)), IF(_xll.IMDP("IR", data!$C62, data!P$8, $D$6)=0,"",_xll.IMDP("IR", data!$C62, data!P$8, $D$6)), data!P62 ), "")} -> 4.027 | I61: {=IFERROR( CHOOSE( data!$B$7, IF(_xll.IMDP("IR", data!$B62, data!Q$8, $D$6)=0,"",_xll.IMDP("IR", data!$B62, data!Q$8, $D$6)), IF(_xll.IMDP("IR", data!$C62, data!Q$8, $D$6)=0,"",_xll.IMDP("IR", data!$C62, data!Q$8, $D$6)), data!Q62 ), "")} -> 4.136 | J61: {=IFERROR( CHOOSE( data!$B$7, IF(_xll.IMDP("IR", data!$B62, data!R$8, $D$6)=0,"",_xll.IMDP("IR", data!$B62, data!R$8, $D$6)), IF(_xll.IMDP("IR", data!$C62, data!R$8, $D$6)=0,"",_xll.IMDP("IR", data!$C62, data!R$8, $D$6)), data!R62 ), "")} -> 4.201 | K61: {=IFERROR( CHOOSE( data!$B$7, IF(_xll.IMDP("IR", data!$B62, data!S$8, $D$6)=0,"",_xll.IMDP("IR", data!$B62, data!S$8, $D$6)), IF(_xll.IMDP("IR", data!$C62, data!S$8, $D$6)=0,"",_xll.IMDP("IR", data!$C62, data!S$8, $D$6)), data!S62 ), "")} -> 4.328 | L61: {=IFERROR( CHOOSE( data!$B$7, IF(_xll.IMDP("IR", data!$B62, data!T$8, $D$6)=0,"",_xll.IMDP("IR", data!$B62, data!T$8, $D$6)), IF(_xll.IMDP("IR", data!$C62, data!T$8, $D$6)=0,"",_xll.IMDP("IR", data!$C62, data!T$8, $D$6)), data!T62 ), "")} -> 4.517 | ... T61: {=IFERROR( CHOOSE( data!$B$7, IF(_xll.IMDP("IR", data!$B62, data!AB$8, $D$6)=0,"",_xll.IMDP("IR", data!$B62, data!AB$8, $D$6)), IF(_xll.IMDP("IR", data!$C62, data!AB$8, $D$6)=0,"",_xll.IMDP("IR", data!$C62, data!AB$8, $D$6)), data!AB62 ), "")}
C62: 공모/무보증 | D62: AAA | E62: {=IFERROR( CHOOSE( data!$B$7, IF(_xll.IMDP("IR", data!$B63, data!M$8, $D$6)=0,"",_xll.IMDP("IR", data!$B63, data!M$8, $D$6)), IF(_xll.IMDP("IR", data!$C63, data!M$8, $D$6)=0,"",_xll.IMDP("IR", data!$C63, data!M$8, $D$6)), data!M63 ), "")} -> 3.398 | F62: {=IFERROR( CHOOSE( data!$B$7, IF(_xll.IMDP("IR", data!$B63, data!N$8, $D$6)=0,"",_xll.IMDP("IR", data!$B63, data!N$8, $D$6)), IF(_xll.IMDP("IR", data!$C63, data!N$8, $D$6)=0,"",_xll.IMDP("IR", data!$C63, data!N$8, $D$6)), data!N63 ), "")} -> 3.383 | G62: {=IFERROR( CHOOSE( data!$B$7, IF(_xll.IMDP("IR", data!$B63, data!O$8, $D$6)=0,"",_xll.IMDP("IR", data!$B63, data!O$8, $D$6)), IF(_xll.IMDP("IR", data!$C63, data!O$8, $D$6)=0,"",_xll.IMDP("IR", data!$C63, data!O$8, $D$6)), data!O63 ), "")} -> 3.332 | H62: {=IFERROR( CHOOSE( data!$B$7, IF(_xll.IMDP("IR", data!$B63, data!P$8, $D$6)=0,"",_xll.IMDP("IR", data!$B63, data!P$8, $D$6)), IF(_xll.IMDP("IR", data!$C63, data!P$8, $D$6)=0,"",_xll.IMDP("IR", data!$C63, data!P$8, $D$6)), data!P63 ), "")} -> 3.288 | I62: {=IFERROR( CHOOSE( data!$B$7, IF(_xll.IMDP("IR", data!$B63, data!Q$8, $D$6)=0,"",_xll.IMDP("IR", data!$B63, data!Q$8, $D$6)), IF(_xll.IMDP("IR", data!$C63, data!Q$8, $D$6)=0,"",_xll.IMDP("IR", data!$C63, data!Q$8, $D$6)), data!Q63 ), "")} -> 3.298 | J62: {=IFERROR( CHOOSE( data!$B$7, IF(_xll.IMDP("IR", data!$B63, data!R$8, $D$6)=0,"",_xll.IMDP("IR", data!$B63, data!R$8, $D$6)), IF(_xll.IMDP("IR", data!$C63, data!R$8, $D$6)=0,"",_xll.IMDP("IR", data!$C63, data!R$8, $D$6)), data!R63 ), "")} -> 3.286 | K62: {=IFERROR( CHOOSE( data!$B$7, IF(_xll.IMDP("IR", data!$B63, data!S$8, $D$6)=0,"",_xll.IMDP("IR", data!$B63, data!S$8, $D$6)), IF(_xll.IMDP("IR", data!$C63, data!S$8, $D$6)=0,"",_xll.IMDP("IR", data!$C63, data!S$8, $D$6)), data!S63 ), "")} -> 3.286 | L62: {=IFERROR( CHOOSE( data!$B$7, IF(_xll.IMDP("IR", data!$B63, data!T$8, $D$6)=0,"",_xll.IMDP("IR", data!$B63, data!T$8, $D$6)), IF(_xll.IMDP("IR", data!$C63, data!T$8, $D$6)=0,"",_xll.IMDP("IR", data!$C63, data!T$8, $D$6)), data!T63 ), "")} -> 3.287 | ... T62: {=IFERROR( CHOOSE( data!$B$7, IF(_xll.IMDP("IR", data!$B63, data!AB$8, $D$6)=0,"",_xll.IMDP("IR", data!$B63, data!AB$8, $D$6)), IF(_xll.IMDP("IR", data!$C63, data!AB$8, $D$6)=0,"",_xll.IMDP("IR", data!$C63, data!AB$8, $D$6)), data!AB63 ), "")}
D63: AA+ | E63: {=IFERROR( CHOOSE( data!$B$7, IF(_xll.IMDP("IR", data!$B64, data!M$8, $D$6)=0,"",_xll.IMDP("IR", data!$B64, data!M$8, $D$6)), IF(_xll.IMDP("IR", data!$C64, data!M$8, $D$6)=0,"",_xll.IMDP("IR", data!$C64, data!M$8, $D$6)), data!M64 ), "")} -> 3.414 | F63: {=IFERROR( CHOOSE( data!$B$7, IF(_xll.IMDP("IR", data!$B64, data!N$8, $D$6)=0,"",_xll.IMDP("IR", data!$B64, data!N$8, $D$6)), IF(_xll.IMDP("IR", data!$C64, data!N$8, $D$6)=0,"",_xll.IMDP("IR", data!$C64, data!N$8, $D$6)), data!N64 ), "")} -> 3.401 | G63: {=IFERROR( CHOOSE( data!$B$7, IF(_xll.IMDP("IR", data!$B64, data!O$8, $D$6)=0,"",_xll.IMDP("IR", data!$B64, data!O$8, $D$6)), IF(_xll.IMDP("IR", data!$C64, data!O$8, $D$6)=0,"",_xll.IMDP("IR", data!$C64, data!O$8, $D$6)), data!O64 ), "")} -> 3.346 | H63: {=IFERROR( CHOOSE( data!$B$7, IF(_xll.IMDP("IR", data!$B64, data!P$8, $D$6)=0,"",_xll.IMDP("IR", data!$B64, data!P$8, $D$6)), IF(_xll.IMDP("IR", data!$C64, data!P$8, $D$6)=0,"",_xll.IMDP("IR", data!$C64, data!P$8, $D$6)), data!P64 ), "")} -> 3.305 | I63: {=IFERROR( CHOOSE( data!$B$7, IF(_xll.IMDP("IR", data!$B64, data!Q$8, $D$6)=0,"",_xll.IMDP("IR", data!$B64, data!Q$8, $D$6)), IF(_xll.IMDP("IR", data!$C64, data!Q$8, $D$6)=0,"",_xll.IMDP("IR", data!$C64, data!Q$8, $D$6)), data!Q64 ), "")} -> 3.327 | J63: {=IFERROR( CHOOSE( data!$B$7, IF(_xll.IMDP("IR", data!$B64, data!R$8, $D$6)=0,"",_xll.IMDP("IR", data!$B64, data!R$8, $D$6)), IF(_xll.IMDP("IR", data!$C64, data!R$8, $D$6)=0,"",_xll.IMDP("IR", data!$C64, data!R$8, $D$6)), data!R64 ), "")} -> 3.32 | K63: {=IFERROR( CHOOSE( data!$B$7, IF(_xll.IMDP("IR", data!$B64, data!S$8, $D$6)=0,"",_xll.IMDP("IR", data!$B64, data!S$8, $D$6)), IF(_xll.IMDP("IR", data!$C64, data!S$8, $D$6)=0,"",_xll.IMDP("IR", data!$C64, data!S$8, $D$6)), data!S64 ), "")} -> 3.334 | L63: {=IFERROR( CHOOSE( data!$B$7, IF(_xll.IMDP("IR", data!$B64, data!T$8, $D$6)=0,"",_xll.IMDP("IR", data!$B64, data!T$8, $D$6)), IF(_xll.IMDP("IR", data!$C64, data!T$8, $D$6)=0,"",_xll.IMDP("IR", data!$C64, data!T$8, $D$6)), data!T64 ), "")} -> 3.342 | ... T63: {=IFERROR( CHOOSE( data!$B$7, IF(_xll.IMDP("IR", data!$B64, data!AB$8, $D$6)=0,"",_xll.IMDP("IR", data!$B64, data!AB$8, $D$6)), IF(_xll.IMDP("IR", data!$C64, data!AB$8, $D$6)=0,"",_xll.IMDP("IR", data!$C64, data!AB$8, $D$6)), data!AB64 ), "")}
D64: AA0 | E64: {=IFERROR( CHOOSE( data!$B$7, IF(_xll.IMDP("IR", data!$B65, data!M$8, $D$6)=0,"",_xll.IMDP("IR", data!$B65, data!M$8, $D$6)), IF(_xll.IMDP("IR", data!$C65, data!M$8, $D$6)=0,"",_xll.IMDP("IR", data!$C65, data!M$8, $D$6)), data!M65 ), "")} -> 3.429 | F64: {=IFERROR( CHOOSE( data!$B$7, IF(_xll.IMDP("IR", data!$B65, data!N$8, $D$6)=0,"",_xll.IMDP("IR", data!$B65, data!N$8, $D$6)), IF(_xll.IMDP("IR", data!$C65, data!N$8, $D$6)=0,"",_xll.IMDP("IR", data!$C65, data!N$8, $D$6)), data!N65 ), "")} -> 3.418 | G64: {=IFERROR( CHOOSE( data!$B$7, IF(_xll.IMDP("IR", data!$B65, data!O$8, $D$6)=0,"",_xll.IMDP("IR", data!$B65, data!O$8, $D$6)), IF(_xll.IMDP("IR", data!$C65, data!O$8, $D$6)=0,"",_xll.IMDP("IR", data!$C65, data!O$8, $D$6)), data!O65 ), "")} -> 3.366 | H64: {=IFERROR( CHOOSE( data!$B$7, IF(_xll.IMDP("IR", data!$B65, data!P$8, $D$6)=0,"",_xll.IMDP("IR", data!$B65, data!P$8, $D$6)), IF(_xll.IMDP("IR", data!$C65, data!P$8, $D$6)=0,"",_xll.IMDP("IR", data!$C65, data!P$8, $D$6)), data!P65 ), "")} -> 3.328 | I64: {=IFERROR( CHOOSE( data!$B$7, IF(_xll.IMDP("IR", data!$B65, data!Q$8, $D$6)=0,"",_xll.IMDP("IR", data!$B65, data!Q$8, $D$6)), IF(_xll.IMDP("IR", data!$C65, data!Q$8, $D$6)=0,"",_xll.IMDP("IR", data!$C65, data!Q$8, $D$6)), data!Q65 ), "")} -> 3.355 | J64: {=IFERROR( CHOOSE( data!$B$7, IF(_xll.IMDP("IR", data!$B65, data!R$8, $D$6)=0,"",_xll.IMDP("IR", data!$B65, data!R$8, $D$6)), IF(_xll.IMDP("IR", data!$C65, data!R$8, $D$6)=0,"",_xll.IMDP("IR", data!$C65, data!R$8, $D$6)), data!R65 ), "")} -> 3.349 | K64: {=IFERROR( CHOOSE( data!$B$7, IF(_xll.IMDP("IR", data!$B65, data!S$8, $D$6)=0,"",_xll.IMDP("IR", data!$B65, data!S$8, $D$6)), IF(_xll.IMDP("IR", data!$C65, data!S$8, $D$6)=0,"",_xll.IMDP("IR", data!$C65, data!S$8, $D$6)), data!S65 ), "")} -> 3.367 | L64: {=IFERROR( CHOOSE( data!$B$7, IF(_xll.IMDP("IR", data!$B65, data!T$8, $D$6)=0,"",_xll.IMDP("IR", data!$B65, data!T$8, $D$6)), IF(_xll.IMDP("IR", data!$C65, data!T$8, $D$6)=0,"",_xll.IMDP("IR", data!$C65, data!T$8, $D$6)), data!T65 ), "")} -> 3.381 | ... T64: {=IFERROR( CHOOSE( data!$B$7, IF(_xll.IMDP("IR", data!$B65, data!AB$8, $D$6)=0,"",_xll.IMDP("IR", data!$B65, data!AB$8, $D$6)), IF(_xll.IMDP("IR", data!$C65, data!AB$8, $D$6)=0,"",_xll.IMDP("IR", data!$C65, data!AB$8, $D$6)), data!AB65 ), "")}
D65: AA- | E65: {=IFERROR( CHOOSE( data!$B$7, IF(_xll.IMDP("IR", data!$B66, data!M$8, $D$6)=0,"",_xll.IMDP("IR", data!$B66, data!M$8, $D$6)), IF(_xll.IMDP("IR", data!$C66, data!M$8, $D$6)=0,"",_xll.IMDP("IR", data!$C66, data!M$8, $D$6)), data!M66 ), "")} -> 3.454 | F65: {=IFERROR( CHOOSE( data!$B$7, IF(_xll.IMDP("IR", data!$B66, data!N$8, $D$6)=0,"",_xll.IMDP("IR", data!$B66, data!N$8, $D$6)), IF(_xll.IMDP("IR", data!$C66, data!N$8, $D$6)=0,"",_xll.IMDP("IR", data!$C66, data!N$8, $D$6)), data!N66 ), "")} -> 3.444 | G65: {=IFERROR( CHOOSE( data!$B$7, IF(_xll.IMDP("IR", data!$B66, data!O$8, $D$6)=0,"",_xll.IMDP("IR", data!$B66, data!O$8, $D$6)), IF(_xll.IMDP("IR", data!$C66, data!O$8, $D$6)=0,"",_xll.IMDP("IR", data!$C66, data!O$8, $D$6)), data!O66 ), "")} -> 3.392 | H65: {=IFERROR( CHOOSE( data!$B$7, IF(_xll.IMDP("IR", data!$B66, data!P$8, $D$6)=0,"",_xll.IMDP("IR", data!$B66, data!P$8, $D$6)), IF(_xll.IMDP("IR", data!$C66, data!P$8, $D$6)=0,"",_xll.IMDP("IR", data!$C66, data!P$8, $D$6)), data!P66 ), "")} -> 3.357 | I65: {=IFERROR( CHOOSE( data!$B$7, IF(_xll.IMDP("IR", data!$B66, data!Q$8, $D$6)=0,"",_xll.IMDP("IR", data!$B66, data!Q$8, $D$6)), IF(_xll.IMDP("IR", data!$C66, data!Q$8, $D$6)=0,"",_xll.IMDP("IR", data!$C66, data!Q$8, $D$6)), data!Q66 ), "")} -> 3.382 | J65: {=IFERROR( CHOOSE( data!$B$7, IF(_xll.IMDP("IR", data!$B66, data!R$8, $D$6)=0,"",_xll.IMDP("IR", data!$B66, data!R$8, $D$6)), IF(_xll.IMDP("IR", data!$C66, data!R$8, $D$6)=0,"",_xll.IMDP("IR", data!$C66, data!R$8, $D$6)), data!R66 ), "")} -> 3.382 | K65: {=IFERROR( CHOOSE( data!$B$7, IF(_xll.IMDP("IR", data!$B66, data!S$8, $D$6)=0,"",_xll.IMDP("IR", data!$B66, data!S$8, $D$6)), IF(_xll.IMDP("IR", data!$C66, data!S$8, $D$6)=0,"",_xll.IMDP("IR", data!$C66, data!S$8, $D$6)), data!S66 ), "")} -> 3.402 | L65: {=IFERROR( CHOOSE( data!$B$7, IF(_xll.IMDP("IR", data!$B66, data!T$8, $D$6)=0,"",_xll.IMDP("IR", data!$B66, data!T$8, $D$6)), IF(_xll.IMDP("IR", data!$C66, data!T$8, $D$6)=0,"",_xll.IMDP("IR", data!$C66, data!T$8, $D$6)), data!T66 ), "")} -> 3.427 | ... T65: {=IFERROR( CHOOSE( data!$B$7, IF(_xll.IMDP("IR", data!$B66, data!AB$8, $D$6)=0,"",_xll.IMDP("IR", data!$B66, data!AB$8, $D$6)), IF(_xll.IMDP("IR", data!$C66, data!AB$8, $D$6)=0,"",_xll.IMDP("IR", data!$C66, data!AB$8, $D$6)), data!AB66 ), "")}
D66: A+ | E66: {=IFERROR( CHOOSE( data!$B$7, IF(_xll.IMDP("IR", data!$B67, data!M$8, $D$6)=0,"",_xll.IMDP("IR", data!$B67, data!M$8, $D$6)), IF(_xll.IMDP("IR", data!$C67, data!M$8, $D$6)=0,"",_xll.IMDP("IR", data!$C67, data!M$8, $D$6)), data!M67 ), "")} -> 3.492 | F66: {=IFERROR( CHOOSE( data!$B$7, IF(_xll.IMDP("IR", data!$B67, data!N$8, $D$6)=0,"",_xll.IMDP("IR", data!$B67, data!N$8, $D$6)), IF(_xll.IMDP("IR", data!$C67, data!N$8, $D$6)=0,"",_xll.IMDP("IR", data!$C67, data!N$8, $D$6)), data!N67 ), "")} -> 3.561 | G66: {=IFERROR( CHOOSE( data!$B$7, IF(_xll.IMDP("IR", data!$B67, data!O$8, $D$6)=0,"",_xll.IMDP("IR", data!$B67, data!O$8, $D$6)), IF(_xll.IMDP("IR", data!$C67, data!O$8, $D$6)=0,"",_xll.IMDP("IR", data!$C67, data!O$8, $D$6)), data!O67 ), "")} -> 3.571 | H66: {=IFERROR( CHOOSE( data!$B$7, IF(_xll.IMDP("IR", data!$B67, data!P$8, $D$6)=0,"",_xll.IMDP("IR", data!$B67, data!P$8, $D$6)), IF(_xll.IMDP("IR", data!$C67, data!P$8, $D$6)=0,"",_xll.IMDP("IR", data!$C67, data!P$8, $D$6)), data!P67 ), "")} -> 3.584 | I66: {=IFERROR( CHOOSE( data!$B$7, IF(_xll.IMDP("IR", data!$B67, data!Q$8, $D$6)=0,"",_xll.IMDP("IR", data!$B67, data!Q$8, $D$6)), IF(_xll.IMDP("IR", data!$C67, data!Q$8, $D$6)=0,"",_xll.IMDP("IR", data!$C67, data!Q$8, $D$6)), data!Q67 ), "")} -> 3.656 | J66: {=IFERROR( CHOOSE( data!$B$7, IF(_xll.IMDP("IR", data!$B67, data!R$8, $D$6)=0,"",_xll.IMDP("IR", data!$B67, data!R$8, $D$6)), IF(_xll.IMDP("IR", data!$C67, data!R$8, $D$6)=0,"",_xll.IMDP("IR", data!$C67, data!R$8, $D$6)), data!R67 ), "")} -> 3.697 | K66: {=IFERROR( CHOOSE( data!$B$7, IF(_xll.IMDP("IR", data!$B67, data!S$8, $D$6)=0,"",_xll.IMDP("IR", data!$B67, data!S$8, $D$6)), IF(_xll.IMDP("IR", data!$C67, data!S$8, $D$6)=0,"",_xll.IMDP("IR", data!$C67, data!S$8, $D$6)), data!S67 ), "")} -> 3.771 | L66: {=IFERROR( CHOOSE( data!$B$7, IF(_xll.IMDP("IR", data!$B67, data!T$8, $D$6)=0,"",_xll.IMDP("IR", data!$B67, data!T$8, $D$6)), IF(_xll.IMDP("IR", data!$C67, data!T$8, $D$6)=0,"",_xll.IMDP("IR", data!$C67, data!T$8, $D$6)), data!T67 ), "")} -> 3.821 | ... T66: {=IFERROR( CHOOSE( data!$B$7, IF(_xll.IMDP("IR", data!$B67, data!AB$8, $D$6)=0,"",_xll.IMDP("IR", data!$B67, data!AB$8, $D$6)), IF(_xll.IMDP("IR", data!$C67, data!AB$8, $D$6)=0,"",_xll.IMDP("IR", data!$C67, data!AB$8, $D$6)), data!AB67 ), "")}
D67: A0 | E67: {=IFERROR( CHOOSE( data!$B$7, IF(_xll.IMDP("IR", data!$B68, data!M$8, $D$6)=0,"",_xll.IMDP("IR", data!$B68, data!M$8, $D$6)), IF(_xll.IMDP("IR", data!$C68, data!M$8, $D$6)=0,"",_xll.IMDP("IR", data!$C68, data!M$8, $D$6)), data!M68 ), "")} -> 3.639 | F67: {=IFERROR( CHOOSE( data!$B$7, IF(_xll.IMDP("IR", data!$B68, data!N$8, $D$6)=0,"",_xll.IMDP("IR", data!$B68, data!N$8, $D$6)), IF(_xll.IMDP("IR", data!$C68, data!N$8, $D$6)=0,"",_xll.IMDP("IR", data!$C68, data!N$8, $D$6)), data!N68 ), "")} -> 3.717 | G67: {=IFERROR( CHOOSE( data!$B$7, IF(_xll.IMDP("IR", data!$B68, data!O$8, $D$6)=0,"",_xll.IMDP("IR", data!$B68, data!O$8, $D$6)), IF(_xll.IMDP("IR", data!$C68, data!O$8, $D$6)=0,"",_xll.IMDP("IR", data!$C68, data!O$8, $D$6)), data!O68 ), "")} -> 3.736 | H67: {=IFERROR( CHOOSE( data!$B$7, IF(_xll.IMDP("IR", data!$B68, data!P$8, $D$6)=0,"",_xll.IMDP("IR", data!$B68, data!P$8, $D$6)), IF(_xll.IMDP("IR", data!$C68, data!P$8, $D$6)=0,"",_xll.IMDP("IR", data!$C68, data!P$8, $D$6)), data!P68 ), "")} -> 3.76 | I67: {=IFERROR( CHOOSE( data!$B$7, IF(_xll.IMDP("IR", data!$B68, data!Q$8, $D$6)=0,"",_xll.IMDP("IR", data!$B68, data!Q$8, $D$6)), IF(_xll.IMDP("IR", data!$C68, data!Q$8, $D$6)=0,"",_xll.IMDP("IR", data!$C68, data!Q$8, $D$6)), data!Q68 ), "")} -> 3.83 | J67: {=IFERROR( CHOOSE( data!$B$7, IF(_xll.IMDP("IR", data!$B68, data!R$8, $D$6)=0,"",_xll.IMDP("IR", data!$B68, data!R$8, $D$6)), IF(_xll.IMDP("IR", data!$C68, data!R$8, $D$6)=0,"",_xll.IMDP("IR", data!$C68, data!R$8, $D$6)), data!R68 ), "")} -> 3.872 | K67: {=IFERROR( CHOOSE( data!$B$7, IF(_xll.IMDP("IR", data!$B68, data!S$8, $D$6)=0,"",_xll.IMDP("IR", data!$B68, data!S$8, $D$6)), IF(_xll.IMDP("IR", data!$C68, data!S$8, $D$6)=0,"",_xll.IMDP("IR", data!$C68, data!S$8, $D$6)), data!S68 ), "")} -> 3.962 | L67: {=IFERROR( CHOOSE( data!$B$7, IF(_xll.IMDP("IR", data!$B68, data!T$8, $D$6)=0,"",_xll.IMDP("IR", data!$B68, data!T$8, $D$6)), IF(_xll.IMDP("IR", data!$C68, data!T$8, $D$6)=0,"",_xll.IMDP("IR", data!$C68, data!T$8, $D$6)), data!T68 ), "")} -> 4.083 | ... T67: {=IFERROR( CHOOSE( data!$B$7, IF(_xll.IMDP("IR", data!$B68, data!AB$8, $D$6)=0,"",_xll.IMDP("IR", data!$B68, data!AB$8, $D$6)), IF(_xll.IMDP("IR", data!$C68, data!AB$8, $D$6)=0,"",_xll.IMDP("IR", data!$C68, data!AB$8, $D$6)), data!AB68 ), "")}
D68: A- | E68: {=IFERROR( CHOOSE( data!$B$7, IF(_xll.IMDP("IR", data!$B69, data!M$8, $D$6)=0,"",_xll.IMDP("IR", data!$B69, data!M$8, $D$6)), IF(_xll.IMDP("IR", data!$C69, data!M$8, $D$6)=0,"",_xll.IMDP("IR", data!$C69, data!M$8, $D$6)), data!M69 ), "")} -> 3.864 | F68: {=IFERROR( CHOOSE( data!$B$7, IF(_xll.IMDP("IR", data!$B69, data!N$8, $D$6)=0,"",_xll.IMDP("IR", data!$B69, data!N$8, $D$6)), IF(_xll.IMDP("IR", data!$C69, data!N$8, $D$6)=0,"",_xll.IMDP("IR", data!$C69, data!N$8, $D$6)), data!N69 ), "")} -> 3.957 | G68: {=IFERROR( CHOOSE( data!$B$7, IF(_xll.IMDP("IR", data!$B69, data!O$8, $D$6)=0,"",_xll.IMDP("IR", data!$B69, data!O$8, $D$6)), IF(_xll.IMDP("IR", data!$C69, data!O$8, $D$6)=0,"",_xll.IMDP("IR", data!$C69, data!O$8, $D$6)), data!O69 ), "")} -> 3.999 | H68: {=IFERROR( CHOOSE( data!$B$7, IF(_xll.IMDP("IR", data!$B69, data!P$8, $D$6)=0,"",_xll.IMDP("IR", data!$B69, data!P$8, $D$6)), IF(_xll.IMDP("IR", data!$C69, data!P$8, $D$6)=0,"",_xll.IMDP("IR", data!$C69, data!P$8, $D$6)), data!P69 ), "")} -> 4.026 | I68: {=IFERROR( CHOOSE( data!$B$7, IF(_xll.IMDP("IR", data!$B69, data!Q$8, $D$6)=0,"",_xll.IMDP("IR", data!$B69, data!Q$8, $D$6)), IF(_xll.IMDP("IR", data!$C69, data!Q$8, $D$6)=0,"",_xll.IMDP("IR", data!$C69, data!Q$8, $D$6)), data!Q69 ), "")} -> 4.119 | J68: {=IFERROR( CHOOSE( data!$B$7, IF(_xll.IMDP("IR", data!$B69, data!R$8, $D$6)=0,"",_xll.IMDP("IR", data!$B69, data!R$8, $D$6)), IF(_xll.IMDP("IR", data!$C69, data!R$8, $D$6)=0,"",_xll.IMDP("IR", data!$C69, data!R$8, $D$6)), data!R69 ), "")} -> 4.195 | K68: {=IFERROR( CHOOSE( data!$B$7, IF(_xll.IMDP("IR", data!$B69, data!S$8, $D$6)=0,"",_xll.IMDP("IR", data!$B69, data!S$8, $D$6)), IF(_xll.IMDP("IR", data!$C69, data!S$8, $D$6)=0,"",_xll.IMDP("IR", data!$C69, data!S$8, $D$6)), data!S69 ), "")} -> 4.348 | L68: {=IFERROR( CHOOSE( data!$B$7, IF(_xll.IMDP("IR", data!$B69, data!T$8, $D$6)=0,"",_xll.IMDP("IR", data!$B69, data!T$8, $D$6)), IF(_xll.IMDP("IR", data!$C69, data!T$8, $D$6)=0,"",_xll.IMDP("IR", data!$C69, data!T$8, $D$6)), data!T69 ), "")} -> 4.526 | ... T68: {=IFERROR( CHOOSE( data!$B$7, IF(_xll.IMDP("IR", data!$B69, data!AB$8, $D$6)=0,"",_xll.IMDP("IR", data!$B69, data!AB$8, $D$6)), IF(_xll.IMDP("IR", data!$C69, data!AB$8, $D$6)=0,"",_xll.IMDP("IR", data!$C69, data!AB$8, $D$6)), data!AB69 ), "")}
D69: BBB+ | E69: {=IFERROR( CHOOSE( data!$B$7, IF(_xll.IMDP("IR", data!$B70, data!M$8, $D$6)=0,"",_xll.IMDP("IR", data!$B70, data!M$8, $D$6)), IF(_xll.IMDP("IR", data!$C70, data!M$8, $D$6)=0,"",_xll.IMDP("IR", data!$C70, data!M$8, $D$6)), data!M70 ), "")} -> 4.462 | F69: {=IFERROR( CHOOSE( data!$B$7, IF(_xll.IMDP("IR", data!$B70, data!N$8, $D$6)=0,"",_xll.IMDP("IR", data!$B70, data!N$8, $D$6)), IF(_xll.IMDP("IR", data!$C70, data!N$8, $D$6)=0,"",_xll.IMDP("IR", data!$C70, data!N$8, $D$6)), data!N70 ), "")} -> 4.854 | G69: {=IFERROR( CHOOSE( data!$B$7, IF(_xll.IMDP("IR", data!$B70, data!O$8, $D$6)=0,"",_xll.IMDP("IR", data!$B70, data!O$8, $D$6)), IF(_xll.IMDP("IR", data!$C70, data!O$8, $D$6)=0,"",_xll.IMDP("IR", data!$C70, data!O$8, $D$6)), data!O70 ), "")} -> 5.206 | H69: {=IFERROR( CHOOSE( data!$B$7, IF(_xll.IMDP("IR", data!$B70, data!P$8, $D$6)=0,"",_xll.IMDP("IR", data!$B70, data!P$8, $D$6)), IF(_xll.IMDP("IR", data!$C70, data!P$8, $D$6)=0,"",_xll.IMDP("IR", data!$C70, data!P$8, $D$6)), data!P70 ), "")} -> 5.392 | I69: {=IFERROR( CHOOSE( data!$B$7, IF(_xll.IMDP("IR", data!$B70, data!Q$8, $D$6)=0,"",_xll.IMDP("IR", data!$B70, data!Q$8, $D$6)), IF(_xll.IMDP("IR", data!$C70, data!Q$8, $D$6)=0,"",_xll.IMDP("IR", data!$C70, data!Q$8, $D$6)), data!Q70 ), "")} -> 5.803 | J69: {=IFERROR( CHOOSE( data!$B$7, IF(_xll.IMDP("IR", data!$B70, data!R$8, $D$6)=0,"",_xll.IMDP("IR", data!$B70, data!R$8, $D$6)), IF(_xll.IMDP("IR", data!$C70, data!R$8, $D$6)=0,"",_xll.IMDP("IR", data!$C70, data!R$8, $D$6)), data!R70 ), "")} -> 6.348 | K69: {=IFERROR( CHOOSE( data!$B$7, IF(_xll.IMDP("IR", data!$B70, data!S$8, $D$6)=0,"",_xll.IMDP("IR", data!$B70, data!S$8, $D$6)), IF(_xll.IMDP("IR", data!$C70, data!S$8, $D$6)=0,"",_xll.IMDP("IR", data!$C70, data!S$8, $D$6)), data!S70 ), "")} -> 6.716 | L69: {=IFERROR( CHOOSE( data!$B$7, IF(_xll.IMDP("IR", data!$B70, data!T$8, $D$6)=0,"",_xll.IMDP("IR", data!$B70, data!T$8, $D$6)), IF(_xll.IMDP("IR", data!$C70, data!T$8, $D$6)=0,"",_xll.IMDP("IR", data!$C70, data!T$8, $D$6)), data!T70 ), "")} -> 6.985 | ... T69: {=IFERROR( CHOOSE( data!$B$7, IF(_xll.IMDP("IR", data!$B70, data!AB$8, $D$6)=0,"",_xll.IMDP("IR", data!$B70, data!AB$8, $D$6)), IF(_xll.IMDP("IR", data!$C70, data!AB$8, $D$6)=0,"",_xll.IMDP("IR", data!$C70, data!AB$8, $D$6)), data!AB70 ), "")}
D70: BBB0 | E70: {=IFERROR( CHOOSE( data!$B$7, IF(_xll.IMDP("IR", data!$B71, data!M$8, $D$6)=0,"",_xll.IMDP("IR", data!$B71, data!M$8, $D$6)), IF(_xll.IMDP("IR", data!$C71, data!M$8, $D$6)=0,"",_xll.IMDP("IR", data!$C71, data!M$8, $D$6)), data!M71 ), "")} -> 4.837 | F70: {=IFERROR( CHOOSE( data!$B$7, IF(_xll.IMDP("IR", data!$B71, data!N$8, $D$6)=0,"",_xll.IMDP("IR", data!$B71, data!N$8, $D$6)), IF(_xll.IMDP("IR", data!$C71, data!N$8, $D$6)=0,"",_xll.IMDP("IR", data!$C71, data!N$8, $D$6)), data!N71 ), "")} -> 5.361 | G70: {=IFERROR( CHOOSE( data!$B$7, IF(_xll.IMDP("IR", data!$B71, data!O$8, $D$6)=0,"",_xll.IMDP("IR", data!$B71, data!O$8, $D$6)), IF(_xll.IMDP("IR", data!$C71, data!O$8, $D$6)=0,"",_xll.IMDP("IR", data!$C71, data!O$8, $D$6)), data!O71 ), "")} -> 5.791 | H70: {=IFERROR( CHOOSE( data!$B$7, IF(_xll.IMDP("IR", data!$B71, data!P$8, $D$6)=0,"",_xll.IMDP("IR", data!$B71, data!P$8, $D$6)), IF(_xll.IMDP("IR", data!$C71, data!P$8, $D$6)=0,"",_xll.IMDP("IR", data!$C71, data!P$8, $D$6)), data!P71 ), "")} -> 6.076 | I70: {=IFERROR( CHOOSE( data!$B$7, IF(_xll.IMDP("IR", data!$B71, data!Q$8, $D$6)=0,"",_xll.IMDP("IR", data!$B71, data!Q$8, $D$6)), IF(_xll.IMDP("IR", data!$C71, data!Q$8, $D$6)=0,"",_xll.IMDP("IR", data!$C71, data!Q$8, $D$6)), data!Q71 ), "")} -> 6.605 | J70: {=IFERROR( CHOOSE( data!$B$7, IF(_xll.IMDP("IR", data!$B71, data!R$8, $D$6)=0,"",_xll.IMDP("IR", data!$B71, data!R$8, $D$6)), IF(_xll.IMDP("IR", data!$C71, data!R$8, $D$6)=0,"",_xll.IMDP("IR", data!$C71, data!R$8, $D$6)), data!R71 ), "")} -> 7.294 | K70: {=IFERROR( CHOOSE( data!$B$7, IF(_xll.IMDP("IR", data!$B71, data!S$8, $D$6)=0,"",_xll.IMDP("IR", data!$B71, data!S$8, $D$6)), IF(_xll.IMDP("IR", data!$C71, data!S$8, $D$6)=0,"",_xll.IMDP("IR", data!$C71, data!S$8, $D$6)), data!S71 ), "")} -> 7.74 | L70: {=IFERROR( CHOOSE( data!$B$7, IF(_xll.IMDP("IR", data!$B71, data!T$8, $D$6)=0,"",_xll.IMDP("IR", data!$B71, data!T$8, $D$6)), IF(_xll.IMDP("IR", data!$C71, data!T$8, $D$6)=0,"",_xll.IMDP("IR", data!$C71, data!T$8, $D$6)), data!T71 ), "")} -> 8.023 | ... T70: {=IFERROR( CHOOSE( data!$B$7, IF(_xll.IMDP("IR", data!$B71, data!AB$8, $D$6)=0,"",_xll.IMDP("IR", data!$B71, data!AB$8, $D$6)), IF(_xll.IMDP("IR", data!$C71, data!AB$8, $D$6)=0,"",_xll.IMDP("IR", data!$C71, data!AB$8, $D$6)), data!AB71 ), "")}
D71: BBB- | E71: {=IFERROR( CHOOSE( data!$B$7, IF(_xll.IMDP("IR", data!$B72, data!M$8, $D$6)=0,"",_xll.IMDP("IR", data!$B72, data!M$8, $D$6)), IF(_xll.IMDP("IR", data!$C72, data!M$8, $D$6)=0,"",_xll.IMDP("IR", data!$C72, data!M$8, $D$6)), data!M72 ), "")} -> 5.516 | F71: {=IFERROR( CHOOSE( data!$B$7, IF(_xll.IMDP("IR", data!$B72, data!N$8, $D$6)=0,"",_xll.IMDP("IR", data!$B72, data!N$8, $D$6)), IF(_xll.IMDP("IR", data!$C72, data!N$8, $D$6)=0,"",_xll.IMDP("IR", data!$C72, data!N$8, $D$6)), data!N72 ), "")} -> 6.163 | G71: {=IFERROR( CHOOSE( data!$B$7, IF(_xll.IMDP("IR", data!$B72, data!O$8, $D$6)=0,"",_xll.IMDP("IR", data!$B72, data!O$8, $D$6)), IF(_xll.IMDP("IR", data!$C72, data!O$8, $D$6)=0,"",_xll.IMDP("IR", data!$C72, data!O$8, $D$6)), data!O72 ), "")} -> 6.726 | H71: {=IFERROR( CHOOSE( data!$B$7, IF(_xll.IMDP("IR", data!$B72, data!P$8, $D$6)=0,"",_xll.IMDP("IR", data!$B72, data!P$8, $D$6)), IF(_xll.IMDP("IR", data!$C72, data!P$8, $D$6)=0,"",_xll.IMDP("IR", data!$C72, data!P$8, $D$6)), data!P72 ), "")} -> 7.072 | I71: {=IFERROR( CHOOSE( data!$B$7, IF(_xll.IMDP("IR", data!$B72, data!Q$8, $D$6)=0,"",_xll.IMDP("IR", data!$B72, data!Q$8, $D$6)), IF(_xll.IMDP("IR", data!$C72, data!Q$8, $D$6)=0,"",_xll.IMDP("IR", data!$C72, data!Q$8, $D$6)), data!Q72 ), "")} -> 7.733 | J71: {=IFERROR( CHOOSE( data!$B$7, IF(_xll.IMDP("IR", data!$B72, data!R$8, $D$6)=0,"",_xll.IMDP("IR", data!$B72, data!R$8, $D$6)), IF(_xll.IMDP("IR", data!$C72, data!R$8, $D$6)=0,"",_xll.IMDP("IR", data!$C72, data!R$8, $D$6)), data!R72 ), "")} -> 8.459 | K71: {=IFERROR( CHOOSE( data!$B$7, IF(_xll.IMDP("IR", data!$B72, data!S$8, $D$6)=0,"",_xll.IMDP("IR", data!$B72, data!S$8, $D$6)), IF(_xll.IMDP("IR", data!$C72, data!S$8, $D$6)=0,"",_xll.IMDP("IR", data!$C72, data!S$8, $D$6)), data!S72 ), "")} -> 8.982 | L71: {=IFERROR( CHOOSE( data!$B$7, IF(_xll.IMDP("IR", data!$B72, data!T$8, $D$6)=0,"",_xll.IMDP("IR", data!$B72, data!T$8, $D$6)), IF(_xll.IMDP("IR", data!$C72, data!T$8, $D$6)=0,"",_xll.IMDP("IR", data!$C72, data!T$8, $D$6)), data!T72 ), "")} -> 9.401 | ... T71: {=IFERROR( CHOOSE( data!$B$7, IF(_xll.IMDP("IR", data!$B72, data!AB$8, $D$6)=0,"",_xll.IMDP("IR", data!$B72, data!AB$8, $D$6)), IF(_xll.IMDP("IR", data!$C72, data!AB$8, $D$6)=0,"",_xll.IMDP("IR", data!$C72, data!AB$8, $D$6)), data!AB72 ), "")}
C72: 사모/무보증 | D72: AAA | E72: {=IFERROR( CHOOSE( data!$B$7, IF(_xll.IMDP("IR", data!$B73, data!M$8, $D$6)=0,"",_xll.IMDP("IR", data!$B73, data!M$8, $D$6)), IF(_xll.IMDP("IR", data!$C73, data!M$8, $D$6)=0,"",_xll.IMDP("IR", data!$C73, data!M$8, $D$6)), data!M73 ), "")} -> 3.461 | F72: {=IFERROR( CHOOSE( data!$B$7, IF(_xll.IMDP("IR", data!$B73, data!N$8, $D$6)=0,"",_xll.IMDP("IR", data!$B73, data!N$8, $D$6)), IF(_xll.IMDP("IR", data!$C73, data!N$8, $D$6)=0,"",_xll.IMDP("IR", data!$C73, data!N$8, $D$6)), data!N73 ), "")} -> 3.495 | G72: {=IFERROR( CHOOSE( data!$B$7, IF(_xll.IMDP("IR", data!$B73, data!O$8, $D$6)=0,"",_xll.IMDP("IR", data!$B73, data!O$8, $D$6)), IF(_xll.IMDP("IR", data!$C73, data!O$8, $D$6)=0,"",_xll.IMDP("IR", data!$C73, data!O$8, $D$6)), data!O73 ), "")} -> 3.458 | H72: {=IFERROR( CHOOSE( data!$B$7, IF(_xll.IMDP("IR", data!$B73, data!P$8, $D$6)=0,"",_xll.IMDP("IR", data!$B73, data!P$8, $D$6)), IF(_xll.IMDP("IR", data!$C73, data!P$8, $D$6)=0,"",_xll.IMDP("IR", data!$C73, data!P$8, $D$6)), data!P73 ), "")} -> 3.426 | I72: {=IFERROR( CHOOSE( data!$B$7, IF(_xll.IMDP("IR", data!$B73, data!Q$8, $D$6)=0,"",_xll.IMDP("IR", data!$B73, data!Q$8, $D$6)), IF(_xll.IMDP("IR", data!$C73, data!Q$8, $D$6)=0,"",_xll.IMDP("IR", data!$C73, data!Q$8, $D$6)), data!Q73 ), "")} -> 3.449 | J72: {=IFERROR( CHOOSE( data!$B$7, IF(_xll.IMDP("IR", data!$B73, data!R$8, $D$6)=0,"",_xll.IMDP("IR", data!$B73, data!R$8, $D$6)), IF(_xll.IMDP("IR", data!$C73, data!R$8, $D$6)=0,"",_xll.IMDP("IR", data!$C73, data!R$8, $D$6)), data!R73 ), "")} -> 3.448 | K72: {=IFERROR( CHOOSE( data!$B$7, IF(_xll.IMDP("IR", data!$B73, data!S$8, $D$6)=0,"",_xll.IMDP("IR", data!$B73, data!S$8, $D$6)), IF(_xll.IMDP("IR", data!$C73, data!S$8, $D$6)=0,"",_xll.IMDP("IR", data!$C73, data!S$8, $D$6)), data!S73 ), "")} -> 3.459 | L72: {=IFERROR( CHOOSE( data!$B$7, IF(_xll.IMDP("IR", data!$B73, data!T$8, $D$6)=0,"",_xll.IMDP("IR", data!$B73, data!T$8, $D$6)), IF(_xll.IMDP("IR", data!$C73, data!T$8, $D$6)=0,"",_xll.IMDP("IR", data!$C73, data!T$8, $D$6)), data!T73 ), "")} -> 3.466 | ... T72: {=IFERROR( CHOOSE( data!$B$7, IF(_xll.IMDP("IR", data!$B73, data!AB$8, $D$6)=0,"",_xll.IMDP("IR", data!$B73, data!AB$8, $D$6)), IF(_xll.IMDP("IR", data!$C73, data!AB$8, $D$6)=0,"",_xll.IMDP("IR", data!$C73, data!AB$8, $D$6)), data!AB73 ), "")}
D73: AA+ | E73: {=IFERROR( CHOOSE( data!$B$7, IF(_xll.IMDP("IR", data!$B74, data!M$8, $D$6)=0,"",_xll.IMDP("IR", data!$B74, data!M$8, $D$6)), IF(_xll.IMDP("IR", data!$C74, data!M$8, $D$6)=0,"",_xll.IMDP("IR", data!$C74, data!M$8, $D$6)), data!M74 ), "")} -> 3.488 | F73: {=IFERROR( CHOOSE( data!$B$7, IF(_xll.IMDP("IR", data!$B74, data!N$8, $D$6)=0,"",_xll.IMDP("IR", data!$B74, data!N$8, $D$6)), IF(_xll.IMDP("IR", data!$C74, data!N$8, $D$6)=0,"",_xll.IMDP("IR", data!$C74, data!N$8, $D$6)), data!N74 ), "")} -> 3.528 | G73: {=IFERROR( CHOOSE( data!$B$7, IF(_xll.IMDP("IR", data!$B74, data!O$8, $D$6)=0,"",_xll.IMDP("IR", data!$B74, data!O$8, $D$6)), IF(_xll.IMDP("IR", data!$C74, data!O$8, $D$6)=0,"",_xll.IMDP("IR", data!$C74, data!O$8, $D$6)), data!O74 ), "")} -> 3.506 | H73: {=IFERROR( CHOOSE( data!$B$7, IF(_xll.IMDP("IR", data!$B74, data!P$8, $D$6)=0,"",_xll.IMDP("IR", data!$B74, data!P$8, $D$6)), IF(_xll.IMDP("IR", data!$C74, data!P$8, $D$6)=0,"",_xll.IMDP("IR", data!$C74, data!P$8, $D$6)), data!P74 ), "")} -> 3.472 | I73: {=IFERROR( CHOOSE( data!$B$7, IF(_xll.IMDP("IR", data!$B74, data!Q$8, $D$6)=0,"",_xll.IMDP("IR", data!$B74, data!Q$8, $D$6)), IF(_xll.IMDP("IR", data!$C74, data!Q$8, $D$6)=0,"",_xll.IMDP("IR", data!$C74, data!Q$8, $D$6)), data!Q74 ), "")} -> 3.507 | J73: {=IFERROR( CHOOSE( data!$B$7, IF(_xll.IMDP("IR", data!$B74, data!R$8, $D$6)=0,"",_xll.IMDP("IR", data!$B74, data!R$8, $D$6)), IF(_xll.IMDP("IR", data!$C74, data!R$8, $D$6)=0,"",_xll.IMDP("IR", data!$C74, data!R$8, $D$6)), data!R74 ), "")} -> 3.51 | K73: {=IFERROR( CHOOSE( data!$B$7, IF(_xll.IMDP("IR", data!$B74, data!S$8, $D$6)=0,"",_xll.IMDP("IR", data!$B74, data!S$8, $D$6)), IF(_xll.IMDP("IR", data!$C74, data!S$8, $D$6)=0,"",_xll.IMDP("IR", data!$C74, data!S$8, $D$6)), data!S74 ), "")} -> 3.536 | L73: {=IFERROR( CHOOSE( data!$B$7, IF(_xll.IMDP("IR", data!$B74, data!T$8, $D$6)=0,"",_xll.IMDP("IR", data!$B74, data!T$8, $D$6)), IF(_xll.IMDP("IR", data!$C74, data!T$8, $D$6)=0,"",_xll.IMDP("IR", data!$C74, data!T$8, $D$6)), data!T74 ), "")} -> 3.546 | ... T73: {=IFERROR( CHOOSE( data!$B$7, IF(_xll.IMDP("IR", data!$B74, data!AB$8, $D$6)=0,"",_xll.IMDP("IR", data!$B74, data!AB$8, $D$6)), IF(_xll.IMDP("IR", data!$C74, data!AB$8, $D$6)=0,"",_xll.IMDP("IR", data!$C74, data!AB$8, $D$6)), data!AB74 ), "")}
D74: AA0 | E74: {=IFERROR( CHOOSE( data!$B$7, IF(_xll.IMDP("IR", data!$B75, data!M$8, $D$6)=0,"",_xll.IMDP("IR", data!$B75, data!M$8, $D$6)), IF(_xll.IMDP("IR", data!$C75, data!M$8, $D$6)=0,"",_xll.IMDP("IR", data!$C75, data!M$8, $D$6)), data!M75 ), "")} -> 3.522 | F74: {=IFERROR( CHOOSE( data!$B$7, IF(_xll.IMDP("IR", data!$B75, data!N$8, $D$6)=0,"",_xll.IMDP("IR", data!$B75, data!N$8, $D$6)), IF(_xll.IMDP("IR", data!$C75, data!N$8, $D$6)=0,"",_xll.IMDP("IR", data!$C75, data!N$8, $D$6)), data!N75 ), "")} -> 3.577 | G74: {=IFERROR( CHOOSE( data!$B$7, IF(_xll.IMDP("IR", data!$B75, data!O$8, $D$6)=0,"",_xll.IMDP("IR", data!$B75, data!O$8, $D$6)), IF(_xll.IMDP("IR", data!$C75, data!O$8, $D$6)=0,"",_xll.IMDP("IR", data!$C75, data!O$8, $D$6)), data!O75 ), "")} -> 3.541 | H74: {=IFERROR( CHOOSE( data!$B$7, IF(_xll.IMDP("IR", data!$B75, data!P$8, $D$6)=0,"",_xll.IMDP("IR", data!$B75, data!P$8, $D$6)), IF(_xll.IMDP("IR", data!$C75, data!P$8, $D$6)=0,"",_xll.IMDP("IR", data!$C75, data!P$8, $D$6)), data!P75 ), "")} -> 3.51 | I74: {=IFERROR( CHOOSE( data!$B$7, IF(_xll.IMDP("IR", data!$B75, data!Q$8, $D$6)=0,"",_xll.IMDP("IR", data!$B75, data!Q$8, $D$6)), IF(_xll.IMDP("IR", data!$C75, data!Q$8, $D$6)=0,"",_xll.IMDP("IR", data!$C75, data!Q$8, $D$6)), data!Q75 ), "")} -> 3.552 | J74: {=IFERROR( CHOOSE( data!$B$7, IF(_xll.IMDP("IR", data!$B75, data!R$8, $D$6)=0,"",_xll.IMDP("IR", data!$B75, data!R$8, $D$6)), IF(_xll.IMDP("IR", data!$C75, data!R$8, $D$6)=0,"",_xll.IMDP("IR", data!$C75, data!R$8, $D$6)), data!R75 ), "")} -> 3.561 | K74: {=IFERROR( CHOOSE( data!$B$7, IF(_xll.IMDP("IR", data!$B75, data!S$8, $D$6)=0,"",_xll.IMDP("IR", data!$B75, data!S$8, $D$6)), IF(_xll.IMDP("IR", data!$C75, data!S$8, $D$6)=0,"",_xll.IMDP("IR", data!$C75, data!S$8, $D$6)), data!S75 ), "")} -> 3.585 | L74: {=IFERROR( CHOOSE( data!$B$7, IF(_xll.IMDP("IR", data!$B75, data!T$8, $D$6)=0,"",_xll.IMDP("IR", data!$B75, data!T$8, $D$6)), IF(_xll.IMDP("IR", data!$C75, data!T$8, $D$6)=0,"",_xll.IMDP("IR", data!$C75, data!T$8, $D$6)), data!T75 ), "")} -> 3.611 | ... T74: {=IFERROR( CHOOSE( data!$B$7, IF(_xll.IMDP("IR", data!$B75, data!AB$8, $D$6)=0,"",_xll.IMDP("IR", data!$B75, data!AB$8, $D$6)), IF(_xll.IMDP("IR", data!$C75, data!AB$8, $D$6)=0,"",_xll.IMDP("IR", data!$C75, data!AB$8, $D$6)), data!AB75 ), "")}
D75: AA- | E75: {=IFERROR( CHOOSE( data!$B$7, IF(_xll.IMDP("IR", data!$B76, data!M$8, $D$6)=0,"",_xll.IMDP("IR", data!$B76, data!M$8, $D$6)), IF(_xll.IMDP("IR", data!$C76, data!M$8, $D$6)=0,"",_xll.IMDP("IR", data!$C76, data!M$8, $D$6)), data!M76 ), "")} -> 3.57 | F75: {=IFERROR( CHOOSE( data!$B$7, IF(_xll.IMDP("IR", data!$B76, data!N$8, $D$6)=0,"",_xll.IMDP("IR", data!$B76, data!N$8, $D$6)), IF(_xll.IMDP("IR", data!$C76, data!N$8, $D$6)=0,"",_xll.IMDP("IR", data!$C76, data!N$8, $D$6)), data!N76 ), "")} -> 3.618 | G75: {=IFERROR( CHOOSE( data!$B$7, IF(_xll.IMDP("IR", data!$B76, data!O$8, $D$6)=0,"",_xll.IMDP("IR", data!$B76, data!O$8, $D$6)), IF(_xll.IMDP("IR", data!$C76, data!O$8, $D$6)=0,"",_xll.IMDP("IR", data!$C76, data!O$8, $D$6)), data!O76 ), "")} -> 3.586 | H75: {=IFERROR( CHOOSE( data!$B$7, IF(_xll.IMDP("IR", data!$B76, data!P$8, $D$6)=0,"",_xll.IMDP("IR", data!$B76, data!P$8, $D$6)), IF(_xll.IMDP("IR", data!$C76, data!P$8, $D$6)=0,"",_xll.IMDP("IR", data!$C76, data!P$8, $D$6)), data!P76 ), "")} -> 3.562 | I75: {=IFERROR( CHOOSE( data!$B$7, IF(_xll.IMDP("IR", data!$B76, data!Q$8, $D$6)=0,"",_xll.IMDP("IR", data!$B76, data!Q$8, $D$6)), IF(_xll.IMDP("IR", data!$C76, data!Q$8, $D$6)=0,"",_xll.IMDP("IR", data!$C76, data!Q$8, $D$6)), data!Q76 ), "")} -> 3.602 | J75: {=IFERROR( CHOOSE( data!$B$7, IF(_xll.IMDP("IR", data!$B76, data!R$8, $D$6)=0,"",_xll.IMDP("IR", data!$B76, data!R$8, $D$6)), IF(_xll.IMDP("IR", data!$C76, data!R$8, $D$6)=0,"",_xll.IMDP("IR", data!$C76, data!R$8, $D$6)), data!R76 ), "")} -> 3.615 | K75: {=IFERROR( CHOOSE( data!$B$7, IF(_xll.IMDP("IR", data!$B76, data!S$8, $D$6)=0,"",_xll.IMDP("IR", data!$B76, data!S$8, $D$6)), IF(_xll.IMDP("IR", data!$C76, data!S$8, $D$6)=0,"",_xll.IMDP("IR", data!$C76, data!S$8, $D$6)), data!S76 ), "")} -> 3.646 | L75: {=IFERROR( CHOOSE( data!$B$7, IF(_xll.IMDP("IR", data!$B76, data!T$8, $D$6)=0,"",_xll.IMDP("IR", data!$B76, data!T$8, $D$6)), IF(_xll.IMDP("IR", data!$C76, data!T$8, $D$6)=0,"",_xll.IMDP("IR", data!$C76, data!T$8, $D$6)), data!T76 ), "")} -> 3.684 | ... T75: {=IFERROR( CHOOSE( data!$B$7, IF(_xll.IMDP("IR", data!$B76, data!AB$8, $D$6)=0,"",_xll.IMDP("IR", data!$B76, data!AB$8, $D$6)), IF(_xll.IMDP("IR", data!$C76, data!AB$8, $D$6)=0,"",_xll.IMDP("IR", data!$C76, data!AB$8, $D$6)), data!AB76 ), "")}
D76: A+ | E76: {=IFERROR( CHOOSE( data!$B$7, IF(_xll.IMDP("IR", data!$B77, data!M$8, $D$6)=0,"",_xll.IMDP("IR", data!$B77, data!M$8, $D$6)), IF(_xll.IMDP("IR", data!$C77, data!M$8, $D$6)=0,"",_xll.IMDP("IR", data!$C77, data!M$8, $D$6)), data!M77 ), "")} -> 3.687 | F76: {=IFERROR( CHOOSE( data!$B$7, IF(_xll.IMDP("IR", data!$B77, data!N$8, $D$6)=0,"",_xll.IMDP("IR", data!$B77, data!N$8, $D$6)), IF(_xll.IMDP("IR", data!$C77, data!N$8, $D$6)=0,"",_xll.IMDP("IR", data!$C77, data!N$8, $D$6)), data!N77 ), "")} -> 3.801 | G76: {=IFERROR( CHOOSE( data!$B$7, IF(_xll.IMDP("IR", data!$B77, data!O$8, $D$6)=0,"",_xll.IMDP("IR", data!$B77, data!O$8, $D$6)), IF(_xll.IMDP("IR", data!$C77, data!O$8, $D$6)=0,"",_xll.IMDP("IR", data!$C77, data!O$8, $D$6)), data!O77 ), "")} -> 3.835 | H76: {=IFERROR( CHOOSE( data!$B$7, IF(_xll.IMDP("IR", data!$B77, data!P$8, $D$6)=0,"",_xll.IMDP("IR", data!$B77, data!P$8, $D$6)), IF(_xll.IMDP("IR", data!$C77, data!P$8, $D$6)=0,"",_xll.IMDP("IR", data!$C77, data!P$8, $D$6)), data!P77 ), "")} -> 3.863 | I76: {=IFERROR( CHOOSE( data!$B$7, IF(_xll.IMDP("IR", data!$B77, data!Q$8, $D$6)=0,"",_xll.IMDP("IR", data!$B77, data!Q$8, $D$6)), IF(_xll.IMDP("IR", data!$C77, data!Q$8, $D$6)=0,"",_xll.IMDP("IR", data!$C77, data!Q$8, $D$6)), data!Q77 ), "")} -> 3.956 | J76: {=IFERROR( CHOOSE( data!$B$7, IF(_xll.IMDP("IR", data!$B77, data!R$8, $D$6)=0,"",_xll.IMDP("IR", data!$B77, data!R$8, $D$6)), IF(_xll.IMDP("IR", data!$C77, data!R$8, $D$6)=0,"",_xll.IMDP("IR", data!$C77, data!R$8, $D$6)), data!R77 ), "")} -> 4.013 | K76: {=IFERROR( CHOOSE( data!$B$7, IF(_xll.IMDP("IR", data!$B77, data!S$8, $D$6)=0,"",_xll.IMDP("IR", data!$B77, data!S$8, $D$6)), IF(_xll.IMDP("IR", data!$C77, data!S$8, $D$6)=0,"",_xll.IMDP("IR", data!$C77, data!S$8, $D$6)), data!S77 ), "")} -> 4.121 | L76: {=IFERROR( CHOOSE( data!$B$7, IF(_xll.IMDP("IR", data!$B77, data!T$8, $D$6)=0,"",_xll.IMDP("IR", data!$B77, data!T$8, $D$6)), IF(_xll.IMDP("IR", data!$C77, data!T$8, $D$6)=0,"",_xll.IMDP("IR", data!$C77, data!T$8, $D$6)), data!T77 ), "")} -> 4.185 | ... T76: {=IFERROR( CHOOSE( data!$B$7, IF(_xll.IMDP("IR", data!$B77, data!AB$8, $D$6)=0,"",_xll.IMDP("IR", data!$B77, data!AB$8, $D$6)), IF(_xll.IMDP("IR", data!$C77, data!AB$8, $D$6)=0,"",_xll.IMDP("IR", data!$C77, data!AB$8, $D$6)), data!AB77 ), "")}
D77: A0 | E77: {=IFERROR( CHOOSE( data!$B$7, IF(_xll.IMDP("IR", data!$B78, data!M$8, $D$6)=0,"",_xll.IMDP("IR", data!$B78, data!M$8, $D$6)), IF(_xll.IMDP("IR", data!$C78, data!M$8, $D$6)=0,"",_xll.IMDP("IR", data!$C78, data!M$8, $D$6)), data!M78 ), "")} -> 3.858 | F77: {=IFERROR( CHOOSE( data!$B$7, IF(_xll.IMDP("IR", data!$B78, data!N$8, $D$6)=0,"",_xll.IMDP("IR", data!$B78, data!N$8, $D$6)), IF(_xll.IMDP("IR", data!$C78, data!N$8, $D$6)=0,"",_xll.IMDP("IR", data!$C78, data!N$8, $D$6)), data!N78 ), "")} -> 3.989 | G77: {=IFERROR( CHOOSE( data!$B$7, IF(_xll.IMDP("IR", data!$B78, data!O$8, $D$6)=0,"",_xll.IMDP("IR", data!$B78, data!O$8, $D$6)), IF(_xll.IMDP("IR", data!$C78, data!O$8, $D$6)=0,"",_xll.IMDP("IR", data!$C78, data!O$8, $D$6)), data!O78 ), "")} -> 4.029 | H77: {=IFERROR( CHOOSE( data!$B$7, IF(_xll.IMDP("IR", data!$B78, data!P$8, $D$6)=0,"",_xll.IMDP("IR", data!$B78, data!P$8, $D$6)), IF(_xll.IMDP("IR", data!$C78, data!P$8, $D$6)=0,"",_xll.IMDP("IR", data!$C78, data!P$8, $D$6)), data!P78 ), "")} -> 4.065 | I77: {=IFERROR( CHOOSE( data!$B$7, IF(_xll.IMDP("IR", data!$B78, data!Q$8, $D$6)=0,"",_xll.IMDP("IR", data!$B78, data!Q$8, $D$6)), IF(_xll.IMDP("IR", data!$C78, data!Q$8, $D$6)=0,"",_xll.IMDP("IR", data!$C78, data!Q$8, $D$6)), data!Q78 ), "")} -> 4.152 | J77: {=IFERROR( CHOOSE( data!$B$7, IF(_xll.IMDP("IR", data!$B78, data!R$8, $D$6)=0,"",_xll.IMDP("IR", data!$B78, data!R$8, $D$6)), IF(_xll.IMDP("IR", data!$C78, data!R$8, $D$6)=0,"",_xll.IMDP("IR", data!$C78, data!R$8, $D$6)), data!R78 ), "")} -> 4.224 | K77: {=IFERROR( CHOOSE( data!$B$7, IF(_xll.IMDP("IR", data!$B78, data!S$8, $D$6)=0,"",_xll.IMDP("IR", data!$B78, data!S$8, $D$6)), IF(_xll.IMDP("IR", data!$C78, data!S$8, $D$6)=0,"",_xll.IMDP("IR", data!$C78, data!S$8, $D$6)), data!S78 ), "")} -> 4.344 | L77: {=IFERROR( CHOOSE( data!$B$7, IF(_xll.IMDP("IR", data!$B78, data!T$8, $D$6)=0,"",_xll.IMDP("IR", data!$B78, data!T$8, $D$6)), IF(_xll.IMDP("IR", data!$C78, data!T$8, $D$6)=0,"",_xll.IMDP("IR", data!$C78, data!T$8, $D$6)), data!T78 ), "")} -> 4.478 | ... T77: {=IFERROR( CHOOSE( data!$B$7, IF(_xll.IMDP("IR", data!$B78, data!AB$8, $D$6)=0,"",_xll.IMDP("IR", data!$B78, data!AB$8, $D$6)), IF(_xll.IMDP("IR", data!$C78, data!AB$8, $D$6)=0,"",_xll.IMDP("IR", data!$C78, data!AB$8, $D$6)), data!AB78 ), "")}
D78: A- | E78: {=IFERROR( CHOOSE( data!$B$7, IF(_xll.IMDP("IR", data!$B79, data!M$8, $D$6)=0,"",_xll.IMDP("IR", data!$B79, data!M$8, $D$6)), IF(_xll.IMDP("IR", data!$C79, data!M$8, $D$6)=0,"",_xll.IMDP("IR", data!$C79, data!M$8, $D$6)), data!M79 ), "")} -> 4.115 | F78: {=IFERROR( CHOOSE( data!$B$7, IF(_xll.IMDP("IR", data!$B79, data!N$8, $D$6)=0,"",_xll.IMDP("IR", data!$B79, data!N$8, $D$6)), IF(_xll.IMDP("IR", data!$C79, data!N$8, $D$6)=0,"",_xll.IMDP("IR", data!$C79, data!N$8, $D$6)), data!N79 ), "")} -> 4.261 | G78: {=IFERROR( CHOOSE( data!$B$7, IF(_xll.IMDP("IR", data!$B79, data!O$8, $D$6)=0,"",_xll.IMDP("IR", data!$B79, data!O$8, $D$6)), IF(_xll.IMDP("IR", data!$C79, data!O$8, $D$6)=0,"",_xll.IMDP("IR", data!$C79, data!O$8, $D$6)), data!O79 ), "")} -> 4.33 | H78: {=IFERROR( CHOOSE( data!$B$7, IF(_xll.IMDP("IR", data!$B79, data!P$8, $D$6)=0,"",_xll.IMDP("IR", data!$B79, data!P$8, $D$6)), IF(_xll.IMDP("IR", data!$C79, data!P$8, $D$6)=0,"",_xll.IMDP("IR", data!$C79, data!P$8, $D$6)), data!P79 ), "")} -> 4.374 | I78: {=IFERROR( CHOOSE( data!$B$7, IF(_xll.IMDP("IR", data!$B79, data!Q$8, $D$6)=0,"",_xll.IMDP("IR", data!$B79, data!Q$8, $D$6)), IF(_xll.IMDP("IR", data!$C79, data!Q$8, $D$6)=0,"",_xll.IMDP("IR", data!$C79, data!Q$8, $D$6)), data!Q79 ), "")} -> 4.482 | J78: {=IFERROR( CHOOSE( data!$B$7, IF(_xll.IMDP("IR", data!$B79, data!R$8, $D$6)=0,"",_xll.IMDP("IR", data!$B79, data!R$8, $D$6)), IF(_xll.IMDP("IR", data!$C79, data!R$8, $D$6)=0,"",_xll.IMDP("IR", data!$C79, data!R$8, $D$6)), data!R79 ), "")} -> 4.584 | K78: {=IFERROR( CHOOSE( data!$B$7, IF(_xll.IMDP("IR", data!$B79, data!S$8, $D$6)=0,"",_xll.IMDP("IR", data!$B79, data!S$8, $D$6)), IF(_xll.IMDP("IR", data!$C79, data!S$8, $D$6)=0,"",_xll.IMDP("IR", data!$C79, data!S$8, $D$6)), data!S79 ), "")} -> 4.764 | L78: {=IFERROR( CHOOSE( data!$B$7, IF(_xll.IMDP("IR", data!$B79, data!T$8, $D$6)=0,"",_xll.IMDP("IR", data!$B79, data!T$8, $D$6)), IF(_xll.IMDP("IR", data!$C79, data!T$8, $D$6)=0,"",_xll.IMDP("IR", data!$C79, data!T$8, $D$6)), data!T79 ), "")} -> 4.956 | ... T78: {=IFERROR( CHOOSE( data!$B$7, IF(_xll.IMDP("IR", data!$B79, data!AB$8, $D$6)=0,"",_xll.IMDP("IR", data!$B79, data!AB$8, $D$6)), IF(_xll.IMDP("IR", data!$C79, data!AB$8, $D$6)=0,"",_xll.IMDP("IR", data!$C79, data!AB$8, $D$6)), data!AB79 ), "")}
D79: BBB+ | E79: {=IFERROR( CHOOSE( data!$B$7, IF(_xll.IMDP("IR", data!$B80, data!M$8, $D$6)=0,"",_xll.IMDP("IR", data!$B80, data!M$8, $D$6)), IF(_xll.IMDP("IR", data!$C80, data!M$8, $D$6)=0,"",_xll.IMDP("IR", data!$C80, data!M$8, $D$6)), data!M80 ), "")} -> 4.735 | F79: {=IFERROR( CHOOSE( data!$B$7, IF(_xll.IMDP("IR", data!$B80, data!N$8, $D$6)=0,"",_xll.IMDP("IR", data!$B80, data!N$8, $D$6)), IF(_xll.IMDP("IR", data!$C80, data!N$8, $D$6)=0,"",_xll.IMDP("IR", data!$C80, data!N$8, $D$6)), data!N80 ), "")} -> 5.195 | G79: {=IFERROR( CHOOSE( data!$B$7, IF(_xll.IMDP("IR", data!$B80, data!O$8, $D$6)=0,"",_xll.IMDP("IR", data!$B80, data!O$8, $D$6)), IF(_xll.IMDP("IR", data!$C80, data!O$8, $D$6)=0,"",_xll.IMDP("IR", data!$C80, data!O$8, $D$6)), data!O80 ), "")} -> 5.629 | H79: {=IFERROR( CHOOSE( data!$B$7, IF(_xll.IMDP("IR", data!$B80, data!P$8, $D$6)=0,"",_xll.IMDP("IR", data!$B80, data!P$8, $D$6)), IF(_xll.IMDP("IR", data!$C80, data!P$8, $D$6)=0,"",_xll.IMDP("IR", data!$C80, data!P$8, $D$6)), data!P80 ), "")} -> 5.845 | I79: {=IFERROR( CHOOSE( data!$B$7, IF(_xll.IMDP("IR", data!$B80, data!Q$8, $D$6)=0,"",_xll.IMDP("IR", data!$B80, data!Q$8, $D$6)), IF(_xll.IMDP("IR", data!$C80, data!Q$8, $D$6)=0,"",_xll.IMDP("IR", data!$C80, data!Q$8, $D$6)), data!Q80 ), "")} -> 6.285 | J79: {=IFERROR( CHOOSE( data!$B$7, IF(_xll.IMDP("IR", data!$B80, data!R$8, $D$6)=0,"",_xll.IMDP("IR", data!$B80, data!R$8, $D$6)), IF(_xll.IMDP("IR", data!$C80, data!R$8, $D$6)=0,"",_xll.IMDP("IR", data!$C80, data!R$8, $D$6)), data!R80 ), "")} -> 6.828 | K79: {=IFERROR( CHOOSE( data!$B$7, IF(_xll.IMDP("IR", data!$B80, data!S$8, $D$6)=0,"",_xll.IMDP("IR", data!$B80, data!S$8, $D$6)), IF(_xll.IMDP("IR", data!$C80, data!S$8, $D$6)=0,"",_xll.IMDP("IR", data!$C80, data!S$8, $D$6)), data!S80 ), "")} -> 7.228 | L79: {=IFERROR( CHOOSE( data!$B$7, IF(_xll.IMDP("IR", data!$B80, data!T$8, $D$6)=0,"",_xll.IMDP("IR", data!$B80, data!T$8, $D$6)), IF(_xll.IMDP("IR", data!$C80, data!T$8, $D$6)=0,"",_xll.IMDP("IR", data!$C80, data!T$8, $D$6)), data!T80 ), "")} -> 7.519 | ... T79: {=IFERROR( CHOOSE( data!$B$7, IF(_xll.IMDP("IR", data!$B80, data!AB$8, $D$6)=0,"",_xll.IMDP("IR", data!$B80, data!AB$8, $D$6)), IF(_xll.IMDP("IR", data!$C80, data!AB$8, $D$6)=0,"",_xll.IMDP("IR", data!$C80, data!AB$8, $D$6)), data!AB80 ), "")}
D80: BBB0 | E80: {=IFERROR( CHOOSE( data!$B$7, IF(_xll.IMDP("IR", data!$B81, data!M$8, $D$6)=0,"",_xll.IMDP("IR", data!$B81, data!M$8, $D$6)), IF(_xll.IMDP("IR", data!$C81, data!M$8, $D$6)=0,"",_xll.IMDP("IR", data!$C81, data!M$8, $D$6)), data!M81 ), "")} -> 5.128 | F80: {=IFERROR( CHOOSE( data!$B$7, IF(_xll.IMDP("IR", data!$B81, data!N$8, $D$6)=0,"",_xll.IMDP("IR", data!$B81, data!N$8, $D$6)), IF(_xll.IMDP("IR", data!$C81, data!N$8, $D$6)=0,"",_xll.IMDP("IR", data!$C81, data!N$8, $D$6)), data!N81 ), "")} -> 5.732 | G80: {=IFERROR( CHOOSE( data!$B$7, IF(_xll.IMDP("IR", data!$B81, data!O$8, $D$6)=0,"",_xll.IMDP("IR", data!$B81, data!O$8, $D$6)), IF(_xll.IMDP("IR", data!$C81, data!O$8, $D$6)=0,"",_xll.IMDP("IR", data!$C81, data!O$8, $D$6)), data!O81 ), "")} -> 6.227 | H80: {=IFERROR( CHOOSE( data!$B$7, IF(_xll.IMDP("IR", data!$B81, data!P$8, $D$6)=0,"",_xll.IMDP("IR", data!$B81, data!P$8, $D$6)), IF(_xll.IMDP("IR", data!$C81, data!P$8, $D$6)=0,"",_xll.IMDP("IR", data!$C81, data!P$8, $D$6)), data!P81 ), "")} -> 6.58 | I80: {=IFERROR( CHOOSE( data!$B$7, IF(_xll.IMDP("IR", data!$B81, data!Q$8, $D$6)=0,"",_xll.IMDP("IR", data!$B81, data!Q$8, $D$6)), IF(_xll.IMDP("IR", data!$C81, data!Q$8, $D$6)=0,"",_xll.IMDP("IR", data!$C81, data!Q$8, $D$6)), data!Q81 ), "")} -> 7.123 | J80: {=IFERROR( CHOOSE( data!$B$7, IF(_xll.IMDP("IR", data!$B81, data!R$8, $D$6)=0,"",_xll.IMDP("IR", data!$B81, data!R$8, $D$6)), IF(_xll.IMDP("IR", data!$C81, data!R$8, $D$6)=0,"",_xll.IMDP("IR", data!$C81, data!R$8, $D$6)), data!R81 ), "")} -> 7.834 | K80: {=IFERROR( CHOOSE( data!$B$7, IF(_xll.IMDP("IR", data!$B81, data!S$8, $D$6)=0,"",_xll.IMDP("IR", data!$B81, data!S$8, $D$6)), IF(_xll.IMDP("IR", data!$C81, data!S$8, $D$6)=0,"",_xll.IMDP("IR", data!$C81, data!S$8, $D$6)), data!S81 ), "")} -> 8.301 | L80: {=IFERROR( CHOOSE( data!$B$7, IF(_xll.IMDP("IR", data!$B81, data!T$8, $D$6)=0,"",_xll.IMDP("IR", data!$B81, data!T$8, $D$6)), IF(_xll.IMDP("IR", data!$C81, data!T$8, $D$6)=0,"",_xll.IMDP("IR", data!$C81, data!T$8, $D$6)), data!T81 ), "")} -> 8.627 | ... T80: {=IFERROR( CHOOSE( data!$B$7, IF(_xll.IMDP("IR", data!$B81, data!AB$8, $D$6)=0,"",_xll.IMDP("IR", data!$B81, data!AB$8, $D$6)), IF(_xll.IMDP("IR", data!$C81, data!AB$8, $D$6)=0,"",_xll.IMDP("IR", data!$C81, data!AB$8, $D$6)), data!AB81 ), "")}
D81: BBB- | E81: {=IFERROR( CHOOSE( data!$B$7, IF(_xll.IMDP("IR", data!$B82, data!M$8, $D$6)=0,"",_xll.IMDP("IR", data!$B82, data!M$8, $D$6)), IF(_xll.IMDP("IR", data!$C82, data!M$8, $D$6)=0,"",_xll.IMDP("IR", data!$C82, data!M$8, $D$6)), data!M82 ), "")} -> 6.098 | F81: {=IFERROR( CHOOSE( data!$B$7, IF(_xll.IMDP("IR", data!$B82, data!N$8, $D$6)=0,"",_xll.IMDP("IR", data!$B82, data!N$8, $D$6)), IF(_xll.IMDP("IR", data!$C82, data!N$8, $D$6)=0,"",_xll.IMDP("IR", data!$C82, data!N$8, $D$6)), data!N82 ), "")} -> 6.801 | G81: {=IFERROR( CHOOSE( data!$B$7, IF(_xll.IMDP("IR", data!$B82, data!O$8, $D$6)=0,"",_xll.IMDP("IR", data!$B82, data!O$8, $D$6)), IF(_xll.IMDP("IR", data!$C82, data!O$8, $D$6)=0,"",_xll.IMDP("IR", data!$C82, data!O$8, $D$6)), data!O82 ), "")} -> 7.435 | H81: {=IFERROR( CHOOSE( data!$B$7, IF(_xll.IMDP("IR", data!$B82, data!P$8, $D$6)=0,"",_xll.IMDP("IR", data!$B82, data!P$8, $D$6)), IF(_xll.IMDP("IR", data!$C82, data!P$8, $D$6)=0,"",_xll.IMDP("IR", data!$C82, data!P$8, $D$6)), data!P82 ), "")} -> 7.84 | I81: {=IFERROR( CHOOSE( data!$B$7, IF(_xll.IMDP("IR", data!$B82, data!Q$8, $D$6)=0,"",_xll.IMDP("IR", data!$B82, data!Q$8, $D$6)), IF(_xll.IMDP("IR", data!$C82, data!Q$8, $D$6)=0,"",_xll.IMDP("IR", data!$C82, data!Q$8, $D$6)), data!Q82 ), "")} -> 8.566 | J81: {=IFERROR( CHOOSE( data!$B$7, IF(_xll.IMDP("IR", data!$B82, data!R$8, $D$6)=0,"",_xll.IMDP("IR", data!$B82, data!R$8, $D$6)), IF(_xll.IMDP("IR", data!$C82, data!R$8, $D$6)=0,"",_xll.IMDP("IR", data!$C82, data!R$8, $D$6)), data!R82 ), "")} -> 9.304 | K81: {=IFERROR( CHOOSE( data!$B$7, IF(_xll.IMDP("IR", data!$B82, data!S$8, $D$6)=0,"",_xll.IMDP("IR", data!$B82, data!S$8, $D$6)), IF(_xll.IMDP("IR", data!$C82, data!S$8, $D$6)=0,"",_xll.IMDP("IR", data!$C82, data!S$8, $D$6)), data!S82 ), "")} -> 9.854 | L81: {=IFERROR( CHOOSE( data!$B$7, IF(_xll.IMDP("IR", data!$B82, data!T$8, $D$6)=0,"",_xll.IMDP("IR", data!$B82, data!T$8, $D$6)), IF(_xll.IMDP("IR", data!$C82, data!T$8, $D$6)=0,"",_xll.IMDP("IR", data!$C82, data!T$8, $D$6)), data!T82 ), "")} -> 10.303 | ... T81: {=IFERROR( CHOOSE( data!$B$7, IF(_xll.IMDP("IR", data!$B82, data!AB$8, $D$6)=0,"",_xll.IMDP("IR", data!$B82, data!AB$8, $D$6)), IF(_xll.IMDP("IR", data!$C82, data!AB$8, $D$6)=0,"",_xll.IMDP("IR", data!$C82, data!AB$8, $D$6)), data!AB82 ), "")}
B82: 유동화증권 | C82: KHFC MBS/SLBS | D82: AAA | E82: {=IFERROR( CHOOSE( data!$B$7, IF(_xll.IMDP("IR", data!$B83, data!M$8, $D$6)=0,"",_xll.IMDP("IR", data!$B83, data!M$8, $D$6)), IF(_xll.IMDP("IR", data!$C83, data!M$8, $D$6)=0,"",_xll.IMDP("IR", data!$C83, data!M$8, $D$6)), data!M83 ), "")} -> 3.38 | F82: {=IFERROR( CHOOSE( data!$B$7, IF(_xll.IMDP("IR", data!$B83, data!N$8, $D$6)=0,"",_xll.IMDP("IR", data!$B83, data!N$8, $D$6)), IF(_xll.IMDP("IR", data!$C83, data!N$8, $D$6)=0,"",_xll.IMDP("IR", data!$C83, data!N$8, $D$6)), data!N83 ), "")} -> 3.359 | G82: {=IFERROR( CHOOSE( data!$B$7, IF(_xll.IMDP("IR", data!$B83, data!O$8, $D$6)=0,"",_xll.IMDP("IR", data!$B83, data!O$8, $D$6)), IF(_xll.IMDP("IR", data!$C83, data!O$8, $D$6)=0,"",_xll.IMDP("IR", data!$C83, data!O$8, $D$6)), data!O83 ), "")} -> 3.306 | H82: {=IFERROR( CHOOSE( data!$B$7, IF(_xll.IMDP("IR", data!$B83, data!P$8, $D$6)=0,"",_xll.IMDP("IR", data!$B83, data!P$8, $D$6)), IF(_xll.IMDP("IR", data!$C83, data!P$8, $D$6)=0,"",_xll.IMDP("IR", data!$C83, data!P$8, $D$6)), data!P83 ), "")} -> 3.276 | I82: {=IFERROR( CHOOSE( data!$B$7, IF(_xll.IMDP("IR", data!$B83, data!Q$8, $D$6)=0,"",_xll.IMDP("IR", data!$B83, data!Q$8, $D$6)), IF(_xll.IMDP("IR", data!$C83, data!Q$8, $D$6)=0,"",_xll.IMDP("IR", data!$C83, data!Q$8, $D$6)), data!Q83 ), "")} -> 3.22 | J82: {=IFERROR( CHOOSE( data!$B$7, IF(_xll.IMDP("IR", data!$B83, data!R$8, $D$6)=0,"",_xll.IMDP("IR", data!$B83, data!R$8, $D$6)), IF(_xll.IMDP("IR", data!$C83, data!R$8, $D$6)=0,"",_xll.IMDP("IR", data!$C83, data!R$8, $D$6)), data!R83 ), "")} -> 3.207 | K82: {=IFERROR( CHOOSE( data!$B$7, IF(_xll.IMDP("IR", data!$B83, data!S$8, $D$6)=0,"",_xll.IMDP("IR", data!$B83, data!S$8, $D$6)), IF(_xll.IMDP("IR", data!$C83, data!S$8, $D$6)=0,"",_xll.IMDP("IR", data!$C83, data!S$8, $D$6)), data!S83 ), "")} -> 3.182 | L82: {=IFERROR( CHOOSE( data!$B$7, IF(_xll.IMDP("IR", data!$B83, data!T$8, $D$6)=0,"",_xll.IMDP("IR", data!$B83, data!T$8, $D$6)), IF(_xll.IMDP("IR", data!$C83, data!T$8, $D$6)=0,"",_xll.IMDP("IR", data!$C83, data!T$8, $D$6)), data!T83 ), "")} -> 3.185 | ... T82: {=IFERROR( CHOOSE( data!$B$7, IF(_xll.IMDP("IR", data!$B83, data!AB$8, $D$6)=0,"",_xll.IMDP("IR", data!$B83, data!AB$8, $D$6)), IF(_xll.IMDP("IR", data!$C83, data!AB$8, $D$6)=0,"",_xll.IMDP("IR", data!$C83, data!AB$8, $D$6)), data!AB83 ), "")}

Sheet 개별종목
B2: 시가평가 평균 산출
B5: =TODAY() -> 45523
C6: 한글종목명 | D6: 만기일 | E6: ="민평3사 "&data!$D$4&"(산출일)"&data!$E$4 -> 민평3사 수익률(산출일) | F6: ="민평4사 "&data!$D$4&"(산출일)"&data!$E$4 -> 민평4사 수익률(산출일) | H6: ="KBP "&data!$D$4&"(산출일)"&data!$E$4 -> KBP 수익률(산출일) | I6: ="KIS "&data!$D$4&"(산출일)"&data!$E$4 -> KIS 수익률(산출일) | J6: ="NIC "&data!$D$4&"(산출일)"&data!$E$4 -> NIC 수익률(산출일) | K6: ="FNP "&data!$D$4&"(산출일)"&data!$E$4 -> FNP 수익률(산출일)
B7: KR코드 | C7: 종목명 | D7: 만기일 | E7: 3사 평균 | F7: 4사 평균 | G7: 계산 | H7: KAP | I7: KIS | J7: NICE | K7: FN
B8: KR103503GCC6 | C8: {=IF(ISBLANK($B8), "", _xll.IMDP("BND", $B8, C$6))} -> 국고04250-2412(22-15) | D8: {=IF(ISBLANK($B8), "", _xll.IMDP("BND", $B8, D$6,,"DtFmt=1"))} -> 45636 | E8: {=IF(ISBLANK($B8), "", _xll.IMDP("BND", $B8, E$6))} -> 3.203 | F8: {=IF(ISBLANK($B8), "", _xll.IMDP("BND", $B8, F$6))} -> 3.202 | G8: =IFERROR( CHOOSE(data!$C$6, AVERAGE($M8:$P8), GEOMEAN($M8:$P8)), "") -> 3.2025 | H8: {=IF(ISBLANK($B8), "", _xll.IMDP("BND", $B8, H$6))} -> 3.21 | I8: {=IF(ISBLANK($B8), "", _xll.IMDP("BND", $B8, I$6))} -> 3.2 | J8: {=IF(ISBLANK($B8), "", _xll.IMDP("BND", $B8, J$6))} -> 3.2 | K8: {=IF(ISBLANK($B8), "", _xll.IMDP("BND", $B8, K$6))} -> 3.2 | M8: =IF(data!D$6, H8, "") -> 3.21 | N8: =IF(data!E$6, I8, "") -> 3.2 | O8: =IF(data!F$6, J8, "") -> 3.2 | P8: =IF(data!G$6, K8, "") -> 3.2
C9: {=IF(ISBLANK($B9), "", _xll.IMDP("BND", $B9, C$6))} | D9: {=IF(ISBLANK($B9), "", _xll.IMDP("BND", $B9, D$6,,"DtFmt=1"))} | E9: {=IF(ISBLANK($B9), "", _xll.IMDP("BND", $B9, E$6))} | F9: {=IF(ISBLANK($B9), "", _xll.IMDP("BND", $B9, F$6))} | G9: =IFERROR( CHOOSE(data!$C$6, AVERAGE($M9:$P9), GEOMEAN($M9:$P9)), "") | H9: {=IF(ISBLANK($B9), "", _xll.IMDP("BND", $B9, H$6))} | I9: {=IF(ISBLANK($B9), "", _xll.IMDP("BND", $B9, I$6))} | J9: {=IF(ISBLANK($B9), "", _xll.IMDP("BND", $B9, J$6))} | K9: {=IF(ISBLANK($B9), "", _xll.IMDP("BND", $B9, K$6))} | M9: =IF(data!D$6, H9, "") | N9: =IF(data!E$6, I9, "") | O9: =IF(data!F$6, J9, "") | P9: =IF(data!G$6, K9, "")
C10: {=IF(ISBLANK($B10), "", _xll.IMDP("BND", $B10, C$6))} | D10: {=IF(ISBLANK($B10), "", _xll.IMDP("BND", $B10, D$6,,"DtFmt=1"))} | E10: {=IF(ISBLANK($B10), "", _xll.IMDP("BND", $B10, E$6))} | F10: {=IF(ISBLANK($B10), "", _xll.IMDP("BND", $B10, F$6))} | G10: =IFERROR( CHOOSE(data!$C$6, AVERAGE($M10:$P10), GEOMEAN($M10:$P10)), "") | H10: {=IF(ISBLANK($B10), "", _xll.IMDP("BND", $B10, H$6))} | I10: {=IF(ISBLANK($B10), "", _xll.IMDP("BND", $B10, I$6))} | J10: {=IF(ISBLANK($B10), "", _xll.IMDP("BND", $B10, J$6))} | K10: {=IF(ISBLANK($B10), "", _xll.IMDP("BND", $B10, K$6))} | M10: =IF(data!D$6, H10, "") | N10: =IF(data!E$6, I10, "") | O10: =IF(data!F$6, J10, "") | P10: =IF(data!G$6, K10, "")
C11: {=IF(ISBLANK($B11), "", _xll.IMDP("BND", $B11, C$6))} | D11: {=IF(ISBLANK($B11), "", _xll.IMDP("BND", $B11, D$6,,"DtFmt=1"))} | E11: {=IF(ISBLANK($B11), "", _xll.IMDP("BND", $B11, E$6))} | F11: {=IF(ISBLANK($B11), "", _xll.IMDP("BND", $B11, F$6))} | G11: =IFERROR( CHOOSE(data!$C$6, AVERAGE($M11:$P11), GEOMEAN($M11:$P11)), "") | H11: {=IF(ISBLANK($B11), "", _xll.IMDP("BND", $B11, H$6))} | I11: {=IF(ISBLANK($B11), "", _xll.IMDP("BND", $B11, I$6))} | J11: {=IF(ISBLANK($B11), "", _xll.IMDP("BND", $B11, J$6))} | K11: {=IF(ISBLANK($B11), "", _xll.IMDP("BND", $B11, K$6))} | M11: =IF(data!D$6, H11, "") | N11: =IF(data!E$6, I11, "") | O11: =IF(data!F$6, J11, "") | P11: =IF(data!G$6, K11, "")
C12: {=IF(ISBLANK($B12), "", _xll.IMDP("BND", $B12, C$6))} | D12: {=IF(ISBLANK($B12), "", _xll.IMDP("BND", $B12, D$6,,"DtFmt=1"))} | E12: {=IF(ISBLANK($B12), "", _xll.IMDP("BND", $B12, E$6))} | F12: {=IF(ISBLANK($B12), "", _xll.IMDP("BND", $B12, F$6))} | G12: =IFERROR( CHOOSE(data!$C$6, AVERAGE($M12:$P12), GEOMEAN($M12:$P12)), "") | H12: {=IF(ISBLANK($B12), "", _xll.IMDP("BND", $B12, H$6))} | I12: {=IF(ISBLANK($B12), "", _xll.IMDP("BND", $B12, I$6))} | J12: {=IF(ISBLANK($B12), "", _xll.IMDP("BND", $B12, J$6))} | K12: {=IF(ISBLANK($B12), "", _xll.IMDP("BND", $B12, K$6))} | M12: =IF(data!D$6, H12, "") | N12: =IF(data!E$6, I12, "") | O12: =IF(data!F$6, J12, "") | P12: =IF(data!G$6, K12, "")
C13: {=IF(ISBLANK($B13), "", _xll.IMDP("BND", $B13, C$6))} | D13: {=IF(ISBLANK($B13), "", _xll.IMDP("BND", $B13, D$6,,"DtFmt=1"))} | E13: {=IF(ISBLANK($B13), "", _xll.IMDP("BND", $B13, E$6))} | F13: {=IF(ISBLANK($B13), "", _xll.IMDP("BND", $B13, F$6))} | G13: =IFERROR( CHOOSE(data!$C$6, AVERAGE($M13:$P13), GEOMEAN($M13:$P13)), "") | H13: {=IF(ISBLANK($B13), "", _xll.IMDP("BND", $B13, H$6))} | I13: {=IF(ISBLANK($B13), "", _xll.IMDP("BND", $B13, I$6))} | J13: {=IF(ISBLANK($B13), "", _xll.IMDP("BND", $B13, J$6))} | K13: {=IF(ISBLANK($B13), "", _xll.IMDP("BND", $B13, K$6))} | M13: =IF(data!D$6, H13, "") | N13: =IF(data!E$6, I13, "") | O13: =IF(data!F$6, J13, "") | P13: =IF(data!G$6, K13, "")
C14: {=IF(ISBLANK($B14), "", _xll.IMDP("BND", $B14, C$6))} | D14: {=IF(ISBLANK($B14), "", _xll.IMDP("BND", $B14, D$6,,"DtFmt=1"))} | E14: {=IF(ISBLANK($B14), "", _xll.IMDP("BND", $B14, E$6))} | F14: {=IF(ISBLANK($B14), "", _xll.IMDP("BND", $B14, F$6))} | G14: =IFERROR( CHOOSE(data!$C$6, AVERAGE($M14:$P14), GEOMEAN($M14:$P14)), "") | H14: {=IF(ISBLANK($B14), "", _xll.IMDP("BND", $B14, H$6))} | I14: {=IF(ISBLANK($B14), "", _xll.IMDP("BND", $B14, I$6))} | J14: {=IF(ISBLANK($B14), "", _xll.IMDP("BND", $B14, J$6))} | K14: {=IF(ISBLANK($B14), "", _xll.IMDP("BND", $B14, K$6))} | M14: =IF(data!D$6, H14, "") | N14: =IF(data!E$6, I14, "") | O14: =IF(data!F$6, J14, "") | P14: =IF(data!G$6, K14, "")
C15: {=IF(ISBLANK($B15), "", _xll.IMDP("BND", $B15, C$6))} | D15: {=IF(ISBLANK($B15), "", _xll.IMDP("BND", $B15, D$6,,"DtFmt=1"))} | E15: {=IF(ISBLANK($B15), "", _xll.IMDP("BND", $B15, E$6))} | F15: {=IF(ISBLANK($B15), "", _xll.IMDP("BND", $B15, F$6))} | G15: =IFERROR( CHOOSE(data!$C$6, AVERAGE($M15:$P15), GEOMEAN($M15:$P15)), "") | H15: {=IF(ISBLANK($B15), "", _xll.IMDP("BND", $B15, H$6))} | I15: {=IF(ISBLANK($B15), "", _xll.IMDP("BND", $B15, I$6))} | J15: {=IF(ISBLANK($B15), "", _xll.IMDP("BND", $B15, J$6))} | K15: {=IF(ISBLANK($B15), "", _xll.IMDP("BND", $B15, K$6))} | M15: =IF(data!D$6, H15, "") | N15: =IF(data!E$6, I15, "") | O15: =IF(data!F$6, J15, "") | P15: =IF(data!G$6, K15, "")
C16: {=IF(ISBLANK($B16), "", _xll.IMDP("BND", $B16, C$6))} | D16: {=IF(ISBLANK($B16), "", _xll.IMDP("BND", $B16, D$6,,"DtFmt=1"))} | E16: {=IF(ISBLANK($B16), "", _xll.IMDP("BND", $B16, E$6))} | F16: {=IF(ISBLANK($B16), "", _xll.IMDP("BND", $B16, F$6))} | G16: =IFERROR( CHOOSE(data!$C$6, AVERAGE($M16:$P16), GEOMEAN($M16:$P16)), "") | H16: {=IF(ISBLANK($B16), "", _xll.IMDP("BND", $B16, H$6))} | I16: {=IF(ISBLANK($B16), "", _xll.IMDP("BND", $B16, I$6))} | J16: {=IF(ISBLANK($B16), "", _xll.IMDP("BND", $B16, J$6))} | K16: {=IF(ISBLANK($B16), "", _xll.IMDP("BND", $B16, K$6))} | M16: =IF(data!D$6, H16, "") | N16: =IF(data!E$6, I16, "") | O16: =IF(data!F$6, J16, "") | P16: =IF(data!G$6, K16, "")
C17: {=IF(ISBLANK($B17), "", _xll.IMDP("BND", $B17, C$6))} | D17: {=IF(ISBLANK($B17), "", _xll.IMDP("BND", $B17, D$6,,"DtFmt=1"))} | E17: {=IF(ISBLANK($B17), "", _xll.IMDP("BND", $B17, E$6))} | F17: {=IF(ISBLANK($B17), "", _xll.IMDP("BND", $B17, F$6))} | G17: =IFERROR( CHOOSE(data!$C$6, AVERAGE($M17:$P17), GEOMEAN($M17:$P17)), "") | H17: {=IF(ISBLANK($B17), "", _xll.IMDP("BND", $B17, H$6))} | I17: {=IF(ISBLANK($B17), "", _xll.IMDP("BND", $B17, I$6))} | J17: {=IF(ISBLANK($B17), "", _xll.IMDP("BND", $B17, J$6))} | K17: {=IF(ISBLANK($B17), "", _xll.IMDP("BND", $B17, K$6))} | M17: =IF(data!D$6, H17, "") | N17: =IF(data!E$6, I17, "") | O17: =IF(data!F$6, J17, "") | P17: =IF(data!G$6, K17, "")
C18: {=IF(ISBLANK($B18), "", _xll.IMDP("BND", $B18, C$6))} | D18: {=IF(ISBLANK($B18), "", _xll.IMDP("BND", $B18, D$6,,"DtFmt=1"))} | E18: {=IF(ISBLANK($B18), "", _xll.IMDP("BND", $B18, E$6))} | F18: {=IF(ISBLANK($B18), "", _xll.IMDP("BND", $B18, F$6))} | G18: =IFERROR( CHOOSE(data!$C$6, AVERAGE($M18:$P18), GEOMEAN($M18:$P18)), "") | H18: {=IF(ISBLANK($B18), "", _xll.IMDP("BND", $B18, H$6))} | I18: {=IF(ISBLANK($B18), "", _xll.IMDP("BND", $B18, I$6))} | J18: {=IF(ISBLANK($B18), "", _xll.IMDP("BND", $B18, J$6))} | K18: {=IF(ISBLANK($B18), "", _xll.IMDP("BND", $B18, K$6))} | M18: =IF(data!D$6, H18, "") | N18: =IF(data!E$6, I18, "") | O18: =IF(data!F$6, J18, "") | P18: =IF(data!G$6, K18, "")
C19: {=IF(ISBLANK($B19), "", _xll.IMDP("BND", $B19, C$6))} | D19: {=IF(ISBLANK($B19), "", _xll.IMDP("BND", $B19, D$6,,"DtFmt=1"))} | E19: {=IF(ISBLANK($B19), "", _xll.IMDP("BND", $B19, E$6))} | F19: {=IF(ISBLANK($B19), "", _xll.IMDP("BND", $B19, F$6))} | G19: =IFERROR( CHOOSE(data!$C$6, AVERAGE($M19:$P19), GEOMEAN($M19:$P19)), "") | H19: {=IF(ISBLANK($B19), "", _xll.IMDP("BND", $B19, H$6))} | I19: {=IF(ISBLANK($B19), "", _xll.IMDP("BND", $B19, I$6))} | J19: {=IF(ISBLANK($B19), "", _xll.IMDP("BND", $B19, J$6))} | K19: {=IF(ISBLANK($B19), "", _xll.IMDP("BND", $B19, K$6))} | M19: =IF(data!D$6, H19, "") | N19: =IF(data!E$6, I19, "") | O19: =IF(data!F$6, J19, "") | P19: =IF(data!G$6, K19, "")
C20: {=IF(ISBLANK($B20), "", _xll.IMDP("BND", $B20, C$6))} | D20: {=IF(ISBLANK($B20), "", _xll.IMDP("BND", $B20, D$6,,"DtFmt=1"))} | E20: {=IF(ISBLANK($B20), "", _xll.IMDP("BND", $B20, E$6))} | F20: {=IF(ISBLANK($B20), "", _xll.IMDP("BND", $B20, F$6))} | G20: =IFERROR( CHOOSE(data!$C$6, AVERAGE($M20:$P20), GEOMEAN($M20:$P20)), "") | H20: {=IF(ISBLANK($B20), "", _xll.IMDP("BND", $B20, H$6))} | I20: {=IF(ISBLANK($B20), "", _xll.IMDP("BND", $B20, I$6))} | J20: {=IF(ISBLANK($B20), "", _xll.IMDP("BND", $B20, J$6))} | K20: {=IF(ISBLANK($B20), "", _xll.IMDP("BND", $B20, K$6))} | M20: =IF(data!D$6, H20, "") | N20: =IF(data!E$6, I20, "") | O20: =IF(data!F$6, J20, "") | P20: =IF(data!G$6, K20, "")
... C57: {=IF(ISBLANK($B57), "", _xll.IMDP("BND", $B57, C$6))} | D57: {=IF(ISBLANK($B57), "", _xll.IMDP("BND", $B57, D$6,,"DtFmt=1"))} | E57: {=IF(ISBLANK($B57), "", _xll.IMDP("BND", $B57, E$6))} | F57: {=IF(ISBLANK($B57), "", _xll.IMDP("BND", $B57, F$6))} | G57: =IFERROR( CHOOSE(data!$C$6, AVERAGE($M57:$P57), GEOMEAN($M57:$P57)), "") | H57: {=IF(ISBLANK($B57), "", _xll.IMDP("BND", $B57, H$6))} | I57: {=IF(ISBLANK($B57), "", _xll.IMDP("BND", $B57, I$6))} | J57: {=IF(ISBLANK($B57), "", _xll.IMDP("BND", $B57, J$6))} | K57: {=IF(ISBLANK($B57), "", _xll.IMDP("BND", $B57, K$6))} | M57: =IF(data!D$6, H57, "") | N57: =IF(data!E$6, I57, "") | O57: =IF(data!F$6, J57, "") | P57: =IF(data!G$6, K57, "")

Sheet data
D4: =CHOOSE($D$5, "수익률", "가격") -> 수익률 | E4: =CHOOSE($E$5, "", " 당일")
C5: 개별 | D5: 1 | E5: 1
C6: 1 | D6: TRUE | E6: TRUE | F6: TRUE | G6: TRUE
B7: 2 | D7: TRUE | E7: TRUE | F7: TRUE | G7: TRUE | H7: TRUE | M7: 계산 | N7: 2 | AC7: KAP | AS7: KIS | BI7: NICE | BY7: FN | CO7: KOFIA | DD7: END
B8: 3사 | C8: 4사 | D8: KAP | E8: KIS | F8: NICE | G8: FN | H8: KOFIA | K8: 3사 | L8: 4사 | M8: 3월이하(당일) | N8: 6월이하(당일) | O8: 9월이하(당일) | P8: 1년이하(당일) | Q8: 1.5년이하(당일) | R8: 2년이하(당일) | S8: 2.5년이하(당일) | T8: 3년이하(당일) | U8: 4년이하(당일) | V8: 5년이하(당일) | W8: 7년이하(당일) | X8: 10년이하(당일) | Y8: 15년이하(당일) | Z8: 20년이하(당일) | AA8: 30년이하(당일) | AB8: 50년이하(당일) | AC8: 3월이하(당일) | AD8: 6월이하(당일) | AE8: 9월이하(당일) | AF8: 1년이하(당일) | AG8: 1.5년이하(당일) | AH8: 2년이하(당일) | AI8: 2.5년이하(당일) | AJ8: 3년이하(당일) | AK8: 4년이하(당일) | AL8: 5년이하(당일) | AM8: 7년이하(당일) | AN8: 10년이하(당일) | AO8: 15년이하(당일) | AP8: 20년이하(당일) | AQ8: 30년이하(당일) | AR8: 50년이하(당일) | AS8: 3월이하(당일) | AT8: 6월이하(당일) | AU8: 9월이하(당일) | AV8: 1년이하(당일) | AW8: 1.5년이하(당일) | AX8: 2년이하(당일) | AY8: 2.5년이하(당일) | AZ8: 3년이하(당일) | BA8: 4년이하(당일) | BB8: 5년이하(당일) | BC8: 7년이하(당일) | BD8: 10년이하(당일) | BE8: 15년이하(당일) | BF8: 20년이하(당일) | BG8: 30년이하(당일) | BH8: 50년이하(당일) | BI8: 3월이하(당일) | BJ8: 6월이하(당일) | BK8: 9월이하(당일) | BL8: 1년이하(당일) | BM8: 1.5년이하(당일) | BN8: 2년이하(당일) | BO8: 2.5년이하(당일) | BP8: 3년이하(당일) | BQ8: 4년이하(당일) | BR8: 5년이하(당일) | BS8: 7년이하(당일) | BT8: 10년이하(당일) | BU8: 15년이하(당일) | BV8: 20년이하(당일) | BW8: 30년이하(당일) | BX8: 50년이하(당일) | BY8: 3월이하(당일) | BZ8: 6월이하(당일) | CA8: 9월이하(당일) | CB8: 1년이하(당일) | CC8: 1.5년이하(당일) | CD8: 2년이하(당일) | CE8: 2.5년이하(당일) | CF8: 3년이하(당일) | CG8: 4년이하(당일) | CH8: 5년이하(당일) | CI8: 7년이하(당일) | CJ8: 10년이하(당일) | CK8: 15년이하(당일) | CL8: 20년이하(당일) | CM8: 30년이하(당일) | CN8: 50년이하(당일) | CO8: 3월이하(당일) | CP8: 6월이하(당일) | CQ8: 9월이하(당일) | CR8: 1년이하(당일) | CS8: 1.5년이하(당일) | CT8: 2년이하(당일) | CU8: 2.5년이하(당일) | CV8: 3년이하(당일) | CW8: 4년이하(당일) | CX8: 5년이하(당일) | CY8: 7년이하(당일) | CZ8: 10년이하(당일) | DA8: 15년이하(당일) | DB8: 20년이하(당일) | DC8: 30년이하(당일) | DD8: 50년이하(당일)
B9: BONDAVG01 | C9: BONDAV401 | D9: BONDKBPA100 | E9: BONDKIS1013000 | F9: BONDNIC1010000 | G9: BONDFNP1010000 | H9: BONDKSD1010000 | M9: =CHOOSE( $N$7, AVERAGE(AC9,AS9,BI9,BY9,CO9), GEOMEAN(AC9,AS9,BI9,BY9,CO9) ) -> 3.3385934 | N9: =CHOOSE( $N$7, AVERAGE(AD9,AT9,BJ9,BZ9,CP9), GEOMEAN(AD9,AT9,BJ9,BZ9,CP9) ) -> 3.2023977 | O9: =CHOOSE( $N$7, AVERAGE(AE9,AU9,BK9,CA9,CQ9), GEOMEAN(AE9,AU9,BK9,CA9,CQ9) ) -> 3.1141956 | P9: =CHOOSE( $N$7, AVERAGE(AF9,AV9,BL9,CB9,CR9), GEOMEAN(AF9,AV9,BL9,CB9,CR9) ) -> 3.0529994 | Q9: =CHOOSE( $N$7, AVERAGE(AG9,AW9,BM9,CC9,CS9), GEOMEAN(AG9,AW9,BM9,CC9,CS9) ) -> 3.0565985 | R9: =CHOOSE( $N$7, AVERAGE(AH9,AX9,BN9,CD9,CT9), GEOMEAN(AH9,AX9,BN9,CD9,CT9) ) -> 3.03 | S9: =CHOOSE( $N$7, AVERAGE(AI9,AY9,BO9,CE9,CU9), GEOMEAN(AI9,AY9,BO9,CE9,CU9) ) -> 2.9433997 | T9: =CHOOSE( $N$7, AVERAGE(AJ9,AZ9,BP9,CF9,CV9), GEOMEAN(AJ9,AZ9,BP9,CF9,CV9) ) -> 2.922 | ... AB9: =CHOOSE( $N$7, AVERAGE(AR9,BH9,BX9,CN9,DD9), GEOMEAN(AR9,BH9,BX9,CN9,DD9) ) -> 2.7625997 | AC9: {=IF( AND($D$7,NOT(ISBLANK($D9))), IF(_xll.IMDP("IR", $D9, AC$8, Matrix!$D$6)=0,"",_xll.IMDP("IR", $D9, AC$8, Matrix!$D$6)), "")} -> 3.335 | AD9: {=IF( AND($D$7,NOT(ISBLANK($D9))), IF(_xll.IMDP("IR", $D9, AD$8, Matrix!$D$6)=0,"",_xll.IMDP("IR", $D9, AD$8, Matrix!$D$6)), "")} -> 3.21 | AE9: {=IF( AND($D$7,NOT(ISBLANK($D9))), IF(_xll.IMDP("IR", $D9, AE$8, Matrix!$D$6)=0,"",_xll.IMDP("IR", $D9, AE$8, Matrix!$D$6)), "")} -> 3.11 | AF9: {=IF( AND($D$7,NOT(ISBLANK($D9))), IF(_xll.IMDP("IR", $D9, AF$8, Matrix!$D$6)=0,"",_xll.IMDP("IR", $D9, AF$8, Matrix!$D$6)), "")} -> 3.05 | AG9: {=IF( AND($D$7,NOT(ISBLANK($D9))), IF(_xll.IMDP("IR", $D9, AG$8, Matrix!$D$6)=0,"",_xll.IMDP("IR", $D9, AG$8, Matrix!$D$6)), "")} -> 3.055 | AH9: {=IF( AND($D$7,NOT(ISBLANK($D9))), IF(_xll.IMDP("IR", $D9, AH$8, Matrix!$D$6)=0,"",_xll.IMDP("IR", $D9, AH$8, Matrix!$D$6)), "")} -> 3.03 | AI9: {=IF( AND($D$7,NOT(ISBLANK($D9))), IF(_xll.IMDP("IR", $D9, AI$8, Matrix!$D$6)=0,"",_xll.IMDP("IR", $D9, AI$8, Matrix!$D$6)), "")} -> 2.945 | AJ9: {=IF( AND($D$7,NOT(ISBLANK($D9))), IF(_xll.IMDP("IR", $D9, AJ$8, Matrix!$D$6)=0,"",_xll.IMDP("IR", $D9, AJ$8, Matrix!$D$6)), "")} -> 2.922 | ... AR9: {=IF( AND($D$7,NOT(ISBLANK($D9))), IF(_xll.IMDP("IR", $D9, AR$8, Matrix!$D$6)=0,"",_xll.IMDP("IR", $D9, AR$8, Matrix!$D$6)), "")} -> 2.762 | AS9: {=IF( AND($E$7,NOT(ISBLANK($E9))), IF( _xll.IMDP("IR", $E9, AS$8, Matrix!$D$6)=0,"",_xll.IMDP("IR", $E9, AS$8, Matrix!$D$6)), "")} -> 3.33 | AT9: {=IF( AND($E$7,NOT(ISBLANK($E9))), IF( _xll.IMDP("IR", $E9, AT$8, Matrix!$D$6)=0,"",_xll.IMDP("IR", $E9, AT$8, Matrix!$D$6)), "")} -> 3.2 | AU9: {=IF( AND($E$7,NOT(ISBLANK($E9))), IF( _xll.IMDP("IR", $E9, AU$8, Matrix!$D$6)=0,"",_xll.IMDP("IR", $E9, AU$8, Matrix!$D$6)), "")} -> 3.12 | AV9: {=IF( AND($E$7,NOT(ISBLANK($E9))), IF( _xll.IMDP("IR", $E9, AV$8, Matrix!$D$6)=0,"",_xll.IMDP("IR", $E9, AV$8, Matrix!$D$6)), "")} -> 3.055 | AW9: {=IF( AND($E$7,NOT(ISBLANK($E9))), IF( _xll.IMDP("IR", $E9, AW$8, Matrix!$D$6)=0,"",_xll.IMDP("IR", $E9, AW$8, Matrix!$D$6)), "")} -> 3.06 | AX9: {=IF( AND($E$7,NOT(ISBLANK($E9))), IF( _xll.IMDP("IR", $E9, AX$8, Matrix!$D$6)=0,"",_xll.IMDP("IR", $E9, AX$8, Matrix!$D$6)), "")} -> 3.03 | AY9: {=IF( AND($E$7,NOT(ISBLANK($E9))), IF( _xll.IMDP("IR", $E9, AY$8, Matrix!$D$6)=0,"",_xll.IMDP("IR", $E9, AY$8, Matrix!$D$6)), "")} -> 2.945 | AZ9: {=IF( AND($E$7,NOT(ISBLANK($E9))), IF( _xll.IMDP("IR", $E9, AZ$8, Matrix!$D$6)=0,"",_xll.IMDP("IR", $E9, AZ$8, Matrix!$D$6)), "")} -> 2.922 | ... BH9: {=IF( AND($E$7,NOT(ISBLANK($E9))), IF( _xll.IMDP("IR", $E9, BH$8, Matrix!$D$6)=0,"",_xll.IMDP("IR", $E9, BH$8, Matrix!$D$6)), "")} -> 2.765 | BI9: {=IF( AND($F$7,NOT(ISBLANK($F9))), IF( _xll.IMDP("IR", $F9, BI$8, Matrix!$D$6)=0,"",_xll.IMDP("IR", $F9, BI$8, Matrix!$D$6)), "")} -> 3.35 | BJ9: {=IF( AND($F$7,NOT(ISBLANK($F9))), IF( _xll.IMDP("IR", $F9, BJ$8, Matrix!$D$6)=0,"",_xll.IMDP("IR", $F9, BJ$8, Matrix!$D$6)), "")} -> 3.2 | BK9: {=IF( AND($F$7,NOT(ISBLANK($F9))), IF( _xll.IMDP("IR", $F9, BK$8, Matrix!$D$6)=0,"",_xll.IMDP("IR", $F9, BK$8, Matrix!$D$6)), "")} -> 3.107 | BL9: {=IF( AND($F$7,NOT(ISBLANK($F9))), IF( _xll.IMDP("IR", $F9, BL$8, Matrix!$D$6)=0,"",_xll.IMDP("IR", $F9, BL$8, Matrix!$D$6)), "")} -> 3.052 | BM9: {=IF( AND($F$7,NOT(ISBLANK($F9))), IF( _xll.IMDP("IR", $F9, BM$8, Matrix!$D$6)=0,"",_xll.IMDP("IR", $F9, BM$8, Matrix!$D$6)), "")} -> 3.052 | BN9: {=IF( AND($F$7,NOT(ISBLANK($F9))), IF( _xll.IMDP("IR", $F9, BN$8, Matrix!$D$6)=0,"",_xll.IMDP("IR", $F9, BN$8, Matrix!$D$6)), "")} -> 3.03 | BO9: {=IF( AND($F$7,NOT(ISBLANK($F9))), IF( _xll.IMDP("IR", $F9, BO$8, Matrix!$D$6)=0,"",_xll.IMDP("IR", $F9, BO$8, Matrix!$D$6)), "")} -> 2.942 | BP9: {=IF( AND($F$7,NOT(ISBLANK($F9))), IF( _xll.IMDP("IR", $F9, BP$8, Matrix!$D$6)=0,"",_xll.IMDP("IR", $F9, BP$8, Matrix!$D$6)), "")} -> 2.922 | ... BX9: {=IF( AND($F$7,NOT(ISBLANK($F9))), IF( _xll.IMDP("IR", $F9, BX$8, Matrix!$D$6)=0,"",_xll.IMDP("IR", $F9, BX$8, Matrix!$D$6)), "")} -> 2.762 | BY9: {=IF( AND($G$7,NOT(ISBLANK($G9))), IF( _xll.IMDP("IR", $G9, BY$8, Matrix!$D$6)=0, "", _xll.IMDP("IR", $G9, BY$8, Matrix!$D$6)), "")} -> 3.34 | BZ9: {=IF( AND($G$7,NOT(ISBLANK($G9))), IF( _xll.IMDP("IR", $G9, BZ$8, Matrix!$D$6)=0, "", _xll.IMDP("IR", $G9, BZ$8, Matrix!$D$6)), "")} -> 3.2 | CA9: {=IF( AND($G$7,NOT(ISBLANK($G9))), IF( _xll.IMDP("IR", $G9, CA$8, Matrix!$D$6)=0, "", _xll.IMDP("IR", $G9, CA$8, Matrix!$D$6)), "")} -> 3.12 | CB9: {=IF( AND($G$7,NOT(ISBLANK($G9))), IF( _xll.IMDP("IR", $G9, CB$8, Matrix!$D$6)=0, "", _xll.IMDP("IR", $G9, CB$8, Matrix!$D$6)), "")} -> 3.055 | CC9: {=IF( AND($G$7,NOT(ISBLANK($G9))), IF( _xll.IMDP("IR", $G9, CC$8, Matrix!$D$6)=0, "", _xll.IMDP("IR", $G9, CC$8, Matrix!$D$6)), "")} -> 3.06 | CD9: {=IF( AND($G$7,NOT(ISBLANK($G9))), IF( _xll.IMDP("IR", $G9, CD$8, Matrix!$D$6)=0, "", _xll.IMDP("IR", $G9, CD$8, Matrix!$D$6)), "")} -> 3.03 | CE9: {=IF( AND($G$7,NOT(ISBLANK($G9))), IF( _xll.IMDP("IR", $G9, CE$8, Matrix!$D$6)=0, "", _xll.IMDP("IR", $G9, CE$8, Matrix!$D$6)), "")} -> 2.942 | CF9: {=IF( AND($G$7,NOT(ISBLANK($G9))), IF( _xll.IMDP("IR", $G9, CF$8, Matrix!$D$6)=0, "", _xll.IMDP("IR", $G9, CF$8, Matrix!$D$6)), "")} -> 2.922 | ... CN9: {=IF( AND($G$7,NOT(ISBLANK($G9))), IF( _xll.IMDP("IR", $G9, CN$8, Matrix!$D$6)=0, "", _xll.IMDP("IR", $G9, CN$8, Matrix!$D$6)), "")} -> 2.762 | CO9: {=IF( AND($H$7,NOT(ISBLANK($H9))), IF( _xll.IMDP("IR", $H9, CO$8, Matrix!$D$6)=0, "", _xll.IMDP("IR", $H9, CO$8, Matrix!$D$6)), "")} -> 3.338 | CP9: {=IF( AND($H$7,NOT(ISBLANK($H9))), IF( _xll.IMDP("IR", $H9, CP$8, Matrix!$D$6)=0, "", _xll.IMDP("IR", $H9, CP$8, Matrix!$D$6)), "")} -> 3.202 | CQ9: {=IF( AND($H$7,NOT(ISBLANK($H9))), IF( _xll.IMDP("IR", $H9, CQ$8, Matrix!$D$6)=0, "", _xll.IMDP("IR", $H9, CQ$8, Matrix!$D$6)), "")} -> 3.114 | CR9: {=IF( AND($H$7,NOT(ISBLANK($H9))), IF( _xll.IMDP("IR", $H9, CR$8, Matrix!$D$6)=0, "", _xll.IMDP("IR", $H9, CR$8, Matrix!$D$6)), "")} -> 3.053 | CS9: {=IF( AND($H$7,NOT(ISBLANK($H9))), IF( _xll.IMDP("IR", $H9, CS$8, Matrix!$D$6)=0, "", _xll.IMDP("IR", $H9, CS$8, Matrix!$D$6)), "")} -> 3.056 | CT9: {=IF( AND($H$7,NOT(ISBLANK($H9))), IF( _xll.IMDP("IR", $H9, CT$8, Matrix!$D$6)=0, "", _xll.IMDP("IR", $H9, CT$8, Matrix!$D$6)), "")} -> 3.03 | CU9: {=IF( AND($H$7,NOT(ISBLANK($H9))), IF( _xll.IMDP("IR", $H9, CU$8, Matrix!$D$6)=0, "", _xll.IMDP("IR", $H9, CU$8, Matrix!$D$6)), "")} -> 2.943 | CV9: {=IF( AND($H$7,NOT(ISBLANK($H9))), IF( _xll.IMDP("IR", $H9, CV$8, Matrix!$D$6)=0, "", _xll.IMDP("IR", $H9, CV$8, Matrix!$D$6)), "")} -> 2.922 | ... DD9: {=IF( AND($H$7,NOT(ISBLANK($H9))), IF( _xll.IMDP("IR", $H9, DD$8, Matrix!$D$6)=0, "", _xll.IMDP("IR", $H9, DD$8, Matrix!$D$6)), "")} -> 2.762
