Workbook

Sheet 재무비율
J2: 재무비율 및 재무제표 분석
N4: =_xll.IMDP("STK",$N$5,"한글종목명") -> 삼성전자 | O4: 기준시점 | P4: 연결기준 | Q4: 재무제표 보기
M5: 수정 가능한 영역 표시 | N5: 005930 | O5: =K96 -> 45199 | P5: 연결
J89: 재무제표
F90: 천원 | G90: 1 | H90: 3
F91: 백만원 | G91: 1000 | H91: =INDEX($G$90:$G$93, $H$90) -> 100000 | J91: 그래프 보기 | K91: =O4 -> 기준시점 | L91: 시작일 | M91: 누적기준 | N91: 분기 | O91: =P4 -> 연결기준 | Q91: 연결 | R91: 누적 | S91: 연속
F92: 억원 | G92: 100000 | K92: =K96 -> 45199 | L92: =EOMONTH(TODAY(),-26) -> 44469 | M92: 누적 | N92: 연속 | O92: =P5 -> 연결 | Q92: 개별 | R92: 순 | S92: 1
F93: 십억원 | G93: 1000000 | J93: =$N$4 -> 삼성전자 | S93: 2
J94: 단위: | S94: 3
S95: 4
B96: 1 | D96: 재무상태표 | E96: 포괄손익계산서 | F96: 현금흐름표 | G96: 자본변동표 | H96: 재무비율 | J96: 일자 | K96: =IF(Sheet1!D4="", "", Sheet1!D4) -> 45199 | L96: =IF(Sheet1!E4="", "", Sheet1!E4) -> 45107 | M96: =IF(Sheet1!F4="", "", Sheet1!F4) -> 45016 | N96: =IF(Sheet1!G4="", "", Sheet1!G4) -> 44926 | O96: =IF(Sheet1!H4="", "", Sheet1!H4) -> 44834 | P96: =IF(Sheet1!I4="", "", Sheet1!I4) -> 44742 | Q96: =IF(Sheet1!J4="", "", Sheet1!J4) -> 44651 | R96: =IF(Sheet1!K4="", "", Sheet1!K4) -> 44561 | ... AS96: =IF(Sheet1!AL4="", "", Sheet1!AL4)
B97: 재무상태표 | C97: 1 | D97: 자산 | E97: 매출액(영업수익) | F97: 영업활동으로인한현금흐름 | G97: 기말자본금 | H97: 총자산증가율 | J97: =IF(INDEX($D$97:$H$135,$C97,$B$96)=0,"",INDEX($D$97:$H$135,$C97,$B$96)) -> 자산 | K97: =IF(Sheet1!D5="", "", Sheet1!D5/$H$91) -> 4544664.5 | L97: =IF(Sheet1!E5="", "", Sheet1!E5/$H$91) -> 4480005.5 | M97: =IF(Sheet1!F5="", "", Sheet1!F5/$H$91) -> 4540917.8 | N97: =IF(Sheet1!G5="", "", Sheet1!G5/$H$91) -> 4484245.1 | O97: =IF(Sheet1!H5="", "", Sheet1!H5/$H$91) -> 4702784.1 | P97: =IF(Sheet1!I5="", "", Sheet1!I5/$H$91) -> 4480406.5 | Q97: =IF(Sheet1!J5="", "", Sheet1!J5/$H$91) -> 4393269.6 | R97: =IF(Sheet1!K5="", "", Sheet1!K5/$H$91) -> 4266211.6 | ... AS97: =IF(Sheet1!AL5="", "", Sheet1!AL5/$H$91)
B98: 포괄손익계산서 | C98: 2 | D98: 현금및현금성자산 | E98: 매출원가(영업비용) | F98: 당기순손익 | G98: 기초자본금 | H98: 유형자산증가율 | J98: =IF(INDEX($D$97:$H$135,$C98,$B$96)=0,"",INDEX($D$97:$H$135,$C98,$B$96)) -> 현금및현금성자산 | K98: =IF(Sheet1!D6="", "", Sheet1!D6/$H$91) -> 751442.84 | L98: =IF(Sheet1!E6="", "", Sheet1!E6/$H$91) -> 799197.75 | M98: =IF(Sheet1!F6="", "", Sheet1!F6/$H$91) -> 729493.77 | N98: =IF(Sheet1!G6="", "", Sheet1!G6/$H$91) -> 496807.1 | O98: =IF(Sheet1!H6="", "", Sheet1!H6/$H$91) -> 445154.21 | P98: =IF(Sheet1!I6="", "", Sheet1!I6/$H$91) -> 395831.41 | Q98: =IF(Sheet1!J6="", "", Sheet1!J6/$H$91) -> 489449.82 | R98: =IF(Sheet1!K6="", "", Sheet1!K6/$H$91) -> 390314.15 | ... AS98: =IF(Sheet1!AL6="", "", Sheet1!AL6/$H$91)
B99: 현금흐름표 | C99: 3 | D99: 금융자산 | E99: 매출총이익 | F99: 현금유출이없는비용등가산 | G99: 유상증자 | H99: 부채총계증가율 | J99: =IF(INDEX($D$97:$H$135,$C99,$B$96)=0,"",INDEX($D$97:$H$135,$C99,$B$96)) -> 금융자산 | K99: =IF(Sheet1!D7="", "", Sheet1!D7/$H$91) -> 179272.66 | L99: =IF(Sheet1!E7="", "", Sheet1!E7/$H$91) -> 171801.3 | M99: =IF(Sheet1!F7="", "", Sheet1!F7/$H$91) -> 352001.84 | N99: =IF(Sheet1!G7="", "", Sheet1!G7/$H$91) -> 651028.86 | O99: =IF(Sheet1!H7="", "", Sheet1!H7/$H$91) -> 836468.07 | P99: =IF(Sheet1!I7="", "", Sheet1!I7/$H$91) -> 844288.22 | Q99: =IF(Sheet1!J7="", "", Sheet1!J7/$H$91) -> 751214.26 | R99: =IF(Sheet1!K7="", "", Sheet1!K7/$H$91) -> 817089.86 | ... AS99: =IF(Sheet1!AL7="", "", Sheet1!AL7/$H$91)
B100: 자본변동표 | C100: 4 | D100: 파생상품자산 | E100: 판매비와 관리비 | F100: 감가상각비(현금흐름표) | G100: 무상증자 | H100: 차입금증가율 | J100: =IF(INDEX($D$97:$H$135,$C100,$B$96)=0,"",INDEX($D$97:$H$135,$C100,$B$96)) -> 파생상품자산 | K100: =IF(Sheet1!D8="", "", Sheet1!D8/$H$91) | L100: =IF(Sheet1!E8="", "", Sheet1!E8/$H$91) | M100: =IF(Sheet1!F8="", "", Sheet1!F8/$H$91) | N100: =IF(Sheet1!G8="", "", Sheet1!G8/$H$91) | O100: =IF(Sheet1!H8="", "", Sheet1!H8/$H$91) | P100: =IF(Sheet1!I8="", "", Sheet1!I8/$H$91) | Q100: =IF(Sheet1!J8="", "", Sheet1!J8/$H$91) | R100: =IF(Sheet1!K8="", "", Sheet1!K8/$H$91) | ... AS100: =IF(Sheet1!AL8="", "", Sheet1!AL8/$H$91)
B101: 재무비율 | C101: 5 | D101: 대출채권 | E101: 급여 | F101: 기타무형자산상각비(현금흐름표) | G101: 주식매수선택권 | H101: 자기자본증가율 | J101: =IF(INDEX($D$97:$H$135,$C101,$B$96)=0,"",INDEX($D$97:$H$135,$C101,$B$96)) -> 대출채권 | K101: =IF(Sheet1!D9="", "", Sheet1!D9/$H$91) | L101: =IF(Sheet1!E9="", "", Sheet1!E9/$H$91) | M101: =IF(Sheet1!F9="", "", Sheet1!F9/$H$91) | N101: =IF(Sheet1!G9="", "", Sheet1!G9/$H$91) | O101: =IF(Sheet1!H9="", "", Sheet1!H9/$H$91) | P101: =IF(Sheet1!I9="", "", Sheet1!I9/$H$91) | Q101: =IF(Sheet1!J9="", "", Sheet1!J9/$H$91) | R101: =IF(Sheet1!K9="", "", Sheet1!K9/$H$91) | ... AS101: =IF(Sheet1!AL9="", "", Sheet1!AL9/$H$91)
C102: 6 | D102: 기타자산 | E102: 감가상각비(포괄손익계산서) | F102: 외환거래손실(현금흐름표) | G102: 전환사채 | H102: 매출액(영업수익)증가율 | J102: =IF(INDEX($D$97:$H$135,$C102,$B$96)=0,"",INDEX($D$97:$H$135,$C102,$B$96)) -> 기타자산 | K102: =IF(Sheet1!D10="", "", Sheet1!D10/$H$91) -> 238584.34 | L102: =IF(Sheet1!E10="", "", Sheet1!E10/$H$91) -> 233997.91 | M102: =IF(Sheet1!F10="", "", Sheet1!F10/$H$91) -> 226843.43 | N102: =IF(Sheet1!G10="", "", Sheet1!G10/$H$91) -> 210493 | O102: =IF(Sheet1!H10="", "", Sheet1!H10/$H$91) -> 197927.57 | P102: =IF(Sheet1!I10="", "", Sheet1!I10/$H$91) -> 180694.77 | Q102: =IF(Sheet1!J10="", "", Sheet1!J10/$H$91) -> 183971.54 | R102: =IF(Sheet1!K10="", "", Sheet1!K10/$H$91) -> 157986.06 | ... AS102: =IF(Sheet1!AL10="", "", Sheet1!AL10/$H$91)
C103: 7 | D103: 유형자산 | E103: 기타무형자산상각비(포괄손익계산서) | F103: 자산처분손실 | G103: 신주인수권부사채 | H103: 매출원가(영업비용)증가율 | J103: =IF(INDEX($D$97:$H$135,$C103,$B$96)=0,"",INDEX($D$97:$H$135,$C103,$B$96)) -> 유형자산 | K103: =IF(Sheet1!D11="", "", Sheet1!D11/$H$91) -> 1808059.6 | L103: =IF(Sheet1!E11="", "", Sheet1!E11/$H$91) -> 1778699.4 | M103: =IF(Sheet1!F11="", "", Sheet1!F11/$H$91) -> 1718575.2 | N103: =IF(Sheet1!G11="", "", Sheet1!G11/$H$91) -> 1680453.9 | O103: =IF(Sheet1!H11="", "", Sheet1!H11/$H$91) -> 1603435.7 | P103: =IF(Sheet1!I11="", "", Sheet1!I11/$H$91) -> 1542545.8 | Q103: =IF(Sheet1!J11="", "", Sheet1!J11/$H$91) -> 1496180.2 | R103: =IF(Sheet1!K11="", "", Sheet1!K11/$H$91) -> 1499285.4 | ... AS103: =IF(Sheet1!AL11="", "", Sheet1!AL11/$H$91)
C104: 8 | D104: 투자부동산 | E104: 연구개발비 | F104: (현금유입이없는수익등차감) | G104: 기말자본잉여금 | H104: 영업이익증가율(보고서기재) | J104: =IF(INDEX($D$97:$H$135,$C104,$B$96)=0,"",INDEX($D$97:$H$135,$C104,$B$96)) -> 투자부동산 | K104: =IF(Sheet1!D12="", "", Sheet1!D12/$H$91) | L104: =IF(Sheet1!E12="", "", Sheet1!E12/$H$91) | M104: =IF(Sheet1!F12="", "", Sheet1!F12/$H$91) | N104: =IF(Sheet1!G12="", "", Sheet1!G12/$H$91) | O104: =IF(Sheet1!H12="", "", Sheet1!H12/$H$91) | P104: =IF(Sheet1!I12="", "", Sheet1!I12/$H$91) | Q104: =IF(Sheet1!J12="", "", Sheet1!J12/$H$91) | R104: =IF(Sheet1!K12="", "", Sheet1!K12/$H$91) | ... AS104: =IF(Sheet1!AL12="", "", Sheet1!AL12/$H$91)
C105: 9 | D105: 비업무용자산 | E105: 영업이익 | F105: 외환거래이익(현금흐름표) | G105: 기말기타자본 | H105: 순이익증가율 | J105: =IF(INDEX($D$97:$H$135,$C105,$B$96)=0,"",INDEX($D$97:$H$135,$C105,$B$96)) -> 비업무용자산 | K105: =IF(Sheet1!D13="", "", Sheet1!D13/$H$91) | L105: =IF(Sheet1!E13="", "", Sheet1!E13/$H$91) | M105: =IF(Sheet1!F13="", "", Sheet1!F13/$H$91) | N105: =IF(Sheet1!G13="", "", Sheet1!G13/$H$91) | O105: =IF(Sheet1!H13="", "", Sheet1!H13/$H$91) | P105: =IF(Sheet1!I13="", "", Sheet1!I13/$H$91) | Q105: =IF(Sheet1!J13="", "", Sheet1!J13/$H$91) | R105: =IF(Sheet1!K13="", "", Sheet1!K13/$H$91) | ... AS105: =IF(Sheet1!AL13="", "", Sheet1!AL13/$H$91)
C106: 10 | D106: 영업권 | E106: 이자수익 | F106: 자산처분이익 | G106: 기말기타포괄손익누계액 | H106: EPS증가율 | J106: =IF(INDEX($D$97:$H$135,$C106,$B$96)=0,"",INDEX($D$97:$H$135,$C106,$B$96)) -> 영업권 | K106: =IF(Sheet1!D14="", "", Sheet1!D14/$H$91) | L106: =IF(Sheet1!E14="", "", Sheet1!E14/$H$91) | M106: =IF(Sheet1!F14="", "", Sheet1!F14/$H$91) | N106: =IF(Sheet1!G14="", "", Sheet1!G14/$H$91) -> 60144.22 | O106: =IF(Sheet1!H14="", "", Sheet1!H14/$H$91) | P106: =IF(Sheet1!I14="", "", Sheet1!I14/$H$91) | Q106: =IF(Sheet1!J14="", "", Sheet1!J14/$H$91) | R106: =IF(Sheet1!K14="", "", Sheet1!K14/$H$91) -> 58442.59 | ... AS106: =IF(Sheet1!AL14="", "", Sheet1!AL14/$H$91)
C107: 11 | D107: 무형자산 | E107: 배당금수익 | F107: 영업활동으로인한자산부채변동 | G107: 기말이익잉여금 | H107: 희석EPS증가율 | J107: =IF(INDEX($D$97:$H$135,$C107,$B$96)=0,"",INDEX($D$97:$H$135,$C107,$B$96)) -> 무형자산 | K107: =IF(Sheet1!D15="", "", Sheet1!D15/$H$91) -> 231370 | L107: =IF(Sheet1!E15="", "", Sheet1!E15/$H$91) -> 234302.34 | M107: =IF(Sheet1!F15="", "", Sheet1!F15/$H$91) -> 236177.03 | N107: =IF(Sheet1!G15="", "", Sheet1!G15/$H$91) -> 142033.32 | O107: =IF(Sheet1!H15="", "", Sheet1!H15/$H$91) -> 214848.57 | P107: =IF(Sheet1!I15="", "", Sheet1!I15/$H$91) -> 200969.26 | Q107: =IF(Sheet1!J15="", "", Sheet1!J15/$H$91) -> 200106.94 | R107: =IF(Sheet1!K15="", "", Sheet1!K15/$H$91) -> 143919.85 | ... AS107: =IF(Sheet1!AL15="", "", Sheet1!AL15/$H$91)
C108: 12 | D108: 이연법인세자산 | E108: 외환거래이익(포괄손익계산서) | F108: 자산의감소 | G108: 처분후이익잉여금 | H108: 영업활동으로인한현금흐름증가율 | J108: =IF(INDEX($D$97:$H$135,$C108,$B$96)=0,"",INDEX($D$97:$H$135,$C108,$B$96)) -> 이연법인세자산 | K108: =IF(Sheet1!D16="", "", Sheet1!D16/$H$91) -> 65354.42 | L108: =IF(Sheet1!E16="", "", Sheet1!E16/$H$91) -> 55273.77 | M108: =IF(Sheet1!F16="", "", Sheet1!F16/$H$91) -> 51034.74 | N108: =IF(Sheet1!G16="", "", Sheet1!G16/$H$91) -> 51013.18 | O108: =IF(Sheet1!H16="", "", Sheet1!H16/$H$91) -> 54881.63 | P108: =IF(Sheet1!I16="", "", Sheet1!I16/$H$91) -> 51143.32 | Q108: =IF(Sheet1!J16="", "", Sheet1!J16/$H$91) -> 41789.84 | R108: =IF(Sheet1!K16="", "", Sheet1!K16/$H$91) -> 42612.14 | ... AS108: =IF(Sheet1!AL16="", "", Sheet1!AL16/$H$91)
C109: 13 | D109: 당기법인세자산 | E109: 금융자산처분이익 | F109: 부채의증가 | G109: (중간배당) | H109: 투자활동으로인한현금흐름증가율 | J109: =IF(INDEX($D$97:$H$135,$C109,$B$96)=0,"",INDEX($D$97:$H$135,$C109,$B$96)) -> 당기법인세자산 | K109: =IF(Sheet1!D17="", "", Sheet1!D17/$H$91) | L109: =IF(Sheet1!E17="", "", Sheet1!E17/$H$91) | M109: =IF(Sheet1!F17="", "", Sheet1!F17/$H$91) | N109: =IF(Sheet1!G17="", "", Sheet1!G17/$H$91) | O109: =IF(Sheet1!H17="", "", Sheet1!H17/$H$91) | P109: =IF(Sheet1!I17="", "", Sheet1!I17/$H$91) | Q109: =IF(Sheet1!J17="", "", Sheet1!J17/$H$91) | R109: =IF(Sheet1!K17="", "", Sheet1!K17/$H$91) | ... AS109: =IF(Sheet1!AL17="", "", Sheet1!AL17/$H$91)
C110: 14 | D110: 기타금융업자산 | E110: 금융자산평가이익 | F110: 영업활동으로인한현금흐름(간접법) | G110: 기타포괄손익(자본변동표) | H110: 재무활동으로인한현금흐름증가율 | J110: =IF(INDEX($D$97:$H$135,$C110,$B$96)=0,"",INDEX($D$97:$H$135,$C110,$B$96)) -> 기타금융업자산 | K110: =IF(Sheet1!D18="", "", Sheet1!D18/$H$91) | L110: =IF(Sheet1!E18="", "", Sheet1!E18/$H$91) | M110: =IF(Sheet1!F18="", "", Sheet1!F18/$H$91) | N110: =IF(Sheet1!G18="", "", Sheet1!G18/$H$91) | O110: =IF(Sheet1!H18="", "", Sheet1!H18/$H$91) | P110: =IF(Sheet1!I18="", "", Sheet1!I18/$H$91) | Q110: =IF(Sheet1!J18="", "", Sheet1!J18/$H$91) | R110: =IF(Sheet1!K18="", "", Sheet1!K18/$H$91) | ... AS110: =IF(Sheet1!AL18="", "", Sheet1!AL18/$H$91)
C111: 15 | D111: 자본 | E111: 파생상품이익 | F111: 영업에서창출된현금흐름 | G111: 당기순이익(자본변동표) | H111: 기말현금증가율 | J111: =IF(INDEX($D$97:$H$135,$C111,$B$96)=0,"",INDEX($D$97:$H$135,$C111,$B$96)) -> 자본 | K111: =IF(Sheet1!D19="", "", Sheet1!D19/$H$91) -> 3638926.4 | L111: =IF(Sheet1!E19="", "", Sheet1!E19/$H$91) -> 3589756.3 | M111: =IF(Sheet1!F19="", "", Sheet1!F19/$H$91) -> 3597994.2 | N111: =IF(Sheet1!G19="", "", Sheet1!G19/$H$91) -> 3547496 | O111: =IF(Sheet1!H19="", "", Sheet1!H19/$H$91) -> 3449068.9 | P111: =IF(Sheet1!I19="", "", Sheet1!I19/$H$91) -> 3279066.6 | Q111: =IF(Sheet1!J19="", "", Sheet1!J19/$H$91) -> 3152909.2 | R111: =IF(Sheet1!K19="", "", Sheet1!K19/$H$91) -> 3048999.3 | ... AS111: =IF(Sheet1!AL19="", "", Sheet1!AL19/$H$91)
C112: 16 | D112: 상장자본금 | E112: 이자비용 | F112: 이자수입 | G112: 기말비지배주주지분 | H112: ROE | J112: =IF(INDEX($D$97:$H$135,$C112,$B$96)=0,"",INDEX($D$97:$H$135,$C112,$B$96)) -> 상장자본금 | K112: =IF(Sheet1!D20="", "", Sheet1!D20/$H$91) -> 8975.14 | L112: =IF(Sheet1!E20="", "", Sheet1!E20/$H$91) -> 8975.14 | M112: =IF(Sheet1!F20="", "", Sheet1!F20/$H$91) -> 8975.14 | N112: =IF(Sheet1!G20="", "", Sheet1!G20/$H$91) -> 8975.14 | O112: =IF(Sheet1!H20="", "", Sheet1!H20/$H$91) -> 8975.14 | P112: =IF(Sheet1!I20="", "", Sheet1!I20/$H$91) -> 8975.14 | Q112: =IF(Sheet1!J20="", "", Sheet1!J20/$H$91) -> 8975.14 | R112: =IF(Sheet1!K20="", "", Sheet1!K20/$H$91) -> 8975.14 | ... AS112: =IF(Sheet1!AL20="", "", Sheet1!AL20/$H$91)
C113: 17 | D113: 신종자본증권 | E113: 외환거래손실(포괄손익계산서) | F113: 이자지급(-) | G113: 합계(자본변동표) | H113: ROA | J113: =IF(INDEX($D$97:$H$135,$C113,$B$96)=0,"",INDEX($D$97:$H$135,$C113,$B$96)) -> 신종자본증권 | K113: =IF(Sheet1!D21="", "", Sheet1!D21/$H$91) | L113: =IF(Sheet1!E21="", "", Sheet1!E21/$H$91) | M113: =IF(Sheet1!F21="", "", Sheet1!F21/$H$91) | N113: =IF(Sheet1!G21="", "", Sheet1!G21/$H$91) | O113: =IF(Sheet1!H21="", "", Sheet1!H21/$H$91) | P113: =IF(Sheet1!I21="", "", Sheet1!I21/$H$91) | Q113: =IF(Sheet1!J21="", "", Sheet1!J21/$H$91) | R113: =IF(Sheet1!K21="", "", Sheet1!K21/$H$91) | ... AS113: =IF(Sheet1!AL21="", "", Sheet1!AL21/$H$91)
C114: 18 | D114: 자본잉여금 | E114: 금융자산처분손실 | F114: 배당금수입 | H114: 총자산영업이익률 | J114: =IF(INDEX($D$97:$H$135,$C114,$B$96)=0,"",INDEX($D$97:$H$135,$C114,$B$96)) -> 자본잉여금 | K114: =IF(Sheet1!D22="", "", Sheet1!D22/$H$91) -> 44038.93 | L114: =IF(Sheet1!E22="", "", Sheet1!E22/$H$91) -> 44038.93 | M114: =IF(Sheet1!F22="", "", Sheet1!F22/$H$91) -> 44038.93 | N114: =IF(Sheet1!G22="", "", Sheet1!G22/$H$91) -> 44038.93 | O114: =IF(Sheet1!H22="", "", Sheet1!H22/$H$91) -> 44038.93 | P114: =IF(Sheet1!I22="", "", Sheet1!I22/$H$91) -> 44038.93 | Q114: =IF(Sheet1!J22="", "", Sheet1!J22/$H$91) -> 44038.93 | R114: =IF(Sheet1!K22="", "", Sheet1!K22/$H$91) -> 44038.93 | ... AS114: =IF(Sheet1!AL22="", "", Sheet1!AL22/$H$91)
C115: 19 | D115: 기타자본 | E115: 금융자산평가손실 | F115: 영업활동배당금지급(-) | H115: 자기자본영업이익률 | J115: =IF(INDEX($D$97:$H$135,$C115,$B$96)=0,"",INDEX($D$97:$H$135,$C115,$B$96)) -> 기타자본 | K115: =IF(Sheet1!D23="", "", Sheet1!D23/$H$91) -> 860.67 | L115: =IF(Sheet1!E23="", "", Sheet1!E23/$H$91) -> 994.52 | M115: =IF(Sheet1!F23="", "", Sheet1!F23/$H$91) -> 947.53 | N115: =IF(Sheet1!G23="", "", Sheet1!G23/$H$91) -> 866.45 | O115: =IF(Sheet1!H23="", "", Sheet1!H23/$H$91) -> 876.49 | P115: =IF(Sheet1!I23="", "", Sheet1!I23/$H$91) -> 946.72 | Q115: =IF(Sheet1!J23="", "", Sheet1!J23/$H$91) -> 931.05 | R115: =IF(Sheet1!K23="", "", Sheet1!K23/$H$91) -> 867.63 | ... AS115: =IF(Sheet1!AL23="", "", Sheet1!AL23/$H$91)
C116: 20 | D116: 기타포괄손익누계액 | E116: 파생상품손실 | F116: 법인세환입 | H116: 자본금영업이익률 | J116: =IF(INDEX($D$97:$H$135,$C116,$B$96)=0,"",INDEX($D$97:$H$135,$C116,$B$96)) -> 기타포괄손익누계액 | K116: =IF(Sheet1!D24="", "", Sheet1!D24/$H$91) -> 61672.93 | L116: =IF(Sheet1!E24="", "", Sheet1!E24/$H$91) -> 53308.99 | M116: =IF(Sheet1!F24="", "", Sheet1!F24/$H$91) -> 77419.16 | N116: =IF(Sheet1!G24="", "", Sheet1!G24/$H$91) -> 18516.83 | O116: =IF(Sheet1!H24="", "", Sheet1!H24/$H$91) -> 131908.48 | P116: =IF(Sheet1!I24="", "", Sheet1!I24/$H$91) -> 32177.48 | Q116: =IF(Sheet1!J24="", "", Sheet1!J24/$H$91) -> -7457.94 | R116: =IF(Sheet1!K24="", "", Sheet1!K24/$H$91) -> -22152.36 | ... AS116: =IF(Sheet1!AL24="", "", Sheet1!AL24/$H$91)
C117: 21 | D117: 이익잉여금(결손금) | E117: 종속기업공동지배기업관계기업손익 | F117: 법인세납부(-) | H117: 자본금순이익률 | J117: =IF(INDEX($D$97:$H$135,$C117,$B$96)=0,"",INDEX($D$97:$H$135,$C117,$B$96)) -> 이익잉여금(결손금) | K117: =IF(Sheet1!D25="", "", Sheet1!D25/$H$91) -> 3421254.2 | L117: =IF(Sheet1!E25="", "", Sheet1!E25/$H$91) -> 3383106.5 | M117: =IF(Sheet1!F25="", "", Sheet1!F25/$H$91) -> 3368818.5 | N117: =IF(Sheet1!G25="", "", Sheet1!G25/$H$91) -> 3379464.1 | O117: =IF(Sheet1!H25="", "", Sheet1!H25/$H$91) -> 3168902.7 | P117: =IF(Sheet1!I25="", "", Sheet1!I25/$H$91) -> 3102167.9 | Q117: =IF(Sheet1!J25="", "", Sheet1!J25/$H$91) -> 3017431.5 | R117: =IF(Sheet1!K25="", "", Sheet1!K25/$H$91) -> 2930647.6 | ... AS117: =IF(Sheet1!AL25="", "", Sheet1!AL25/$H$91)
C118: 22 | D118: 부채 | E118: 법인세비용차감전순이익 | F118: 투자활동으로인한현금흐름 | H118: 영업이익률 | J118: =IF(INDEX($D$97:$H$135,$C118,$B$96)=0,"",INDEX($D$97:$H$135,$C118,$B$96)) -> 부채 | K118: =IF(Sheet1!D26="", "", Sheet1!D26/$H$91) -> 905738.04 | L118: =IF(Sheet1!E26="", "", Sheet1!E26/$H$91) -> 890249.26 | M118: =IF(Sheet1!F26="", "", Sheet1!F26/$H$91) -> 942923.61 | N118: =IF(Sheet1!G26="", "", Sheet1!G26/$H$91) -> 936749.03 | O118: =IF(Sheet1!H26="", "", Sheet1!H26/$H$91) -> 1253715.2 | P118: =IF(Sheet1!I26="", "", Sheet1!I26/$H$91) -> 1201339.9 | Q118: =IF(Sheet1!J26="", "", Sheet1!J26/$H$91) -> 1240360.4 | R118: =IF(Sheet1!K26="", "", Sheet1!K26/$H$91) -> 1217212.3 | ... AS118: =IF(Sheet1!AL26="", "", Sheet1!AL26/$H$91)
C119: 23 | D119: 비예수부채 | E119: 법인세비용 | F119: 투자활동으로인한현금유입액 | H119: 적립금비율 | J119: =IF(INDEX($D$97:$H$135,$C119,$B$96)=0,"",INDEX($D$97:$H$135,$C119,$B$96)) -> 비예수부채 | K119: =IF(Sheet1!D27="", "", Sheet1!D27/$H$91) -> 15488.78 | L119: =IF(Sheet1!E27="", "", Sheet1!E27/$H$91) -> -52674.35 | M119: =IF(Sheet1!F27="", "", Sheet1!F27/$H$91) -> 6174.58 | N119: =IF(Sheet1!G27="", "", Sheet1!G27/$H$91) -> -52674.35 | O119: =IF(Sheet1!H27="", "", Sheet1!H27/$H$91) -> 15488.78 | P119: =IF(Sheet1!I27="", "", Sheet1!I27/$H$91) -> -52674.35 | Q119: =IF(Sheet1!J27="", "", Sheet1!J27/$H$91) -> 6174.58 | R119: =IF(Sheet1!K27="", "", Sheet1!K27/$H$91) -> -52674.35 | ... AS119: =IF(Sheet1!AL27="", "", Sheet1!AL27/$H$91)
C120: 24 | D120: 금융부채 | E120: 계속영업이익 | F120: 유형자산의감소 | H120: 유형자산구성비율 | J120: =IF(INDEX($D$97:$H$135,$C120,$B$96)=0,"",INDEX($D$97:$H$135,$C120,$B$96)) -> 금융부채 | K120: =IF(Sheet1!D28="", "", Sheet1!D28/$H$91) -> 38305.07 | L120: =IF(Sheet1!E28="", "", Sheet1!E28/$H$91) -> 46941.77 | M120: =IF(Sheet1!F28="", "", Sheet1!F28/$H$91) -> 36925.95 | N120: =IF(Sheet1!G28="", "", Sheet1!G28/$H$91) -> 35268.26 | O120: =IF(Sheet1!H28="", "", Sheet1!H28/$H$91) -> 31674.48 | P120: =IF(Sheet1!I28="", "", Sheet1!I28/$H$91) -> 29347.08 | Q120: =IF(Sheet1!J28="", "", Sheet1!J28/$H$91) -> 27782.07 | R120: =IF(Sheet1!K28="", "", Sheet1!K28/$H$91) -> 28646.56 | ... AS120: =IF(Sheet1!AL28="", "", Sheet1!AL28/$H$91)
C121: 25 | D121: 파생상품부채 | E121: 당기순이익(포괄손익계산서) | F121: 무형자산의감소 | H121: 타인자본구성비율 | J121: =IF(INDEX($D$97:$H$135,$C121,$B$96)=0,"",INDEX($D$97:$H$135,$C121,$B$96)) -> 파생상품부채 | K121: =IF(Sheet1!D29="", "", Sheet1!D29/$H$91) | L121: =IF(Sheet1!E29="", "", Sheet1!E29/$H$91) | M121: =IF(Sheet1!F29="", "", Sheet1!F29/$H$91) | N121: =IF(Sheet1!G29="", "", Sheet1!G29/$H$91) | O121: =IF(Sheet1!H29="", "", Sheet1!H29/$H$91) | P121: =IF(Sheet1!I29="", "", Sheet1!I29/$H$91) | Q121: =IF(Sheet1!J29="", "", Sheet1!J29/$H$91) | R121: =IF(Sheet1!K29="", "", Sheet1!K29/$H$91) | ... AS121: =IF(Sheet1!AL29="", "", Sheet1!AL29/$H$91)
C122: 26 | D122: 차입금 | E122: 당기순이익지배기업주주지분 | F122: (투자활동으로인한현금유출액) | H122: 자기자본비율 | J122: =IF(INDEX($D$97:$H$135,$C122,$B$96)=0,"",INDEX($D$97:$H$135,$C122,$B$96)) -> 차입금 | K122: =IF(Sheet1!D30="", "", Sheet1!D30/$H$91) -> 43765.79 | L122: =IF(Sheet1!E30="", "", Sheet1!E30/$H$91) -> 35911.16 | M122: =IF(Sheet1!F30="", "", Sheet1!F30/$H$91) -> 45006.89 | N122: =IF(Sheet1!G30="", "", Sheet1!G30/$H$91) -> 51811.61 | O122: =IF(Sheet1!H30="", "", Sheet1!H30/$H$91) -> 76246.43 | P122: =IF(Sheet1!I30="", "", Sheet1!I30/$H$91) -> 129976.88 | Q122: =IF(Sheet1!J30="", "", Sheet1!J30/$H$91) -> 138883.89 | R122: =IF(Sheet1!K30="", "", Sheet1!K30/$H$91) -> 136892.93 | ... AS122: =IF(Sheet1!AL30="", "", Sheet1!AL30/$H$91)
C123: 27 | D123: 사채 | E123: 기타포괄손익(포괄손익계산서) | F123: 유형자산의증가 | H123: 차입금비율 | J123: =IF(INDEX($D$97:$H$135,$C123,$B$96)=0,"",INDEX($D$97:$H$135,$C123,$B$96)) -> 사채 | K123: =IF(Sheet1!D31="", "", Sheet1!D31/$H$91) -> 5648.16 | L123: =IF(Sheet1!E31="", "", Sheet1!E31/$H$91) -> 5546.25 | M123: =IF(Sheet1!F31="", "", Sheet1!F31/$H$91) -> 5511.72 | N123: =IF(Sheet1!G31="", "", Sheet1!G31/$H$91) -> 5360.93 | O123: =IF(Sheet1!H31="", "", Sheet1!H31/$H$91) -> 6097.9 | P123: =IF(Sheet1!I31="", "", Sheet1!I31/$H$91) -> 5537.83 | Q123: =IF(Sheet1!J31="", "", Sheet1!J31/$H$91) -> 5188.56 | R123: =IF(Sheet1!K31="", "", Sheet1!K31/$H$91) -> 5082.32 | ... AS123: =IF(Sheet1!AL31="", "", Sheet1!AL31/$H$91)
C124: 28 | D124: 기타금융업부채 | E124: 총포괄손익 | F124: 무형자산의증가 | H124: 차입금의존도 | J124: =IF(INDEX($D$97:$H$135,$C124,$B$96)=0,"",INDEX($D$97:$H$135,$C124,$B$96)) -> 기타금융업부채 | K124: =IF(Sheet1!D32="", "", Sheet1!D32/$H$91) | L124: =IF(Sheet1!E32="", "", Sheet1!E32/$H$91) | M124: =IF(Sheet1!F32="", "", Sheet1!F32/$H$91) | N124: =IF(Sheet1!G32="", "", Sheet1!G32/$H$91) | O124: =IF(Sheet1!H32="", "", Sheet1!H32/$H$91) | P124: =IF(Sheet1!I32="", "", Sheet1!I32/$H$91) | Q124: =IF(Sheet1!J32="", "", Sheet1!J32/$H$91) | R124: =IF(Sheet1!K32="", "", Sheet1!K32/$H$91) | ... AS124: =IF(Sheet1!AL32="", "", Sheet1!AL32/$H$91)
C125: 29 | D125: 기타충당부채 | E125: 총포괄손익지배기업주주지분 | F125: 재무활동으로인한현금흐름 | H125: 유보율 | J125: =IF(INDEX($D$97:$H$135,$C125,$B$96)=0,"",INDEX($D$97:$H$135,$C125,$B$96)) -> 기타충당부채 | K125: =IF(Sheet1!D33="", "", Sheet1!D33/$H$91) -> 97487.63 | L125: =IF(Sheet1!E33="", "", Sheet1!E33/$H$91) -> 91330.21 | M125: =IF(Sheet1!F33="", "", Sheet1!F33/$H$91) -> 91922.9 | N125: =IF(Sheet1!G33="", "", Sheet1!G33/$H$91) -> 77734.25 | O125: =IF(Sheet1!H33="", "", Sheet1!H33/$H$91) -> 83331.36 | P125: =IF(Sheet1!I33="", "", Sheet1!I33/$H$91) -> 82740.21 | Q125: =IF(Sheet1!J33="", "", Sheet1!J33/$H$91) -> 81604.27 | R125: =IF(Sheet1!K33="", "", Sheet1!K33/$H$91) -> 76798.66 | ... AS125: =IF(Sheet1!AL33="", "", Sheet1!AL33/$H$91)
... C127: 31 | D127: 종업원급여충당부채 | E127: 희석주당순손익 | F127: 사채의증가 | H127: 타인자본회전율 | J127: =IF(INDEX($D$97:$H$135,$C127,$B$96)=0,"",INDEX($D$97:$H$135,$C127,$B$96)) -> 종업원급여충당부채 | K127: =IF(Sheet1!D35="", "", Sheet1!D35/$H$91) -> 4392.38 | L127: =IF(Sheet1!E35="", "", Sheet1!E35/$H$91) -> 4292.42 | M127: =IF(Sheet1!F35="", "", Sheet1!F35/$H$91) -> 2380.17 | N127: =IF(Sheet1!G35="", "", Sheet1!G35/$H$91) -> 2683.7 | O127: =IF(Sheet1!H35="", "", Sheet1!H35/$H$91) -> 5757.45 | P127: =IF(Sheet1!I35="", "", Sheet1!I35/$H$91) -> 5171.43 | Q127: =IF(Sheet1!J35="", "", Sheet1!J35/$H$91) -> 4769.03 | R127: =IF(Sheet1!K35="", "", Sheet1!K35/$H$91) -> 4658.84 | ... AS127: =IF(Sheet1!AL35="", "", Sheet1!AL35/$H$91)
C128: 32 | D128: 기타부채 | F128: 차입금의증가 | J128: =IF(INDEX($D$97:$H$135,$C128,$B$96)=0,"",INDEX($D$97:$H$135,$C128,$B$96)) -> 기타부채 | K128: =IF(Sheet1!D36="", "", Sheet1!D36/$H$91) -> 63541 | L128: =IF(Sheet1!E36="", "", Sheet1!E36/$H$91) -> 59543.88 | M128: =IF(Sheet1!F36="", "", Sheet1!F36/$H$91) -> 49734.22 | N128: =IF(Sheet1!G36="", "", Sheet1!G36/$H$91) -> 44380.49 | O128: =IF(Sheet1!H36="", "", Sheet1!H36/$H$91) -> 48104.16 | P128: =IF(Sheet1!I36="", "", Sheet1!I36/$H$91) -> 43969.46 | Q128: =IF(Sheet1!J36="", "", Sheet1!J36/$H$91) -> 44126.37 | R128: =IF(Sheet1!K36="", "", Sheet1!K36/$H$91) -> 39842.34 | ... AS128: =IF(Sheet1!AL36="", "", Sheet1!AL36/$H$91)
C129: 33 | D129: 이연법인세부채 | F129: (재무활동으로인한현금유출액) | J129: =IF(INDEX($D$97:$H$135,$C129,$B$96)=0,"",INDEX($D$97:$H$135,$C129,$B$96)) -> 이연법인세부채 | K129: =IF(Sheet1!D37="", "", Sheet1!D37/$H$91) -> 10706.01 | L129: =IF(Sheet1!E37="", "", Sheet1!E37/$H$91) -> 34853.52 | M129: =IF(Sheet1!F37="", "", Sheet1!F37/$H$91) -> 46346.92 | N129: =IF(Sheet1!G37="", "", Sheet1!G37/$H$91) -> 51113.32 | O129: =IF(Sheet1!H37="", "", Sheet1!H37/$H$91) -> 288962.79 | P129: =IF(Sheet1!I37="", "", Sheet1!I37/$H$91) -> 263413.82 | Q129: =IF(Sheet1!J37="", "", Sheet1!J37/$H$91) -> 237053.74 | R129: =IF(Sheet1!K37="", "", Sheet1!K37/$H$91) -> 231982.05 | ... AS129: =IF(Sheet1!AL37="", "", Sheet1!AL37/$H$91)
C130: 34 | D130: 예수부채 | F130: 사채의감소 | J130: =IF(INDEX($D$97:$H$135,$C130,$B$96)=0,"",INDEX($D$97:$H$135,$C130,$B$96)) -> 예수부채 | K130: =IF(Sheet1!D38="", "", Sheet1!D38/$H$91) -> -24147.51 | L130: =IF(Sheet1!E38="", "", Sheet1!E38/$H$91) -> -11493.4 | M130: =IF(Sheet1!F38="", "", Sheet1!F38/$H$91) -> -4766.4 | N130: =IF(Sheet1!G38="", "", Sheet1!G38/$H$91) -> -11493.4 | O130: =IF(Sheet1!H38="", "", Sheet1!H38/$H$91) -> -24147.51 | P130: =IF(Sheet1!I38="", "", Sheet1!I38/$H$91) -> -11493.4 | Q130: =IF(Sheet1!J38="", "", Sheet1!J38/$H$91) -> -4766.4 | R130: =IF(Sheet1!K38="", "", Sheet1!K38/$H$91) -> -11493.4 | ... AS130: =IF(Sheet1!AL38="", "", Sheet1!AL38/$H$91)
C131: 35 | F131: 차입금의감소 | J131: =IF(INDEX($D$97:$H$135,$C131,$B$96)=0,"",INDEX($D$97:$H$135,$C131,$B$96)) | K131: =IF(Sheet1!D39="", "", Sheet1!D39/$H$91) | L131: =IF(Sheet1!E39="", "", Sheet1!E39/$H$91) | M131: =IF(Sheet1!F39="", "", Sheet1!F39/$H$91) | N131: =IF(Sheet1!G39="", "", Sheet1!G39/$H$91) | O131: =IF(Sheet1!H39="", "", Sheet1!H39/$H$91) | P131: =IF(Sheet1!I39="", "", Sheet1!I39/$H$91) | Q131: =IF(Sheet1!J39="", "", Sheet1!J39/$H$91) | R131: =IF(Sheet1!K39="", "", Sheet1!K39/$H$91) | ... AS131: =IF(Sheet1!AL39="", "", Sheet1!AL39/$H$91)
C132: 36 | F132: 재무활동배당금지급(-) | J132: =IF(INDEX($D$97:$H$135,$C132,$B$96)=0,"",INDEX($D$97:$H$135,$C132,$B$96)) | K132: =IF(Sheet1!D40="", "", Sheet1!D40/$H$91) | L132: =IF(Sheet1!E40="", "", Sheet1!E40/$H$91) | M132: =IF(Sheet1!F40="", "", Sheet1!F40/$H$91) | N132: =IF(Sheet1!G40="", "", Sheet1!G40/$H$91) | O132: =IF(Sheet1!H40="", "", Sheet1!H40/$H$91) | P132: =IF(Sheet1!I40="", "", Sheet1!I40/$H$91) | Q132: =IF(Sheet1!J40="", "", Sheet1!J40/$H$91) | R132: =IF(Sheet1!K40="", "", Sheet1!K40/$H$91) | ... AS132: =IF(Sheet1!AL40="", "", Sheet1!AL40/$H$91)
C133: 37 | F133: 현금및현금성자산의증가 | J133: =IF(INDEX($D$97:$H$135,$C133,$B$96)=0,"",INDEX($D$97:$H$135,$C133,$B$96)) | K133: =IF(Sheet1!D41="", "", Sheet1!D41/$H$91) | L133: =IF(Sheet1!E41="", "", Sheet1!E41/$H$91) | M133: =IF(Sheet1!F41="", "", Sheet1!F41/$H$91) | N133: =IF(Sheet1!G41="", "", Sheet1!G41/$H$91) | O133: =IF(Sheet1!H41="", "", Sheet1!H41/$H$91) | P133: =IF(Sheet1!I41="", "", Sheet1!I41/$H$91) | Q133: =IF(Sheet1!J41="", "", Sheet1!J41/$H$91) | R133: =IF(Sheet1!K41="", "", Sheet1!K41/$H$91) | ... AS133: =IF(Sheet1!AL41="", "", Sheet1!AL41/$H$91)
C134: 38 | F134: 기초현금및현금성자산 | J134: =IF(INDEX($D$97:$H$135,$C134,$B$96)=0,"",INDEX($D$97:$H$135,$C134,$B$96)) | K134: =IF(Sheet1!D42="", "", Sheet1!D42/$H$91) | L134: =IF(Sheet1!E42="", "", Sheet1!E42/$H$91) | M134: =IF(Sheet1!F42="", "", Sheet1!F42/$H$91) | N134: =IF(Sheet1!G42="", "", Sheet1!G42/$H$91) | O134: =IF(Sheet1!H42="", "", Sheet1!H42/$H$91) | P134: =IF(Sheet1!I42="", "", Sheet1!I42/$H$91) | Q134: =IF(Sheet1!J42="", "", Sheet1!J42/$H$91) | R134: =IF(Sheet1!K42="", "", Sheet1!K42/$H$91) | ... AS134: =IF(Sheet1!AL42="", "", Sheet1!AL42/$H$91)
C135: 39 | F135: 기말현금및현금성자산 | J135: =IF(INDEX($D$97:$H$135,$C135,$B$96)=0,"",INDEX($D$97:$H$135,$C135,$B$96)) | K135: =IF(Sheet1!D43="", "", Sheet1!D43/$H$91) | L135: =IF(Sheet1!E43="", "", Sheet1!E43/$H$91) | M135: =IF(Sheet1!F43="", "", Sheet1!F43/$H$91) | N135: =IF(Sheet1!G43="", "", Sheet1!G43/$H$91) | O135: =IF(Sheet1!H43="", "", Sheet1!H43/$H$91) | P135: =IF(Sheet1!I43="", "", Sheet1!I43/$H$91) | Q135: =IF(Sheet1!J43="", "", Sheet1!J43/$H$91) | R135: =IF(Sheet1!K43="", "", Sheet1!K43/$H$91) | ... AS135: =IF(Sheet1!AL43="", "", Sheet1!AL43/$H$91)
J184: 재무비율 - 성장성
J186: =_xll.IMDH("STK",$N$5,J187:J188,$L$92-458,$O$5-365,9999,"Per=분기,sort=D,real=true,Bizday=0,Quote=종가,Pos=11,Orient=H,Cons="&$P$5&",Comp=순,Trai=연속,DtFmt=1,TmFmt=1,unit=true,title=분기성장성EPS-Y용") -> 분기성장성EPS-Y용
J187: 일자 | K187: 44834 | L187: 44742 | M187: 44651 | N187: 44561 | O187: 44469 | P187: 44377 | Q187: 44286 | R187: 44196 | S187: 44104 | T187: 44012
J188: 주당순손익 | K188: 1346 | L188: 1613 | M188: 1638 | N188: 1566 | O188: 1776 | P188: 1391 | Q188: 1044 | R188: 949 | S188: 1364 | T188: 808
J189: =_xll.IMDH("STK",$N$5,$J$190:$J$197,$L$92-93,$O$5,9999,"Per=분기,sort=D,real=true,Bizday=0,Quote=종가,Pos=11,Orient=H,Cons="&$P$5&",Comp=순,Trai=연속,DtFmt=1,TmFmt=1,unit=true,title=분기성장성") -> 분기성장성
H190: 순 | J190: 일자 | K190: 45199 | L190: 45107 | M190: 45016 | N190: 44926 | O190: 44834 | P190: 44742 | Q190: 44651 | R190: 44561 | S190: 44469 | T190: 44377
J191: 매출액(영업수익) | K191: 67404652000 | L191: 60005533000 | M191: 63745371000 | N191: 70464575000 | O191: 76781680000 | P191: 77203607000 | Q191: 77781498000 | R191: 76565524000 | S191: 73979187000 | T191: 63671585000
J192: 영업이익 | K192: 2433534000 | L192: 668547000 | M192: 640178000 | N192: 4306131000 | O192: 10852045000 | P192: 14097045000 | Q192: 14121409000 | R192: 13866712000 | S192: 15817531000 | T192: 12566745000
J193: 당기순이익(포괄손익계산서) | K193: 5844171000 | L193: 1723571000 | M193: 1574600000 | N193: 23841446000 | O193: 9389198000 | P193: 11098805000 | Q193: 11324628000 | R193: 10837948000 | S193: 12293331000 | T193: 9634486000
J194: 주당순손익 | K194: 810 | L194: 228 | M194: 206 | N194: 3460 | O194: 1346 | P194: 1613 | Q194: 1638 | R194: 1566 | S194: 1776 | T194: 1391
H195: YoY | J195: 매출액(영업수익)증가율 | K195: -12.21 | L195: -22.28 | M195: -18.05 | N195: -7.97 | O195: 3.79 | P195: 21.25 | Q195: 18.95 | R195: 24.39 | S195: 10.48 | T195: 20.21
J196: 영업이익증가율(보고서기재) | K196: -77.58 | L196: -95.26 | M196: -95.47 | N196: -68.95 | O196: -31.39 | P196: 12.18 | Q196: 50.50 | R196: 53.27 | S196: 28.04 | T196: 54.26
J197: 순이익증가율 | K197: -37.76 | L197: -84.47 | M197: -86.10 | N197: 119.98 | O197: -23.62 | P197: 15.20 | Q197: 58.57 | R197: 64.03 | S197: 31.33 | T197: 73.44
J198: EPS | K198: =IF(K194="",NA(),(K194-K188)/K188*100) -> -39.821694 | L198: =(L194-L188)/L188*100 -> -85.864848 | M198: =(M194-M188)/M188*100 -> -87.423687 | N198: =(N194-N188)/N188*100 -> 120.94508 | O198: =(O194-O188)/O188*100 -> -24.211712 | P198: =(P194-P188)/P188*100 -> 15.959741 | Q198: =(Q194-Q188)/Q188*100 -> 56.896552 | R198: =(R194-R188)/R188*100 -> 65.015806 | S198: =(S194-S188)/S188*100 -> 30.205279
H199: QoQ | J199: 매출액(QoQ) | K199: =IF(K191="",NA(),(K191-L191)/L191*100) -> 12.330728 | L199: =(L191-M191)/M191*100 -> -5.8668386 | M199: =(M191-N191)/N191*100 -> -9.5355773 | N199: =(N191-O191)/O191*100 -> -8.2273597 | O199: =(O191-P191)/P191*100 -> -0.54651203 | P199: =(P191-Q191)/Q191*100 -> -0.74296718 | Q199: =(Q191-R191)/R191*100 -> 1.5881482 | R199: =(R191-S191)/S191*100 -> 3.4960333 | S199: =(S191-T191)/T191*100 -> 16.1887
J200: 영업이익(QoQ) | K200: =IF(K192="",NA(),(K192-L192)/L192*100) -> 264.00343 | L200: =(L192-M192)/M192*100 -> 4.4314238 | M200: =(M192-N192)/N192*100 -> -85.133337 | N200: =(N192-O192)/O192*100 -> -60.319636 | O200: =(O192-P192)/P192*100 -> -23.019009 | P200: =(P192-Q192)/Q192*100 -> -0.17253236 | Q200: =(Q192-R192)/R192*100 -> 1.8367512 | R200: =(R192-S192)/S192*100 -> -12.333271 | S200: =(S192-T192)/T192*100 -> 25.868162
J201: 순이익(QoQ) | K201: =IF(K193="",NA(),(K193-L193)/L193*100) -> 239.07341 | L201: =(L193-M193)/M193*100 -> 9.460879 | M201: =(M193-N193)/N193*100 -> -93.395535 | N201: =(N193-O193)/O193*100 -> 153.9242 | O201: =(O193-P193)/P193*100 -> -15.403523 | P201: =(P193-Q193)/Q193*100 -> -1.9940876 | Q201: =(Q193-R193)/R193*100 -> 4.4905179 | R201: =(R193-S193)/S193*100 -> -11.838801 | S201: =(S193-T193)/T193*100 -> 27.597165
J202: EPS(QoQ) | K202: =IF(K194="",NA(),(K194-L194)/L194*100) -> 255.26316 | L202: =(L194-M194)/M194*100 -> 10.679612 | M202: =(M194-N194)/N194*100 -> -94.046243 | N202: =(N194-O194)/O194*100 -> 157.05795 | O202: =(O194-P194)/P194*100 -> -16.553007 | P202: =(P194-Q194)/Q194*100 -> -1.5262515 | Q202: =(Q194-R194)/R194*100 -> 4.5977011 | R202: =(R194-S194)/S194*100 -> -11.824324 | S202: =(S194-T194)/T194*100 -> 27.67793
G205: 1 | J205: =IF(G205=2, "분기 성장성(%, QoQ)", "분기 성장성(%, YoY)") -> 분기 성장성(%, YoY) | K205: =IF(K190="","",YEAR(K190)&"/"&MONTH(K190)/3&"Q") -> 2023/3Q | L205: =IF(L190="","",YEAR(L190)&"/"&MONTH(L190)/3&"Q") -> 2023/2Q | M205: =IF(M190="","",YEAR(M190)&"/"&MONTH(M190)/3&"Q") -> 2023/1Q | N205: =IF(N190="","",YEAR(N190)&"/"&MONTH(N190)/3&"Q") -> 2022/4Q | O205: =IF(O190="","",YEAR(O190)&"/"&MONTH(O190)/3&"Q") -> 2022/3Q | P205: =IF(P190="","",YEAR(P190)&"/"&MONTH(P190)/3&"Q") -> 2022/2Q | Q205: =IF(Q190="","",YEAR(Q190)&"/"&MONTH(Q190)/3&"Q") -> 2022/1Q | R205: =IF(R190="","",YEAR(R190)&"/"&MONTH(R190)/3&"Q") -> 2021/4Q | S205: =IF(S190="","",YEAR(S190)&"/"&MONTH(S190)/3&"Q") -> 2021/3Q
J206: 매출액(영업수익)증가율 | K206: =IF($G$205=2,IF(K199="",NA(),VALUE(K199)),IF(K195="",NA(),VALUE(K195))) -> -12.21 | L206: =IF($G$205=2,IF(L199="","",VALUE(L199)),IF(L195="","",VALUE(L195))) -> -22.28 | M206: =IF($G$205=2,IF(M199="","",VALUE(M199)),IF(M195="","",VALUE(M195))) -> -18.05 | N206: =IF($G$205=2,IF(N199="","",VALUE(N199)),IF(N195="","",VALUE(N195))) -> -7.97 | O206: =IF($G$205=2,IF(O199="","",VALUE(O199)),IF(O195="","",VALUE(O195))) -> 3.79 | P206: =IF($G$205=2,IF(P199="","",VALUE(P199)),IF(P195="","",VALUE(P195))) -> 21.25 | Q206: =IF($G$205=2,IF(Q199="","",VALUE(Q199)),IF(Q195="","",VALUE(Q195))) -> 18.95 | R206: =IF($G$205=2,IF(R199="","",VALUE(R199)),IF(R195="","",VALUE(R195))) -> 24.39 | S206: =IF($G$205=2,IF(S199="","",VALUE(S199)),IF(S195="","",VALUE(S195))) -> 10.48
J207: 영업이익증가율(보고서기재) | K207: =IF($G$205=2,IF(K200="",NA(),VALUE(K200)),IF(K196="",NA(),VALUE(K196))) -> -77.58 | L207: =IF($G$205=2,IF(L200="","",VALUE(L200)),IF(L196="","",VALUE(L196))) -> -95.26 | M207: =IF($G$205=2,IF(M200="","",VALUE(M200)),IF(M196="","",VALUE(M196))) -> -95.47 | N207: =IF($G$205=2,IF(N200="","",VALUE(N200)),IF(N196="","",VALUE(N196))) -> -68.95 | O207: =IF($G$205=2,IF(O200="","",VALUE(O200)),IF(O196="","",VALUE(O196))) -> -31.39 | P207: =IF($G$205=2,IF(P200="","",VALUE(P200)),IF(P196="","",VALUE(P196))) -> 12.18 | Q207: =IF($G$205=2,IF(Q200="","",VALUE(Q200)),IF(Q196="","",VALUE(Q196))) -> 50.5 | R207: =IF($G$205=2,IF(R200="","",VALUE(R200)),IF(R196="","",VALUE(R196))) -> 53.27 | S207: =IF($G$205=2,IF(S200="","",VALUE(S200)),IF(S196="","",VALUE(S196))) -> 28.04
J208: 순이익증가율 | K208: =IF($G$205=2,IF(K201="",NA(),VALUE(K201)),IF(K197="",NA(),VALUE(K197))) -> -37.76 | L208: =IF($G$205=2,IF(L201="","",VALUE(L201)),IF(L197="","",VALUE(L197))) -> -84.47 | M208: =IF($G$205=2,IF(M201="","",VALUE(M201)),IF(M197="","",VALUE(M197))) -> -86.1 | N208: =IF($G$205=2,IF(N201="","",VALUE(N201)),IF(N197="","",VALUE(N197))) -> 119.98 | O208: =IF($G$205=2,IF(O201="","",VALUE(O201)),IF(O197="","",VALUE(O197))) -> -23.62 | P208: =IF($G$205=2,IF(P201="","",VALUE(P201)),IF(P197="","",VALUE(P197))) -> 15.2 | Q208: =IF($G$205=2,IF(Q201="","",VALUE(Q201)),IF(Q197="","",VALUE(Q197))) -> 58.57 | R208: =IF($G$205=2,IF(R201="","",VALUE(R201)),IF(R197="","",VALUE(R197))) -> 64.03 | S208: =IF($G$205=2,IF(S201="","",VALUE(S201)),IF(S197="","",VALUE(S197))) -> 31.33
J209: EPS증가율 | K209: =IF($G$205=2,IF(K202="",NA(),VALUE(K202)),IF(K198="",NA(),VALUE(K198))) -> -39.821694 | L209: =IF($G$205=2,IF(L202="","",VALUE(L202)),IF(L198="","",VALUE(L198))) -> -85.864848 | M209: =IF($G$205=2,IF(M202="","",VALUE(M202)),IF(M198="","",VALUE(M198))) -> -87.423687 | N209: =IF($G$205=2,IF(N202="","",VALUE(N202)),IF(N198="","",VALUE(N198))) -> 120.94508 | O209: =IF($G$205=2,IF(O202="","",VALUE(O202)),IF(O198="","",VALUE(O198))) -> -24.211712 | P209: =IF($G$205=2,IF(P202="","",VALUE(P202)),IF(P198="","",VALUE(P198))) -> 15.959741 | Q209: =IF($G$205=2,IF(Q202="","",VALUE(Q202)),IF(Q198="","",VALUE(Q198))) -> 56.896552 | R209: =IF($G$205=2,IF(R202="","",VALUE(R202)),IF(R198="","",VALUE(R198))) -> 65.015806 | S209: =IF($G$205=2,IF(S202="","",VALUE(S202)),IF(S198="","",VALUE(S198))) -> 30.205279
J210: EPS(원) | K210: =IF($G$205=2,IF(K194="",NA(),VALUE(K194)),IF(K188="",NA(),VALUE(K188))) -> 1346 | L210: =IF($G$205=2,IF(L194="","",VALUE(L194)),IF(L188="","",VALUE(L188))) -> 1613 | M210: =IF($G$205=2,IF(M194="","",VALUE(M194)),IF(M188="","",VALUE(M188))) -> 1638 | N210: =IF($G$205=2,IF(N194="","",VALUE(N194)),IF(N188="","",VALUE(N188))) -> 1566 | O210: =IF($G$205=2,IF(O194="","",VALUE(O194)),IF(O188="","",VALUE(O188))) -> 1776 | P210: =IF($G$205=2,IF(P194="","",VALUE(P194)),IF(P188="","",VALUE(P188))) -> 1391 | Q210: =IF($G$205=2,IF(Q194="","",VALUE(Q194)),IF(Q188="","",VALUE(Q188))) -> 1044 | R210: =IF($G$205=2,IF(R194="","",VALUE(R194)),IF(R188="","",VALUE(R188))) -> 949 | S210: =IF($G$205=2,IF(S194="","",VALUE(S194)),IF(S188="","",VALUE(S188))) -> 1364
J214: =_xll.IMDH("STK",$N$5,$J$215:$J$219,$L$92-1460,$O$5,9999,"Per=분기,sort=D,real=true,Bizday=0,Quote=종가,Pos=11,Orient=H,Cons="&$P$5&",Comp=누적,Trai=4,DtFmt=1,TmFmt=1,unit=true,title=연간 성장성") -> 연간 성장성
J215: 일자 | K215: 44926 | L215: 44561 | M215: 44196 | N215: 43830 | O215: 43465 | P215: 43100
J216: 매출액(영업수익)증가율 | K216: 8.09 | L216: 18.07 | M216: 2.78 | N216: -5.48 | O216: 1.75 | P216: 18.68
J217: 영업이익증가율(보고서기재) | K217: -15.99 | L217: 43.45 | M217: 29.62 | N217: -52.84 | O217: 9.77 | P217: 83.46
J218: 순이익증가율 | K218: 39.46 | L218: 51.12 | M218: 21.48 | N218: -50.98 | O218: 5.12 | P218: 85.63
J219: 주당순손익 | K219: 8057 | L219: 5777 | M219: 3841 | N219: 3166 | O219: 6461 | P219: 5997
J220: EPS | K220: =IF(K219="",NA(),(K219-L219)/L219*100) -> 39.466851 | L220: =(L219-M219)/M219*100 -> 50.403541 | M220: =(M219-N219)/N219*100 -> 21.320278 | N220: =(N219-O219)/O219*100 -> -50.998297 | O220: =(O219-P219)/P219*100 -> 7.7372019
J224: 연간 성장성(%) | K224: =IF(K215="","",YEAR(K215)&"/"&MONTH(K215)) -> 2022/12 | L224: =IF(L215="","",YEAR(L215)&"/"&MONTH(L215)) -> 2021/12 | M224: =IF(M215="","",YEAR(M215)&"/"&MONTH(M215)) -> 2020/12 | N224: =IF(N215="","",YEAR(N215)&"/"&MONTH(N215)) -> 2019/12 | O224: =IF(O215="","",YEAR(O215)&"/"&MONTH(O215)) -> 2018/12
J225: 매출액(영업수익)증가율 | K225: =IF(K216="",NA(),VALUE(K216)) -> 8.09 | L225: =IF(L216="","",VALUE(L216)) -> 18.07 | M225: =IF(M216="","",VALUE(M216)) -> 2.78 | N225: =IF(N216="","",VALUE(N216)) -> -5.48 | O225: =IF(O216="","",VALUE(O216)) -> 1.75
J226: 영업이익증가율(보고서기재) | K226: =IF(K217="",NA(),VALUE(K217)) -> -15.99 | L226: =IF(L217="","",VALUE(L217)) -> 43.45 | M226: =IF(M217="","",VALUE(M217)) -> 29.62 | N226: =IF(N217="","",VALUE(N217)) -> -52.84 | O226: =IF(O217="","",VALUE(O217)) -> 9.77
J227: 순이익증가율 | K227: =IF(K218="",NA(),VALUE(K218)) -> 39.46 | L227: =IF(L218="","",VALUE(L218)) -> 51.12 | M227: =IF(M218="","",VALUE(M218)) -> 21.48 | N227: =IF(N218="","",VALUE(N218)) -> -50.98 | O227: =IF(O218="","",VALUE(O218)) -> 5.12
J228: EPS증가율 | K228: =IF(K220="",NA(),VALUE(K220)) -> 39.466851 | L228: =IF(L220="","",VALUE(L220)) -> 50.403541 | M228: =IF(M220="","",VALUE(M220)) -> 21.320278 | N228: =IF(N220="","",VALUE(N220)) -> -50.998297 | O228: =IF(O220="","",VALUE(O220)) -> 7.7372019
J229: EPS(원) | K229: =IF(K219="",NA(),VALUE(K219)) -> 8057 | L229: =IF(L219="","",VALUE(L219)) -> 5777 | M229: =IF(M219="","",VALUE(M219)) -> 3841 | N229: =IF(N219="","",VALUE(N219)) -> 3166 | O229: =IF(O219="","",VALUE(O219)) -> 6461
J234: 재무비율 - 수익성
J237: =_xll.IMDH("STK",$N$5,$J$238:$J$245,$L$92-93,$O$5,9999,"Per=분기,sort=D,real=true,Bizday=0,Quote=종가,Pos=11,Orient=H,Cons="&$P$5&",Comp="&$K$237&",Trai=연속,DtFmt=1,TmFmt=1,unit=true,title=분기수익성") -> 분기수익성 | K237: =IF(G255=1, "순", "누적") -> 순
J238: 일자 | K238: 45199 | L238: 45107 | M238: 45016 | N238: 44926 | O238: 44834 | P238: 44742 | Q238: 44651 | R238: 44561 | S238: 44469 | T238: 44377
J239: 영업이익 | K239: 2433534000 | L239: 668547000 | M239: 640178000 | N239: 4306131000 | O239: 10852045000 | P239: 14097045000 | Q239: 14121409000 | R239: 13866712000 | S239: 15817531000 | T239: 12566745000
J240: 감가상각비(현금흐름표) | K240: 8900426000 | L240: 8767744000 | M240: 8800895000 | N240: 8843137000 | O240: 9031116000 | P240: 9068814000 | Q240: 9009031000 | R240: 8864570000 | S240: 8059814000 | T240: 7213089000
J241: 기타무형자산상각비(현금흐름표) | K241: 786661000 | L241: 790853000 | M241: 785598000 | N241: 805921000 | O241: 806611000 | P241: 772552000 | Q241: 770477000 | R241: 737262000 | S241: 753035000 | T241: 776313000
J242: 매출액(영업수익) | K242: 67404652000 | L242: 60005533000 | M242: 63745371000 | N242: 70464575000 | O242: 76781680000 | P242: 77203607000 | Q242: 77781498000 | R242: 76565524000 | S242: 73979187000 | T242: 63671585000
J243: 영업이익률 | K243: 3.61 | L243: 1.11 | M243: 1 | N243: 6.11 | O243: 14.13 | P243: 18.26 | Q243: 18.16 | R243: 18.11 | S243: 21.38 | T243: 19.74
J244: 당기순이익(포괄손익계산서) | K244: 5844171000 | L244: 1723571000 | M244: 1574600000 | N244: 23841446000 | O244: 9389198000 | P244: 11098805000 | Q244: 11324628000 | R244: 10837948000 | S244: 12293331000 | T244: 9634486000
J245: 매출총이익 | K245: 20785926000 | L245: 18358343000 | M245: 17738278000 | N245: 21836847000 | O245: 28709443000 | P245: 30933859000 | Q245: 30709441000 | R245: 31618969000 | S245: 31080316000 | T245: 26605654000
J246: 순이익률 | K246: =K244/K242*100 -> 8.6702784 | L246: =L244/L242*100 -> 2.8723535 | M246: =M244/M242*100 -> 2.4701401 | N246: =N244/N242*100 -> 33.834655 | O246: =O244/O242*100 -> 12.228435 | P246: =P244/P242*100 -> 14.376019 | Q246: =Q244/Q242*100 -> 14.55954 | R246: =R244/R242*100 -> 14.155128 | ... T246: =T244/T242*100 -> 15.131532
J247: 총이익률 | K247: =K245/K242*100 -> 30.837524 | L247: =L245/L242*100 -> 30.594417 | M247: =M245/M242*100 -> 27.82677 | N247: =N245/N242*100 -> 30.989823 | O247: =O245/O242*100 -> 37.391007 | P247: =P245/P242*100 -> 40.067893 | Q247: =Q245/Q242*100 -> 39.481679 | R247: =R245/R242*100 -> 41.296614 | ... T247: =T245/T242*100 -> 41.785757
J248: EBITDA마진율 | K248: =K249/K242*100 -> 17.981876 | L248: =L249/L242*100 -> 17.043668 | M248: =M249/M242*100 -> 16.043002 | N248: =N249/N242*100 -> 19.804546 | O248: =O249/O242*100 -> 26.946235 | P248: =P249/P242*100 -> 31.006856 | Q248: =Q249/Q242*100 -> 30.728281 | R248: =R249/R242*100 -> 30.651582 | ... T248: =T249/T242*100 -> 32.284648
J249: EBITDA | K249: =SUM(K239:K241) -> 12120621000 | L249: =SUM(L239:L241) -> 10227144000 | M249: =SUM(M239:M241) -> 10226671000 | N249: =SUM(N239:N241) -> 13955189000 | O249: =SUM(O239:O241) -> 20689772000 | P249: =SUM(P239:P241) -> 23938411000 | Q249: =SUM(Q239:Q241) -> 23900917000 | R249: =SUM(R239:R241) -> 23468544000 | ... T249: =SUM(T239:T241) -> 20556147000
...

Sheet Sheet1
A1: =_xll.IMDH("STK",재무비율!$N$5,재무비율!$J$96:$J$135,재무비율!$L$92,TODAY(),9999,"Per=분기,sort=D,real=true,Bizday=0,Quote=종가,Pos=33,Orient=H,Cons="&재무비율!$P$5&",Comp="&재무비율!$M$92&",Trai="&재무비율!$N$92&",DtFmt=1,TmFmt=1,unit=true,title="&재무비율!$N$5&"") -> 005930
D4: 45199 | E4: 45107 | F4: 45016 | G4: 44926 | H4: 44834 | I4: 44742 | J4: 44651 | K4: 44561 | L4: 44469
D5: 454466447000 | E5: 448000552000 | F5: 454091777000 | G5: 448424507000 | H5: 470278409000 | I5: 448040650000 | J5: 439326959000 | K5: 426621158000 | L5: 410420718000
D6: 75144284000 | E6: 79919775000 | F6: 72949377000 | G6: 49680710000 | H6: 44515421000 | I6: 39583141000 | J6: 48944982000 | K6: 39031415000 | L6: 32675040000
D7: 17927266000 | E7: 17180130000 | F7: 35200184000 | G7: 65102886000 | H7: 83646807000 | I7: 84428822000 | J7: 75121426000 | K7: 81708986000 | L7: 85077401000
D10: 23858434000 | E10: 23399791000 | F10: 22684343000 | G10: 21049300000 | H10: 19792757000 | I10: 18069477000 | J10: 18397154000 | K10: 15798606000 | L10: 14388455000
D11: 180805963000 | E11: 177869942000 | F11: 171857516000 | G11: 168045388000 | H11: 160343568000 | I11: 154254576000 | J11: 149618019000 | K11: 149928539000 | L11: 143029384000
G14: 6014422000 | K14: 5844259000
D15: 23137000000 | E15: 23430234000 | F15: 23617703000 | G15: 14203332000 | H15: 21484857000 | I15: 20096926000 | J15: 20010694000 | K15: 14391985000 | L15: 20753637000
D16: 6535442000 | E16: 5527377000 | F16: 5103474000 | G16: 5101318000 | H16: 5488163000 | I16: 5114332000 | J16: 4178984000 | K16: 4261214000 | L16: 3928050000
D19: 363892643000 | E19: 358975626000 | F19: 359799416000 | G19: 354749604000 | H19: 344906889000 | I19: 327906664000 | J19: 315290919000 | K19: 304899931000 | L19: 296766118000
D20: 897514000 | E20: 897514000 | F20: 897514000 | G20: 897514000 | H20: 897514000 | I20: 897514000 | J20: 897514000 | K20: 897514000 | L20: 897514000
D22: 4403893000 | E22: 4403893000 | F22: 4403893000 | G22: 4403893000 | H22: 4403893000 | I22: 4403893000 | J22: 4403893000 | K22: 4403893000 | L22: 4403893000
D23: 86067000 | E23: 99452000 | F23: 94753000 | G23: 86645000 | H23: 87649000 | I23: 94672000 | J23: 93105000 | K23: 86763000 | L23: 68543000
D24: 6167293000 | E24: 5330899000 | F24: 7741916000 | G24: 1851683000 | H24: 13190848000 | I24: 3217748000 | J24: -745794000 | K24: -2215236000 | L24: -1865734000
D25: 342125419000 | E25: 338310655000 | F25: 336881852000 | G25: 337946407000 | H25: 316890272000 | I25: 310216785000 | J25: 301743152000 | K25: 293064763000 | L25: 284826992000
D26: 90573804000 | E26: 89024926000 | F26: 94292361000 | G26: 93674903000 | H26: 125371520000 | I26: 120133986000 | J26: 124036040000 | K26: 121721227000 | L26: 113654600000
D27: 1548878000 | E27: -5267435000 | F27: 617458000 | G27: -5267435000 | H27: 1548878000 | I27: -5267435000 | J27: 617458000 | K27: -5267435000 | L27: -5267435000
D28: 3830507000 | E28: 4694177000 | F28: 3692595000 | G28: 3526826000 | H28: 3167448000 | I28: 2934708000 | J28: 2778207000 | K28: 2864656000 | L28: 2166741000
D30: 4376579000 | E30: 3591116000 | F30: 4500689000 | G30: 5181161000 | H30: 7624643000 | I30: 12997688000 | J30: 13888389000 | K30: 13689293000 | L30: 17283881000
... D38: -2414751000 | E38: -1149340000 | F38: -476640000 | G38: -1149340000 | H38: -2414751000 | I38: -1149340000 | J38: -476640000 | K38: -1149340000 | L38: -1149340000
