Workbook

Sheet Comdty Correlation Matrix
E2: Commodity Futures Correlation Matrix
E3: Start Date | F3: =TODAY()-365 -> 44586 | G3: End Date | H3: =WORKDAY(TODAY(),-1) -> 44950
E5: Correlation Matrix | F5: =$C$6 -> WTI | G5: =$C$7 -> Brent | H5: =$C$8 -> Natural Gas | I5: =$C$9 -> Heating Oil | J5: =$C$10 -> Gas Oil | K5: =$C$11 -> Gold | L5: =$C$12 -> Silver | M5: =$C$13 -> Copper | N5: =$C$14 -> Butter | O5: =$C$15 -> Cheese | P5: =$C$16 -> Soybean | Q5: =$C$17 -> Soybean Oil | R5: =$C$18 -> Corn | S5: =$C$19 -> Coffee | T5: =$C$20 -> Orange Juice | U5: =$C$21 -> Sugar | V5: =$C$22 -> US Dollar Index
B6: 1 | C6: =VLOOKUP($B6,$AJ$6:$AL$41,2,0) -> WTI | D6: =VLOOKUP($B6,$AJ$6:$AL$41,3,0) -> NYM:CL | F6: =raw!B2 -> 1 | G6: =raw!C2 -> 0.98607577 | H6: =raw!D2 -> 0.3005594 | I6: =raw!E2 -> 0.62867585 | J6: =raw!F2 -> 0.7272666 | K6: =raw!G2 -> 0.44131295 | L6: =raw!H2 -> 0.18077005 | M6: =raw!I2 -> 0.49054318 | ... V6: =raw!R2 -> -0.34379468 | AJ6: 1 | AK6: WTI | AL6: NYM:CL
B7: 3 | C7: =VLOOKUP($B7,$AJ$6:$AL$41,2,0) -> Brent | D7: =VLOOKUP($B7,$AJ$6:$AL$41,3,0) -> IPE:EB | F7: =raw!B3 -> 0.98607577 | G7: =raw!C3 -> 1 | H7: =raw!D3 -> 0.34048834 | I7: =raw!E3 -> 0.67926495 | J7: =raw!F3 -> 0.77144617 | K7: =raw!G3 -> 0.39399531 | L7: =raw!H3 -> 0.12326718 | M7: =raw!I3 -> 0.42467062 | ... V7: =raw!R3 -> -0.26770122 | AJ7: 2 | AK7: Dubai | AL7: NYM:DCB
B8: 5 | C8: =VLOOKUP($B8,$AJ$6:$AL$41,2,0) -> Natural Gas | D8: =VLOOKUP($B8,$AJ$6:$AL$41,3,0) -> NYM:NG | F8: =raw!B4 -> 0.3005594 | G8: =raw!C4 -> 0.34048834 | H8: =raw!D4 -> 1 | I8: =raw!E4 -> 0.45280399 | J8: =raw!F4 -> 0.42497202 | K8: =raw!G4 -> -0.3244233 | L8: =raw!H4 -> -0.55730327 | M8: =raw!I4 -> -0.33959904 | ... V8: =raw!R4 -> 0.43978279 | AJ8: 3 | AK8: Brent | AL8: IPE:EB
B9: 4 | C9: =VLOOKUP($B9,$AJ$6:$AL$41,2,0) -> Heating Oil | D9: =VLOOKUP($B9,$AJ$6:$AL$41,3,0) -> NYM:HO | F9: =raw!B5 -> 0.62867585 | G9: =raw!C5 -> 0.67926495 | H9: =raw!D5 -> 0.45280399 | I9: =raw!E5 -> 1 | J9: =raw!F5 -> 0.86529395 | K9: =raw!G5 -> -0.026525529 | L9: =raw!H5 -> -0.22400889 | M9: =raw!I5 -> -0.033267398 | ... V9: =raw!R5 -> 0.30201824 | AJ9: 4 | AK9: Heating Oil | AL9: NYM:HO
B10: 6 | C10: =VLOOKUP($B10,$AJ$6:$AL$41,2,0) -> Gas Oil | D10: =VLOOKUP($B10,$AJ$6:$AL$41,3,0) -> IPE:EP | F10: =raw!B6 -> 0.7272666 | G10: =raw!C6 -> 0.77144617 | H10: =raw!D6 -> 0.42497202 | I10: =raw!E6 -> 0.86529395 | J10: =raw!F6 -> 1 | K10: =raw!G6 -> 0.084966633 | L10: =raw!H6 -> -0.15362848 | M10: =raw!I6 -> 0.032906979 | ... V10: =raw!R6 -> 0.20468089 | AJ10: 5 | AK10: Natural Gas | AL10: NYM:NG
B11: 11 | C11: =VLOOKUP($B11,$AJ$6:$AL$41,2,0) -> Gold | D11: =VLOOKUP($B11,$AJ$6:$AL$41,3,0) -> COM:GC | F11: =raw!B7 -> 0.44131295 | G11: =raw!C7 -> 0.39399531 | H11: =raw!D7 -> -0.3244233 | I11: =raw!E7 -> -0.026525529 | J11: =raw!F7 -> 0.084966633 | K11: =raw!G7 -> 1 | L11: =raw!H7 -> 0.89084689 | M11: =raw!I7 -> 0.89440897 | ... V11: =raw!R7 -> -0.84629679 | AJ11: 6 | AK11: Gas Oil | AL11: IPE:EP
B12: 12 | C12: =VLOOKUP($B12,$AJ$6:$AL$41,2,0) -> Silver | D12: =VLOOKUP($B12,$AJ$6:$AL$41,3,0) -> COM:SI | F12: =raw!B8 -> 0.18077005 | G12: =raw!C8 -> 0.12326718 | H12: =raw!D8 -> -0.55730327 | I12: =raw!E8 -> -0.22400889 | J12: =raw!F8 -> -0.15362848 | K12: =raw!G8 -> 0.89084689 | L12: =raw!H8 -> 1 | M12: =raw!I8 -> 0.86289719 | ... V12: =raw!R8 -> -0.81783954 | AJ12: 7 | AK12: UK Natural Gas | AL12: IPE:MN
B13: 13 | C13: =VLOOKUP($B13,$AJ$6:$AL$41,2,0) -> Copper | D13: =VLOOKUP($B13,$AJ$6:$AL$41,3,0) -> COM:HG | F13: =raw!B9 -> 0.49054318 | G13: =raw!C9 -> 0.42467062 | H13: =raw!D9 -> -0.33959904 | I13: =raw!E9 -> -0.033267398 | J13: =raw!F9 -> 0.032906979 | K13: =raw!G9 -> 0.89440897 | L13: =raw!H9 -> 0.86289719 | M13: =raw!I9 -> 1 | ... V13: =raw!R9 -> -0.88673258 | AJ13: 8 | AK13: Coal | AL13: NYM:QLD
B14: 16 | C14: =VLOOKUP($B14,$AJ$6:$AL$41,2,0) -> Butter | D14: =VLOOKUP($B14,$AJ$6:$AL$41,3,0) -> CME$CB | F14: =raw!B10 -> -0.10731054 | G14: =raw!C10 -> -0.025441715 | H14: =raw!D10 -> 0.51743716 | I14: =raw!E10 -> 0.35386789 | J14: =raw!F10 -> 0.31241777 | K14: =raw!G10 -> -0.7459232 | L14: =raw!H10 -> -0.74102698 | M14: =raw!I10 -> -0.72355428 | ... V14: =raw!R10 -> 0.81637168 | AJ14: 9 | AK14: Fuel Oil 380cts | AL14: NYM:SE
B15: 17 | C15: =VLOOKUP($B15,$AJ$6:$AL$41,2,0) -> Cheese | D15: =VLOOKUP($B15,$AJ$6:$AL$41,3,0) -> CME$CSC | F15: =raw!B11 -> 0.63766745 | G15: =raw!C11 -> 0.63825333 | H15: =raw!D11 -> 0.39771092 | I15: =raw!E11 -> 0.69721445 | J15: =raw!F11 -> 0.62478589 | K15: =raw!G11 -> 0.12615115 | L15: =raw!H11 -> -0.037094255 | M15: =raw!I11 -> 0.10698548 | ... V15: =raw!R11 -> 0.068554876 | AJ15: 10 | AK15: Fuel Oil 180cts | AL15: NYM:UA
B16: 24 | C16: =VLOOKUP($B16,$AJ$6:$AL$41,2,0) -> Soybean | D16: =VLOOKUP($B16,$AJ$6:$AL$41,3,0) -> CBT$ZS | F16: =raw!B12 -> 0.79990283 | G16: =raw!C12 -> 0.76184898 | H16: =raw!D12 -> 0.14475211 | I16: =raw!E12 -> 0.33298959 | J16: =raw!F12 -> 0.422764 | K16: =raw!G12 -> 0.73522191 | L16: =raw!H12 -> 0.47632576 | M16: =raw!I12 -> 0.68569563 | ... V16: =raw!R12 -> -0.60851906 | AJ16: 11 | AK16: Gold | AL16: COM:GC
B17: 26 | C17: =VLOOKUP($B17,$AJ$6:$AL$41,2,0) -> Soybean Oil | D17: =VLOOKUP($B17,$AJ$6:$AL$41,3,0) -> CBT$ZL | F17: =raw!B13 -> 0.61672212 | G17: =raw!C13 -> 0.60190655 | H17: =raw!D13 -> 0.31109318 | I17: =raw!E13 -> 0.58794334 | J17: =raw!F13 -> 0.51116695 | K17: =raw!G13 -> 0.35030781 | L17: =raw!H13 -> 0.24801313 | M17: =raw!I13 -> 0.44908273 | ... V17: =raw!R13 -> -0.13981837 | AJ17: 12 | AK17: Silver | AL17: COM:SI
... B22: 36 | C22: =VLOOKUP($B22,$AJ$6:$AL$41,2,0) -> US Dollar Index | D22: =VLOOKUP($B22,$AJ$6:$AL$41,3,0) -> NYB:DX | F22: =raw!B18 -> -0.34379468 | G22: =raw!C18 -> -0.26770122 | H22: =raw!D18 -> 0.43978279 | I22: =raw!E18 -> 0.30201824 | J22: =raw!F18 -> 0.20468089 | K22: =raw!G18 -> -0.84629679 | L22: =raw!H18 -> -0.81783954 | M22: =raw!I18 -> -0.88673258 | ... V22: =raw!R18 -> 1 | AJ22: 17 | AK22: Cheese | AL22: CME$CSC
AJ23: 18 | AK23: Milk Class Ⅲ | AL23: CME$DC
AJ24: 19 | AK24: Milk Class Ⅳ | AL24: CME$GDK
AJ25: 20 | AK25: Nonfat Dry Milk | AL25: CME$GNF
AJ26: 21 | AK26: Feeder Cattle | AL26: CME$GF
AJ27: 22 | AK27: Live Cattle | AL27: CME$LE
AJ28: 23 | AK28: Lean Hogs | AL28: CME$HE
AJ29: 24 | AK29: Soybean | AL29: CBT$ZS
AJ30: 25 | AK30: soybean Meal | AL30: CBT$ZM
AJ31: 26 | AK31: Soybean Oil | AL31: CBT$ZL
AJ32: 27 | AK32: Corn | AL32: CBT$ZC
AJ33: 28 | AK33: Oats | AL33: CBT$ZO
AJ34: 29 | AK34: Raugh Rice | AL34: CBT$ZR
... AJ41: 36 | AK41: US Dollar Index | AL41: NYB:DX

Sheet raw
B1: =A2 -> WTI | C1: =A3 -> Brent | D1: =A4 -> Natural Gas | E1: =A5 -> Heating Oil | F1: =A6 -> Gas Oil | G1: =A7 -> Gold | H1: =A8 -> Silver | I1: =A9 -> Copper | J1: =A10 -> Butter | K1: =A11 -> Cheese | L1: =A12 -> Soybean | M1: =A13 -> Soybean Oil | N1: =A14 -> Corn | O1: =A15 -> Coffee | P1: =A16 -> Orange Juice | Q1: =A17 -> Sugar | R1: =A18 -> US Dollar Index
A2: ='Comdty Correlation Matrix'!C6 -> WTI | B2: =CORREL($B$26:$B$9986,B$26:B$9986) -> 1 | C2: =CORREL($B$26:$B$9986,C$26:C$9986) -> 0.98607577 | D2: =CORREL($B$26:$B$9986,D$26:D$9986) -> 0.3005594 | E2: =CORREL($B$26:$B$9986,E$26:E$9986) -> 0.62867585 | F2: =CORREL($B$26:$B$9986,F$26:F$9986) -> 0.7272666 | G2: =CORREL($B$26:$B$9986,G$26:G$9986) -> 0.44131295 | H2: =CORREL($B$26:$B$9986,H$26:H$9986) -> 0.18077005 | I2: =CORREL($B$26:$B$9986,I$26:I$9986) -> 0.49054318 | ... R2: =CORREL($B$26:$B$9986,R$26:R$9986) -> -0.34379468
A3: ='Comdty Correlation Matrix'!C7 -> Brent | B3: =CORREL($C$26:$C$9986,B$26:B$9986) -> 0.98607577 | C3: =CORREL($C$26:$C$9986,C$26:C$9986) -> 1 | D3: =CORREL($C$26:$C$9986,D$26:D$9986) -> 0.34048834 | E3: =CORREL($C$26:$C$9986,E$26:E$9986) -> 0.67926495 | F3: =CORREL($C$26:$C$9986,F$26:F$9986) -> 0.77144617 | G3: =CORREL($C$26:$C$9986,G$26:G$9986) -> 0.39399531 | H3: =CORREL($C$26:$C$9986,H$26:H$9986) -> 0.12326718 | I3: =CORREL($C$26:$C$9986,I$26:I$9986) -> 0.42467062 | ... R3: =CORREL($C$26:$C$9986,R$26:R$9986) -> -0.26770122
A4: ='Comdty Correlation Matrix'!C8 -> Natural Gas | B4: =CORREL($D$26:$D$9986,B$26:B$9986) -> 0.3005594 | C4: =CORREL($D$26:$D$9986,C$26:C$9986) -> 0.34048834 | D4: =CORREL($D$26:$D$9986,D$26:D$9986) -> 1 | E4: =CORREL($D$26:$D$9986,E$26:E$9986) -> 0.45280399 | F4: =CORREL($D$26:$D$9986,F$26:F$9986) -> 0.42497202 | G4: =CORREL($D$26:$D$9986,G$26:G$9986) -> -0.3244233 | H4: =CORREL($D$26:$D$9986,H$26:H$9986) -> -0.55730327 | I4: =CORREL($D$26:$D$9986,I$26:I$9986) -> -0.33959904 | ... R4: =CORREL($D$26:$D$9986,R$26:R$9986) -> 0.43978279
A5: ='Comdty Correlation Matrix'!C9 -> Heating Oil | B5: =CORREL($E$26:$E$9986,B$26:B$9986) -> 0.62867585 | C5: =CORREL($E$26:$E$9986,C$26:C$9986) -> 0.67926495 | D5: =CORREL($E$26:$E$9986,D$26:D$9986) -> 0.45280399 | E5: =CORREL($E$26:$E$9986,E$26:E$9986) -> 1 | F5: =CORREL($E$26:$E$9986,F$26:F$9986) -> 0.86529395 | G5: =CORREL($E$26:$E$9986,G$26:G$9986) -> -0.026525529 | H5: =CORREL($E$26:$E$9986,H$26:H$9986) -> -0.22400889 | I5: =CORREL($E$26:$E$9986,I$26:I$9986) -> -0.033267398 | ... R5: =CORREL($E$26:$E$9986,R$26:R$9986) -> 0.30201824
A6: ='Comdty Correlation Matrix'!C10 -> Gas Oil | B6: =CORREL($F$26:$F$9986,B$26:B$9986) -> 0.7272666 | C6: =CORREL($F$26:$F$9986,C$26:C$9986) -> 0.77144617 | D6: =CORREL($F$26:$F$9986,D$26:D$9986) -> 0.42497202 | E6: =CORREL($F$26:$F$9986,E$26:E$9986) -> 0.86529395 | F6: =CORREL($F$26:$F$9986,F$26:F$9986) -> 1 | G6: =CORREL($F$26:$F$9986,G$26:G$9986) -> 0.084966633 | H6: =CORREL($F$26:$F$9986,H$26:H$9986) -> -0.15362848 | I6: =CORREL($F$26:$F$9986,I$26:I$9986) -> 0.032906979 | ... R6: =CORREL($F$26:$F$9986,R$26:R$9986) -> 0.20468089
A7: ='Comdty Correlation Matrix'!C11 -> Gold | B7: =CORREL($G$26:$G$9986,B$26:B$9986) -> 0.44131295 | C7: =CORREL($G$26:$G$9986,C$26:C$9986) -> 0.39399531 | D7: =CORREL($G$26:$G$9986,D$26:D$9986) -> -0.3244233 | E7: =CORREL($G$26:$G$9986,E$26:E$9986) -> -0.026525529 | F7: =CORREL($G$26:$G$9986,F$26:F$9986) -> 0.084966633 | G7: =CORREL($G$26:$G$9986,G$26:G$9986) -> 1 | H7: =CORREL($G$26:$G$9986,H$26:H$9986) -> 0.89084689 | I7: =CORREL($G$26:$G$9986,I$26:I$9986) -> 0.89440897 | ... R7: =CORREL($G$26:$G$9986,R$26:R$9986) -> -0.84629679
A8: ='Comdty Correlation Matrix'!C12 -> Silver | B8: =CORREL($H$26:$H$9986,B$26:B$9986) -> 0.18077005 | C8: =CORREL($H$26:$H$9986,C$26:C$9986) -> 0.12326718 | D8: =CORREL($H$26:$H$9986,D$26:D$9986) -> -0.55730327 | E8: =CORREL($H$26:$H$9986,E$26:E$9986) -> -0.22400889 | F8: =CORREL($H$26:$H$9986,F$26:F$9986) -> -0.15362848 | G8: =CORREL($H$26:$H$9986,G$26:G$9986) -> 0.89084689 | H8: =CORREL($H$26:$H$9986,H$26:H$9986) -> 1 | I8: =CORREL($H$26:$H$9986,I$26:I$9986) -> 0.86289719 | ... R8: =CORREL($H$26:$H$9986,R$26:R$9986) -> -0.81783954
A9: ='Comdty Correlation Matrix'!C13 -> Copper | B9: =CORREL($I$26:$I$9986,B$26:B$9986) -> 0.49054318 | C9: =CORREL($I$26:$I$9986,C$26:C$9986) -> 0.42467062 | D9: =CORREL($I$26:$I$9986,D$26:D$9986) -> -0.33959904 | E9: =CORREL($I$26:$I$9986,E$26:E$9986) -> -0.033267398 | F9: =CORREL($I$26:$I$9986,F$26:F$9986) -> 0.032906979 | G9: =CORREL($I$26:$I$9986,G$26:G$9986) -> 0.89440897 | H9: =CORREL($I$26:$I$9986,H$26:H$9986) -> 0.86289719 | I9: =CORREL($I$26:$I$9986,I$26:I$9986) -> 1 | ... R9: =CORREL($I$26:$I$9986,R$26:R$9986) -> -0.88673258
A10: ='Comdty Correlation Matrix'!C14 -> Butter | B10: =CORREL($J$26:$J$9986,B$26:B$9986) -> -0.10731054 | C10: =CORREL($J$26:$J$9986,C$26:C$9986) -> -0.025441715 | D10: =CORREL($J$26:$J$9986,D$26:D$9986) -> 0.51743716 | E10: =CORREL($J$26:$J$9986,E$26:E$9986) -> 0.35386789 | F10: =CORREL($J$26:$J$9986,F$26:F$9986) -> 0.31241777 | G10: =CORREL($J$26:$J$9986,G$26:G$9986) -> -0.7459232 | H10: =CORREL($J$26:$J$9986,H$26:H$9986) -> -0.74102698 | I10: =CORREL($J$26:$J$9986,I$26:I$9986) -> -0.72355428 | ... R10: =CORREL($J$26:$J$9986,R$26:R$9986) -> 0.81637168
A11: ='Comdty Correlation Matrix'!C15 -> Cheese | B11: =CORREL($K$26:$K$9986,B$26:B$9986) -> 0.63766745 | C11: =CORREL($K$26:$K$9986,C$26:C$9986) -> 0.63825333 | D11: =CORREL($K$26:$K$9986,D$26:D$9986) -> 0.39771092 | E11: =CORREL($K$26:$K$9986,E$26:E$9986) -> 0.69721445 | F11: =CORREL($K$26:$K$9986,F$26:F$9986) -> 0.62478589 | G11: =CORREL($K$26:$K$9986,G$26:G$9986) -> 0.12615115 | H11: =CORREL($K$26:$K$9986,H$26:H$9986) -> -0.037094255 | I11: =CORREL($K$26:$K$9986,I$26:I$9986) -> 0.10698548 | ... R11: =CORREL($K$26:$K$9986,R$26:R$9986) -> 0.068554876
A12: ='Comdty Correlation Matrix'!C16 -> Soybean | B12: =CORREL($L$26:$L$9986,B$26:B$9986) -> 0.79990283 | C12: =CORREL($L$26:$L$9986,C$26:C$9986) -> 0.76184898 | D12: =CORREL($L$26:$L$9986,D$26:D$9986) -> 0.14475211 | E12: =CORREL($L$26:$L$9986,E$26:E$9986) -> 0.33298959 | F12: =CORREL($L$26:$L$9986,F$26:F$9986) -> 0.422764 | G12: =CORREL($L$26:$L$9986,G$26:G$9986) -> 0.73522191 | H12: =CORREL($L$26:$L$9986,H$26:H$9986) -> 0.47632576 | I12: =CORREL($L$26:$L$9986,I$26:I$9986) -> 0.68569563 | ... R12: =CORREL($L$26:$L$9986,R$26:R$9986) -> -0.60851906
A13: ='Comdty Correlation Matrix'!C17 -> Soybean Oil | B13: =CORREL($M$26:$M$9986,B$26:B$9986) -> 0.61672212 | C13: =CORREL($M$26:$M$9986,C$26:C$9986) -> 0.60190655 | D13: =CORREL($M$26:$M$9986,D$26:D$9986) -> 0.31109318 | E13: =CORREL($M$26:$M$9986,E$26:E$9986) -> 0.58794334 | F13: =CORREL($M$26:$M$9986,F$26:F$9986) -> 0.51116695 | G13: =CORREL($M$26:$M$9986,G$26:G$9986) -> 0.35030781 | H13: =CORREL($M$26:$M$9986,H$26:H$9986) -> 0.24801313 | I13: =CORREL($M$26:$M$9986,I$26:I$9986) -> 0.44908273 | ... R13: =CORREL($M$26:$M$9986,R$26:R$9986) -> -0.13981837
A14: ='Comdty Correlation Matrix'!C18 -> Corn | B14: =CORREL($N$26:$N$9986,B$26:B$9986) -> 0.68859332 | C14: =CORREL($N$26:$N$9986,C$26:C$9986) -> 0.66086123 | D14: =CORREL($N$26:$N$9986,D$26:D$9986) -> 0.090346509 | E14: =CORREL($N$26:$N$9986,E$26:E$9986) -> 0.60094902 | F14: =CORREL($N$26:$N$9986,F$26:F$9986) -> 0.58463478 | G14: =CORREL($N$26:$N$9986,G$26:G$9986) -> 0.46634561 | H14: =CORREL($N$26:$N$9986,H$26:H$9986) -> 0.33275393 | I14: =CORREL($N$26:$N$9986,I$26:I$9986) -> 0.50502927 | ... R14: =CORREL($N$26:$N$9986,R$26:R$9986) -> -0.21162405
A15: ='Comdty Correlation Matrix'!C19 -> Coffee | B15: =CORREL($O$26:$O$9986,B$26:B$9986) -> 0.60763533 | C15: =CORREL($O$26:$O$9986,C$26:C$9986) -> 0.5837265 | D15: =CORREL($O$26:$O$9986,D$26:D$9986) -> 0.29354976 | E15: =CORREL($O$26:$O$9986,E$26:E$9986) -> 0.15218418 | F15: =CORREL($O$26:$O$9986,F$26:F$9986) -> 0.3177575 | G15: =CORREL($O$26:$O$9986,G$26:G$9986) -> 0.18631752 | H15: =CORREL($O$26:$O$9986,H$26:H$9986) -> -0.043355761 | I15: =CORREL($O$26:$O$9986,I$26:I$9986) -> 0.32174197 | ... R15: =CORREL($O$26:$O$9986,R$26:R$9986) -> -0.30887194
A16: ='Comdty Correlation Matrix'!C20 -> Orange Juice | B16: =CORREL($P$26:$P$9986,B$26:B$9986) -> -0.51836859 | C16: =CORREL($P$26:$P$9986,C$26:C$9986) -> -0.48251993 | D16: =CORREL($P$26:$P$9986,D$26:D$9986) -> 0.05780858 | E16: =CORREL($P$26:$P$9986,E$26:E$9986) -> 0.10923031 | F16: =CORREL($P$26:$P$9986,F$26:F$9986) -> -0.07928693 | G16: =CORREL($P$26:$P$9986,G$26:G$9986) -> -0.42770794 | H16: =CORREL($P$26:$P$9986,H$26:H$9986) -> -0.25161867 | I16: =CORREL($P$26:$P$9986,I$26:I$9986) -> -0.4969146 | ... R16: =CORREL($P$26:$P$9986,R$26:R$9986) -> 0.60855966
A17: ='Comdty Correlation Matrix'!C21 -> Sugar | B17: =CORREL($Q$26:$Q$9986,B$26:B$9986) -> -0.019532806 | C17: =CORREL($Q$26:$Q$9986,C$26:C$9986) -> -0.055625933 | D17: =CORREL($Q$26:$Q$9986,D$26:D$9986) -> -0.23529167 | E17: =CORREL($Q$26:$Q$9986,E$26:E$9986) -> -0.01343142 | F17: =CORREL($Q$26:$Q$9986,F$26:F$9986) -> -0.072578105 | G17: =CORREL($Q$26:$Q$9986,G$26:G$9986) -> 0.44236077 | H17: =CORREL($Q$26:$Q$9986,H$26:H$9986) -> 0.57006648 | I17: =CORREL($Q$26:$Q$9986,I$26:I$9986) -> 0.36531282 | ... R17: =CORREL($Q$26:$Q$9986,R$26:R$9986) -> -0.25597443
A18: ='Comdty Correlation Matrix'!C22 -> US Dollar Index | B18: =CORREL($R$26:$R$9986,B$26:B$9986) -> -0.34379468 | C18: =CORREL($R$26:$R$9986,C$26:C$9986) -> -0.26770122 | D18: =CORREL($R$26:$R$9986,D$26:D$9986) -> 0.43978279 | E18: =CORREL($R$26:$R$9986,E$26:E$9986) -> 0.30201824 | F18: =CORREL($R$26:$R$9986,F$26:F$9986) -> 0.20468089 | G18: =CORREL($R$26:$R$9986,G$26:G$9986) -> -0.84629679 | H18: =CORREL($R$26:$R$9986,H$26:H$9986) -> -0.81783954 | I18: =CORREL($R$26:$R$9986,I$26:I$9986) -> -0.88673258 | ... R18: =CORREL($R$26:$R$9986,R$26:R$9986) -> 1
A22: 시작 | B22: ='Comdty Correlation Matrix'!F3 -> 44586 | C22: 종료 | D22: ='Comdty Correlation Matrix'!H3 -> 44950 | E22: Data 개수 | F22: 9999 | G22: 주기 | H22: 일 | I22: 정렬 | J22: D | K22: 영업일 | L22: 12 | M22: 시세산출 | N22: 종가
A23: ='Comdty Correlation Matrix'!D6 -> NYM:CL | C23: ='Comdty Correlation Matrix'!D7 -> IPE:EB | D23: ='Comdty Correlation Matrix'!D8 -> NYM:NG | E23: ='Comdty Correlation Matrix'!D9 -> NYM:HO | F23: ='Comdty Correlation Matrix'!D10 -> IPE:EP | G23: ='Comdty Correlation Matrix'!D11 -> COM:GC | H23: ='Comdty Correlation Matrix'!D12 -> COM:SI | I23: ='Comdty Correlation Matrix'!D13 -> COM:HG | J23: ='Comdty Correlation Matrix'!D14 -> CME$CB | K23: ='Comdty Correlation Matrix'!D15 -> CME$CSC | L23: ='Comdty Correlation Matrix'!D16 -> CBT$ZS | M23: ='Comdty Correlation Matrix'!D17 -> CBT$ZL | N23: ='Comdty Correlation Matrix'!D18 -> CBT$ZC | O23: ='Comdty Correlation Matrix'!D19 -> NYB:KC | P23: ='Comdty Correlation Matrix'!D20 -> NYB:OJ | Q23: ='Comdty Correlation Matrix'!D21 -> NYB:SB | R23: ='Comdty Correlation Matrix'!D22 -> NYB:DX
A24: =_xll.IMDH("FRN",A23,A25:B25,$B$22,$D$22,$F$22,"Per="&$H$22&",sort="&$J$22&",real=true,Bizday="&$L$22&",Quote="&$N$22&",Pos=20,Orient=V,Title=WTI,DtFmt=1,TmFmt=1,unit=true") -> WTI | C24: =_xll.IMDH("FRN",C23,C25,$B$22,$D$22,$F$22,"Per="&$H$22&",sort="&$J$22&",real=true,Bizday="&$L$22&",Quote="&$N$22&",Pos=20,Orient=V,Title="&A3&",DtFmt=1,TmFmt=1,unit=true") -> BRENT | D24: =_xll.IMDH("FRN",D23,D25,$B$22,$D$22,$F$22,"Per="&$H$22&",sort="&$J$22&",real=true,Bizday="&$L$22&",Quote="&$N$22&",Pos=20,Orient=V,Title="&A4&",DtFmt=1,TmFmt=1,unit=true") -> NATURAL GAS | E24: =_xll.IMDH("FRN",E23,E25,$B$22,$D$22,$F$22,"Per="&$H$22&",sort="&$J$22&",real=true,Bizday="&$L$22&",Quote="&$N$22&",Pos=20,Orient=V,Title="&A5&",DtFmt=1,TmFmt=1,unit=true") -> HEATING OIL | F24: =_xll.IMDH("FRN",F23,F25,$B$22,$D$22,$F$22,"Per="&$H$22&",sort="&$J$22&",real=true,Bizday="&$L$22&",Quote="&$N$22&",Pos=20,Orient=V,Title="&A6&",DtFmt=1,TmFmt=1,unit=true") -> GAS OIL | G24: =_xll.IMDH("FRN",G23,G25,$B$22,$D$22,$F$22,"Per="&$H$22&",sort="&$J$22&",real=true,Bizday="&$L$22&",Quote="&$N$22&",Pos=20,Orient=V,Title="&A7&",DtFmt=1,TmFmt=1,unit=true") -> GOLD | H24: =_xll.IMDH("FRN",H23,H25,$B$22,$D$22,$F$22,"Per="&$H$22&",sort="&$J$22&",real=true,Bizday="&$L$22&",Quote="&$N$22&",Pos=20,Orient=V,Title="&A8&",DtFmt=1,TmFmt=1,unit=true") -> SILVER | I24: =_xll.IMDH("FRN",I23,I25,$B$22,$D$22,$F$22,"Per="&$H$22&",sort="&$J$22&",real=true,Bizday="&$L$22&",Quote="&$N$22&",Pos=20,Orient=V,Title="&A9&",DtFmt=1,TmFmt=1,unit=true") -> COPPER | J24: =_xll.IMDH("FRN",J23,J25,$B$22,$D$22,$F$22,"Per="&$H$22&",sort="&$J$22&",real=true,Bizday="&$L$22&",Quote="&$N$22&",Pos=20,Orient=V,Title="&A10&",DtFmt=1,TmFmt=1,unit=true") -> BUTTER | K24: =_xll.IMDH("FRN",K23,K25,$B$22,$D$22,$F$22,"Per="&$H$22&",sort="&$J$22&",real=true,Bizday="&$L$22&",Quote="&$N$22&",Pos=20,Orient=V,Title="&A11&",DtFmt=1,TmFmt=1,unit=true") -> CHEESE | L24: =_xll.IMDH("FRN",L23,L25,$B$22,$D$22,$F$22,"Per="&$H$22&",sort="&$J$22&",real=true,Bizday="&$L$22&",Quote="&$N$22&",Pos=20,Orient=V,Title="&A12&",DtFmt=1,TmFmt=1,unit=true") -> SOYBEAN | M24: =_xll.IMDH("FRN",M23,M25,$B$22,$D$22,$F$22,"Per="&$H$22&",sort="&$J$22&",real=true,Bizday="&$L$22&",Quote="&$N$22&",Pos=20,Orient=V,Title="&A13&",DtFmt=1,TmFmt=1,unit=true") -> SOYBEAN OIL | N24: =_xll.IMDH("FRN",N23,N25,$B$22,$D$22,$F$22,"Per="&$H$22&",sort="&$J$22&",real=true,Bizday="&$L$22&",Quote="&$N$22&",Pos=20,Orient=V,Title="&A14&",DtFmt=1,TmFmt=1,unit=true") -> CORN | O24: =_xll.IMDH("FRN",O23,O25,$B$22,$D$22,$F$22,"Per="&$H$22&",sort="&$J$22&",real=true,Bizday="&$L$22&",Quote="&$N$22&",Pos=20,Orient=V,Title="&A15&",DtFmt=1,TmFmt=1,unit=true") -> COFFEE | P24: =_xll.IMDH("FRN",P23,P25,$B$22,$D$22,$F$22,"Per="&$H$22&",sort="&$J$22&",real=true,Bizday="&$L$22&",Quote="&$N$22&",Pos=20,Orient=V,Title="&A16&",DtFmt=1,TmFmt=1,unit=true") -> ORANGE JUICE | Q24: =_xll.IMDH("FRN",Q23,Q25,$B$22,$D$22,$F$22,"Per="&$H$22&",sort="&$J$22&",real=true,Bizday="&$L$22&",Quote="&$N$22&",Pos=20,Orient=V,Title="&A17&",DtFmt=1,TmFmt=1,unit=true") -> SUGAR | R24: =_xll.IMDH("FRN",R23,R25,$B$22,$D$22,$F$22,"Per="&$H$22&",sort="&$J$22&",real=true,Bizday="&$L$22&",Quote="&$N$22&",Pos=20,Orient=V,Title="&A18&",DtFmt=1,TmFmt=1,unit=true") -> US DOLLAR INDEX
A25: 일자 | B25: 현재가 | C25: 현재가 | D25: 현재가 | E25: 현재가 | F25: 현재가 | G25: 현재가 | H25: 현재가 | I25: 현재가 | J25: 현재가 | K25: 현재가 | L25: 현재가 | M25: 현재가 | N25: 현재가 | O25: 현재가 | P25: 현재가 | Q25: 현재가 | R25: 현재가
A26: 44950 | B26: 80.13 | C26: 86.13 | D26: 3.258 | E26: 3.4272 | F26: 985.75 | G26: 1935.4 | H26: 23.749 | I26: 4.2485 | J26: 243.35 | K26: 1.979 | L26: 1488.5 | M26: 60.98 | N26: 677 | O26: 159.85 | P26: 203.8 | Q26: 19.88 | R26: 101.675
A27: 44949 | B27: 81.62 | C27: 88.19 | D27: 3.447 | E27: 3.5509 | F27: 1012.25 | G27: 1928.6 | H27: 23.554 | I27: 4.2565 | J27: 243.35 | K27: 1.979 | L27: 1490.25 | M27: 62.04 | N27: 666.25 | O27: 158.55 | P27: 204.4 | Q27: 19.7 | R27: 101.916
A28: 44948
A29: 44947
A30: 44946 | B30: 81.31 | C30: 87.63 | D30: 3.174 | E30: 3.4668 | F30: 983.5 | G30: 1928.2 | H30: 23.935 | I30: 4.2515 | J30: 243.25 | K30: 1.978 | L30: 1506.5 | M30: 61.97 | N30: 676.25 | O30: 154.8 | P30: 203.5 | Q30: 19.72 | R30: 101.781
A31: 44945 | B31: 80.33 | C31: 86.16 | D31: 3.275 | E31: 3.3759 | F31: 943 | G31: 1923.9 | H31: 23.87 | I31: 4.2315 | J31: 241.25 | K31: 1.98 | L31: 1514.75 | M31: 63.15 | N31: 677.25 | O31: 154.6 | P31: 204.2 | Q31: 19.68 | R31: 101.831
A32: 44944 | B32: 79.48 | C32: 84.98 | D32: 3.311 | E32: 3.263 | F32: 953.5 | G32: 1907 | H32: 23.647 | I32: 4.2345 | J32: 241.4 | K32: 1.979 | L32: 1524.5 | M32: 64.12 | N32: 681.25 | O32: 155 | P32: 205.55 | Q32: 19.82 | R32: 102.107
A33: 44943 | B33: 80.18 | C33: 85.92 | D33: 3.586 | E33: 3.251 | F33: 927.25 | G33: 1909.9 | H33: 24.068 | I33: 4.223 | J33: 241.3 | K33: 1.981 | L33: 1539.75 | M33: 63.84 | N33: 685.25 | O33: 151.1 | P33: 206.2 | Q33: 20.14 | R33: 102.141
A34: 44942 | C34: 84.46 | F34: 934
A35: 44941
A36: 44940
A37: 44939 | B37: 79.86 | C37: 85.28 | D37: 3.419 | E37: 3.2559 | F37: 932.75 | G37: 1921.7 | H37: 24.372 | I37: 4.216 | J37: 241.4 | K37: 1.98 | L37: 1538.25 | M37: 63.25 | N37: 675 | O37: 151.7 | P37: 207.2 | Q37: 19.73 | R37: 101.946
A38: 44938 | B38: 78.39 | C38: 84.03 | D38: 3.695 | E38: 3.219 | F38: 905.5 | G38: 1898.8 | H38: 24.004 | I38: 4.1965 | J38: 241.1 | K38: 1.988 | L38: 1529.5 | M38: 63.25 | N38: 671 | O38: 149.4 | P38: 207.4 | Q38: 19.59 | R38: 101.995
A39: 44937 | B39: 77.41 | C39: 82.67 | D39: 3.671 | E39: 3.2179 | F39: 905.5 | G39: 1878.9 | H39: 23.481 | I39: 4.166 | J39: 237.75 | K39: 1.989 | L39: 1515 | M39: 62.39 | N39: 656 | O39: 143.9 | P39: 207.6 | Q39: 19.65 | R39: 102.928
A40: 44936 | B40: 75.12 | C40: 80.1 | D40: 3.639 | E40: 3.1357 | F40: 883.5 | G40: 1876.5 | H40: 23.665 | I40: 4.0775 | J40: 237.05 | K40: 1.99 | L40: 1510 | M40: 63.13 | N40: 655 | O40: 150.9 | P40: 208.65 | Q40: 19.64 | R40: 102.98
A41: 44935 | B41: 74.63 | C41: 79.65 | D41: 3.91 | E41: 3.036 | F41: 880.5 | G41: 1877.8 | H41: 23.871 | I41: 4.0265 | J41: 234.9 | K41: 2.008 | L41: 1503.5 | M41: 63.91 | N41: 652.75 | O41: 158.05 | P41: 208.9 | Q41: 19.17 | R41: 102.743
A42: 44934
A43: 44933
A44: 44932 | B44: 73.77 | C44: 78.57 | D44: 3.71 | E44: 3.0045 | F44: 880.25 | G44: 1869.7 | H44: 23.982 | I44: 3.911 | J44: 234.05 | K44: 1.972 | L44: 1501.5 | M44: 63.73 | N44: 654 | O44: 158.3 | P44: 208.7 | Q44: 18.96 | R44: 103.646
A45: 44931 | B45: 73.67 | C45: 78.69 | D45: 3.72 | E45: 2.9723 | F45: 860.25 | G45: 1840.6 | H45: 23.424 | I45: 3.821 | J45: 277.59 | K45: 2.056 | L45: 1466.75 | M45: 62.94 | N45: 652.75 | O45: 160.55 | P45: 207.75 | Q45: 19.34 | R45: 104.828
A46: 44930 | B46: 72.84 | C46: 77.84 | D46: 4.172 | E46: 2.9719 | F46: 842.75 | G46: 1859 | H46: 23.964 | I46: 3.7405 | J46: 279.475 | K46: 2.05 | L46: 1478.25 | M46: 63.11 | N46: 653.75 | O46: 161.3 | P46: 205.45 | Q46: 19.54 | R46: 104.021
A47: 44929 | B47: 76.93 | C47: 82.1 | D47: 3.988 | E47: 3.0865 | F47: 900 | G47: 1846.1 | H47: 24.236 | I47: 3.7665 | J47: 279.475 | K47: 2.05 | L47: 1487.25 | M47: 63.16 | N47: 670.5 | O47: 166.3 | P47: 203.7 | Q47: 19.7 | R47: 104.312
A48: 44928
A49: 44927
A50: 44926
A51: 44925 | B51: 80.26 | C51: 85.91 | D51: 4.475 | E51: 3.3622 | F51: 921 | G51: 1826.2 | H51: 24.04 | I51: 3.8105 | J51: 279.475 | K51: 2.05 | L51: 1519.25 | M51: 63.81 | N51: 678.5 | O51: 167.3 | P51: 206.4 | Q51: 20.04 | R51: 103.269
A52: 44924 | B52: 78.4 | C52: 82.26 | D52: 4.559 | E52: 3.313 | F52: 918.75 | G52: 1826 | H52: 24.25 | I52: 3.824 | J52: 279.25 | K52: 2.057 | L52: 1508.75 | M52: 66.4 | N52: 679.5 | O52: 170.05 | P52: 206.3 | Q52: 20.29 | R52: 103.586
A53: 44923 | B53: 78.96 | C53: 83.26 | D53: 4.709 | E53: 3.3778 | F53: 920.5 | G53: 1815.8 | H53: 23.84 | I53: 3.8425 | J53: 279.25 | K53: 2.058 | L53: 1506.5 | M53: 65.8 | N53: 682.75 | O53: 173.55 | P53: 203.2 | Q53: 20.16 | R53: 104.182
A54: 44922 | B54: 79.53 | C54: 84.33 | D54: 5.282 | E54: 3.3537 | F54: 969.75 | G54: 1823.1 | H54: 24.217 | I54: 3.8405 | J54: 279.25 | K54: 2.059 | L54: 1482.25 | M54: 67.65 | N54: 674.75 | O54: 166.95 | P54: 204.5 | Q54: 20.32 | R54: 103.893
A55: 44921
A56: 44920
A57: 44919
A58: 44918 | B58: 79.56 | C58: 83.92 | D58: 5.079 | E58: 3.2661 | F58: 907.5 | G58: 1804.2 | H58: 23.92 | I58: 3.809 | J58: 279.475 | K58: 2.061 | L58: 1479 | M58: 65.93 | N58: 666.25 | O58: 172 | P58: 206.75 | Q58: 20.98 | R58: 104.01
A59: 44917 | B59: 77.49 | C59: 80.98 | D59: 4.999 | E59: 3.1314 | F59: 895 | G59: 1795.3 | H59: 23.622 | I59: 3.757 | J59: 279.5 | K59: 2.059 | L59: 1467.75 | M59: 65.8 | N59: 660.5 | O59: 168.9 | P59: 210.6 | Q59: 20.89 | R59: 104.127
A60: 44916 | B60: 78.29 | C60: 82.2 | D60: 5.332 | E60: 3.1395 | F60: 891.25 | G60: 1825.4 | H60: 24.194 | I60: 3.81 | J60: 279.5 | K60: 2.059 | L60: 1481 | M60: 66.31 | N60: 662.25 | O60: 169.35 | P60: 213.45 | Q60: 20.75 | R60: 103.847
A61: 44915 | B61: 76.09 | C61: 79.99 | D61: 5.326 | E61: 3.0589 | F61: 867.75 | G61: 1825.4 | H61: 24.271 | I61: 3.799 | J61: 279.675 | K61: 2.05 | L61: 1478.5 | M61: 66.05 | N61: 652 | O61: 167.8 | P61: 208.3 | Q61: 20.58 | R61: 103.606
A62: 44914 | B62: 75.19 | C62: 79.8 | D62: 5.851 | E62: 3.0535 | F62: 879.75 | G62: 1797.7 | H62: 23.199 | I62: 3.783 | J62: 281.525 | K62: 2.051 | L62: 1460.75 | M62: 64.41 | N62: 647.25 | O62: 164.05 | P62: 208 | Q62: 20.14 | R62: 104.595
A63: 44913
A64: 44912
A65: 44911 | B65: 74.29 | C65: 79.04 | D65: 6.6 | E65: 3.1199 | F65: 886 | G65: 1800.2 | H65: 23.328 | I65: 3.7615 | J65: 284.45 | K65: 2.05 | L65: 1480 | M65: 63.36 | N65: 653 | O65: 164.15 | P65: 210.25 | Q65: 20.09 | R65: 104.661
A66: 44910 | B66: 76.11 | C66: 81.21 | D66: 6.97 | E66: 3.2834 | F66: 922.25 | G66: 1787.8 | H66: 23.305 | I66: 3.763 | J66: 282.375 | K66: 2.053 | L66: 1473.5 | M66: 63.82 | N66: 653.5 | O66: 171.5 | P66: 207.2 | Q66: 19.98 | R66: 104.532
A67: 44909 | B67: 77.28 | C67: 82.7 | D67: 6.43 | E67: 3.2768 | F67: 922.75 | G67: 1818.7 | H67: 24.136 | I67: 3.878 | J67: 278.425 | K67: 2.054 | L67: 1482.25 | M67: 66.31 | N67: 639 | O67: 168.3 | P67: 210.2 | Q67: 20.29 | R67: 103.739
A68: 44908 | B68: 75.39 | C68: 80.68 | D68: 6.935 | E68: 3.0922 | F68: 883.5 | G68: 1825.5 | H68: 23.99 | I68: 3.842 | J68: 276.075 | K68: 2.057 | L68: 1479.75 | M68: 66.31 | N68: 643.75 | O68: 167.15 | P68: 207.7 | Q68: 19.76 | R68: 103.943
A69: 44907 | B69: 73.17 | C69: 77.99 | D69: 6.587 | E69: 2.9685 | F69: 820.75 | G69: 1792.3 | H69: 23.403 | I69: 3.8005 | J69: 276.6 | K69: 2.052 | L69: 1460.5 | M69: 64.39 | N69: 641.25 | O69: 166.35 | P69: 209.2 | Q69: 19.38 | R69: 105.104
A70: 44906
A71: 44905
A72: 44904 | B72: 71.02 | C72: 76.1 | D72: 6.245 | E72: 2.7937 | F72: 820.75 | G72: 1810.7 | H72: 23.717 | I72: 3.8785 | J72: 276.75 | K72: 2.057 | L72: 1483.75 | M72: 62.2 | N72: 634.75 | O72: 157.75 | P72: 215.15 | Q72: 19.6 | R72: 104.799
A73: 44903 | B73: 71.46 | C73: 76.15 | D73: 5.962 | E73: 2.8798 | F73: 805.75 | G73: 1801.5 | H73: 23.246 | I73: 3.8835 | J73: 275.25 | K73: 2.04 | L73: 1486.25 | M73: 63.5 | N73: 632 | O73: 156.9 | P73: 224.25 | Q73: 19.68 | R73: 104.756
A74: 44902 | B74: 72.01 | C74: 77.17 | D74: 5.723 | E74: 2.7805 | F74: 808.75 | G74: 1798 | H74: 22.922 | I74: 3.8605 | J74: 277.525 | K74: 2.045 | L74: 1472 | M74: 63.15 | N74: 627.75 | O74: 157.7 | P74: 218.5 | Q74: 19.48 | R74: 105.056
A75: 44901 | B75: 74.25 | C75: 79.35 | D75: 5.469 | E75: 2.9155 | F75: 822.25 | G75: 1782.4 | H75: 22.335 | I75: 3.818 | J75: 279 | K75: 2.045 | L75: 1455 | M75: 63.87 | N75: 625.5 | O75: 161.05 | P75: 208.5 | Q75: 19.39 | R75: 105.542
A76: 44900 | B76: 76.93 | C76: 82.68 | D76: 5.577 | E76: 2.9998 | F76: 893.5 | G76: 1781.3 | H76: 22.417 | I76: 3.795 | J76: 275.125 | K76: 2.04 | L76: 1437.75 | M76: 64.9 | N76: 628.75 | O76: 160.15 | P76: 205.65 | Q76: 19.55 | R76: 105.239
A77: 44899
A78: 44898
A79: 44897 | B79: 79.98 | C79: 85.57 | D79: 6.281 | E79: 3.1685 | F79: 912.25 | G79: 1809.6 | H79: 23.25 | I79: 3.8505 | J79: 272.75 | K79: 2.032 | L79: 1438.5 | M79: 67.59 | N79: 635 | O79: 160.15 | P79: 203.55 | Q79: 19.48 | R79: 104.5
A80: 44896 | B80: 81.22 | C80: 86.88 | D80: 6.738 | E80: 3.2624 | F80: 952.75 | G80: 1815.2 | H80: 22.841 | I80: 3.8175 | J80: 270.5 | K80: 2.028 | L80: 1429.75 | M80: 68.4 | N80: 650 | O80: 163.35 | P80: 197.8 | Q80: 19.62 | R80: 104.689
A81: 44895 | B81: 80.55 | C81: 85.43 | D81: 6.93 | E81: 3.3629 | F81: 927.25 | G81: 1759.9 | H81: 21.781 | I81: 3.738 | J81: 295.6 | K81: 2.09 | L81: 1469.5 | M81: 75.23 | N81: 662 | O81: 167.7 | P81: 200.7 | Q81: 19.63 | R81: 105.897
A82: 44894 | B82: 78.2 | C82: 83.03 | D82: 7.235 | E82: 3.2959 | F82: 892.25 | G82: 1763.7 | H82: 21.436 | I82: 3.6395 | J82: 295.75 | K82: 2.09 | L82: 1459.5 | M82: 76.54 | N82: 665.75 | O82: 166.7 | P82: 205.05 | Q82: 19.53 | R82: 106.768
A83: 44893 | B83: 77.24 | C83: 83.19 | D83: 6.712 | E83: 3.2154 | F83: 887 | G83: 1740.3 | H83: 20.915 | I83: 3.6115 | J83: 296 | K83: 2.091 | L83: 1457.25 | M83: 76.07 | N83: 668.75 | O83: 160.65 | P83: 206.65 | Q83: 19.38 | R83: 106.632
A84: 44892
A85: 44891
A86: 44890 | B86: 76.28 | C86: 83.63 | D86: 7.024 | E86: 3.2391 | F86: 916.25 | G86: 1754 | H86: 21.43 | I86: 3.6275 | J86: 296 | K86: 2.091 | L86: 1436.25 | M86: 74.52 | N86: 668 | O86: 163.55 | P86: 210.8 | Q86: 19.33 | R86: 105.917
A87: 44889 | C87: 85.34 | F87: 921.25
A88: 44888 | B88: 77.94 | C88: 85.41 | D88: 7.308 | E88: 3.3593 | F88: 926.25 | G88: 1745.6 | H88: 21.367 | I88: 3.618 | J88: 296 | K88: 2.091 | L88: 1436 | M88: 74.91 | N88: 663.25 | O88: 160.1 | P88: 206.4 | Q88: 19.55 | R88: 105.967
A89: 44887 | B89: 80.95 | C89: 88.36 | D89: 6.779 | E89: 3.4713 | F89: 943.25 | G89: 1739.9 | H89: 21.049 | I89: 3.6145 | J89: 296.7 | K89: 2.09 | L89: 1429.75 | M89: 73.84 | N89: 656.75 | O89: 161.8 | P89: 207.35 | Q89: 19.74 | R89: 107.115
A90: 44886 | B90: 79.73 | C90: 87.45 | D90: 6.776 | E90: 3.4973 | F90: 916.75 | G90: 1739.6 | H90: 20.872 | I90: 3.5715 | J90: 296.1 | K90: 2.09 | L90: 1436.75 | M90: 73 | N90: 659.5 | O90: 157.5 | P90: 205.75 | Q90: 19.86 | R90: 107.732
A91: 44885
A92: 44884
A93: 44883 | B93: 80.08 | C93: 87.62 | D93: 6.303 | E93: 3.5181 | F93: 946 | G93: 1754.4 | H93: 20.997 | I93: 3.632 | J93: 296.075 | K93: 2.09 | L93: 1428.25 | M93: 72.74 | N93: 667.75 | O93: 151.3 | P93: 201.15 | Q93: 20.05 | R93: 106.826
A94: 44882 | B94: 81.64 | C94: 89.78 | D94: 6.369 | E94: 3.5248 | F94: 956 | G94: 1763 | H94: 20.975 | I94: 3.688 | J94: 296 | K94: 2.091 | L94: 1417 | M94: 72.13 | N94: 667.5 | O94: 152.7 | P94: 201 | Q94: 19.73 | R94: 106.592
A95: 44881 | B95: 85.59 | C95: 92.86 | D95: 6.2 | E95: 3.6136 | F95: 991.75 | G95: 1775.8 | H95: 21.524 | I95: 3.7735 | J95: 296 | K95: 2.092 | L95: 1429.25 | M95: 74.08 | N95: 665.25 | O95: 155.45 | P95: 202.65 | Q95: 20.27 | R95: 106.152
A96: 44880 | B96: 86.92 | C96: 93.86 | D96: 6.034 | E96: 3.6413 | F96: 990.25 | G96: 1776.8 | H96: 21.518 | I96: 3.82 | J96: 294 | K96: 2.086 | L96: 1457.25 | M96: 76.98 | N96: 666.75 | O96: 156.75 | P96: 198 | Q96: 20.29 | R96: 106.295
A97: 44879 | B97: 85.87 | C97: 93.14 | D97: 5.933 | E97: 3.544 | F97: 991.75 | G97: 1776.9 | H97: 22.113 | I97: 3.8335 | J97: 288.75 | K97: 2.086 | L97: 1441.75 | M97: 76.28 | N97: 657.25 | O97: 166.2 | P97: 194.95 | Q97: 19.83 | R97: 106.531
A98: 44878
A99: 44877
A100: 44876 | B100: 88.86 | C100: 95.99 | D100: 5.902 | E100: 3.5886 | F100: 987.75 | G100: 1769.4 | H100: 21.667 | I100: 3.9135 | J100: 288.75 | K100: 2.09 | L100: 1455.5 | M100: 76.97 | N100: 658 | O100: 170.1 | P100: 203.3 | Q100: 19.64 | R100: 106.164
A101: 44875 | B101: 86.47 | C101: 93.67 | D101: 6.239 | E101: 3.5694 | F101: 1028.5 | G101: 1753.7 | H101: 21.702 | I101: 3.758 | J101: 287.975 | K101: 2.084 | L101: 1430.5 | M101: 76.09 | N101: 653.25 | O101: 171 | P101: 208.2 | Q101: 19.41 | R101: 108.092
A102: 44874 | B102: 85.83 | C102: 92.65 | D102: 5.865 | E102: 3.6563 | F102: 1028.5 | G102: 1713.7 | H102: 21.327 | I102: 3.7 | J102: 287.975 | K102: 2.09 | L102: 1459.75 | M102: 75.54 | N102: 664.5 | O102: 165.15 | P102: 228.85 | Q102: 19.38 | R102: 110.46
A103: 44873 | B103: 88.91 | C103: 95.36 | D103: 6.138 | E103: 3.7707 | F103: 1067.25 | G103: 1716 | H103: 21.502 | I103: 3.6825 | J103: 284.5 | K103: 2.079 | L103: 1444 | M103: 75.03 | N103: 667.5 | O103: 166.45 | P103: 225.8 | Q103: 19 | R103: 109.542
...
