Workbook

Sheet KOSPI
A1: 외국인 거래소 비중 추이 | Q1: (최근 250일)
A3: 일자 | B3: KOSPI(좌) | C3: 외국인비중(우)
A4: =Raw_시세!A5 -> 43601 | B4: =Raw_시세!B5 -> 2067.69 | C4: =Raw_비중!B5 -> 37.09
A5: =Raw_시세!A6 -> 43600 | B5: =Raw_시세!B6 -> 2092.78 | C5: =Raw_비중!B6 -> 37.2
A6: =Raw_시세!A7 -> 43599 | B6: =Raw_시세!B7 -> 2081.84 | C6: =Raw_비중!B7 -> 37.27
A7: =Raw_시세!A8 -> 43598 | B7: =Raw_시세!B8 -> 2079.01 | C7: =Raw_비중!B8 -> 37.37
A8: =Raw_시세!A9 -> 43595 | B8: =Raw_시세!B9 -> 2108.04 | C8: =Raw_비중!B9 -> 37.29
A9: =Raw_시세!A10 -> 43594 | B9: =Raw_시세!B10 -> 2102.01 | C9: =Raw_비중!B10 -> 37.26
A10: =Raw_시세!A11 -> 43593 | B10: =Raw_시세!B11 -> 2168.01 | C10: =Raw_비중!B11 -> 37.38
A11: =Raw_시세!A12 -> 43592 | B11: =Raw_시세!B12 -> 2176.99 | C11: =Raw_비중!B12 -> 37.41
A12: =Raw_시세!A13 -> 43588 | B12: =Raw_시세!B13 -> 2196.32 | C12: =Raw_비중!B13 -> 37.38
A13: =Raw_시세!A14 -> 43587 | B13: =Raw_시세!B14 -> 2212.75 | C13: =Raw_비중!B14 -> 37.38
A14: =Raw_시세!A15 -> 43585 | B14: =Raw_시세!B15 -> 2203.59 | C14: =Raw_비중!B15 -> 37.39
A15: =Raw_시세!A16 -> 43584 | B15: =Raw_시세!B16 -> 2216.43 | C15: =Raw_비중!B16 -> 37.35
... A253: =Raw_시세!A254 -> 43228 | B253: =Raw_시세!B254 -> 2449.81 | C253: =Raw_비중!B254 -> 36.96

Sheet 지분율 증감
A1: 외국인 업종별 지분율 증감
A3: 업종 | B3: 외인지분 | G3: 지수
B4: =KOSPI!$A$4 -> 43601 | C4: =KOSPI!$A$253 -> 43228 | D4: 증감 | E4: 최저 | F4: 최고 | G4: =B4 -> 43601 | H4: =C4 -> 43228 | I4: 대비 | J4: 등락률
A5: KOSPI | B5: =Raw_비중!B$5 -> 37.09 | C5: =Raw_비중!B$254 -> 36.96 | D5: =B5-C5 -> 0.13 | E5: =MIN(Raw_비중!B$5:B$254) -> 35.73 | F5: =MAX(Raw_비중!B$5:B$254) -> 37.41 | G5: =Raw_시세!B$5 -> 2067.69 | H5: =Raw_시세!B$254 -> 2449.81 | I5: =G5-H5 -> -382.12 | J5: =(G5-H5)/H5*100 -> -15.597944
A6: 음식료품 | B6: =Raw_비중!C$5 -> 17.97 | C6: =Raw_비중!C$254 -> 19.6 | D6: =B6-C6 -> -1.63 | E6: =MIN(Raw_비중!C$5:C$254) -> 17.97 | F6: =MAX(Raw_비중!C$5:C$254) -> 20.41 | G6: =Raw_시세!C$5 -> 3794.26 | H6: =Raw_시세!C$254 -> 4380.37 | I6: =G6-H6 -> -586.11 | J6: =(G6-H6)/H6*100 -> -13.380377
A7: 섬유.의복 | B7: =Raw_비중!D$5 -> 13.15 | C7: =Raw_비중!D$254 -> 13.09 | D7: =B7-C7 -> 0.06 | E7: =MIN(Raw_비중!D$5:D$254) -> 12.99 | F7: =MAX(Raw_비중!D$5:D$254) -> 15.95 | G7: =Raw_시세!D$5 -> 312.38 | H7: =Raw_시세!D$254 -> 291.11 | I7: =G7-H7 -> 21.27 | J7: =(G7-H7)/H7*100 -> 7.3065164
A8: 종이.목재 | B8: =Raw_비중!E$5 -> 6.15 | C8: =Raw_비중!E$254 -> 5.55 | D8: =B8-C8 -> 0.6 | E8: =MIN(Raw_비중!E$5:E$254) -> 5.49 | F8: =MAX(Raw_비중!E$5:E$254) -> 9.15 | G8: =Raw_시세!E$5 -> 405.01 | H8: =Raw_시세!E$254 -> 411.58 | I8: =G8-H8 -> -6.57 | J8: =(G8-H8)/H8*100 -> -1.5962875
A9: 화학 | B9: =Raw_비중!F$5 -> 34.61 | C9: =Raw_비중!F$254 -> 35.26 | D9: =B9-C9 -> -0.65 | E9: =MIN(Raw_비중!F$5:F$254) -> 34.61 | F9: =MAX(Raw_비중!F$5:F$254) -> 36.97 | G9: =Raw_시세!F$5 -> 4826.93 | H9: =Raw_시세!F$254 -> 5951.47 | I9: =G9-H9 -> -1124.54 | J9: =(G9-H9)/H9*100 -> -18.895164
A10: 의약품 | B10: =Raw_비중!G$5 -> 14.04 | C10: =Raw_비중!G$254 -> 15.04 | D10: =B10-C10 -> -1 | E10: =MIN(Raw_비중!G$5:G$254) -> 13.3 | F10: =MAX(Raw_비중!G$5:G$254) -> 15.57 | G10: =Raw_시세!G$5 -> 10193.4 | H10: =Raw_시세!G$254 -> 11943.47 | I10: =G10-H10 -> -1750.07 | J10: =(G10-H10)/H10*100 -> -14.652944
A11: 비금속광물 | B11: =Raw_비중!H$5 -> 5.16 | C11: =Raw_비중!H$254 -> 9.42 | D11: =B11-C11 -> -4.26 | E11: =MIN(Raw_비중!H$5:H$254) -> 4.32 | F11: =MAX(Raw_비중!H$5:H$254) -> 12.4 | G11: =Raw_시세!H$5 -> 1635.51 | H11: =Raw_시세!H$254 -> 1761.41 | I11: =G11-H11 -> -125.9 | J11: =(G11-H11)/H11*100 -> -7.1476828
A12: 철강.금속 | B12: =Raw_비중!I$5 -> 35.66 | C12: =Raw_비중!I$254 -> 39.58 | D12: =B12-C12 -> -3.92 | E12: =MIN(Raw_비중!I$5:I$254) -> 35.64 | F12: =MAX(Raw_비중!I$5:I$254) -> 40.34 | G12: =Raw_시세!I$5 -> 3964.47 | H12: =Raw_시세!I$254 -> 5450.48 | I12: =G12-H12 -> -1486.01 | J12: =(G12-H12)/H12*100 -> -27.263837
A13: 기계 | B13: =Raw_비중!J$5 -> 16.07 | C13: =Raw_비중!J$254 -> 13.97 | D13: =B13-C13 -> 2.1 | E13: =MIN(Raw_비중!J$5:J$254) -> 13.97 | F13: =MAX(Raw_비중!J$5:J$254) -> 16.11 | G13: =Raw_시세!J$5 -> 738.37 | H13: =Raw_시세!J$254 -> 956.24 | I13: =G13-H13 -> -217.87 | J13: =(G13-H13)/H13*100 -> -22.784029
A14: 전기.전자 | B14: =Raw_비중!K$5 -> 54.47 | C14: =Raw_비중!K$254 -> 51.92 | D14: =B14-C14 -> 2.55 | E14: =MIN(Raw_비중!K$5:K$254) -> 50.18 | F14: =MAX(Raw_비중!K$5:K$254) -> 54.73 | G14: =Raw_시세!K$5 -> 15597.07 | H14: =Raw_시세!K$254 -> 19272.19 | I14: =G14-H14 -> -3675.12 | J14: =(G14-H14)/H14*100 -> -19.06955
A15: 의료정밀 | B15: =Raw_비중!L$5 -> 17.92 | C15: =Raw_비중!L$254 -> 13.68 | D15: =B15-C15 -> 4.24 | E15: =MIN(Raw_비중!L$5:L$254) -> 13.68 | F15: =MAX(Raw_비중!L$5:L$254) -> 21 | G15: =Raw_시세!L$5 -> 2686.85 | H15: =Raw_시세!L$254 -> 3217.41 | I15: =G15-H15 -> -530.56 | J15: =(G15-H15)/H15*100 -> -16.490283
A16: 운수.장비 | B16: =Raw_비중!M$5 -> 37.38 | C16: =Raw_비중!M$254 -> 37.79 | D16: =B16-C16 -> -0.41 | E16: =MIN(Raw_비중!M$5:M$254) -> 34.48 | F16: =MAX(Raw_비중!M$5:M$254) -> 37.79 | G16: =Raw_시세!M$5 -> 1502.7 | H16: =Raw_시세!M$254 -> 1654.03 | I16: =G16-H16 -> -151.33 | J16: =(G16-H16)/H16*100 -> -9.149169
A17: 유통업 | B17: =Raw_비중!N$5 -> 21.87 | C17: =Raw_비중!N$254 -> 20.25 | D17: =B17-C17 -> 1.62 | E17: =MIN(Raw_비중!N$5:N$254) -> 20.05 | F17: =MAX(Raw_비중!N$5:N$254) -> 22.29 | G17: =Raw_시세!N$5 -> 395.27 | H17: =Raw_시세!N$254 -> 470.71 | I17: =G17-H17 -> -75.44 | J17: =(G17-H17)/H17*100 -> -16.026853
A18: 전기.가스업 | B18: =Raw_비중!O$5 -> 22.91 | C18: =Raw_비중!O$254 -> 24.86 | D18: =B18-C18 -> -1.95 | E18: =MIN(Raw_비중!O$5:O$254) -> 22.65 | F18: =MAX(Raw_비중!O$5:O$254) -> 25.27 | G18: =Raw_시세!O$5 -> 851.08 | H18: =Raw_시세!O$254 -> 1176.99 | I18: =G18-H18 -> -325.91 | J18: =(G18-H18)/H18*100 -> -27.690125
A19: 건설업 | B19: =Raw_비중!P$5 -> 24.7 | C19: =Raw_비중!P$254 -> 19.54 | D19: =B19-C19 -> 5.16 | E19: =MIN(Raw_비중!P$5:P$254) -> 18.84 | F19: =MAX(Raw_비중!P$5:P$254) -> 24.73 | G19: =Raw_시세!P$5 -> 106.71 | H19: =Raw_시세!P$254 -> 133.83 | I19: =G19-H19 -> -27.12 | J19: =(G19-H19)/H19*100 -> -20.264515
A20: 운수.창고 | B20: =Raw_비중!Q$5 -> 18.45 | C20: =Raw_비중!Q$254 -> 17.23 | D20: =B20-C20 -> 1.22 | E20: =MIN(Raw_비중!Q$5:Q$254) -> 15.69 | F20: =MAX(Raw_비중!Q$5:Q$254) -> 19.49 | G20: =Raw_시세!Q$5 -> 1437.69 | H20: =Raw_시세!Q$254 -> 1532.91 | I20: =G20-H20 -> -95.22 | J20: =(G20-H20)/H20*100 -> -6.211715
A21: 통신업 | B21: =Raw_비중!R$5 -> 41.75 | C21: =Raw_비중!R$254 -> 40.97 | D21: =B21-C21 -> 0.78 | E21: =MIN(Raw_비중!R$5:R$254) -> 40.71 | F21: =MAX(Raw_비중!R$5:R$254) -> 43.69 | G21: =Raw_시세!R$5 -> 371.82 | H21: =Raw_시세!R$254 -> 340.2 | I21: =G21-H21 -> 31.62 | J21: =(G21-H21)/H21*100 -> 9.2945326
A22: 금융업 | B22: =Raw_비중!S$5 -> 35 | C22: =Raw_비중!S$254 -> 33.76 | D22: =B22-C22 -> 1.24 | E22: =MIN(Raw_비중!S$5:S$254) -> 33.05 | F22: =MAX(Raw_비중!S$5:S$254) -> 35.08 | G22: =Raw_시세!S$5 -> 434.89 | H22: =Raw_시세!S$254 -> 518.84 | I22: =G22-H22 -> -83.95 | J22: =(G22-H22)/H22*100 -> -16.180325
A23: 은행 | B23: =Raw_비중!T$5 -> 23.15 | C23: =Raw_비중!T$254 -> 24.56 | D23: =B23-C23 -> -1.41 | E23: =MIN(Raw_비중!T$5:T$254) -> 22.86 | F23: =MAX(Raw_비중!T$5:T$254) -> 25.84 | G23: =Raw_시세!T$5 -> 292.6 | H23: =Raw_시세!T$254 -> 320.39 | I23: =G23-H23 -> -27.79 | J23: =(G23-H23)/H23*100 -> -8.6738038
A24: 증권 | B24: =Raw_비중!U$5 -> 17.2 | C24: =Raw_비중!U$254 -> 15.25 | D24: =B24-C24 -> 1.95 | E24: =MIN(Raw_비중!U$5:U$254) -> 14.62 | F24: =MAX(Raw_비중!U$5:U$254) -> 17.21 | G24: =Raw_시세!U$5 -> 1805.53 | H24: =Raw_시세!U$254 -> 2135.2 | I24: =G24-H24 -> -329.67 | J24: =(G24-H24)/H24*100 -> -15.439771
A25: 보험 | B25: =Raw_비중!V$5 -> 32.6 | C25: =Raw_비중!V$254 -> 31.45 | D25: =B25-C25 -> 1.15 | E25: =MIN(Raw_비중!V$5:V$254) -> 30.91 | F25: =MAX(Raw_비중!V$5:V$254) -> 33.14 | G25: =Raw_시세!V$5 -> 15730.38 | H25: =Raw_시세!V$254 -> 19248.71 | I25: =G25-H25 -> -3518.33 | J25: =(G25-H25)/H25*100 -> -18.278264
A26: 서비스업 | B26: =Raw_비중!W$5 -> 31.34 | C26: =Raw_비중!W$254 -> 32 | D26: =B26-C26 -> -0.66 | E26: =MIN(Raw_비중!W$5:W$254) -> 30.9 | F26: =MAX(Raw_비중!W$5:W$254) -> 33.37 | G26: =Raw_시세!W$5 -> 1126.77 | H26: =Raw_시세!W$254 -> 1166.05 | I26: =G26-H26 -> -39.28 | J26: =(G26-H26)/H26*100 -> -3.3686377

Sheet Raw_시세
A1: 시작 | B1: =TODAY()-730 -> 42872 | C1: 종료 | D1: =TODAY()-1 -> 43601 | E1: Data 개수 | F1: 250 | G1: 주기 | H1: 일 | I1: 정렬 | J1: D | K1: 영업일 | L1: 0
A2: 001 | C2: 005 | D2: 006 | E2: 007 | F2: 008 | G2: 009 | H2: 010 | I2: 011 | J2: 012 | K2: 013 | L2: 014 | M2: 015 | N2: 016 | O2: 017 | P2: 018 | Q2: 019 | R2: 020 | S2: 021 | T2: 022 | U2: 024 | V2: 025 | W2: 026
A3: =_xll.IMDH("IDX","001",A4:B4,$B$1,$D$1,$F$1,"Per="&$H$1&",sort="&$J$1&",real=true,Bizday="&$L$1&",Pos=20,Orient=V,Title=KOSPI,DtFmt=1,TmFmt=1") -> KOSPI | C3: =_xll.IMDH("IDX","005",C4:C4,$B$1,$D$1,$F$1,"Per="&$H$1&",sort="&$J$1&",real=true,Bizday="&$L$1&",Pos=20,Orient=V,Title=음식료품,DtFmt=1,TmFmt=1") -> 음식료품 | D3: =_xll.IMDH("IDX","006",D4:D4,$B$1,$D$1,$F$1,"Per="&$H$1&",sort="&$J$1&",real=true,Bizday="&$L$1&",Pos=20,Orient=V,Title=섬유.의복,DtFmt=1,TmFmt=1") -> 섬유.의복 | E3: =_xll.IMDH("IDX","007",E4:E4,$B$1,$D$1,$F$1,"Per="&$H$1&",sort="&$J$1&",real=true,Bizday="&$L$1&",Pos=20,Orient=V,Title=종이.목재,DtFmt=1,TmFmt=1") -> 종이.목재 | F3: =_xll.IMDH("IDX","008",F4:F4,$B$1,$D$1,$F$1,"Per="&$H$1&",sort="&$J$1&",real=true,Bizday="&$L$1&",Pos=20,Orient=V,Title=화학,DtFmt=1,TmFmt=1") -> 화학 | G3: =_xll.IMDH("IDX","009",G4:G4,$B$1,$D$1,$F$1,"Per="&$H$1&",sort="&$J$1&",real=true,Bizday="&$L$1&",Pos=20,Orient=V,Title=의약품,DtFmt=1,TmFmt=1") -> 의약품 | H3: =_xll.IMDH("IDX","010",H4:H4,$B$1,$D$1,$F$1,"Per="&$H$1&",sort="&$J$1&",real=true,Bizday="&$L$1&",Pos=20,Orient=V,Title=비금속광물,DtFmt=1,TmFmt=1") -> 비금속광물 | I3: =_xll.IMDH("IDX","011",I4:I4,$B$1,$D$1,$F$1,"Per="&$H$1&",sort="&$J$1&",real=true,Bizday="&$L$1&",Pos=20,Orient=V,Title=철강.금속,DtFmt=1,TmFmt=1") -> 철강.금속 | J3: =_xll.IMDH("IDX","012",J4:J4,$B$1,$D$1,$F$1,"Per="&$H$1&",sort="&$J$1&",real=true,Bizday="&$L$1&",Pos=20,Orient=V,Title=기계,DtFmt=1,TmFmt=1") -> 기계 | K3: =_xll.IMDH("IDX","013",K4:K4,$B$1,$D$1,$F$1,"Per="&$H$1&",sort="&$J$1&",real=true,Bizday="&$L$1&",Pos=20,Orient=V,Title=전기.전자,DtFmt=1,TmFmt=1") -> 전기.전자 | L3: =_xll.IMDH("IDX","014",L4:L4,$B$1,$D$1,$F$1,"Per="&$H$1&",sort="&$J$1&",real=true,Bizday="&$L$1&",Pos=20,Orient=V,Title=의료정밀,DtFmt=1,TmFmt=1") -> 의료정밀 | M3: =_xll.IMDH("IDX","015",M4:M4,$B$1,$D$1,$F$1,"Per="&$H$1&",sort="&$J$1&",real=true,Bizday="&$L$1&",Pos=20,Orient=V,Title=운수.장비,DtFmt=1,TmFmt=1") -> 운수.장비 | N3: =_xll.IMDH("IDX","016",N4:N4,$B$1,$D$1,$F$1,"Per="&$H$1&",sort="&$J$1&",real=true,Bizday="&$L$1&",Pos=20,Orient=V,Title=유통업,DtFmt=1,TmFmt=1") -> 유통업 | O3: =_xll.IMDH("IDX","017",O4:O4,$B$1,$D$1,$F$1,"Per="&$H$1&",sort="&$J$1&",real=true,Bizday="&$L$1&",Pos=20,Orient=V,Title=전기.가스업,DtFmt=1,TmFmt=1") -> 전기.가스업 | P3: =_xll.IMDH("IDX","018",P4:P4,$B$1,$D$1,$F$1,"Per="&$H$1&",sort="&$J$1&",real=true,Bizday="&$L$1&",Pos=20,Orient=V,Title=건설업,DtFmt=1,TmFmt=1") -> 건설업 | Q3: =_xll.IMDH("IDX","019",Q4:Q4,$B$1,$D$1,$F$1,"Per="&$H$1&",sort="&$J$1&",real=true,Bizday="&$L$1&",Pos=20,Orient=V,Title=운수.창고,DtFmt=1,TmFmt=1") -> 운수.창고 | R3: =_xll.IMDH("IDX","020",R4:R4,$B$1,$D$1,$F$1,"Per="&$H$1&",sort="&$J$1&",real=true,Bizday="&$L$1&",Pos=20,Orient=V,Title=통신업,DtFmt=1,TmFmt=1") -> 통신업 | S3: =_xll.IMDH("IDX","021",S4:S4,$B$1,$D$1,$F$1,"Per="&$H$1&",sort="&$J$1&",real=true,Bizday="&$L$1&",Pos=20,Orient=V,Title=금융업,DtFmt=1,TmFmt=1") -> 금융업 | T3: =_xll.IMDH("IDX","022",T4:T4,$B$1,$D$1,$F$1,"Per="&$H$1&",sort="&$J$1&",real=true,Bizday="&$L$1&",Pos=20,Orient=V,Title=은행,DtFmt=1,TmFmt=1") -> 은행 | U3: =_xll.IMDH("IDX","024",U4:U4,$B$1,$D$1,$F$1,"Per="&$H$1&",sort="&$J$1&",real=true,Bizday="&$L$1&",Pos=20,Orient=V,Title=증권,DtFmt=1,TmFmt=1") -> 증권 | V3: =_xll.IMDH("IDX","025",V4:V4,$B$1,$D$1,$F$1,"Per="&$H$1&",sort="&$J$1&",real=true,Bizday="&$L$1&",Pos=20,Orient=V,Title=보험,DtFmt=1,TmFmt=1") -> 보험 | W3: =_xll.IMDH("IDX","026",W4:W4,$B$1,$D$1,$F$1,"Per="&$H$1&",sort="&$J$1&",real=true,Bizday="&$L$1&",Pos=20,Orient=V,Title=서비스업,DtFmt=1,TmFmt=1") -> 서비스업
A4: 일자 | B4: 현재가 | C4: 현재가 | D4: 현재가 | E4: 현재가 | F4: 현재가 | G4: 현재가 | H4: 현재가 | I4: 현재가 | J4: 현재가 | K4: 현재가 | L4: 현재가 | M4: 현재가 | N4: 현재가 | O4: 현재가 | P4: 현재가 | Q4: 현재가 | R4: 현재가 | S4: 현재가 | T4: 현재가 | U4: 현재가 | V4: 현재가 | W4: 현재가
A5: 43601 | B5: 2067.69 | C5: 3794.26 | D5: 312.38 | E5: 405.01 | F5: 4826.93 | G5: 10193.4 | H5: 1635.51 | I5: 3964.47 | J5: 738.37 | K5: 15597.07 | L5: 2686.85 | M5: 1502.7 | N5: 395.27 | O5: 851.08 | P5: 106.71 | Q5: 1437.69 | R5: 371.82 | S5: 434.89 | T5: 292.6 | U5: 1805.53 | V5: 15730.38 | W5: 1126.77
A6: 43600 | B6: 2092.78 | C6: 3837.4 | D6: 319.08 | E6: 411.58 | F6: 4860.23 | G6: 10310.08 | H6: 1644.85 | I6: 4029.39 | J6: 744.38 | K6: 16002.7 | L6: 2821.96 | M6: 1507.98 | N6: 399.38 | O6: 865.4 | P6: 107.23 | Q6: 1452.44 | R6: 372.27 | S6: 437.55 | T6: 291.61 | U6: 1820.04 | V6: 15862.55 | W6: 1128.29
A7: 43599 | B7: 2081.84 | C7: 3815.99 | D7: 318.4 | E7: 408.43 | F7: 4768.06 | G7: 10196.15 | H7: 1635.04 | I7: 4004.64 | J7: 735.05 | K7: 15971.03 | L7: 2784.83 | M7: 1499.87 | N7: 400.77 | O7: 876.89 | P7: 104.22 | Q7: 1440.59 | R7: 373.97 | S7: 434.9 | T7: 290.54 | U7: 1797.24 | V7: 15928.84 | W7: 1131.67
A8: 43598 | B8: 2079.01 | C8: 3832.83 | D8: 322.2 | E8: 398.35 | F8: 4767.77 | G8: 9944.69 | H8: 1627.04 | I8: 3985.78 | J8: 735.19 | K8: 15935.12 | L8: 2781.03 | M8: 1508.3 | N8: 398.57 | O8: 877.92 | P8: 103.99 | Q8: 1412.03 | R8: 374.85 | S8: 436.05 | T8: 290.48 | U8: 1805.53 | V8: 16066.61 | W8: 1136.94
A9: 43595 | B9: 2108.04 | C9: 3867.69 | D9: 324.09 | E9: 404.99 | F9: 4891.63 | G9: 10313.45 | H9: 1652.18 | I9: 4036.34 | J9: 742.72 | K9: 16083.58 | L9: 2874.66 | M9: 1531.83 | N9: 404.23 | O9: 887.48 | P9: 105.79 | Q9: 1425.14 | R9: 377.91 | S9: 441.27 | T9: 292.57 | U9: 1827.55 | V9: 16471.28 | W9: 1144.88
A10: 43594 | B10: 2102.01 | C10: 3860.3 | D10: 321.3 | E10: 410.63 | F10: 4866.42 | G10: 10501.12 | H10: 1689.5 | I10: 4050.81 | J10: 748.03 | K10: 16026.26 | L10: 2816.28 | M10: 1540.97 | N10: 400.26 | O10: 880.81 | P10: 106.29 | Q10: 1436.23 | R10: 376.74 | S10: 439.81 | T10: 290.53 | U10: 1812.51 | V10: 16393.65 | W10: 1123.05
A11: 43593 | B11: 2168.01 | C11: 3968.1 | D11: 328.95 | E11: 420.46 | F11: 5043.72 | G11: 10518.12 | H11: 1722.03 | I11: 4128.79 | J11: 775.08 | K11: 16755.18 | L11: 2871.36 | M11: 1595.53 | N11: 413.46 | O11: 901.54 | P11: 110.08 | Q11: 1470.05 | R11: 378.57 | S11: 449.92 | T11: 297.79 | U11: 1858.03 | V11: 16847.97 | W11: 1156.49
A12: 43592 | B12: 2176.99 | C12: 3961.14 | D12: 324.55 | E12: 412.41 | F12: 5056.61 | G12: 10804.68 | H12: 1694.41 | I12: 4144.22 | J12: 774 | K12: 16902.19 | L12: 2870.81 | M12: 1607.8 | N12: 415.3 | O12: 906.2 | P12: 109.79 | Q12: 1484.16 | R12: 369.75 | S12: 450.82 | T12: 298.89 | U12: 1841.75 | V12: 16984.93 | W12: 1148.68
A13: 43588 | B13: 2196.32 | C13: 3958.42 | D13: 324.79 | E13: 395.94 | F13: 5140.7 | G13: 10942.82 | H13: 1686.82 | I13: 4187.77 | J13: 791.58 | K13: 17067.03 | L13: 2918.89 | M13: 1619.35 | N13: 419.41 | O13: 902.77 | P13: 111.03 | Q13: 1506.04 | R13: 368.07 | S13: 451.92 | T13: 296.85 | U13: 1876.37 | V13: 17006.39 | W13: 1164.48
A14: 43587 | B14: 2212.75 | C14: 3974.47 | D14: 320.32 | E14: 399.22 | F14: 5146.63 | G14: 11021.55 | H14: 1702.31 | I14: 4220.89 | J14: 806.43 | K14: 17254.67 | L14: 2925.87 | M14: 1648.45 | N14: 424.2 | O14: 912.42 | P14: 111.31 | Q14: 1507.52 | R14: 362.72 | S14: 455.63 | T14: 301.95 | U14: 1892.96 | V14: 17175.83 | W14: 1165.62
A15: 43585 | B15: 2203.59 | C15: 3991.86 | D15: 318.99 | E15: 397.01 | F15: 5133.95 | G15: 11127.72 | H15: 1691.35 | I15: 4246.97 | J15: 791.51 | K15: 17173.67 | L15: 2901.13 | M15: 1633.45 | N15: 424.29 | O15: 929.36 | P15: 111.29 | Q15: 1487.28 | R15: 356.33 | S15: 451.03 | T15: 295.79 | U15: 1877.8 | V15: 17160.48 | W15: 1159.85
A16: 43584 | B16: 2216.43 | C16: 4010.74 | D16: 319.53 | E16: 399.93 | F16: 5201.78 | G16: 11243.96 | H16: 1698.42 | I16: 4289.77 | J16: 794.06 | K16: 17272.26 | L16: 2795.34 | M16: 1644.26 | N16: 423.13 | O16: 939.73 | P16: 111.52 | Q16: 1469.61 | R16: 357.17 | S16: 455.16 | T16: 300.94 | U16: 1907.97 | V16: 17178.25 | W16: 1155.83
... A254: 43228 | B254: 2449.81 | C254: 4380.37 | D254: 291.11 | E254: 411.58 | F254: 5951.47 | G254: 11943.47 | H254: 1761.41 | I254: 5450.48 | J254: 956.24 | K254: 19272.19 | L254: 3217.41 | M254: 1654.03 | N254: 470.71 | O254: 1176.99 | P254: 133.83 | Q254: 1532.91 | R254: 340.2 | S254: 518.84 | T254: 320.39 | U254: 2135.2 | V254: 19248.71 | W254: 1166.05

Sheet Raw_비중
A1: 시작 | B1: =TODAY()-730 -> 42872 | C1: 종료 | D1: =TODAY()-1 -> 43601 | E1: Data 개수 | F1: 250 | G1: 주기 | H1: 일 | I1: 정렬 | J1: D | K1: 영업일 | L1: 0
A2: 001 | C2: 005 | D2: 006 | E2: 007 | F2: 008 | G2: 009 | H2: 010 | I2: 011 | J2: 012 | K2: 013 | L2: 014 | M2: 015 | N2: 016 | O2: 017 | P2: 018 | Q2: 019 | R2: 020 | S2: 021 | T2: 022 | U2: 024 | V2: 025 | W2: 026
A3: =_xll.IMDH("IDX","001",A4:B4,$B$1,$D$1,$F$1,"Per="&$H$1&",sort="&$J$1&",real=true,Bizday="&$L$1&",Pos=20,Orient=V,Title=KOSPI,DtFmt=1,TmFmt=1") -> KOSPI | C3: =_xll.IMDH("IDX","005",C4:C4,$B$1,$D$1,$F$1,"Per="&$H$1&",sort="&$J$1&",real=true,Bizday="&$L$1&",Pos=20,Orient=V,Title=음식료품,DtFmt=1,TmFmt=1") -> 음식료품 | D3: =_xll.IMDH("IDX","006",D4:D4,$B$1,$D$1,$F$1,"Per="&$H$1&",sort="&$J$1&",real=true,Bizday="&$L$1&",Pos=20,Orient=V,Title=섬유.의복,DtFmt=1,TmFmt=1") -> 섬유.의복 | E3: =_xll.IMDH("IDX","007",E4:E4,$B$1,$D$1,$F$1,"Per="&$H$1&",sort="&$J$1&",real=true,Bizday="&$L$1&",Pos=20,Orient=V,Title=종이.목재,DtFmt=1,TmFmt=1") -> 종이.목재 | F3: =_xll.IMDH("IDX","008",F4:F4,$B$1,$D$1,$F$1,"Per="&$H$1&",sort="&$J$1&",real=true,Bizday="&$L$1&",Pos=20,Orient=V,Title=화학,DtFmt=1,TmFmt=1") -> 화학 | G3: =_xll.IMDH("IDX","009",G4:G4,$B$1,$D$1,$F$1,"Per="&$H$1&",sort="&$J$1&",real=true,Bizday="&$L$1&",Pos=20,Orient=V,Title=의약품,DtFmt=1,TmFmt=1") -> 의약품 | H3: =_xll.IMDH("IDX","010",H4:H4,$B$1,$D$1,$F$1,"Per="&$H$1&",sort="&$J$1&",real=true,Bizday="&$L$1&",Pos=20,Orient=V,Title=비금속광물,DtFmt=1,TmFmt=1") -> 비금속광물 | I3: =_xll.IMDH("IDX","011",I4:I4,$B$1,$D$1,$F$1,"Per="&$H$1&",sort="&$J$1&",real=true,Bizday="&$L$1&",Pos=20,Orient=V,Title=철강.금속,DtFmt=1,TmFmt=1") -> 철강.금속 | J3: =_xll.IMDH("IDX","012",J4:J4,$B$1,$D$1,$F$1,"Per="&$H$1&",sort="&$J$1&",real=true,Bizday="&$L$1&",Pos=20,Orient=V,Title=기계,DtFmt=1,TmFmt=1") -> 기계 | K3: =_xll.IMDH("IDX","013",K4:K4,$B$1,$D$1,$F$1,"Per="&$H$1&",sort="&$J$1&",real=true,Bizday="&$L$1&",Pos=20,Orient=V,Title=전기.전자,DtFmt=1,TmFmt=1") -> 전기.전자 | L3: =_xll.IMDH("IDX","014",L4:L4,$B$1,$D$1,$F$1,"Per="&$H$1&",sort="&$J$1&",real=true,Bizday="&$L$1&",Pos=20,Orient=V,Title=의료정밀,DtFmt=1,TmFmt=1") -> 의료정밀 | M3: =_xll.IMDH("IDX","015",M4:M4,$B$1,$D$1,$F$1,"Per="&$H$1&",sort="&$J$1&",real=true,Bizday="&$L$1&",Pos=20,Orient=V,Title=운수.장비,DtFmt=1,TmFmt=1") -> 운수.장비 | N3: =_xll.IMDH("IDX","016",N4:N4,$B$1,$D$1,$F$1,"Per="&$H$1&",sort="&$J$1&",real=true,Bizday="&$L$1&",Pos=20,Orient=V,Title=유통업,DtFmt=1,TmFmt=1") -> 유통업 | O3: =_xll.IMDH("IDX","017",O4:O4,$B$1,$D$1,$F$1,"Per="&$H$1&",sort="&$J$1&",real=true,Bizday="&$L$1&",Pos=20,Orient=V,Title=전기.가스업,DtFmt=1,TmFmt=1") -> 전기.가스업 | P3: =_xll.IMDH("IDX","018",P4:P4,$B$1,$D$1,$F$1,"Per="&$H$1&",sort="&$J$1&",real=true,Bizday="&$L$1&",Pos=20,Orient=V,Title=건설업,DtFmt=1,TmFmt=1") -> 건설업 | Q3: =_xll.IMDH("IDX","019",Q4:Q4,$B$1,$D$1,$F$1,"Per="&$H$1&",sort="&$J$1&",real=true,Bizday="&$L$1&",Pos=20,Orient=V,Title=운수.창고,DtFmt=1,TmFmt=1") -> 운수.창고 | R3: =_xll.IMDH("IDX","020",R4:R4,$B$1,$D$1,$F$1,"Per="&$H$1&",sort="&$J$1&",real=true,Bizday="&$L$1&",Pos=20,Orient=V,Title=통신업,DtFmt=1,TmFmt=1") -> 통신업 | S3: =_xll.IMDH("IDX","021",S4:S4,$B$1,$D$1,$F$1,"Per="&$H$1&",sort="&$J$1&",real=true,Bizday="&$L$1&",Pos=20,Orient=V,Title=금융업,DtFmt=1,TmFmt=1") -> 금융업 | T3: =_xll.IMDH("IDX","022",T4:T4,$B$1,$D$1,$F$1,"Per="&$H$1&",sort="&$J$1&",real=true,Bizday="&$L$1&",Pos=20,Orient=V,Title=은행,DtFmt=1,TmFmt=1") -> 은행 | U3: =_xll.IMDH("IDX","024",U4:U4,$B$1,$D$1,$F$1,"Per="&$H$1&",sort="&$J$1&",real=true,Bizday="&$L$1&",Pos=20,Orient=V,Title=증권,DtFmt=1,TmFmt=1") -> 증권 | V3: =_xll.IMDH("IDX","025",V4:V4,$B$1,$D$1,$F$1,"Per="&$H$1&",sort="&$J$1&",real=true,Bizday="&$L$1&",Pos=20,Orient=V,Title=보험,DtFmt=1,TmFmt=1") -> 보험 | W3: =_xll.IMDH("IDX","026",W4:W4,$B$1,$D$1,$F$1,"Per="&$H$1&",sort="&$J$1&",real=true,Bizday="&$L$1&",Pos=20,Orient=V,Title=서비스업,DtFmt=1,TmFmt=1") -> 서비스업
A4: 일자 | B4: 외국인보유비중(시총) | C4: 외국인보유비중(시총) | D4: 외국인보유비중(시총) | E4: 외국인보유비중(시총) | F4: 외국인보유비중(시총) | G4: 외국인보유비중(시총) | H4: 외국인보유비중(시총) | I4: 외국인보유비중(시총) | J4: 외국인보유비중(시총) | K4: 외국인보유비중(시총) | L4: 외국인보유비중(시총) | M4: 외국인보유비중(시총) | N4: 외국인보유비중(시총) | O4: 외국인보유비중(시총) | P4: 외국인보유비중(시총) | Q4: 외국인보유비중(시총) | R4: 외국인보유비중(시총) | S4: 외국인보유비중(시총) | T4: 외국인보유비중(시총) | U4: 외국인보유비중(시총) | V4: 외국인보유비중(시총) | W4: 외국인보유비중(시총)
A5: 43601 | B5: 37.09 | C5: 17.97 | D5: 13.15 | E5: 6.15 | F5: 34.61 | G5: 14.04 | H5: 5.16 | I5: 35.66 | J5: 16.07 | K5: 54.47 | L5: 17.92 | M5: 37.38 | N5: 21.87 | O5: 22.91 | P5: 24.7 | Q5: 18.45 | R5: 41.75 | S5: 35 | T5: 23.15 | U5: 17.2 | V5: 32.6 | W5: 31.34
A6: 43600 | B6: 37.2 | C6: 18.16 | D6: 13.23 | E6: 6.23 | F6: 34.64 | G6: 13.97 | H6: 5.18 | I6: 35.81 | J6: 16.09 | K6: 54.53 | L6: 18.05 | M6: 37.4 | N6: 21.87 | O6: 23 | P6: 24.73 | Q6: 18.36 | R6: 41.7 | S6: 34.96 | T6: 23.15 | U6: 17.21 | V6: 32.56 | W6: 31.38
A7: 43599 | B7: 37.27 | C7: 18.22 | D7: 13.25 | E7: 6.21 | F7: 34.64 | G7: 14.01 | H7: 5.17 | I7: 35.9 | J7: 16.07 | K7: 54.62 | L7: 18.27 | M7: 37.39 | N7: 22.01 | O7: 23.16 | P7: 24.47 | Q7: 18.34 | R7: 41.69 | S7: 34.96 | T7: 23.16 | U7: 17.17 | V7: 32.65 | W7: 31.46
A8: 43598 | B8: 37.37 | C8: 18.33 | D8: 13.31 | E8: 6.14 | F8: 34.78 | G8: 14.1 | H8: 5.16 | I8: 35.92 | J8: 16.1 | K8: 54.67 | L8: 18.12 | M8: 37.41 | N8: 22.03 | O8: 23.33 | P8: 24.4 | Q8: 18.32 | R8: 41.69 | S8: 35.08 | T8: 23.14 | U8: 17.13 | V8: 32.79 | W8: 31.57
A9: 43595 | B9: 37.29 | C9: 18.38 | D9: 13.21 | E9: 6.16 | F9: 34.81 | G9: 14.06 | H9: 5.14 | I9: 35.9 | J9: 16.04 | K9: 54.63 | L9: 18.15 | M9: 37.3 | N9: 22.1 | O9: 23.32 | P9: 24.4 | Q9: 18.2 | R9: 41.66 | S9: 35.03 | T9: 23.16 | U9: 17.17 | V9: 33.02 | W9: 31.46
A10: 43594 | B10: 37.26 | C10: 18.31 | D10: 13.02 | E10: 6.13 | F10: 34.84 | G10: 14.19 | H10: 5.16 | I10: 36.18 | J10: 16.04 | K10: 54.63 | L10: 17.78 | M10: 37.3 | N10: 22.09 | O10: 23.33 | P10: 24.35 | Q10: 18.11 | R10: 41.61 | S10: 35.03 | T10: 23.18 | U10: 17.16 | V10: 33.12 | W10: 31.29
A11: 43593 | B11: 37.38 | C11: 18.45 | D11: 13.04 | E11: 6.25 | F11: 34.86 | G11: 14.19 | H11: 5.16 | I11: 36.07 | J11: 16.1 | K11: 54.65 | L11: 17.56 | M11: 37.3 | N11: 22.17 | O11: 23.4 | P11: 24.46 | Q11: 18.23 | R11: 41.64 | S11: 34.98 | T11: 23.21 | U11: 17.2 | V11: 33.09 | W11: 31.35
A12: 43592 | B12: 37.41 | C12: 18.24 | D12: 13.19 | E12: 6.44 | F12: 34.9 | G12: 14.07 | H12: 5.11 | I12: 36.21 | J12: 16.02 | K12: 54.71 | L12: 17.25 | M12: 37.33 | N12: 22.24 | O12: 23.47 | P12: 24.42 | Q12: 18.21 | R12: 41.5 | S12: 34.97 | T12: 23.22 | U12: 17.14 | V12: 33.14 | W12: 31.38
A13: 43588 | B13: 37.38 | C13: 18.29 | D13: 13.22 | E13: 6.63 | F13: 34.94 | G13: 13.98 | H13: 5.05 | I13: 36.2 | J13: 16.01 | K13: 54.72 | L13: 17.25 | M13: 37.15 | N13: 22.29 | O13: 23.45 | P13: 24.21 | Q13: 18.12 | R13: 41.45 | S13: 34.82 | T13: 23.18 | U13: 17.14 | V13: 32.99 | W13: 31.45
A14: 43587 | B14: 37.38 | C14: 18.25 | D14: 13.48 | E14: 6.61 | F14: 34.98 | G14: 14.01 | H14: 5.06 | I14: 36.2 | J14: 16.11 | K14: 54.7 | L14: 17.34 | M14: 37.13 | N14: 22.29 | O14: 23.46 | P14: 24.24 | Q14: 18.09 | R14: 41.41 | S14: 34.79 | T14: 23.18 | U14: 17.13 | V14: 33.06 | W14: 31.29
A15: 43585 | B15: 37.39 | C15: 18.54 | D15: 13.35 | E15: 6.61 | F15: 35.9 | G15: 14.13 | H15: 5.09 | I15: 36.64 | J15: 14.52 | K15: 54.73 | L15: 17.22 | M15: 37.2 | N15: 22.29 | O15: 23.5 | P15: 24.3 | Q15: 19.46 | R15: 41.37 | S15: 33.66 | T15: 23.15 | U15: 17.1 | V15: 32.95 | W15: 31.51
A16: 43584 | B16: 37.35 | C16: 18.55 | D16: 13.34 | E16: 6.64 | F16: 35.85 | G16: 14.16 | H16: 5.08 | I16: 36.59 | J16: 14.5 | K16: 54.68 | L16: 17.07 | M16: 37.17 | N16: 22.15 | O16: 23.58 | P16: 24.3 | Q16: 19.49 | R16: 41.36 | S16: 33.67 | T16: 23.17 | U16: 17.12 | V16: 32.96 | W16: 31.28
... A254: 43228 | B254: 36.96 | C254: 19.6 | D254: 13.09 | E254: 5.55 | F254: 35.26 | G254: 15.04 | H254: 9.42 | I254: 39.58 | J254: 13.97 | K254: 51.92 | L254: 13.68 | M254: 37.79 | N254: 20.25 | O254: 24.86 | P254: 19.54 | Q254: 17.23 | R254: 40.97 | S254: 33.76 | T254: 24.56 | U254: 15.25 | V254: 31.45 | W254: 32
